#ifndef IMAGE_H
#define IMAGE_H

#include <stdint.h>

const uint8_t image_data[] = {
0xEB, 0xEF, 0xEC, 0x10, 0xEC, 0x51, 0xEC, 0x93, 0xEC, 0xD4, 0xF4, 0xD4, 0xF4, 0xF4, 0xF4, 0xF4, 0xF4, 0xF4, 0xF5, 0x14, 0xF5, 0x14, 0xF5, 0x14, 0xF5, 0x14, 0xF4, 0xF4, 0xF5, 0x14, 0xF5, 0x14, 
0xEC, 0x30, 0xEB, 0xAE, 0xE3, 0xAE, 0xEC, 0x92, 0xEC, 0x10, 0xEB, 0xEF, 0xEC, 0x10, 0xEC, 0x30, 0xEC, 0x30, 0xEC, 0x50, 0xEC, 0x51, 0xEC, 0x50, 0xEC, 0x50, 0xEC, 0x50, 0xEC, 0x51, 0xEC, 0x51, 
0xEC, 0x51, 0xEC, 0x51, 0xEC, 0x51, 0xEC, 0x51, 0xEC, 0x51, 0xEC, 0x50, 0xEC, 0x30, 0xEC, 0x30, 0xEC, 0x0F, 0xEC, 0x0F, 0xEC, 0x0F, 0xEC, 0x0F, 0xEC, 0x0F, 0xEC, 0x0F, 0xEC, 0x0F, 0xEC, 0x0F, 
0xEC, 0x10, 0xEC, 0x10, 0xEC, 0x10, 0xEC, 0x30, 0xEC, 0x10, 0xEC, 0x30, 0xEC, 0x30, 0xEC, 0x30, 0xEC, 0x30, 0xEC, 0x10, 0xEB, 0xEF, 0xEB, 0xEF, 0xEC, 0x2F, 0xEC, 0x30, 0xEC, 0x30, 0xEC, 0x30, 
0xEC, 0x30, 0xEC, 0x30, 0xEC, 0x30, 0xEC, 0x30, 0xEC, 0x50, 0xEC, 0x50, 0xEC, 0x50, 0xEC, 0x50, 0xEC, 0x70, 0xEC, 0x70, 0xEC, 0x50, 0xEC, 0x50, 0xEC, 0x30, 0xEC, 0x0F, 0xEC, 0x30, 0xE3, 0xEF, 
0xDB, 0xCE, 0xCB, 0x4C, 0xB2, 0xCA, 0x58, 0xC2, 0x28, 0x40, 0x18, 0x20, 0x10, 0x20, 0x10, 0x20, 0x10, 0x20, 0x10, 0x20, 0x10, 0x20, 0x08, 0x00, 0x08, 0x00, 0x08, 0x00, 0x08, 0x00, 0x00, 0x00, 
0x00, 0x00, 0x00, 0x00, 0x00, 0x00, 0x08, 0x00, 0x08, 0x00, 0x08, 0x00, 0x10, 0x20, 0x20, 0x60, 0x28, 0x80, 0x30, 0xA1, 0x40, 0xC1, 0x51, 0x22, 0x61, 0x63, 0x69, 0xA4, 0x69, 0xC4, 0x7A, 0x05, 
0x7A, 0x05, 0x71, 0xC4, 0x79, 0xE4, 0x79, 0xE4, 0x82, 0x25, 0x79, 0xE5, 0x61, 0x63, 0x59, 0x02, 0x50, 0xE1, 0x59, 0x02, 0x50, 0xE2, 0x40, 0xC2, 0x38, 0xA1, 0x30, 0x81, 0x28, 0x61, 0x28, 0x81, 
0x20, 0x40, 0x18, 0x20, 0x10, 0x20, 0x18, 0x20, 0x18, 0x20, 0x18, 0x20, 0x20, 0x40, 0x30, 0x61, 0x28, 0x41, 0x28, 0x40, 0x28, 0x40, 0x28, 0x41, 0x28, 0x61, 0x20, 0x41, 0x20, 0x41, 0x20, 0x41, 
0x18, 0x20, 0x18, 0x20, 0x18, 0x20, 0x18, 0x20, 0x20, 0x40, 0x18, 0x20, 0x20, 0x40, 0x20, 0x61, 0x20, 0x41, 0x18, 0x20, 0x18, 0x20, 0x28, 0x61, 0x20, 0x61, 0x18, 0x40, 0x18, 0x40, 0x20, 0x20, 
0x20, 0x20, 0x20, 0x20, 0x20, 0x40, 0x18, 0x20, 0x18, 0x20, 0x10, 0x00, 0x08, 0x00, 0x08, 0x00, 0x08, 0x00, 0x08, 0x00, 0x08, 0x00, 0x08, 0x00, 0x10, 0x00, 0x18, 0x20, 0x20, 0x20, 0x28, 0x40, 
0x30, 0x60, 0x38, 0xA1, 0x38, 0xC1, 0x38, 0xA1, 0x30, 0x80, 0x28, 0x40, 0x58, 0xC1, 0x81, 0x83, 0x71, 0x43, 0x9A, 0x66, 0xAB, 0x29, 0xBB, 0xAB, 0xCC, 0x0D, 0xD4, 0x6F, 0xDC, 0xD0, 0xE5, 0x11, 
0xE5, 0x52, 0xED, 0x93, 0xE5, 0x52, 0xBC, 0x2E, 0x9B, 0x4C, 0x93, 0x4B, 0x93, 0x4B, 0x93, 0x4B, 0x8B, 0x4B, 0x8B, 0x2B, 0x8B, 0x2B, 0x8B, 0x2B, 0x8B, 0x2A, 0x8B, 0x2B, 0x8B, 0x2B, 0x8B, 0x2B, 
0x8B, 0x2B, 0x8B, 0x2B, 0x8B, 0x4B, 0x8B, 0x4B, 0x8B, 0x0A, 0x82, 0xE9, 0x82, 0xC9, 0x82, 0xC9, 0x82, 0xC9, 0x8A, 0xC9, 0x8A, 0xC9, 0x8A, 0xE9, 0x8A, 0xC9, 0x8A, 0xC9, 0x8A, 0xC9, 0x92, 0xC9, 
0x9A, 0xE9, 0xAB, 0x4B, 0xC3, 0xED, 0xD4, 0x6E, 0xEC, 0xD0, 0xEC, 0xF0, 0xEC, 0xCF, 0xEC, 0xAE, 0xEC, 0x8E, 0xEC, 0x6D, 0xE4, 0x4D, 0xE4, 0x4C, 0xE4, 0x2C, 0xE4, 0x2C, 0xE4, 0x0C, 0xE4, 0x0B, 
0xEC, 0x10, 0xEC, 0x31, 0xEC, 0x72, 0xEC, 0xB3, 0xEC, 0xD4, 0xF4, 0xF4, 0xF4, 0xF4, 0xF4, 0xF4, 0xF4, 0xF4, 0xF5, 0x14, 0xF5, 0x14, 0xF5, 0x14, 0xF5, 0x14, 0xF5, 0x14, 0xF5, 0x14, 0xF5, 0x14, 
0xEC, 0x30, 0xEB, 0xCE, 0xE3, 0xCF, 0xEC, 0x92, 0xEC, 0x10, 0xEC, 0x0F, 0xEC, 0x10, 0xEC, 0x30, 0xEC, 0x30, 0xEC, 0x51, 0xEC, 0x51, 0xEC, 0x51, 0xEC, 0x51, 0xEC, 0x51, 0xEC, 0x51, 0xEC, 0x71, 
0xEC, 0x71, 0xEC, 0x71, 0xEC, 0x71, 0xEC, 0x71, 0xE4, 0x71, 0xE4, 0x51, 0xEC, 0x50, 0xEC, 0x30, 0xEC, 0x30, 0xEC, 0x30, 0xEC, 0x2F, 0xEC, 0x30, 0xEC, 0x30, 0xEC, 0x30, 0xEC, 0x10, 0xEC, 0x30, 
0xEC, 0x30, 0xEC, 0x30, 0xEC, 0x30, 0xEC, 0x30, 0xEC, 0x30, 0xEC, 0x30, 0xEC, 0x30, 0xEC, 0x30, 0xEC, 0x30, 0xEC, 0x10, 0xEB, 0xEF, 0xEC, 0x0F, 0xEC, 0x30, 0xEC, 0x30, 0xEC, 0x30, 0xEC, 0x30, 
0xEC, 0x30, 0xEC, 0x30, 0xEC, 0x50, 0xEC, 0x50, 0xEC, 0x50, 0xEC, 0x50, 0xEC, 0x50, 0xEC, 0x71, 0xEC, 0x71, 0xEC, 0x70, 0xEC, 0x50, 0xEC, 0x30, 0xEC, 0x50, 0xE4, 0x0F, 0xE4, 0x0F, 0xE3, 0xEF, 
0xDB, 0xAE, 0xB2, 0xAA, 0x71, 0x44, 0x38, 0x61, 0x18, 0x20, 0x10, 0x20, 0x10, 0x20, 0x10, 0x20, 0x10, 0x21, 0x10, 0x20, 0x08, 0x20, 0x08, 0x20, 0x08, 0x00, 0x08, 0x20, 0x08, 0x00, 0x00, 0x00, 
0x00, 0x00, 0x00, 0x00, 0x08, 0x00, 0x08, 0x00, 0x08, 0x00, 0x18, 0x20, 0x28, 0x60, 0x38, 0xA1, 0x40, 0xE2, 0x49, 0x02, 0x59, 0x43, 0x69, 0x84, 0x71, 0xC4, 0x71, 0xC4, 0x79, 0xE5, 0x7A, 0x05, 
0x82, 0x46, 0x82, 0x25, 0x82, 0x05, 0x82, 0x25, 0x82, 0x46, 0x8A, 0x46, 0x7A, 0x05, 0x69, 0x63, 0x59, 0x02, 0x61, 0x43, 0x69, 0x64, 0x59, 0x23, 0x51, 0x02, 0x38, 0xA1, 0x30, 0x81, 0x30, 0xA2, 
0x38, 0xE3, 0x28, 0x61, 0x18, 0x20, 0x10, 0x20, 0x18, 0x40, 0x18, 0x20, 0x20, 0x41, 0x28, 0x61, 0x30, 0x81, 0x28, 0x61, 0x28, 0x61, 0x28, 0x61, 0x28, 0x61, 0x28, 0x61, 0x20, 0x41, 0x20, 0x41, 
0x20, 0x41, 0x18, 0x20, 0x18, 0x20, 0x20, 0x41, 0x20, 0x41, 0x20, 0x20, 0x20, 0x41, 0x20, 0x41, 0x20, 0x41, 0x18, 0x40, 0x18, 0x20, 0x18, 0x20, 0x28, 0x61, 0x20, 0x41, 0x20, 0x20, 0x20, 0x20, 
0x20, 0x40, 0x20, 0x40, 0x20, 0x40, 0x28, 0x60, 0x28, 0x60, 0x20, 0x40, 0x10, 0x00, 0x10, 0x00, 0x08, 0x00, 0x08, 0x00, 0x08, 0x00, 0x08, 0x00, 0x08, 0x00, 0x10, 0x00, 0x18, 0x20, 0x20, 0x40, 
0x30, 0x60, 0x28, 0x60, 0x18, 0x20, 0x10, 0x00, 0x10, 0x00, 0x10, 0x00, 0x40, 0x61, 0x50, 0xA1, 0x58, 0xE2, 0x92, 0x46, 0xA2, 0xA8, 0xB3, 0x4A, 0xBB, 0xAC, 0xC4, 0x0D, 0xD4, 0x8F, 0xDC, 0xD0, 
0xE5, 0x32, 0xE5, 0x52, 0xED, 0x72, 0xED, 0x93, 0xDD, 0x11, 0xA3, 0xAD, 0x93, 0x4B, 0x93, 0x4B, 0x93, 0x4B, 0x8B, 0x4B, 0x8B, 0x2B, 0x8B, 0x2B, 0x8B, 0x2B, 0x8B, 0x2B, 0x8B, 0x2B, 0x8B, 0x2B, 
0x8B, 0x2B, 0x8B, 0x4B, 0x8B, 0x4B, 0x8B, 0x4B, 0x8B, 0x0A, 0x82, 0xE9, 0x82, 0xC9, 0x82, 0xC9, 0x8A, 0xC9, 0x8A, 0xE9, 0x8A, 0xE9, 0x92, 0xE9, 0x9B, 0x09, 0xAB, 0x4B, 0xBB, 0xCC, 0xD4, 0x2D, 
0xE4, 0x6E, 0xEC, 0x8E, 0xE4, 0x4D, 0xDC, 0x2C, 0xDB, 0xEB, 0xDB, 0xCB, 0xDB, 0xCB, 0xDB, 0xCB, 0xDB, 0xCB, 0xDB, 0xCA, 0xDB, 0xAA, 0xDB, 0xAA, 0xDB, 0xAA, 0xDB, 0xAA, 0xDB, 0x8A, 0xDB, 0x89, 
0xEC, 0x31, 0xEC, 0x71, 0xEC, 0x92, 0xEC, 0xD3, 0xF4, 0xF4, 0xF4, 0xF4, 0xF4, 0xF4, 0xF5, 0x14, 0xF5, 0x14, 0xF5, 0x14, 0xF5, 0x15, 0xF5, 0x15, 0xF5, 0x14, 0xF5, 0x14, 0xF5, 0x14, 0xF5, 0x14, 
0xEC, 0x0F, 0xE3, 0xCE, 0xE4, 0x10, 0xEC, 0x72, 0xEC, 0x10, 0xEC, 0x10, 0xEC, 0x30, 0xEC, 0x30, 0xEC, 0x50, 0xEC, 0x50, 0xEC, 0x50, 0xEC, 0x51, 0xEC, 0x51, 0xEC, 0x51, 0xEC, 0x51, 0xE4, 0x71, 
0xEC, 0x71, 0xE4, 0x71, 0xEC, 0x71, 0xE4, 0x71, 0xE4, 0x71, 0xE4, 0x51, 0xEC, 0x50, 0xEC, 0x30, 0xEC, 0x30, 0xEC, 0x30, 0xEC, 0x30, 0xEC, 0x30, 0xEC, 0x30, 0xEC, 0x30, 0xEC, 0x30, 0xEC, 0x30, 
0xEC, 0x30, 0xEC, 0x50, 0xEC, 0x50, 0xEC, 0x50, 0xEC, 0x50, 0xEC, 0x50, 0xEC, 0x50, 0xEC, 0x50, 0xEC, 0x30, 0xEC, 0x0F, 0xEB, 0xEF, 0xEC, 0x0F, 0xEC, 0x30, 0xEC, 0x30, 0xEC, 0x50, 0xEC, 0x50, 
0xEC, 0x30, 0xEC, 0x50, 0xEC, 0x50, 0xEC, 0x50, 0xEC, 0x50, 0xEC, 0x70, 0xEC, 0x70, 0xEC, 0x71, 0xEC, 0x71, 0xEC, 0x70, 0xEC, 0x50, 0xEC, 0x50, 0xEC, 0x30, 0xE4, 0x0F, 0xE3, 0xEF, 0xDB, 0xEF, 
0xBB, 0x0B, 0x9A, 0x88, 0x50, 0xA1, 0x28, 0x40, 0x18, 0x20, 0x18, 0x40, 0x10, 0x41, 0x10, 0x41, 0x10, 0x20, 0x10, 0x20, 0x08, 0x20, 0x08, 0x20, 0x08, 0x20, 0x08, 0x00, 0x00, 0x00, 0x00, 0x00, 
0x00, 0x00, 0x00, 0x00, 0x08, 0x00, 0x08, 0x00, 0x18, 0x40, 0x28, 0x81, 0x40, 0xE2, 0x49, 0x02, 0x59, 0x43, 0x59, 0x63, 0x69, 0x83, 0x71, 0xC4, 0x7A, 0x05, 0x82, 0x25, 0x82, 0x25, 0x82, 0x46, 
0x82, 0x46, 0x82, 0x46, 0x8A, 0x45, 0x8A, 0x66, 0x92, 0x87, 0x92, 0xC7, 0x8A, 0x67, 0x79, 0xE5, 0x69, 0x84, 0x61, 0x43, 0x71, 0xA4, 0x7A, 0x06, 0x69, 0xA5, 0x51, 0x23, 0x38, 0xA2, 0x30, 0xA1, 
0x38, 0xE2, 0x38, 0xE2, 0x28, 0x61, 0x18, 0x20, 0x20, 0x40, 0x20, 0x61, 0x20, 0x41, 0x28, 0x61, 0x30, 0x82, 0x38, 0xA2, 0x30, 0x61, 0x28, 0x61, 0x30, 0x82, 0x28, 0x82, 0x28, 0x61, 0x20, 0x41, 
0x20, 0x61, 0x20, 0x61, 0x18, 0x21, 0x18, 0x20, 0x20, 0x41, 0x20, 0x41, 0x20, 0x41, 0x20, 0x61, 0x20, 0x41, 0x18, 0x41, 0x18, 0x41, 0x18, 0x20, 0x18, 0x41, 0x20, 0x41, 0x18, 0x20, 0x18, 0x20, 
0x20, 0x20, 0x20, 0x40, 0x20, 0x40, 0x28, 0x40, 0x28, 0x60, 0x28, 0x60, 0x20, 0x20, 0x20, 0x20, 0x10, 0x00, 0x10, 0x00, 0x10, 0x00, 0x08, 0x00, 0x08, 0x00, 0x08, 0x00, 0x10, 0x20, 0x08, 0x00, 
0x08, 0x00, 0x00, 0x00, 0x08, 0x00, 0x00, 0x00, 0x00, 0x00, 0x08, 0x00, 0x20, 0x20, 0x30, 0x20, 0x40, 0x81, 0x71, 0x63, 0x92, 0x67, 0xAB, 0x09, 0xB3, 0x8B, 0xBB, 0xCC, 0xCC, 0x2E, 0xD4, 0x90, 
0xDC, 0xF1, 0xDD, 0x31, 0xE5, 0x31, 0xE5, 0x52, 0xED, 0x72, 0xED, 0xB3, 0xCC, 0xB0, 0xA3, 0x8C, 0x93, 0x4B, 0x93, 0x4B, 0x93, 0x4B, 0x93, 0x4B, 0x93, 0x4B, 0x93, 0x4B, 0x93, 0x4B, 0x93, 0x4B, 
0x93, 0x4B, 0x93, 0x4B, 0x93, 0x6C, 0x93, 0x4B, 0x8B, 0x0B, 0x8A, 0xE9, 0x8A, 0xC9, 0x92, 0xE9, 0x9B, 0x2A, 0xAB, 0x6B, 0xC3, 0xCC, 0xCC, 0x0C, 0xDC, 0x2D, 0xDC, 0x0D, 0xD3, 0xEB, 0xD3, 0xAB, 
0xCB, 0x8A, 0xCB, 0x8A, 0xCB, 0x6A, 0xCB, 0x6A, 0xCB, 0x6A, 0xCB, 0x69, 0xCB, 0x69, 0xCB, 0x69, 0xCB, 0x69, 0xCB, 0x69, 0xCB, 0x69, 0xCB, 0x49, 0xCB, 0x49, 0xCB, 0x48, 0xCB, 0x28, 0xCB, 0x28, 
0xE3, 0xAF, 0xE4, 0x10, 0xEC, 0x92, 0xEC, 0xB3, 0xF4, 0xD4, 0xF4, 0xF4, 0xF5, 0x14, 0xF5, 0x14, 0xF5, 0x14, 0xF5, 0x14, 0xF5, 0x35, 0xF5, 0x15, 0xF5, 0x14, 0xF5, 0x14, 0xF5, 0x14, 0xEC, 0xF4, 
0xEC, 0x0F, 0xE3, 0xCE, 0xE4, 0x51, 0xE4, 0x51, 0xEC, 0x30, 0xEC, 0x30, 0xEC, 0x30, 0xEC, 0x30, 0xEC, 0x30, 0xEC, 0x50, 0xEC, 0x50, 0xEC, 0x50, 0xEC, 0x50, 0xEC, 0x50, 0xEC, 0x51, 0xEC, 0x51, 
0xE4, 0x71, 0xEC, 0x71, 0xE4, 0x71, 0xE4, 0x71, 0xE4, 0x71, 0xE4, 0x50, 0xEC, 0x50, 0xEC, 0x50, 0xEC, 0x50, 0xEC, 0x50, 0xEC, 0x50, 0xEC, 0x30, 0xEC, 0x30, 0xEC, 0x30, 0xEC, 0x50, 0xEC, 0x50, 
0xEC, 0x50, 0xEC, 0x50, 0xEC, 0x50, 0xEC, 0x50, 0xEC, 0x50, 0xEC, 0x50, 0xEC, 0x50, 0xEC, 0x50, 0xEC, 0x30, 0xEC, 0x0F, 0xEC, 0x0F, 0xEC, 0x30, 0xEC, 0x50, 0xEC, 0x50, 0xEC, 0x50, 0xEC, 0x50, 
0xEC, 0x50, 0xEC, 0x50, 0xEC, 0x50, 0xEC, 0x50, 0xEC, 0x70, 0xEC, 0x70, 0xEC, 0x71, 0xEC, 0x71, 0xEC, 0x70, 0xEC, 0x50, 0xEC, 0x70, 0xEC, 0x50, 0xEC, 0x30, 0xEC, 0x50, 0xE4, 0x0F, 0xD3, 0x8D, 
0xA2, 0x68, 0x61, 0x23, 0x30, 0x60, 0x20, 0x40, 0x18, 0x41, 0x18, 0x41, 0x18, 0x61, 0x10, 0x41, 0x10, 0x20, 0x08, 0x20, 0x08, 0x20, 0x08, 0x20, 0x08, 0x20, 0x08, 0x00, 0x08, 0x00, 0x08, 0x00, 
0x00, 0x00, 0x08, 0x00, 0x08, 0x00, 0x18, 0x20, 0x28, 0x81, 0x41, 0x02, 0x51, 0x22, 0x61, 0x63, 0x61, 0x63, 0x69, 0x83, 0x71, 0xC4, 0x82, 0x25, 0x8A, 0x45, 0x8A, 0x66, 0x8A, 0x45, 0x8A, 0x66, 
0x92, 0x87, 0x8A, 0x67, 0x8A, 0x66, 0x92, 0x66, 0x92, 0xA7, 0x9A, 0xE8, 0x9A, 0xE9, 0x92, 0xA8, 0x8A, 0x67, 0x71, 0xA4, 0x69, 0x63, 0x7A, 0x05, 0x7A, 0x05, 0x72, 0x06, 0x59, 0x64, 0x38, 0xC2, 
0x30, 0xA1, 0x41, 0x03, 0x38, 0xC2, 0x28, 0x61, 0x20, 0x40, 0x28, 0x81, 0x20, 0x61, 0x28, 0x81, 0x28, 0x81, 0x40, 0xE3, 0x48, 0xE3, 0x30, 0x81, 0x28, 0x61, 0x30, 0xC2, 0x30, 0xA2, 0x28, 0x61, 
0x20, 0x41, 0x20, 0x61, 0x20, 0x61, 0x18, 0x41, 0x18, 0x20, 0x18, 0x40, 0x18, 0x41, 0x20, 0x61, 0x18, 0x61, 0x18, 0x41, 0x20, 0x61, 0x20, 0x61, 0x18, 0x20, 0x20, 0x40, 0x20, 0x41, 0x10, 0x00, 
0x10, 0x00, 0x18, 0x20, 0x20, 0x40, 0x20, 0x40, 0x28, 0x60, 0x20, 0x40, 0x28, 0x40, 0x20, 0x40, 0x20, 0x20, 0x18, 0x20, 0x18, 0x20, 0x18, 0x20, 0x10, 0x20, 0x18, 0x40, 0x08, 0x00, 0x00, 0x00, 
0x00, 0x00, 0x08, 0x00, 0x10, 0x20, 0x00, 0x00, 0x00, 0x00, 0x00, 0x00, 0x08, 0x00, 0x18, 0x00, 0x20, 0x00, 0x50, 0xE1, 0x8A, 0x06, 0xA2, 0xC8, 0xAB, 0x2A, 0xBB, 0x8B, 0xC3, 0xCD, 0xCC, 0x2E, 
0xD4, 0x90, 0xDC, 0xD0, 0xDD, 0x10, 0xE5, 0x11, 0xE5, 0x11, 0xED, 0x31, 0xED, 0x72, 0xED, 0x72, 0xD4, 0xD0, 0xB4, 0x0D, 0xA3, 0x6B, 0xAB, 0xAC, 0xC4, 0x4E, 0xD4, 0x8F, 0xD4, 0xAF, 0xCC, 0x8F, 
0xBC, 0x2E, 0xAB, 0xAC, 0xA3, 0x8C, 0xA3, 0x8C, 0xAB, 0x8C, 0xB3, 0xAC, 0xC3, 0xEC, 0xD4, 0x0D, 0xDC, 0x2D, 0xDB, 0xEC, 0xD3, 0xAA, 0xCB, 0x6A, 0xC3, 0x49, 0xC3, 0x29, 0xC3, 0x29, 0xBB, 0x29, 
0xBB, 0x29, 0xBB, 0x29, 0xBB, 0x29, 0xBB, 0x49, 0xBB, 0x49, 0xBB, 0x49, 0xC3, 0x49, 0xC3, 0x49, 0xC3, 0x49, 0xC3, 0x29, 0xC3, 0x28, 0xBB, 0x28, 0xBB, 0x08, 0xBB, 0x08, 0xBB, 0x08, 0xBA, 0xE7, 
0xD3, 0x0B, 0xDB, 0x2C, 0xDB, 0x4D, 0xE3, 0xCF, 0xEC, 0x51, 0xEC, 0xD3, 0xF4, 0xF4, 0xF5, 0x14, 0xF5, 0x14, 0xF5, 0x14, 0xF5, 0x15, 0xF5, 0x14, 0xF5, 0x14, 0xF5, 0x14, 0xF5, 0x14, 0xEC, 0xD3, 
0xEB, 0xEE, 0xE3, 0xCE, 0xE4, 0x72, 0xE4, 0x30, 0xEC, 0x30, 0xEC, 0x30, 0xEC, 0x50, 0xEC, 0x50, 0xEC, 0x50, 0xEC, 0x50, 0xEC, 0x50, 0xEC, 0x30, 0xEC, 0x50, 0xEC, 0x50, 0xEC, 0x50, 0xEC, 0x51, 
0xEC, 0x50, 0xEC, 0x51, 0xEC, 0x51, 0xE4, 0x51, 0xE4, 0x51, 0xE4, 0x51, 0xEC, 0x50, 0xEC, 0x50, 0xEC, 0x50, 0xEC, 0x50, 0xEC, 0x50, 0xEC, 0x50, 0xEC, 0x50, 0xEC, 0x50, 0xEC, 0x50, 0xEC, 0x50, 
0xEC, 0x51, 0xEC, 0x70, 0xEC, 0x71, 0xEC, 0x70, 0xEC, 0x70, 0xEC, 0x50, 0xEC, 0x50, 0xEC, 0x50, 0xEC, 0x30, 0xEC, 0x0F, 0xEC, 0x0F, 0xEC, 0x30, 0xEC, 0x50, 0xEC, 0x50, 0xEC, 0x50, 0xEC, 0x50, 
0xEC, 0x50, 0xEC, 0x50, 0xEC, 0x71, 0xEC, 0x70, 0xEC, 0x70, 0xEC, 0x71, 0xEC, 0x71, 0xEC, 0x71, 0xEC, 0x71, 0xEC, 0x71, 0xEC, 0x70, 0xEC, 0x50, 0xEC, 0x50, 0xEC, 0x50, 0xDB, 0xEE, 0xAA, 0xA9, 
0x79, 0xA5, 0x40, 0x81, 0x28, 0x61, 0x20, 0x61, 0x18, 0x41, 0x10, 0x41, 0x10, 0x41, 0x10, 0x20, 0x10, 0x20, 0x08, 0x20, 0x08, 0x00, 0x08, 0x20, 0x08, 0x20, 0x08, 0x20, 0x08, 0x20, 0x00, 0x00, 
0x00, 0x00, 0x08, 0x00, 0x10, 0x20, 0x28, 0x80, 0x40, 0xE2, 0x51, 0x22, 0x61, 0x43, 0x69, 0x83, 0x69, 0x83, 0x79, 0xE4, 0x82, 0x25, 0x8A, 0x66, 0x8A, 0x66, 0x92, 0x86, 0x92, 0xA7, 0x92, 0x87, 
0x92, 0xA7, 0x92, 0xA7, 0x92, 0xA7, 0x92, 0xA7, 0x92, 0x87, 0x92, 0xA7, 0x9A, 0xC8, 0x9A, 0xE9, 0x9B, 0x09, 0x92, 0xC9, 0x71, 0xE5, 0x71, 0xA4, 0x7A, 0x06, 0x82, 0x26, 0x7A, 0x47, 0x59, 0x84, 
0x38, 0xC2, 0x38, 0xA1, 0x49, 0x03, 0x38, 0xC2, 0x30, 0x81, 0x28, 0x61, 0x28, 0xA2, 0x20, 0x61, 0x30, 0xC2, 0x30, 0xA1, 0x59, 0x44, 0x51, 0x03, 0x38, 0xA1, 0x30, 0x81, 0x38, 0xC3, 0x28, 0x61, 
0x20, 0x40, 0x18, 0x20, 0x18, 0x41, 0x20, 0x41, 0x18, 0x41, 0x18, 0x40, 0x28, 0xA2, 0x20, 0x82, 0x18, 0x41, 0x18, 0x41, 0x18, 0x61, 0x18, 0x61, 0x18, 0x41, 0x18, 0x40, 0x20, 0x61, 0x20, 0x40, 
0x10, 0x00, 0x10, 0x00, 0x18, 0x20, 0x20, 0x20, 0x20, 0x40, 0x18, 0x20, 0x18, 0x00, 0x20, 0x40, 0x20, 0x40, 0x20, 0x40, 0x20, 0x20, 0x20, 0x40, 0x28, 0x60, 0x20, 0x60, 0x18, 0x20, 0x10, 0x00, 
0x18, 0x20, 0x28, 0xA1, 0x20, 0x40, 0x08, 0x00, 0x00, 0x00, 0x00, 0x00, 0x00, 0x00, 0x08, 0x00, 0x10, 0x00, 0x38, 0x60, 0x71, 0x84, 0x92, 0x46, 0xA2, 0xE9, 0xB3, 0x4A, 0xBB, 0xAC, 0xC3, 0xED, 
0xCC, 0x2E, 0xD4, 0x6F, 0xD4, 0x8F, 0xD4, 0xB0, 0xDC, 0xAF, 0xDC, 0xCF, 0xDC, 0xAF, 0xE4, 0xAF, 0xE4, 0xAF, 0xE4, 0x8F, 0xDC, 0x6E, 0xDC, 0x6E, 0xDC, 0x6E, 0xDC, 0x4D, 0xDC, 0x4D, 0xDC, 0x6D, 
0xE4, 0x6D, 0xDC, 0x6E, 0xDC, 0x2D, 0xD4, 0x0C, 0xD3, 0xCB, 0xCB, 0x8A, 0xC3, 0x6A, 0xC3, 0x49, 0xC3, 0x29, 0xBB, 0x29, 0xBB, 0x28, 0xBB, 0x28, 0xB3, 0x08, 0xB3, 0x08, 0xB3, 0x08, 0xB3, 0x08, 
0xB3, 0x08, 0xB3, 0x08, 0xB3, 0x08, 0xB3, 0x28, 0xB3, 0x29, 0xB3, 0x29, 0xB3, 0x28, 0xB3, 0x28, 0xB3, 0x08, 0xB3, 0x08, 0xB2, 0xE8, 0xB2, 0xE8, 0xB2, 0xE8, 0xB2, 0xE7, 0xB2, 0xE7, 0xB2, 0xE7, 
0xDB, 0x2C, 0xD3, 0x0B, 0xDB, 0x0B, 0xDB, 0x2C, 0xDB, 0x4C, 0xDB, 0x6D, 0xE3, 0xEF, 0xEC, 0x51, 0xEC, 0xD3, 0xF5, 0x14, 0xF5, 0x14, 0xF5, 0x14, 0xF5, 0x14, 0xF5, 0x14, 0xF5, 0x14, 0xEC, 0xB2, 
0xE3, 0xEE, 0xE3, 0xCE, 0xE4, 0x72, 0xEC, 0x50, 0xEC, 0x30, 0xEC, 0x51, 0xEC, 0x51, 0xEC, 0x51, 0xEC, 0x50, 0xEC, 0x50, 0xEC, 0x51, 0xEC, 0x50, 0xEC, 0x50, 0xEC, 0x50, 0xEC, 0x50, 0xEC, 0x50, 
0xEC, 0x50, 0xEC, 0x50, 0xEC, 0x50, 0xEC, 0x50, 0xE4, 0x51, 0xEC, 0x50, 0xEC, 0x50, 0xEC, 0x50, 0xEC, 0x50, 0xEC, 0x50, 0xEC, 0x50, 0xEC, 0x50, 0xEC, 0x50, 0xEC, 0x50, 0xEC, 0x50, 0xEC, 0x50, 
0xEC, 0x50, 0xEC, 0x70, 0xEC, 0x71, 0xEC, 0x70, 0xEC, 0x50, 0xEC, 0x50, 0xEC, 0x50, 0xEC, 0x50, 0xEC, 0x30, 0xEC, 0x2F, 0xEC, 0x0F, 0xEC, 0x50, 0xEC, 0x50, 0xEC, 0x50, 0xEC, 0x50, 0xEC, 0x50, 
0xEC, 0x50, 0xEC, 0x70, 0xEC, 0x71, 0xEC, 0x71, 0xEC, 0x71, 0xEC, 0x71, 0xF4, 0x71, 0xEC, 0x71, 0xEC, 0x71, 0xEC, 0x71, 0xEC, 0x70, 0xEC, 0x50, 0xEC, 0x91, 0xE4, 0x50, 0xCB, 0x6C, 0x81, 0xC6, 
0x48, 0xA2, 0x38, 0x61, 0x38, 0xC2, 0x20, 0x61, 0x18, 0x41, 0x10, 0x41, 0x10, 0x41, 0x10, 0x41, 0x10, 0x40, 0x08, 0x20, 0x08, 0x20, 0x08, 0x20, 0x08, 0x00, 0x08, 0x20, 0x00, 0x00, 0x08, 0x00, 
0x00, 0x00, 0x10, 0x20, 0x20, 0x60, 0x38, 0xC1, 0x49, 0x22, 0x59, 0x42, 0x69, 0xA3, 0x71, 0xA3, 0x71, 0xA3, 0x82, 0x25, 0x8A, 0x45, 0x8A, 0x86, 0x92, 0x86, 0x9A, 0xA7, 0x9A, 0xC7, 0x9A, 0xC7, 
0x9A, 0xC7, 0x9A, 0xC8, 0x9A, 0xC8, 0x9A, 0xC7, 0x9A, 0xC8, 0xA3, 0x08, 0xA3, 0x09, 0xA3, 0x09, 0xA3, 0x09, 0xA3, 0x4A, 0x92, 0xC9, 0x79, 0xE5, 0x71, 0xC4, 0x82, 0x26, 0x82, 0x27, 0x82, 0x47, 
0x61, 0x84, 0x40, 0xC2, 0x40, 0xC2, 0x51, 0x64, 0x40, 0xE2, 0x30, 0xA2, 0x28, 0x81, 0x28, 0xA2, 0x30, 0xC2, 0x30, 0xC3, 0x40, 0xC2, 0x61, 0x64, 0x51, 0x03, 0x38, 0xA1, 0x30, 0x61, 0x30, 0xC2, 
0x28, 0x61, 0x18, 0x20, 0x18, 0x20, 0x18, 0x20, 0x18, 0x40, 0x18, 0x20, 0x18, 0x41, 0x20, 0x82, 0x18, 0x41, 0x10, 0x21, 0x10, 0x41, 0x18, 0x41, 0x10, 0x20, 0x18, 0x41, 0x20, 0x40, 0x20, 0x40, 
0x18, 0x20, 0x10, 0x00, 0x10, 0x00, 0x18, 0x20, 0x18, 0x20, 0x18, 0x20, 0x18, 0x00, 0x18, 0x00, 0x20, 0x20, 0x20, 0x20, 0x20, 0x40, 0x28, 0x80, 0x30, 0x80, 0x30, 0xA1, 0x38, 0xC1, 0x30, 0xA1, 
0x38, 0xE2, 0x30, 0xA1, 0x18, 0x40, 0x08, 0x00, 0x08, 0x00, 0x10, 0x20, 0x00, 0x00, 0x00, 0x00, 0x08, 0x00, 0x20, 0x20, 0x59, 0x02, 0x81, 0xE5, 0x9A, 0x87, 0xAA, 0xE9, 0xBB, 0x8B, 0xC3, 0xCC, 
0xC3, 0xED, 0xC3, 0xED, 0xCB, 0xED, 0xD4, 0x4E, 0xD4, 0x4E, 0xD4, 0x4E, 0xD4, 0x2D, 0xD4, 0x0D, 0xD4, 0x0C, 0xD4, 0x0C, 0xD4, 0x0C, 0xCB, 0xEC, 0xCB, 0xCB, 0xCB, 0xAA, 0xCB, 0xAA, 0xCB, 0xAA, 
0xCB, 0x8A, 0xC3, 0x8A, 0xC3, 0x6A, 0xBB, 0x49, 0xBB, 0x49, 0xBB, 0x29, 0xBB, 0x09, 0xB3, 0x08, 0xB3, 0x08, 0xB2, 0xE8, 0xAA, 0xE8, 0xAA, 0xE8, 0xAA, 0xE8, 0xAA, 0xE8, 0xAA, 0xE8, 0xAA, 0xE8, 
0xAA, 0xE8, 0xAB, 0x08, 0xAB, 0x08, 0xAB, 0x08, 0xAB, 0x08, 0xAB, 0x08, 0xAB, 0x08, 0xAB, 0x08, 0xAA, 0xE8, 0xAA, 0xE8, 0xAA, 0xC8, 0xAA, 0xC7, 0xAA, 0xC7, 0xAA, 0xC7, 0xAA, 0xC7, 0xAA, 0xC7, 
0xE3, 0xCF, 0xE3, 0xEF, 0xE3, 0xCF, 0xDB, 0x8E, 0xDB, 0x6D, 0xDB, 0x4C, 0xDB, 0x4C, 0xDB, 0x6D, 0xDB, 0x6D, 0xE3, 0xCF, 0xEC, 0x71, 0xEC, 0xD3, 0xF5, 0x14, 0xF5, 0x14, 0xED, 0x14, 0xEC, 0x71, 
0xE3, 0xEE, 0xE3, 0xCE, 0xE4, 0x92, 0xEC, 0x50, 0xEC, 0x51, 0xEC, 0x71, 0xEC, 0x71, 0xEC, 0x71, 0xEC, 0x71, 0xEC, 0x71, 0xEC, 0x71, 0xEC, 0x71, 0xEC, 0x71, 0xEC, 0x50, 0xEC, 0x50, 0xEC, 0x50, 
0xEC, 0x50, 0xEC, 0x50, 0xEC, 0x50, 0xEC, 0x50, 0xEC, 0x50, 0xEC, 0x71, 0xEC, 0x70, 0xE4, 0x70, 0xEC, 0x50, 0xEC, 0x50, 0xEC, 0x50, 0xEC, 0x50, 0xEC, 0x50, 0xEC, 0x50, 0xEC, 0x50, 0xEC, 0x70, 
0xEC, 0x70, 0xEC, 0x70, 0xEC, 0x50, 0xEC, 0x50, 0xEC, 0x50, 0xEC, 0x50, 0xEC, 0x50, 0xEC, 0x50, 0xEC, 0x50, 0xEC, 0x0F, 0xEC, 0x2F, 0xEC, 0x50, 0xEC, 0x50, 0xEC, 0x50, 0xEC, 0x50, 0xEC, 0x50, 
0xEC, 0x50, 0xEC, 0x71, 0xEC, 0x71, 0xEC, 0x71, 0xEC, 0x71, 0xEC, 0x71, 0xEC, 0x91, 0xEC, 0x71, 0xEC, 0x71, 0xEC, 0x91, 0xEC, 0x30, 0xEC, 0x91, 0xEC, 0x91, 0xDB, 0xEE, 0x9A, 0x27, 0x58, 0xC2, 
0x48, 0xC2, 0x48, 0xC2, 0x30, 0x82, 0x20, 0x61, 0x18, 0x41, 0x10, 0x41, 0x10, 0x41, 0x10, 0x41, 0x10, 0x40, 0x08, 0x20, 0x08, 0x20, 0x00, 0x00, 0x00, 0x00, 0x00, 0x00, 0x08, 0x00, 0x00, 0x00, 
0x08, 0x00, 0x18, 0x40, 0x30, 0xA1, 0x49, 0x02, 0x59, 0x43, 0x69, 0x83, 0x71, 0xC4, 0x79, 0xE4, 0x82, 0x04, 0x8A, 0x45, 0x92, 0x86, 0x92, 0xA7, 0x92, 0xA7, 0x9A, 0xE8, 0xA3, 0x08, 0xA3, 0x09, 
0x9A, 0xC8, 0x9A, 0xE8, 0x9A, 0xE8, 0x9A, 0xE8, 0xA2, 0xE9, 0xA3, 0x09, 0xA3, 0x29, 0xA3, 0x2A, 0xA3, 0x29, 0xA3, 0x2A, 0xA3, 0x2A, 0x9A, 0xE9, 0x79, 0xE5, 0x79, 0xC4, 0x79, 0xE5, 0x82, 0x67, 
0x7A, 0x26, 0x61, 0x64, 0x40, 0xC2, 0x48, 0xE2, 0x49, 0x23, 0x40, 0xC3, 0x30, 0xA2, 0x28, 0x82, 0x28, 0xA2, 0x28, 0xA2, 0x30, 0xA2, 0x49, 0x03, 0x71, 0xC5, 0x51, 0x23, 0x48, 0xE2, 0x38, 0xA2, 
0x30, 0x82, 0x28, 0x61, 0x18, 0x20, 0x18, 0x20, 0x18, 0x20, 0x18, 0x20, 0x10, 0x20, 0x10, 0x20, 0x18, 0x41, 0x10, 0x20, 0x10, 0x20, 0x10, 0x20, 0x10, 0x20, 0x10, 0x20, 0x10, 0x20, 0x18, 0x40, 
0x18, 0x20, 0x18, 0x20, 0x10, 0x00, 0x10, 0x00, 0x10, 0x00, 0x18, 0x00, 0x18, 0x00, 0x18, 0x00, 0x10, 0x00, 0x10, 0x00, 0x18, 0x20, 0x20, 0x20, 0x28, 0x60, 0x30, 0xA1, 0x40, 0xE1, 0x49, 0x22, 
0x41, 0x02, 0x38, 0xE1, 0x28, 0x80, 0x28, 0x81, 0x30, 0xA1, 0x20, 0x40, 0x10, 0x20, 0x08, 0x00, 0x08, 0x00, 0x10, 0x00, 0x48, 0xA1, 0x71, 0x84, 0x92, 0x26, 0xA2, 0xC8, 0xB3, 0x2A, 0xBB, 0x6B, 
0xBB, 0x8B, 0xC3, 0xCD, 0xCC, 0x0D, 0xCC, 0x0D, 0xCB, 0xED, 0xCB, 0xED, 0xC3, 0xCC, 0xC3, 0xCC, 0xC3, 0xCC, 0xC3, 0xCC, 0xC3, 0xAB, 0xBB, 0x6A, 0xB3, 0x6A, 0xBB, 0x4A, 0xBB, 0x49, 0xBB, 0x49, 
0xBB, 0x29, 0xB3, 0x29, 0xB3, 0x29, 0xB3, 0x29, 0xB3, 0x09, 0xAA, 0xE8, 0xAA, 0xE8, 0xAA, 0xC8, 0xAA, 0xC8, 0xA2, 0xC7, 0xA2, 0xC7, 0xA2, 0xC7, 0xA2, 0xC7, 0xA2, 0xC8, 0xA2, 0xE8, 0xA2, 0xE8, 
0xA2, 0xE8, 0xA2, 0xE8, 0xA2, 0xE8, 0xA2, 0xE8, 0xAB, 0x08, 0xAA, 0xE8, 0xAA, 0xE8, 0xAA, 0xE8, 0xAA, 0xE8, 0xAA, 0xE8, 0xA2, 0xE8, 0xA2, 0xC8, 0xA2, 0xC8, 0xA2, 0xC8, 0xA2, 0xC8, 0xA2, 0xC8, 
0xE3, 0xCF, 0xE3, 0xCE, 0xDB, 0xAE, 0xE3, 0xAE, 0xE3, 0xEF, 0xE3, 0xF0, 0xE3, 0xCF, 0xE3, 0x8D, 0xDB, 0x4D, 0xDB, 0x6D, 0xDB, 0x6D, 0xE3, 0x8E, 0xE3, 0xEE, 0xE4, 0x50, 0xEC, 0xB2, 0xEC, 0x50, 
0xE3, 0xCE, 0xE4, 0x0F, 0xE4, 0x92, 0xE4, 0x51, 0xEC, 0x71, 0xEC, 0x71, 0xEC, 0x91, 0xEC, 0x92, 0xEC, 0x92, 0xEC, 0x92, 0xEC, 0x92, 0xEC, 0x91, 0xEC, 0x71, 0xEC, 0x71, 0xEC, 0x50, 0xEC, 0x71, 
0xEC, 0x51, 0xEC, 0x50, 0xEC, 0x50, 0xEC, 0x51, 0xEC, 0x71, 0xEC, 0x71, 0xEC, 0x71, 0xE4, 0x71, 0xEC, 0x71, 0xEC, 0x70, 0xEC, 0x50, 0xEC, 0x50, 0xEC, 0x50, 0xEC, 0x50, 0xEC, 0x50, 0xEC, 0x50, 
0xEC, 0x50, 0xEC, 0x50, 0xEC, 0x50, 0xEC, 0x50, 0xEC, 0x50, 0xEC, 0x50, 0xEC, 0x50, 0xEC, 0x50, 0xEC, 0x2F, 0xEC, 0x0F, 0xEC, 0x2F, 0xEC, 0x30, 0xEC, 0x50, 0xEC, 0x50, 0xEC, 0x50, 0xEC, 0x50, 
0xEC, 0x50, 0xEC, 0x70, 0xEC, 0x71, 0xEC, 0x71, 0xEC, 0x91, 0xF4, 0x91, 0xF4, 0x91, 0xEC, 0x71, 0xEC, 0x91, 0xEC, 0x70, 0xEC, 0x50, 0xEC, 0x91, 0xEC, 0x50, 0xBB, 0x0A, 0x69, 0x03, 0x69, 0x44, 
0x58, 0xE2, 0x51, 0x03, 0x28, 0x61, 0x20, 0x41, 0x18, 0x41, 0x18, 0x41, 0x10, 0x41, 0x10, 0x40, 0x08, 0x20, 0x10, 0x41, 0x00, 0x00, 0x08, 0x00, 0x00, 0x00, 0x00, 0x00, 0x00, 0x00, 0x00, 0x00, 
0x10, 0x20, 0x20, 0x60, 0x38, 0xE2, 0x51, 0x43, 0x61, 0x83, 0x71, 0xA4, 0x79, 0xE4, 0x82, 0x25, 0x82, 0x25, 0x8A, 0x66, 0x92, 0x86, 0x9A, 0xC7, 0x9A, 0xC7, 0x9A, 0xE8, 0xA3, 0x09, 0xA3, 0x29, 
0xA3, 0x29, 0x9A, 0xE8, 0x9A, 0xE8, 0xA3, 0x09, 0xA3, 0x09, 0xA3, 0x29, 0xA3, 0x29, 0xAB, 0x2A, 0xAB, 0x4A, 0xA3, 0x29, 0xA3, 0x09, 0xAB, 0x4A, 0x9B, 0x0A, 0x82, 0x05, 0x81, 0xE5, 0x82, 0x05, 
0x8A, 0x88, 0x82, 0x47, 0x61, 0x84, 0x48, 0xC2, 0x48, 0xE2, 0x49, 0x03, 0x38, 0xC2, 0x28, 0xA2, 0x28, 0xA2, 0x20, 0x82, 0x28, 0xC2, 0x38, 0xC2, 0x61, 0x64, 0x82, 0x06, 0x59, 0x23, 0x69, 0x85, 
0x59, 0x64, 0x38, 0xA2, 0x28, 0x61, 0x20, 0x40, 0x20, 0x40, 0x18, 0x20, 0x18, 0x20, 0x18, 0x20, 0x10, 0x20, 0x10, 0x20, 0x10, 0x20, 0x08, 0x00, 0x08, 0x00, 0x10, 0x00, 0x10, 0x20, 0x10, 0x20, 
0x10, 0x00, 0x10, 0x20, 0x18, 0x40, 0x10, 0x00, 0x10, 0x00, 0x10, 0x00, 0x18, 0x00, 0x18, 0x00, 0x10, 0x00, 0x10, 0x00, 0x10, 0x00, 0x10, 0x00, 0x10, 0x00, 0x18, 0x20, 0x28, 0x60, 0x30, 0xA1, 
0x38, 0xC1, 0x38, 0xC1, 0x38, 0xC1, 0x40, 0xE1, 0x38, 0xE1, 0x28, 0x81, 0x10, 0x20, 0x00, 0x00, 0x00, 0x00, 0x00, 0x00, 0x28, 0x40, 0x61, 0x22, 0x89, 0xE5, 0x9A, 0x87, 0xAA, 0xC8, 0xB2, 0xE8, 
0xBB, 0x6B, 0xC3, 0xCC, 0xC3, 0xCC, 0xC3, 0xAC, 0xC3, 0xCC, 0xC3, 0xCC, 0xC3, 0xAB, 0xBB, 0x6A, 0xB3, 0x4A, 0xB3, 0x4A, 0xAB, 0x29, 0xAB, 0x29, 0xAB, 0x29, 0xAB, 0x29, 0xAB, 0x29, 0xAB, 0x09, 
0xAB, 0x08, 0xAA, 0xE8, 0xAA, 0xE8, 0xAA, 0xE8, 0xAA, 0xE8, 0xA2, 0xC8, 0xA2, 0xC7, 0xA2, 0xA7, 0xA2, 0xA7, 0xA2, 0xA7, 0x9A, 0xA7, 0x9A, 0xA7, 0x9A, 0xA7, 0x9A, 0xC7, 0xA2, 0xC7, 0xA2, 0xC8, 
0xA2, 0xC7, 0xA2, 0xC8, 0xA2, 0xE8, 0xA2, 0xE8, 0xA2, 0xE8, 0xA2, 0xE8, 0xA2, 0xE8, 0xA2, 0xE8, 0xA2, 0xE7, 0xA2, 0xE8, 0xA2, 0xE8, 0xA2, 0xE8, 0xA2, 0xC8, 0xA2, 0xC8, 0xA2, 0xC8, 0xA2, 0xC8, 
0xEC, 0x71, 0xEC, 0xD4, 0xEC, 0xB4, 0xE4, 0x72, 0xE4, 0x10, 0xE3, 0xCF, 0xE3, 0xCF, 0xE3, 0xF0, 0xE4, 0x10, 0xE3, 0xEF, 0xE3, 0xCE, 0xE3, 0x8D, 0xE3, 0x8D, 0xE3, 0x8D, 0xE3, 0xAE, 0xE3, 0xCE, 
0xE3, 0xCE, 0xE4, 0x31, 0xE4, 0x92, 0xE4, 0x71, 0xEC, 0x71, 0xEC, 0x92, 0xEC, 0x92, 0xEC, 0x92, 0xEC, 0xB2, 0xEC, 0xB2, 0xEC, 0xB2, 0xEC, 0xB2, 0xEC, 0x91, 0xEC, 0x71, 0xEC, 0x71, 0xEC, 0x71, 
0xEC, 0x71, 0xEC, 0x71, 0xEC, 0x71, 0xEC, 0x71, 0xE4, 0x71, 0xEC, 0x71, 0xEC, 0x71, 0xEC, 0x71, 0xEC, 0x71, 0xEC, 0x71, 0xEC, 0x70, 0xEC, 0x50, 0xEC, 0x50, 0xEC, 0x50, 0xEC, 0x50, 0xEC, 0x50, 
0xEC, 0x50, 0xEC, 0x2F, 0xEC, 0x2F, 0xEC, 0x2F, 0xEC, 0x2F, 0xEC, 0x2F, 0xEC, 0x2F, 0xEC, 0x2F, 0xEC, 0x0F, 0xEC, 0x0E, 0xEC, 0x0F, 0xEC, 0x2F, 0xEC, 0x2F, 0xEC, 0x2F, 0xEC, 0x2F, 0xEC, 0x50, 
0xEC, 0x50, 0xEC, 0x50, 0xEC, 0x70, 0xEC, 0x71, 0xEC, 0x71, 0xEC, 0x91, 0xEC, 0x91, 0xEC, 0x71, 0xEC, 0x91, 0xEC, 0x50, 0xEC, 0x70, 0xEC, 0x70, 0xD3, 0x8D, 0x89, 0xC5, 0x61, 0x03, 0x79, 0xC5, 
0x59, 0x03, 0x40, 0xA2, 0x28, 0x40, 0x20, 0x20, 0x18, 0x41, 0x18, 0x41, 0x10, 0x41, 0x10, 0x41, 0x08, 0x20, 0x10, 0x21, 0x08, 0x00, 0x08, 0x20, 0x00, 0x00, 0x00, 0x00, 0x00, 0x00, 0x08, 0x00, 
0x18, 0x20, 0x30, 0xA1, 0x49, 0x02, 0x59, 0x63, 0x69, 0xA3, 0x79, 0xC4, 0x82, 0x25, 0x8A, 0x66, 0x8A, 0x66, 0x92, 0x86, 0x92, 0x87, 0x9A, 0xC7, 0x9A, 0xE8, 0xA2, 0xE8, 0xA3, 0x29, 0xAB, 0x29, 
0xAB, 0x29, 0xA3, 0x29, 0x9A, 0xE8, 0xA3, 0x09, 0xA3, 0x29, 0xAB, 0x2A, 0xAB, 0x4A, 0xAB, 0x4A, 0xAB, 0x6A, 0xAB, 0x6A, 0xAB, 0x4A, 0xAB, 0x2A, 0xAB, 0x4B, 0xA3, 0x0A, 0x82, 0x26, 0x82, 0x05, 
0x82, 0x05, 0x8A, 0x87, 0x82, 0x67, 0x61, 0xA5, 0x48, 0xC2, 0x48, 0xE2, 0x49, 0x24, 0x38, 0xE3, 0x30, 0xA2, 0x28, 0xA2, 0x20, 0x82, 0x30, 0xC2, 0x40, 0xC2, 0x71, 0xE6, 0x82, 0x47, 0x61, 0x23, 
0x7A, 0x26, 0x79, 0xE6, 0x51, 0x03, 0x30, 0x60, 0x20, 0x40, 0x20, 0x20, 0x18, 0x20, 0x18, 0x20, 0x10, 0x00, 0x10, 0x00, 0x10, 0x00, 0x08, 0x00, 0x08, 0x00, 0x10, 0x00, 0x10, 0x00, 0x10, 0x00, 
0x10, 0x00, 0x08, 0x00, 0x10, 0x00, 0x18, 0x20, 0x10, 0x20, 0x10, 0x00, 0x10, 0x00, 0x10, 0x00, 0x18, 0x20, 0x18, 0x20, 0x18, 0x20, 0x18, 0x20, 0x10, 0x00, 0x18, 0x00, 0x28, 0x60, 0x30, 0xA1, 
0x38, 0xC1, 0x30, 0x81, 0x20, 0x20, 0x18, 0x00, 0x10, 0x00, 0x00, 0x00, 0x00, 0x00, 0x00, 0x00, 0x00, 0x00, 0x00, 0x00, 0x10, 0x20, 0x48, 0xC1, 0x79, 0x83, 0x92, 0x05, 0x9A, 0x26, 0xAA, 0xA7, 
0xB3, 0x29, 0xBB, 0x6A, 0xBB, 0x6B, 0xC3, 0xAC, 0xC3, 0xCC, 0xBB, 0x8A, 0xB3, 0x49, 0xA3, 0x08, 0xA3, 0x09, 0xA3, 0x09, 0xA2, 0xE8, 0xA2, 0xE8, 0xA3, 0x09, 0xA3, 0x09, 0xA3, 0x08, 0xA2, 0xE8, 
0xA2, 0xC7, 0xA2, 0xC7, 0xA2, 0xA7, 0xA2, 0xA7, 0xA2, 0xA7, 0xA2, 0xA7, 0x9A, 0x86, 0x9A, 0x86, 0x9A, 0x86, 0x9A, 0x86, 0x9A, 0x86, 0x9A, 0x87, 0x9A, 0x87, 0x9A, 0x87, 0x9A, 0xA7, 0x9A, 0xA7, 
0x9A, 0xC7, 0x9A, 0xC7, 0xA2, 0xC7, 0xA2, 0xC7, 0xA2, 0xC7, 0xA2, 0xC8, 0xA2, 0xE8, 0xA2, 0xE8, 0xA2, 0xC8, 0xA2, 0xC8, 0xA2, 0xC8, 0xA2, 0xE8, 0xA2, 0xE8, 0xA2, 0xC8, 0xA2, 0xC8, 0xA2, 0xC8, 
0xE4, 0x10, 0xE4, 0x51, 0xEC, 0xB3, 0xED, 0x14, 0xED, 0x36, 0xED, 0x15, 0xEC, 0xB4, 0xE4, 0x51, 0xE4, 0x10, 0xE3, 0xEF, 0xE3, 0xEF, 0xE4, 0x10, 0xE3, 0xEF, 0xE3, 0xEE, 0xE3, 0xAE, 0xE3, 0xAD, 
0xE3, 0xAD, 0xE3, 0xEF, 0xE4, 0x50, 0xE4, 0x71, 0xE4, 0x71, 0xEC, 0x92, 0xEC, 0x92, 0xEC, 0x92, 0xEC, 0xB2, 0xEC, 0xB2, 0xEC, 0xB2, 0xEC, 0xB2, 0xEC, 0x92, 0xEC, 0x91, 0xEC, 0x71, 0xEC, 0x71, 
0xEC, 0x71, 0xEC, 0x71, 0xEC, 0x71, 0xEC, 0x71, 0xEC, 0x71, 0xEC, 0x71, 0xE4, 0x71, 0xEC, 0x71, 0xEC, 0x71, 0xEC, 0x71, 0xEC, 0x71, 0xEC, 0x50, 0xEC, 0x50, 0xEC, 0x50, 0xEC, 0x50, 0xEC, 0x30, 
0xEC, 0x30, 0xEC, 0x2F, 0xEC, 0x2F, 0xEC, 0x0F, 0xEC, 0x0F, 0xEC, 0x0F, 0xEC, 0x0F, 0xEC, 0x0E, 0xE3, 0xEE, 0xE3, 0xEE, 0xE4, 0x0F, 0xE4, 0x0F, 0xE4, 0x0F, 0xE4, 0x0F, 0xE4, 0x0F, 0xEC, 0x2F, 
0xEC, 0x2F, 0xEC, 0x2F, 0xEC, 0x50, 0xEC, 0x50, 0xEC, 0x70, 0xEC, 0x71, 0xEC, 0x71, 0xEC, 0x71, 0xEC, 0x71, 0xEC, 0x30, 0xEC, 0x50, 0xEC, 0x0F, 0xAA, 0x69, 0x69, 0x03, 0x8A, 0x07, 0x69, 0x23, 
0x61, 0x03, 0x30, 0x40, 0x20, 0x40, 0x20, 0x20, 0x18, 0x20, 0x10, 0x20, 0x10, 0x41, 0x08, 0x20, 0x10, 0x20, 0x08, 0x20, 0x08, 0x20, 0x08, 0x00, 0x00, 0x00, 0x00, 0x00, 0x00, 0x00, 0x08, 0x00, 
0x18, 0x40, 0x38, 0xC1, 0x51, 0x43, 0x61, 0x83, 0x69, 0xA4, 0x79, 0xE4, 0x8A, 0x66, 0x92, 0x86, 0x92, 0x66, 0x92, 0xA7, 0x9A, 0xC7, 0x9A, 0xE8, 0xA3, 0x08, 0xA3, 0x09, 0xAB, 0x2A, 0xAB, 0x4A, 
0xAB, 0x4A, 0xAB, 0x4A, 0xA3, 0x2A, 0xA3, 0x09, 0xA3, 0x2A, 0xAB, 0x4A, 0xAB, 0x4A, 0xB3, 0x6B, 0xB3, 0x8B, 0xB3, 0x8B, 0xB3, 0x8B, 0xB3, 0xAB, 0xB3, 0xAC, 0xAB, 0x6B, 0xA3, 0x0A, 0x8A, 0x67, 
0x8A, 0x26, 0x82, 0x05, 0x8A, 0x67, 0x82, 0x67, 0x69, 0xA5, 0x48, 0xC2, 0x49, 0x24, 0x49, 0x45, 0x38, 0xE3, 0x28, 0x82, 0x28, 0xA2, 0x28, 0x82, 0x30, 0xA2, 0x40, 0xE3, 0x8A, 0x68, 0x8A, 0x67, 
0x61, 0x43, 0x8A, 0x47, 0x82, 0x06, 0x61, 0x43, 0x38, 0x80, 0x30, 0x40, 0x28, 0x40, 0x20, 0x20, 0x18, 0x20, 0x10, 0x00, 0x10, 0x00, 0x08, 0x00, 0x08, 0x00, 0x10, 0x00, 0x08, 0x00, 0x08, 0x00, 
0x10, 0x00, 0x08, 0x00, 0x08, 0x00, 0x10, 0x00, 0x10, 0x00, 0x10, 0x20, 0x10, 0x00, 0x10, 0x00, 0x10, 0x00, 0x18, 0x20, 0x20, 0x20, 0x20, 0x20, 0x18, 0x20, 0x18, 0x20, 0x18, 0x00, 0x20, 0x20, 
0x20, 0x40, 0x20, 0x40, 0x20, 0x40, 0x18, 0x00, 0x08, 0x00, 0x00, 0x00, 0x00, 0x00, 0x00, 0x00, 0x00, 0x00, 0x00, 0x00, 0x00, 0x00, 0x28, 0x40, 0x61, 0x02, 0x79, 0x83, 0x92, 0x04, 0xA2, 0x87, 
0xB2, 0xE8, 0xBB, 0x49, 0xBB, 0x6A, 0xBB, 0x8B, 0xBB, 0x8B, 0xB3, 0x2A, 0xA2, 0xE9, 0x9A, 0xC8, 0xA3, 0x09, 0x9A, 0xE8, 0x9A, 0xC8, 0x9A, 0xE8, 0x9A, 0xE8, 0x9A, 0xE8, 0x9A, 0xC8, 0x9A, 0xA7, 
0x9A, 0xA7, 0x9A, 0x87, 0x9A, 0x87, 0x9A, 0x86, 0x9A, 0x86, 0x9A, 0x66, 0x9A, 0x66, 0x92, 0x66, 0x92, 0x66, 0x92, 0x66, 0x92, 0x66, 0x92, 0x66, 0x92, 0x66, 0x92, 0x66, 0x92, 0x86, 0x9A, 0x87, 
0x9A, 0xA7, 0x9A, 0xA7, 0x9A, 0xA7, 0x9A, 0xA7, 0x9A, 0xA7, 0x9A, 0xC7, 0xA2, 0xC8, 0xA2, 0xC8, 0xA2, 0xC8, 0xA2, 0xC8, 0xA2, 0xC8, 0xA2, 0xC8, 0xA2, 0xC8, 0xA2, 0xC8, 0xA2, 0xC8, 0xA2, 0xC8, 
0xE4, 0x0F, 0xE4, 0x10, 0xE4, 0x10, 0xE4, 0x30, 0xEC, 0x72, 0xEC, 0xF4, 0xED, 0x76, 0xF5, 0x97, 0xED, 0x76, 0xED, 0x15, 0xEC, 0xB2, 0xE4, 0x51, 0xE4, 0x10, 0xE3, 0xEF, 0xE4, 0x0F, 0xE3, 0xEF, 
0xE3, 0xCE, 0xE3, 0xCE, 0xE3, 0xCE, 0xE3, 0xEF, 0xE4, 0x30, 0xEC, 0x70, 0xEC, 0x91, 0xEC, 0x92, 0xEC, 0xB2, 0xEC, 0xB2, 0xEC, 0xB2, 0xEC, 0xB2, 0xEC, 0x92, 0xEC, 0x91, 0xEC, 0x91, 0xEC, 0x91, 
0xEC, 0x91, 0xEC, 0x91, 0xEC, 0x71, 0xEC, 0x91, 0xEC, 0x91, 0xEC, 0x71, 0xEC, 0x71, 0xEC, 0x71, 0xEC, 0x71, 0xEC, 0x71, 0xEC, 0x71, 0xEC, 0x70, 0xEC, 0x50, 0xEC, 0x50, 0xEC, 0x50, 0xEC, 0x50, 
0xEC, 0x30, 0xEC, 0x2F, 0xEC, 0x0F, 0xEC, 0x0F, 0xEC, 0x0E, 0xE4, 0x0E, 0xE3, 0xEE, 0xE3, 0xEE, 0xE3, 0xEE, 0xE3, 0xEE, 0xE3, 0xEE, 0xE3, 0xEE, 0xE3, 0xEE, 0xE3, 0xEE, 0xE3, 0xEE, 0xE3, 0xEE, 
0xE3, 0xEE, 0xEC, 0x0E, 0xEC, 0x2F, 0xEC, 0x2F, 0xEC, 0x2F, 0xEC, 0x4F, 0xEC, 0x50, 0xEC, 0x70, 0xEC, 0x50, 0xEC, 0x30, 0xEC, 0x50, 0xDB, 0xAD, 0x89, 0xC6, 0x71, 0x23, 0xA2, 0x89, 0x61, 0x03, 
0x58, 0xE2, 0x30, 0x40, 0x20, 0x20, 0x20, 0x20, 0x18, 0x20, 0x10, 0x20, 0x10, 0x40, 0x08, 0x20, 0x10, 0x41, 0x08, 0x20, 0x00, 0x00, 0x00, 0x00, 0x00, 0x00, 0x00, 0x00, 0x00, 0x00, 0x10, 0x00, 
0x20, 0x60, 0x38, 0xC2, 0x51, 0x43, 0x69, 0xA3, 0x71, 0xC4, 0x82, 0x25, 0x8A, 0x66, 0x92, 0x87, 0x92, 0x87, 0x9A, 0xC7, 0x9A, 0xE8, 0xA3, 0x09, 0xA3, 0x29, 0xAB, 0x2A, 0xAB, 0x4A, 0xAB, 0x4A, 
0xAB, 0x4A, 0xAB, 0x4A, 0xAB, 0x4A, 0xA3, 0x4A, 0xA3, 0x09, 0xAB, 0x29, 0xB3, 0x6B, 0xB3, 0x8B, 0xB3, 0xAB, 0xB3, 0xAB, 0xBB, 0xAC, 0xBB, 0xCC, 0xB3, 0xCC, 0xB3, 0xAC, 0xAB, 0x6B, 0xA3, 0x0A, 
0x92, 0xA8, 0x8A, 0x47, 0x8A, 0x26, 0x8A, 0x88, 0x8A, 0xA9, 0x72, 0x07, 0x40, 0xE2, 0x40, 0xE3, 0x41, 0x03, 0x30, 0xC2, 0x20, 0x61, 0x28, 0xA2, 0x28, 0x81, 0x30, 0x82, 0x51, 0x03, 0x8A, 0x67, 
0x82, 0x26, 0x61, 0x43, 0x8A, 0x67, 0x82, 0x26, 0x71, 0x84, 0x48, 0xA1, 0x48, 0xC2, 0x38, 0x60, 0x20, 0x20, 0x18, 0x00, 0x10, 0x00, 0x10, 0x00, 0x08, 0x00, 0x08, 0x00, 0x08, 0x00, 0x08, 0x00, 
0x10, 0x00, 0x10, 0x00, 0x08, 0x00, 0x08, 0x00, 0x08, 0x00, 0x08, 0x00, 0x10, 0x00, 0x10, 0x20, 0x10, 0x00, 0x10, 0x00, 0x10, 0x00, 0x18, 0x00, 0x20, 0x20, 0x20, 0x40, 0x20, 0x60, 0x20, 0x40, 
0x28, 0x60, 0x28, 0x60, 0x20, 0x40, 0x18, 0x20, 0x10, 0x20, 0x08, 0x00, 0x00, 0x00, 0x00, 0x00, 0x00, 0x00, 0x00, 0x00, 0x00, 0x00, 0x10, 0x00, 0x48, 0x80, 0x69, 0x22, 0x89, 0xE4, 0xA2, 0x66, 
0xAA, 0x87, 0xB3, 0x08, 0xBB, 0x4A, 0xBB, 0x6B, 0xB3, 0x4A, 0xAB, 0x29, 0xA2, 0xE8, 0x9A, 0xC8, 0x9A, 0xC8, 0x9A, 0xC7, 0x9A, 0xC7, 0x9A, 0xC7, 0x9A, 0xC7, 0x9A, 0xA7, 0x9A, 0x87, 0x92, 0x86, 
0x92, 0x86, 0x92, 0x86, 0x92, 0x66, 0x92, 0x66, 0x92, 0x66, 0x92, 0x46, 0x92, 0x45, 0x92, 0x45, 0x8A, 0x25, 0x8A, 0x45, 0x8A, 0x45, 0x92, 0x46, 0x92, 0x46, 0x92, 0x66, 0x92, 0x66, 0x92, 0x66, 
0x92, 0x86, 0x9A, 0x86, 0x9A, 0x86, 0x9A, 0x86, 0x9A, 0x86, 0x9A, 0xA7, 0x9A, 0xA7, 0xA2, 0xC7, 0xA2, 0xC7, 0xA2, 0xC8, 0xA2, 0xC8, 0xA2, 0xC8, 0xA2, 0xC8, 0xA2, 0xC8, 0xA2, 0xC8, 0xA2, 0xC7, 
0xE4, 0x10, 0xE4, 0x10, 0xE4, 0x30, 0xE4, 0x30, 0xE4, 0x30, 0xE4, 0x30, 0xE4, 0x71, 0xEC, 0xB3, 0xED, 0x15, 0xF5, 0x76, 0xF5, 0x97, 0xED, 0x97, 0xED, 0x76, 0xED, 0x15, 0xE4, 0x92, 0xE3, 0xEF, 
0xE3, 0xCE, 0xE4, 0x0F, 0xE4, 0x30, 0xE4, 0x0F, 0xE3, 0xEE, 0xE3, 0xCE, 0xE3, 0xCE, 0xE4, 0x0F, 0xEC, 0x50, 0xEC, 0x71, 0xEC, 0x92, 0xEC, 0x92, 0xEC, 0x92, 0xEC, 0x91, 0xEC, 0x91, 0xEC, 0x91, 
0xEC, 0x91, 0xEC, 0x91, 0xEC, 0x91, 0xEC, 0x91, 0xEC, 0x91, 0xEC, 0x91, 0xEC, 0x91, 0xEC, 0x71, 0xEC, 0x71, 0xEC, 0x71, 0xEC, 0x71, 0xEC, 0x70, 0xEC, 0x50, 0xEC, 0x50, 0xEC, 0x50, 0xEC, 0x50, 
0xEC, 0x30, 0xEC, 0x2F, 0xEC, 0x0F, 0xEC, 0x0F, 0xEB, 0xEE, 0xE3, 0xEE, 0xE3, 0xEE, 0xE3, 0xCD, 0xE3, 0xCD, 0xE3, 0xCD, 0xE3, 0xCD, 0xE3, 0xCD, 0xE3, 0xCD, 0xE3, 0xCD, 0xE3, 0xCD, 0xE3, 0xCD, 
0xE3, 0xCD, 0xE3, 0xEE, 0xEB, 0xEE, 0xEB, 0xEE, 0xEC, 0x0E, 0xEC, 0x0E, 0xEC, 0x0F, 0xEC, 0x2F, 0xEC, 0x2F, 0xEC, 0x30, 0xE4, 0x0F, 0xB2, 0xA9, 0x71, 0x23, 0x91, 0xE6, 0x89, 0xA5, 0x69, 0x23, 
0x40, 0x61, 0x28, 0x40, 0x20, 0x20, 0x20, 0x41, 0x10, 0x20, 0x10, 0x20, 0x08, 0x20, 0x08, 0x20, 0x10, 0x41, 0x08, 0x20, 0x00, 0x00, 0x08, 0x20, 0x00, 0x00, 0x00, 0x00, 0x08, 0x00, 0x10, 0x20, 
0x28, 0x60, 0x41, 0x02, 0x59, 0x63, 0x69, 0xA3, 0x71, 0xE4, 0x8A, 0x46, 0x8A, 0x66, 0x92, 0xA7, 0x9A, 0xA7, 0x9A, 0xC8, 0x9A, 0xE9, 0xA3, 0x09, 0xA3, 0x29, 0xAB, 0x4A, 0xAB, 0x4A, 0xAB, 0x4A, 
0xAB, 0x4A, 0xAB, 0x6A, 0xAB, 0x4A, 0xAB, 0x4A, 0xAB, 0x4A, 0xA3, 0x29, 0xB3, 0x8B, 0xB3, 0xAB, 0xB3, 0xAC, 0xBB, 0xAC, 0xBB, 0xCC, 0xBB, 0xCD, 0xBB, 0xCD, 0xBB, 0xCC, 0xB3, 0xAC, 0xAB, 0x8C, 
0xA3, 0x2B, 0x9A, 0xE9, 0x8A, 0x47, 0x8A, 0x67, 0x92, 0xE9, 0x8A, 0xA9, 0x69, 0xE6, 0x40, 0xE2, 0x38, 0xC2, 0x30, 0xC2, 0x28, 0x82, 0x20, 0x61, 0x28, 0x82, 0x28, 0x82, 0x30, 0x81, 0x61, 0x84, 
0x82, 0x47, 0x69, 0xA4, 0x69, 0xA5, 0x8A, 0x46, 0x82, 0x06, 0x79, 0xC5, 0x58, 0xE2, 0x59, 0x03, 0x38, 0x81, 0x28, 0x40, 0x18, 0x20, 0x10, 0x00, 0x10, 0x00, 0x10, 0x00, 0x10, 0x00, 0x10, 0x00, 
0x08, 0x00, 0x08, 0x00, 0x08, 0x00, 0x08, 0x00, 0x08, 0x00, 0x08, 0x00, 0x08, 0x00, 0x08, 0x00, 0x10, 0x00, 0x10, 0x00, 0x10, 0x00, 0x10, 0x00, 0x10, 0x00, 0x10, 0x00, 0x18, 0x20, 0x18, 0x20, 
0x20, 0x20, 0x20, 0x40, 0x18, 0x20, 0x10, 0x00, 0x10, 0x00, 0x08, 0x00, 0x00, 0x00, 0x00, 0x00, 0x00, 0x00, 0x00, 0x00, 0x00, 0x00, 0x00, 0x00, 0x28, 0x40, 0x58, 0xE1, 0x81, 0xA3, 0x9A, 0x25, 
0xA2, 0x45, 0xAA, 0xC8, 0xB3, 0x09, 0xB3, 0x29, 0xA2, 0xE8, 0xA3, 0x09, 0x9A, 0xA7, 0x9A, 0xA7, 0x92, 0xA7, 0x92, 0xA7, 0x92, 0x87, 0x92, 0xA7, 0x92, 0xA7, 0x92, 0x86, 0x92, 0x66, 0x92, 0x65, 
0x8A, 0x46, 0x8A, 0x45, 0x8A, 0x45, 0x8A, 0x25, 0x8A, 0x25, 0x8A, 0x25, 0x8A, 0x25, 0x8A, 0x25, 0x8A, 0x05, 0x8A, 0x05, 0x8A, 0x05, 0x8A, 0x25, 0x8A, 0x25, 0x8A, 0x45, 0x8A, 0x46, 0x92, 0x46, 
0x92, 0x66, 0x92, 0x66, 0x92, 0x66, 0x9A, 0x66, 0x9A, 0x86, 0x9A, 0x87, 0x9A, 0xA7, 0x9A, 0xC8, 0xA2, 0xC7, 0x9A, 0xC7, 0xA2, 0xC8, 0xA2, 0xC8, 0xA2, 0xC8, 0xA2, 0xC8, 0xA2, 0xC7, 0x9A, 0xC7, 
0xE4, 0x10, 0xE4, 0x30, 0xE4, 0x30, 0xE4, 0x30, 0xE4, 0x30, 0xEC, 0x30, 0xE4, 0x50, 0xE4, 0x30, 0xEC, 0x31, 0xE4, 0x51, 0xE4, 0xB2, 0xED, 0x14, 0xED, 0x76, 0xED, 0x97, 0xED, 0x15, 0xE3, 0xEF, 
0xE3, 0xEF, 0xE4, 0x51, 0xE4, 0x51, 0xE4, 0x51, 0xE4, 0x71, 0xE4, 0x51, 0xE4, 0x30, 0xE3, 0xEF, 0xE3, 0xEE, 0xE3, 0xEF, 0xE4, 0x0F, 0xE4, 0x2F, 0xE4, 0x70, 0xEC, 0x71, 0xEC, 0x91, 0xEC, 0x91, 
0xEC, 0x91, 0xEC, 0x91, 0xEC, 0x91, 0xEC, 0x91, 0xEC, 0x91, 0xEC, 0x91, 0xEC, 0x91, 0xEC, 0x91, 0xEC, 0x91, 0xEC, 0x71, 0xEC, 0x71, 0xEC, 0x70, 0xEC, 0x50, 0xEC, 0x50, 0xEC, 0x50, 0xE4, 0x30, 
0xEC, 0x2F, 0xEC, 0x0F, 0xE4, 0x0E, 0xE3, 0xEE, 0xE3, 0xEE, 0xE3, 0xCE, 0xE3, 0xCE, 0xE3, 0xCD, 0xE3, 0xAD, 0xE3, 0xAD, 0xE3, 0xAD, 0xE3, 0xAD, 0xE3, 0x8C, 0xE3, 0x8C, 0xE3, 0x8C, 0xE3, 0xAC, 
0xE3, 0xAC, 0xE3, 0xAC, 0xE3, 0xAD, 0xE3, 0xCD, 0xE3, 0xCD, 0xEB, 0xCD, 0xEB, 0xEE, 0xEB, 0xEE, 0xEB, 0xEE, 0xEC, 0x0F, 0xDB, 0xAD, 0x91, 0xC6, 0x79, 0x64, 0x91, 0xC6, 0x81, 0x44, 0x69, 0x03, 
0x38, 0x40, 0x28, 0x20, 0x28, 0x20, 0x18, 0x20, 0x10, 0x20, 0x10, 0x20, 0x10, 0x20, 0x08, 0x20, 0x10, 0x41, 0x08, 0x20, 0x08, 0x20, 0x08, 0x20, 0x00, 0x00, 0x00, 0x00, 0x08, 0x00, 0x10, 0x20, 
0x28, 0x81, 0x49, 0x02, 0x59, 0x63, 0x69, 0xC4, 0x7A, 0x25, 0x8A, 0x46, 0x8A, 0x66, 0x92, 0xA7, 0x9A, 0xC8, 0x9A, 0xE8, 0xA3, 0x09, 0xA3, 0x29, 0xAB, 0x4A, 0xAB, 0x4A, 0xAB, 0x6B, 0xAB, 0x6A, 
0xAB, 0x6B, 0xAB, 0x4A, 0xAB, 0x6A, 0xAB, 0x4A, 0xAB, 0x6A, 0xAB, 0x4A, 0xAB, 0x4A, 0xB3, 0x8B, 0xBB, 0xAC, 0xBB, 0xCC, 0xBB, 0xCC, 0xBB, 0xCC, 0xBB, 0xED, 0xBB, 0xED, 0xBB, 0xED, 0xB3, 0xCD, 
0xB3, 0xCD, 0xA3, 0x6C, 0x9B, 0x0B, 0x8A, 0xA9, 0x82, 0x47, 0x82, 0x88, 0x7A, 0x48, 0x59, 0x65, 0x40, 0xC2, 0x30, 0xA1, 0x28, 0x82, 0x20, 0x61, 0x20, 0x61, 0x28, 0x61, 0x20, 0x61, 0x30, 0x81, 
0x61, 0x84, 0x79, 0xE6, 0x69, 0x64, 0x82, 0x06, 0x9A, 0x87, 0x82, 0x06, 0x71, 0x84, 0x61, 0x43, 0x58, 0xE2, 0x40, 0x81, 0x28, 0x40, 0x18, 0x20, 0x10, 0x20, 0x10, 0x00, 0x10, 0x00, 0x18, 0x20, 
0x10, 0x00, 0x08, 0x00, 0x08, 0x00, 0x08, 0x00, 0x08, 0x00, 0x08, 0x00, 0x08, 0x00, 0x08, 0x00, 0x08, 0x00, 0x08, 0x00, 0x10, 0x00, 0x10, 0x00, 0x10, 0x00, 0x18, 0x00, 0x18, 0x20, 0x18, 0x20, 
0x10, 0x00, 0x18, 0x20, 0x18, 0x20, 0x10, 0x00, 0x10, 0x00, 0x08, 0x00, 0x00, 0x00, 0x00, 0x00, 0x00, 0x00, 0x00, 0x00, 0x00, 0x00, 0x00, 0x00, 0x18, 0x00, 0x48, 0x80, 0x71, 0x42, 0x89, 0xC4, 
0x9A, 0x25, 0xA2, 0x86, 0xAA, 0xC7, 0xA2, 0xC7, 0x9A, 0x87, 0x92, 0x87, 0x82, 0x25, 0x8A, 0x46, 0x8A, 0x66, 0x8A, 0x46, 0x82, 0x25, 0x8A, 0x45, 0x8A, 0x45, 0x8A, 0x25, 0x82, 0x25, 0x82, 0x04, 
0x82, 0x04, 0x82, 0x04, 0x82, 0x04, 0x82, 0x04, 0x82, 0x04, 0x82, 0x04, 0x82, 0x04, 0x82, 0x04, 0x81, 0xE4, 0x81, 0xE4, 0x82, 0x04, 0x82, 0x05, 0x82, 0x05, 0x8A, 0x25, 0x8A, 0x25, 0x8A, 0x25, 
0x92, 0x45, 0x92, 0x45, 0x92, 0x45, 0x92, 0x66, 0x9A, 0x66, 0x9A, 0x86, 0x9A, 0x87, 0x9A, 0xA7, 0x9A, 0xA7, 0x9A, 0xC7, 0xA2, 0xC8, 0xA2, 0xC8, 0xA2, 0xC8, 0xA2, 0xC8, 0x9A, 0xC7, 0x9A, 0xC7, 
0xE4, 0x10, 0xE4, 0x10, 0xE4, 0x10, 0xE4, 0x0F, 0xE4, 0x50, 0xEC, 0x71, 0xEC, 0x51, 0xEC, 0x51, 0xEC, 0x51, 0xEC, 0x51, 0xE4, 0x51, 0xE4, 0x51, 0xE4, 0x92, 0xE4, 0xB2, 0xE4, 0x71, 0xE3, 0xEF, 
0xE4, 0x10, 0xE4, 0xF3, 0xE4, 0x91, 0xE4, 0x91, 0xE4, 0x92, 0xE4, 0x92, 0xE4, 0xB2, 0xE4, 0x92, 0xE4, 0x92, 0xE4, 0x50, 0xE4, 0x2F, 0xE3, 0xEE, 0xE3, 0xEE, 0xE3, 0xEE, 0xE4, 0x0F, 0xE4, 0x50, 
0xE4, 0x70, 0xE4, 0x71, 0xE4, 0x91, 0xEC, 0x91, 0xEC, 0x91, 0xEC, 0x91, 0xEC, 0x91, 0xEC, 0x91, 0xEC, 0x91, 0xEC, 0x71, 0xE4, 0x71, 0xE4, 0x70, 0xE4, 0x51, 0xEC, 0x50, 0xEC, 0x50, 0xE4, 0x2F, 
0xE4, 0x0F, 0xE3, 0xEE, 0xE3, 0xEE, 0xE3, 0xCE, 0xE3, 0xCE, 0xE3, 0xCD, 0xE3, 0xAD, 0xE3, 0xAD, 0xE3, 0x8C, 0xE3, 0x8C, 0xDB, 0x8C, 0xDB, 0x6B, 0xDB, 0x6B, 0xDB, 0x6B, 0xDB, 0x6B, 0xE3, 0x6B, 
0xE3, 0x6B, 0xE3, 0x6B, 0xE3, 0x8C, 0xE3, 0x8C, 0xE3, 0x8C, 0xEB, 0xAD, 0xEB, 0xAD, 0xEB, 0xAD, 0xEB, 0xCD, 0xE3, 0xCE, 0xCB, 0x2B, 0x70, 0xE2, 0xA2, 0x47, 0x89, 0xA5, 0x81, 0x44, 0x58, 0xC2, 
0x30, 0x20, 0x28, 0x20, 0x20, 0x20, 0x18, 0x20, 0x10, 0x20, 0x10, 0x20, 0x08, 0x20, 0x08, 0x40, 0x10, 0x41, 0x08, 0x20, 0x08, 0x20, 0x08, 0x20, 0x00, 0x00, 0x00, 0x00, 0x08, 0x00, 0x18, 0x40, 
0x30, 0xA1, 0x41, 0x02, 0x59, 0x63, 0x71, 0xE4, 0x82, 0x25, 0x8A, 0x46, 0x92, 0x86, 0x9A, 0xA7, 0x9A, 0xC8, 0x9A, 0xE8, 0xA3, 0x09, 0xA3, 0x29, 0xAB, 0x4A, 0xAB, 0x6A, 0xAB, 0x6B, 0xAB, 0x6B, 
0xAB, 0x6B, 0xAB, 0x6A, 0xAB, 0x6B, 0xAB, 0x6B, 0xAB, 0x6A, 0xAB, 0x6A, 0xAB, 0x6B, 0xB3, 0x6B, 0xB3, 0x8B, 0xBB, 0xCC, 0xBB, 0xCC, 0xBB, 0xCC, 0xBB, 0xED, 0xBC, 0x0E, 0xBB, 0xEE, 0xBB, 0xEE, 
0xB3, 0xEF, 0xAB, 0xAE, 0x9B, 0x2B, 0x8A, 0xA9, 0x7A, 0x48, 0x69, 0xC6, 0x69, 0xA5, 0x61, 0x85, 0x49, 0x03, 0x30, 0x81, 0x28, 0x60, 0x20, 0x41, 0x20, 0x40, 0x20, 0x40, 0x20, 0x40, 0x20, 0x41, 
0x38, 0xA1, 0x49, 0x02, 0x61, 0x84, 0x69, 0x64, 0x8A, 0x46, 0xA2, 0xE9, 0x92, 0x67, 0x81, 0xC5, 0x79, 0xA5, 0x61, 0x43, 0x40, 0xA1, 0x28, 0x40, 0x18, 0x20, 0x18, 0x20, 0x10, 0x00, 0x10, 0x20, 
0x18, 0x20, 0x10, 0x00, 0x08, 0x00, 0x08, 0x00, 0x08, 0x00, 0x08, 0x00, 0x08, 0x00, 0x08, 0x00, 0x08, 0x00, 0x08, 0x00, 0x08, 0x00, 0x08, 0x00, 0x08, 0x00, 0x10, 0x00, 0x10, 0x00, 0x10, 0x00, 
0x10, 0x00, 0x10, 0x00, 0x10, 0x00, 0x10, 0x00, 0x10, 0x00, 0x00, 0x00, 0x00, 0x00, 0x00, 0x00, 0x00, 0x00, 0x00, 0x00, 0x00, 0x00, 0x00, 0x00, 0x08, 0x00, 0x30, 0x40, 0x60, 0xE1, 0x81, 0x83, 
0x92, 0x04, 0x9A, 0x46, 0x9A, 0x86, 0x92, 0x66, 0x8A, 0x46, 0x82, 0x05, 0x71, 0xA4, 0x79, 0xA4, 0x79, 0xC4, 0x71, 0xC4, 0x71, 0xA4, 0x71, 0xC4, 0x79, 0xE4, 0x79, 0xC4, 0x79, 0xC3, 0x79, 0xC4, 
0x79, 0xC4, 0x81, 0xC4, 0x81, 0xC4, 0x79, 0xC4, 0x79, 0xE4, 0x79, 0xE4, 0x79, 0xE4, 0x81, 0xE4, 0x81, 0xE4, 0x81, 0xE4, 0x81, 0xE4, 0x81, 0xE4, 0x81, 0xE5, 0x82, 0x05, 0x8A, 0x05, 0x8A, 0x25, 
0x8A, 0x25, 0x92, 0x25, 0x92, 0x25, 0x92, 0x45, 0x92, 0x45, 0x9A, 0x66, 0x9A, 0x86, 0x9A, 0x87, 0x9A, 0xA7, 0x9A, 0xC7, 0xA2, 0xC8, 0xA2, 0xC8, 0x9A, 0xC7, 0x9A, 0xA7, 0x9A, 0xA7, 0x9A, 0xA7, 
0xE4, 0x10, 0xE4, 0x10, 0xE3, 0xEF, 0xE4, 0x51, 0xEC, 0x92, 0xEC, 0xB2, 0xEC, 0x92, 0xEC, 0x91, 0xEC, 0x71, 0xEC, 0x91, 0xEC, 0x71, 0xE4, 0x71, 0xE4, 0x71, 0xE4, 0x71, 0xE4, 0x0F, 0xE3, 0xEF, 
0xE4, 0x51, 0xE4, 0xF4, 0xE4, 0xB2, 0xE4, 0xB2, 0xE4, 0xB3, 0xE4, 0xD3, 0xE4, 0xD3, 0xE4, 0xD3, 0xE4, 0xD3, 0xE4, 0xD3, 0xE4, 0xB3, 0xE4, 0x92, 0xE4, 0x71, 0xE4, 0x30, 0xE4, 0x2F, 0xE4, 0x0F, 
0xE4, 0x0F, 0xE4, 0x0F, 0xE4, 0x30, 0xE4, 0x50, 0xE4, 0x70, 0xE4, 0x71, 0xEC, 0x71, 0xEC, 0x91, 0xEC, 0x91, 0xE4, 0x71, 0xE4, 0x71, 0xE4, 0x71, 0xE4, 0x50, 0xE4, 0x50, 0xE4, 0x2F, 0xE4, 0x0F, 
0xE3, 0xEF, 0xE3, 0xEE, 0xE3, 0xCE, 0xE3, 0xCE, 0xE3, 0xAD, 0xE3, 0x8D, 0xE3, 0x8C, 0xE3, 0x6C, 0xDB, 0x6B, 0xDB, 0x6B, 0xDB, 0x4B, 0xDB, 0x4B, 0xDB, 0x4A, 0xDB, 0x2A, 0xDB, 0x2A, 0xDB, 0x2A, 
0xE3, 0x4A, 0xE3, 0x4A, 0xE3, 0x4A, 0xE3, 0x4B, 0xE3, 0x6B, 0xE3, 0x8C, 0xE3, 0x6C, 0xE3, 0x8C, 0xE3, 0xAD, 0xE3, 0xAD, 0xAA, 0x27, 0x81, 0x44, 0x99, 0xC6, 0x89, 0x85, 0x81, 0x64, 0x48, 0x60, 
0x30, 0x20, 0x28, 0x20, 0x20, 0x20, 0x10, 0x20, 0x10, 0x20, 0x08, 0x20, 0x08, 0x20, 0x08, 0x20, 0x10, 0x41, 0x08, 0x20, 0x08, 0x00, 0x00, 0x00, 0x00, 0x00, 0x00, 0x00, 0x08, 0x00, 0x18, 0x40, 
0x30, 0xA1, 0x40, 0xE1, 0x59, 0x63, 0x71, 0xE5, 0x82, 0x25, 0x8A, 0x66, 0x92, 0x87, 0x9A, 0xC7, 0x9A, 0xE8, 0xA2, 0xE9, 0xA3, 0x09, 0xA3, 0x4A, 0xAB, 0x6A, 0xAB, 0x6B, 0xAB, 0x6A, 0xAB, 0x6A, 
0xAB, 0x6A, 0xAB, 0x6B, 0xAB, 0x6B, 0xAB, 0x8B, 0xAB, 0x6B, 0xAB, 0x8B, 0xB3, 0x8B, 0xB3, 0x8B, 0xB3, 0xAC, 0xB3, 0xAC, 0xB3, 0xAC, 0xBB, 0xCD, 0xB3, 0xCD, 0xBC, 0x0E, 0xBC, 0x0F, 0xB4, 0x0F, 
0xAB, 0xCE, 0x9B, 0x6C, 0x8A, 0xCA, 0x7A, 0x47, 0x69, 0xE6, 0x61, 0xA5, 0x59, 0x64, 0x51, 0x23, 0x48, 0xE3, 0x40, 0xA2, 0x30, 0x61, 0x28, 0x40, 0x20, 0x40, 0x20, 0x40, 0x20, 0x40, 0x20, 0x40, 
0x20, 0x40, 0x30, 0x81, 0x40, 0xC2, 0x51, 0x02, 0x59, 0x23, 0x9A, 0x87, 0xA3, 0x09, 0x9A, 0xA8, 0x8A, 0x26, 0x82, 0x26, 0x69, 0x64, 0x40, 0xC2, 0x28, 0x61, 0x20, 0x20, 0x18, 0x20, 0x10, 0x00, 
0x10, 0x00, 0x10, 0x20, 0x18, 0x20, 0x10, 0x00, 0x08, 0x00, 0x08, 0x00, 0x08, 0x00, 0x08, 0x00, 0x08, 0x00, 0x08, 0x00, 0x08, 0x00, 0x08, 0x00, 0x08, 0x00, 0x08, 0x00, 0x10, 0x00, 0x10, 0x00, 
0x18, 0x20, 0x18, 0x20, 0x10, 0x00, 0x10, 0x00, 0x10, 0x00, 0x10, 0x00, 0x00, 0x00, 0x00, 0x00, 0x00, 0x00, 0x00, 0x00, 0x00, 0x00, 0x00, 0x00, 0x00, 0x00, 0x20, 0x20, 0x48, 0x80, 0x69, 0x22, 
0x81, 0xA3, 0x8A, 0x05, 0x92, 0x66, 0x8A, 0x05, 0x82, 0x05, 0x71, 0xA3, 0x69, 0x63, 0x69, 0x63, 0x69, 0x63, 0x61, 0x42, 0x61, 0x42, 0x69, 0x63, 0x69, 0x83, 0x71, 0x83, 0x71, 0x83, 0x71, 0x83, 
0x79, 0xA3, 0x79, 0xA3, 0x79, 0xA3, 0x79, 0xA3, 0x79, 0xA3, 0x79, 0xA4, 0x79, 0xC4, 0x79, 0xC3, 0x79, 0xC4, 0x79, 0xC4, 0x79, 0xC4, 0x79, 0xC4, 0x79, 0xE4, 0x81, 0xE4, 0x82, 0x05, 0x82, 0x05, 
0x8A, 0x05, 0x8A, 0x05, 0x92, 0x05, 0x92, 0x25, 0x92, 0x45, 0x92, 0x66, 0x9A, 0x66, 0x9A, 0x87, 0x9A, 0xA7, 0x9A, 0xA7, 0xA2, 0xA7, 0x9A, 0xC7, 0x9A, 0xA7, 0x9A, 0xA7, 0x9A, 0xA7, 0x9A, 0xA7, 
0xE4, 0x30, 0xE4, 0x51, 0xE4, 0xB2, 0xE4, 0xF3, 0xEC, 0xF4, 0xEC, 0xF4, 0xEC, 0xF4, 0xEC, 0xD3, 0xEC, 0xD3, 0xED, 0x55, 0xEC, 0xB2, 0xE4, 0x91, 0xE4, 0x71, 0xE4, 0x92, 0xE4, 0x2F, 0xE3, 0xEE, 
0xE4, 0x92, 0xE4, 0xF3, 0xE4, 0xB2, 0xE4, 0xB2, 0xE4, 0xD3, 0xE4, 0xF4, 0xE4, 0xF4, 0xE4, 0xF4, 0xEC, 0xF4, 0xE4, 0xF4, 0xE4, 0xF3, 0xE4, 0xD3, 0xE4, 0xB2, 0xE4, 0x91, 0xE4, 0x91, 0xE4, 0x71, 
0xE4, 0x50, 0xE4, 0x30, 0xE4, 0x2F, 0xE4, 0x0F, 0xE4, 0x2F, 0xE4, 0x2F, 0xE4, 0x30, 0xE4, 0x50, 0xE4, 0x70, 0xE4, 0x70, 0xE4, 0x70, 0xE4, 0x50, 0xE4, 0x50, 0xE4, 0x30, 0xE4, 0x0F, 0xE3, 0xEE, 
0xE3, 0xEE, 0xE3, 0xCE, 0xE3, 0xCD, 0xE3, 0xAD, 0xE3, 0x8D, 0xDB, 0x8C, 0xDB, 0x6B, 0xDB, 0x4B, 0xDB, 0x2B, 0xDB, 0x2A, 0xDB, 0x2A, 0xDB, 0x0A, 0xDB, 0x0A, 0xDB, 0x0A, 0xDB, 0x0A, 0xDB, 0x2A, 
0xDB, 0x0A, 0xDB, 0x2A, 0xE3, 0x2A, 0xE3, 0x2A, 0xE3, 0x4A, 0xE3, 0x4B, 0xE3, 0x4A, 0xE3, 0x6B, 0xE3, 0x6B, 0xDB, 0x4B, 0x89, 0x44, 0x89, 0x64, 0x89, 0x44, 0x89, 0x44, 0x79, 0x44, 0x40, 0x40, 
0x28, 0x20, 0x20, 0x20, 0x18, 0x20, 0x10, 0x20, 0x10, 0x20, 0x08, 0x20, 0x08, 0x20, 0x08, 0x20, 0x08, 0x41, 0x08, 0x20, 0x08, 0x00, 0x00, 0x00, 0x00, 0x00, 0x00, 0x00, 0x08, 0x00, 0x20, 0x40, 
0x30, 0x81, 0x49, 0x02, 0x59, 0x63, 0x71, 0xE4, 0x7A, 0x25, 0x8A, 0x66, 0x92, 0xA7, 0x9A, 0xC7, 0x9A, 0xC8, 0xA3, 0x09, 0xA3, 0x29, 0xA3, 0x4A, 0xAB, 0x6A, 0xAB, 0x6B, 0xAB, 0x6B, 0xAB, 0x8B, 
0xAB, 0x6B, 0xAB, 0x6B, 0xAB, 0x8B, 0xAB, 0x8B, 0xB3, 0x8B, 0xB3, 0x8B, 0xB3, 0x8C, 0xB3, 0xAC, 0xB3, 0xAC, 0xB3, 0xAC, 0xB3, 0xCC, 0xBB, 0xCD, 0xB3, 0xCD, 0xBB, 0xEE, 0xAB, 0xCE, 0xA3, 0x6D, 
0x93, 0x0B, 0x82, 0x89, 0x72, 0x47, 0x72, 0x27, 0x69, 0xE6, 0x6A, 0x06, 0x72, 0x27, 0x69, 0xC6, 0x61, 0x85, 0x61, 0x85, 0x59, 0x44, 0x40, 0xC2, 0x30, 0x61, 0x20, 0x40, 0x28, 0x41, 0x28, 0x61, 
0x20, 0x40, 0x20, 0x40, 0x40, 0xC2, 0x59, 0x44, 0x69, 0x84, 0x61, 0x43, 0x9A, 0xA7, 0xA2, 0xE8, 0xA2, 0xE8, 0x9A, 0xA8, 0x8A, 0x27, 0x71, 0xA5, 0x48, 0xC2, 0x30, 0x61, 0x20, 0x40, 0x18, 0x20, 
0x10, 0x00, 0x08, 0x00, 0x10, 0x00, 0x18, 0x40, 0x10, 0x00, 0x08, 0x00, 0x08, 0x00, 0x08, 0x00, 0x08, 0x00, 0x08, 0x00, 0x08, 0x00, 0x08, 0x00, 0x08, 0x00, 0x10, 0x00, 0x18, 0x20, 0x20, 0x40, 
0x28, 0x60, 0x20, 0x40, 0x20, 0x40, 0x20, 0x40, 0x18, 0x20, 0x10, 0x00, 0x08, 0x00, 0x00, 0x00, 0x00, 0x00, 0x08, 0x00, 0x00, 0x00, 0x00, 0x00, 0x00, 0x00, 0x10, 0x00, 0x30, 0x40, 0x50, 0xA1, 
0x69, 0x22, 0x79, 0x83, 0x8A, 0x05, 0x79, 0xC4, 0x81, 0xE5, 0x71, 0x83, 0x61, 0x42, 0x61, 0x22, 0x59, 0x22, 0x59, 0x02, 0x59, 0x22, 0x61, 0x22, 0x61, 0x22, 0x69, 0x42, 0x69, 0x63, 0x71, 0x83, 
0x71, 0x83, 0x71, 0x83, 0x71, 0x83, 0x71, 0x83, 0x71, 0x83, 0x71, 0x83, 0x71, 0x83, 0x71, 0x83, 0x71, 0x83, 0x71, 0xA3, 0x71, 0xA3, 0x79, 0xA3, 0x79, 0xA4, 0x79, 0xC4, 0x81, 0xC4, 0x81, 0xE4, 
0x81, 0xE4, 0x8A, 0x04, 0x8A, 0x05, 0x8A, 0x25, 0x92, 0x25, 0x92, 0x45, 0x92, 0x66, 0x9A, 0x66, 0x9A, 0x86, 0x9A, 0x87, 0x9A, 0xA7, 0x9A, 0xA7, 0x9A, 0xA7, 0x9A, 0xA7, 0x9A, 0xA7, 0x9A, 0xA7, 
0xE4, 0x50, 0xEC, 0xB3, 0xED, 0x14, 0xE4, 0xF4, 0xED, 0x14, 0xED, 0x35, 0xED, 0x75, 0xED, 0x55, 0xED, 0x34, 0xED, 0x55, 0xED, 0x14, 0xEC, 0xF4, 0xE4, 0xD3, 0xE4, 0xB2, 0xE4, 0x30, 0xE3, 0xEF, 
0xE4, 0xD3, 0xEC, 0xF3, 0xE4, 0xD3, 0xE4, 0xD2, 0xE4, 0xD3, 0xE4, 0xF4, 0xED, 0x14, 0xED, 0x14, 0xED, 0x14, 0xED, 0x14, 0xE4, 0xF4, 0xE4, 0xF3, 0xE4, 0xB2, 0xE4, 0x92, 0xE4, 0x91, 0xE4, 0x91, 
0xE4, 0x92, 0xE4, 0x91, 0xE4, 0x71, 0xE4, 0x50, 0xE4, 0x30, 0xE4, 0x30, 0xE4, 0x0F, 0xE4, 0x0F, 0xE4, 0x0E, 0xE4, 0x0F, 0xE4, 0x0F, 0xE4, 0x2F, 0xE4, 0x2F, 0xE4, 0x0F, 0xE3, 0xEF, 0xE3, 0xEE, 
0xE3, 0xCE, 0xE3, 0xCD, 0xE3, 0xAD, 0xE3, 0x8D, 0xDB, 0x8C, 0xDB, 0x6C, 0xDB, 0x4B, 0xDB, 0x2A, 0xDB, 0x2A, 0xDB, 0x0A, 0xDB, 0x09, 0xDB, 0x09, 0xDB, 0x09, 0xDB, 0x09, 0xDB, 0x09, 0xDB, 0x09, 
0xDB, 0x09, 0xDB, 0x0A, 0xDB, 0x2A, 0xE3, 0x2A, 0xE3, 0x2A, 0xE3, 0x2A, 0xE3, 0x2A, 0xE3, 0x4B, 0xDB, 0x2A, 0xCA, 0xC9, 0x81, 0x23, 0x91, 0x64, 0x89, 0x44, 0x89, 0x44, 0x68, 0xE3, 0x38, 0x20, 
0x28, 0x20, 0x20, 0x20, 0x18, 0x20, 0x10, 0x20, 0x08, 0x20, 0x08, 0x00, 0x08, 0x20, 0x08, 0x20, 0x08, 0x21, 0x08, 0x20, 0x08, 0x00, 0x00, 0x00, 0x00, 0x00, 0x00, 0x00, 0x08, 0x00, 0x20, 0x40, 
0x30, 0xA1, 0x49, 0x02, 0x59, 0x63, 0x71, 0xC4, 0x7A, 0x05, 0x82, 0x46, 0x8A, 0x86, 0x92, 0xA7, 0x9A, 0xE8, 0xA3, 0x09, 0xA3, 0x29, 0xAB, 0x4A, 0xAB, 0x6B, 0xAB, 0x6B, 0xAB, 0x8B, 0xAB, 0x8B, 
0xAB, 0x8B, 0xAB, 0x8B, 0xB3, 0x8B, 0xB3, 0xAB, 0xB3, 0x8C, 0xB3, 0x8C, 0xB3, 0xAC, 0xB3, 0xAC, 0xB3, 0xAC, 0xB3, 0xAC, 0xB3, 0xAC, 0xB3, 0xAD, 0xAB, 0x8C, 0x9B, 0x4B, 0x82, 0xA9, 0x72, 0x07, 
0x69, 0xC5, 0x69, 0xC6, 0x61, 0xA5, 0x61, 0xA5, 0x69, 0xE6, 0x7A, 0x48, 0x82, 0xA9, 0x93, 0x0B, 0x93, 0x2B, 0x93, 0x0B, 0x8A, 0xCA, 0x82, 0x69, 0x69, 0xA5, 0x40, 0xA2, 0x30, 0x40, 0x30, 0x81, 
0x30, 0x81, 0x20, 0x40, 0x30, 0x61, 0x51, 0x03, 0x69, 0x84, 0x71, 0xA5, 0x79, 0xA4, 0xA2, 0xA7, 0xA2, 0xC8, 0xA2, 0xC8, 0x9A, 0xA8, 0x82, 0x06, 0x69, 0x84, 0x40, 0xC2, 0x28, 0x61, 0x20, 0x41, 
0x18, 0x20, 0x10, 0x00, 0x08, 0x00, 0x10, 0x00, 0x08, 0x00, 0x10, 0x00, 0x10, 0x00, 0x08, 0x00, 0x08, 0x00, 0x08, 0x00, 0x08, 0x00, 0x08, 0x00, 0x10, 0x00, 0x18, 0x20, 0x18, 0x20, 0x18, 0x20, 
0x18, 0x20, 0x20, 0x20, 0x20, 0x60, 0x28, 0x60, 0x20, 0x40, 0x18, 0x40, 0x10, 0x20, 0x10, 0x00, 0x08, 0x00, 0x00, 0x00, 0x00, 0x00, 0x00, 0x00, 0x00, 0x00, 0x08, 0x00, 0x20, 0x20, 0x38, 0x60, 
0x50, 0xC1, 0x69, 0x43, 0x79, 0xC4, 0x79, 0xA4, 0x71, 0xA3, 0x69, 0x63, 0x61, 0x63, 0x59, 0x22, 0x59, 0x22, 0x59, 0x02, 0x59, 0x02, 0x59, 0x02, 0x59, 0x01, 0x61, 0x02, 0x61, 0x22, 0x69, 0x42, 
0x69, 0x63, 0x71, 0x63, 0x71, 0x63, 0x71, 0x62, 0x71, 0x62, 0x71, 0x62, 0x71, 0x62, 0x71, 0x63, 0x71, 0x63, 0x71, 0x63, 0x71, 0x63, 0x71, 0x83, 0x71, 0x83, 0x79, 0x83, 0x79, 0xA4, 0x81, 0xC4, 
0x81, 0xE4, 0x89, 0xE4, 0x8A, 0x04, 0x8A, 0x05, 0x92, 0x25, 0x92, 0x45, 0x92, 0x46, 0x9A, 0x66, 0x9A, 0x66, 0x9A, 0x86, 0x9A, 0x86, 0x9A, 0x86, 0x9A, 0xA7, 0x9A, 0x87, 0x9A, 0x87, 0x9A, 0x87, 
0xEC, 0x71, 0xED, 0x14, 0xED, 0x14, 0xED, 0x14, 0xED, 0x35, 0xED, 0x55, 0xED, 0x76, 0xED, 0x55, 0xED, 0x34, 0xED, 0x35, 0xED, 0x55, 0xED, 0x55, 0xE5, 0x14, 0xE4, 0xB3, 0xE4, 0x30, 0xE3, 0xEF, 
0xE4, 0xF4, 0xE4, 0xF3, 0xE4, 0xF3, 0xEC, 0xD3, 0xEC, 0xD3, 0xE4, 0xF4, 0xED, 0x14, 0xED, 0x14, 0xED, 0x14, 0xED, 0x14, 0xE5, 0x14, 0xE4, 0xF3, 0xE4, 0xB2, 0xE4, 0xB2, 0xE4, 0x92, 0xE4, 0x92, 
0xE4, 0x91, 0xE4, 0x91, 0xE4, 0x91, 0xE4, 0x71, 0xE4, 0x71, 0xE4, 0x71, 0xE4, 0x51, 0xE4, 0x30, 0xE4, 0x0F, 0xE4, 0x0F, 0xE3, 0xEE, 0xE3, 0xCE, 0xE3, 0xCD, 0xDB, 0xAD, 0xDB, 0xAD, 0xDB, 0xAD, 
0xE3, 0xAD, 0xDB, 0x8C, 0xDB, 0x8C, 0xDB, 0x6C, 0xDB, 0x6B, 0xDB, 0x4B, 0xDB, 0x4B, 0xDB, 0x0A, 0xDB, 0x0A, 0xDB, 0x09, 0xDA, 0xE9, 0xDA, 0xE9, 0xDB, 0x09, 0xDB, 0x09, 0xDB, 0x09, 0xDB, 0x09, 
0xDB, 0x09, 0xDB, 0x0A, 0xDB, 0x2A, 0xDB, 0x2A, 0xDB, 0x2A, 0xE3, 0x0A, 0xE3, 0x2A, 0xE3, 0x2A, 0xDB, 0x0A, 0xAA, 0x06, 0x81, 0x43, 0x99, 0x85, 0x91, 0x84, 0x89, 0x44, 0x58, 0x81, 0x40, 0x40, 
0x28, 0x20, 0x20, 0x20, 0x18, 0x40, 0x10, 0x20, 0x08, 0x20, 0x08, 0x00, 0x08, 0x00, 0x08, 0x20, 0x08, 0x20, 0x08, 0x20, 0x08, 0x00, 0x00, 0x00, 0x00, 0x00, 0x00, 0x00, 0x08, 0x00, 0x20, 0x40, 
0x38, 0xC1, 0x49, 0x02, 0x59, 0x63, 0x69, 0xC4, 0x7A, 0x05, 0x82, 0x25, 0x8A, 0x66, 0x92, 0xA7, 0x9A, 0xE8, 0xA3, 0x09, 0xA3, 0x2A, 0xAB, 0x6A, 0xAB, 0x6B, 0xAB, 0x8B, 0xAB, 0x8B, 0xAB, 0x8B, 
0xAB, 0x8B, 0xAB, 0x8B, 0xB3, 0x8B, 0xB3, 0xAC, 0xB3, 0xAC, 0xB3, 0xAC, 0xB3, 0xAC, 0xB3, 0x8C, 0xB3, 0x8C, 0xB3, 0xAC, 0xAB, 0x8C, 0xA3, 0x4B, 0x8A, 0xC9, 0x72, 0x26, 0x7A, 0x48, 0x72, 0x27, 
0x6A, 0x07, 0x6A, 0x06, 0x7A, 0x47, 0x82, 0xA9, 0x93, 0x2B, 0xA3, 0x4C, 0xA3, 0x6C, 0xAB, 0x8D, 0xAB, 0x8D, 0xAB, 0x8C, 0xAB, 0x6C, 0xA3, 0x2B, 0x92, 0xCA, 0x7A, 0x27, 0x48, 0xC2, 0x30, 0x41, 
0x38, 0xA2, 0x30, 0x81, 0x28, 0x41, 0x30, 0x61, 0x59, 0x23, 0x79, 0xE5, 0x79, 0xC5, 0x79, 0xA4, 0xA2, 0xC8, 0x9A, 0x87, 0x9A, 0xA8, 0x92, 0x67, 0x79, 0xC5, 0x59, 0x23, 0x38, 0xC2, 0x28, 0x81, 
0x20, 0x61, 0x18, 0x41, 0x10, 0x20, 0x08, 0x00, 0x08, 0x00, 0x08, 0x00, 0x10, 0x00, 0x10, 0x20, 0x10, 0x20, 0x10, 0x00, 0x08, 0x00, 0x10, 0x00, 0x18, 0x20, 0x18, 0x40, 0x18, 0x20, 0x10, 0x00, 
0x10, 0x00, 0x18, 0x00, 0x10, 0x00, 0x10, 0x00, 0x10, 0x00, 0x08, 0x00, 0x08, 0x00, 0x08, 0x00, 0x00, 0x00, 0x00, 0x00, 0x00, 0x00, 0x00, 0x00, 0x00, 0x00, 0x08, 0x00, 0x18, 0x20, 0x38, 0x60, 
0x48, 0xA0, 0x59, 0x02, 0x71, 0x83, 0x71, 0x83, 0x69, 0x83, 0x69, 0x63, 0x61, 0x43, 0x61, 0x42, 0x59, 0x22, 0x59, 0x02, 0x58, 0xE1, 0x50, 0xE1, 0x58, 0xE1, 0x58, 0xE1, 0x61, 0x02, 0x61, 0x21, 
0x69, 0x42, 0x69, 0x42, 0x69, 0x42, 0x69, 0x42, 0x69, 0x42, 0x69, 0x42, 0x69, 0x42, 0x69, 0x42, 0x69, 0x42, 0x69, 0x42, 0x71, 0x42, 0x71, 0x42, 0x71, 0x63, 0x71, 0x83, 0x79, 0x83, 0x79, 0xA4, 
0x81, 0xC4, 0x81, 0xC4, 0x89, 0xE4, 0x89, 0xE4, 0x8A, 0x04, 0x92, 0x25, 0x92, 0x45, 0x92, 0x45, 0x9A, 0x45, 0x9A, 0x66, 0x9A, 0x66, 0x9A, 0x66, 0x9A, 0x86, 0x9A, 0x86, 0x9A, 0x66, 0x9A, 0x86, 
0xEC, 0x92, 0xED, 0x55, 0xED, 0x34, 0xED, 0x35, 0xED, 0x76, 0xED, 0x76, 0xED, 0x76, 0xED, 0x55, 0xED, 0x35, 0xED, 0x55, 0xED, 0x75, 0xED, 0x76, 0xED, 0x76, 0xE4, 0xF3, 0xE4, 0x30, 0xE4, 0x0F, 
0xED, 0x35, 0xE4, 0xF3, 0xEC, 0xF3, 0xEC, 0xD3, 0xEC, 0xD3, 0xE4, 0xF3, 0xED, 0x14, 0xED, 0x14, 0xED, 0x14, 0xED, 0x14, 0xE5, 0x14, 0xE4, 0xF3, 0xE4, 0xD2, 0xE4, 0xB2, 0xE4, 0xB2, 0xE4, 0x91, 
0xE4, 0x91, 0xE4, 0x91, 0xE4, 0x91, 0xE4, 0x71, 0xE4, 0x71, 0xE4, 0x71, 0xE4, 0x71, 0xE4, 0x71, 0xE4, 0x50, 0xE4, 0x30, 0xE4, 0x2F, 0xE4, 0x0F, 0xE3, 0xEE, 0xE3, 0xAD, 0xDB, 0x8C, 0xDB, 0x6C, 
0xDB, 0x4B, 0xDB, 0x2B, 0xDB, 0x2B, 0xDB, 0x2B, 0xDB, 0x2A, 0xDB, 0x2A, 0xD3, 0x2A, 0xD3, 0x09, 0xD3, 0x09, 0xD3, 0x09, 0xD2, 0xE9, 0xDA, 0xE9, 0xDB, 0x09, 0xDB, 0x09, 0xDB, 0x09, 0xDB, 0x09, 
0xDB, 0x0A, 0xDB, 0x2A, 0xDB, 0x2A, 0xDB, 0x2A, 0xE3, 0x2A, 0xE3, 0x2A, 0xE3, 0x2A, 0xDB, 0x2A, 0xD2, 0xC9, 0x89, 0x64, 0x89, 0x64, 0xA1, 0xC6, 0x99, 0x85, 0x79, 0x03, 0x50, 0x61, 0x38, 0x40, 
0x28, 0x20, 0x20, 0x20, 0x18, 0x40, 0x10, 0x20, 0x08, 0x20, 0x08, 0x00, 0x08, 0x00, 0x08, 0x20, 0x08, 0x20, 0x08, 0x20, 0x08, 0x20, 0x00, 0x00, 0x00, 0x00, 0x00, 0x00, 0x10, 0x00, 0x28, 0x60, 
0x38, 0xC1, 0x48, 0xE2, 0x59, 0x43, 0x69, 0xA4, 0x7A, 0x05, 0x82, 0x45, 0x8A, 0x66, 0x92, 0xC7, 0x9A, 0xE8, 0xA3, 0x09, 0xA3, 0x2A, 0xAB, 0x6A, 0xAB, 0x8B, 0xB3, 0x8B, 0xB3, 0x8B, 0xB3, 0x8B, 
0xB3, 0xAC, 0xB3, 0x8C, 0xB3, 0x8B, 0xB3, 0x8C, 0xB3, 0xAC, 0xB3, 0xAC, 0xB3, 0x8C, 0xAB, 0x8B, 0xAB, 0x6B, 0xAB, 0x6B, 0x9B, 0x09, 0x8A, 0x88, 0x7A, 0x47, 0x7A, 0x67, 0x82, 0x88, 0x72, 0x27, 
0x7A, 0x68, 0x93, 0x0A, 0x9B, 0x4B, 0xA3, 0x6B, 0xAB, 0x6C, 0xAB, 0x6B, 0xAB, 0x6C, 0xAB, 0x8C, 0xAB, 0x8C, 0xAB, 0x8C, 0xAB, 0x6B, 0xAB, 0x4B, 0xA3, 0x2B, 0x9A, 0xC9, 0x82, 0x27, 0x50, 0xE2, 
0x38, 0x61, 0x40, 0xA2, 0x38, 0xA2, 0x30, 0x61, 0x38, 0x81, 0x59, 0x23, 0x82, 0x26, 0x8A, 0x26, 0x81, 0xE5, 0xA2, 0xC8, 0xA2, 0xC8, 0x9A, 0x67, 0x92, 0x67, 0x71, 0x84, 0x48, 0xE3, 0x38, 0xA2, 
0x28, 0x61, 0x20, 0x61, 0x18, 0x40, 0x10, 0x20, 0x10, 0x00, 0x10, 0x00, 0x10, 0x20, 0x10, 0x00, 0x10, 0x00, 0x18, 0x20, 0x18, 0x20, 0x18, 0x40, 0x20, 0x40, 0x18, 0x20, 0x10, 0x00, 0x10, 0x00, 
0x10, 0x00, 0x18, 0x20, 0x18, 0x20, 0x10, 0x00, 0x10, 0x00, 0x08, 0x00, 0x08, 0x00, 0x00, 0x00, 0x00, 0x00, 0x00, 0x00, 0x00, 0x00, 0x00, 0x00, 0x08, 0x00, 0x10, 0x00, 0x20, 0x20, 0x40, 0xA1, 
0x51, 0x02, 0x59, 0x02, 0x69, 0x83, 0x71, 0xA4, 0x69, 0x63, 0x69, 0x63, 0x61, 0x63, 0x61, 0x42, 0x59, 0x22, 0x59, 0x02, 0x59, 0x01, 0x58, 0xE1, 0x58, 0xC1, 0x58, 0xE1, 0x58, 0xE1, 0x61, 0x01, 
0x61, 0x22, 0x69, 0x22, 0x69, 0x22, 0x69, 0x22, 0x69, 0x42, 0x69, 0x22, 0x69, 0x22, 0x69, 0x42, 0x69, 0x42, 0x69, 0x22, 0x69, 0x22, 0x69, 0x42, 0x71, 0x42, 0x71, 0x42, 0x71, 0x63, 0x79, 0x83, 
0x81, 0xA3, 0x81, 0xC3, 0x81, 0xC4, 0x89, 0xE4, 0x89, 0xE4, 0x8A, 0x04, 0x92, 0x24, 0x92, 0x25, 0x9A, 0x45, 0x9A, 0x45, 0x9A, 0x45, 0x9A, 0x45, 0x9A, 0x66, 0x9A, 0x66, 0x9A, 0x46, 0x9A, 0x66, 
0xEC, 0xD3, 0xED, 0x55, 0xED, 0x34, 0xED, 0x55, 0xED, 0x76, 0xED, 0x96, 0xED, 0x96, 0xED, 0x75, 0xED, 0x55, 0xED, 0x55, 0xED, 0x55, 0xED, 0x76, 0xED, 0x96, 0xED, 0x14, 0xE4, 0x30, 0xE4, 0x30, 
0xED, 0x55, 0xEC, 0xF4, 0xEC, 0xF3, 0xEC, 0xD3, 0xEC, 0xD3, 0xE4, 0xD3, 0xE4, 0xF3, 0xE5, 0x14, 0xED, 0x14, 0xED, 0x14, 0xE5, 0x14, 0xE4, 0xF3, 0xE4, 0xD2, 0xE4, 0xB2, 0xE4, 0xB2, 0xE4, 0xB2, 
0xE4, 0xB1, 0xE4, 0x91, 0xE4, 0x91, 0xE4, 0x71, 0xE4, 0x71, 0xE4, 0x71, 0xE4, 0x71, 0xE4, 0x70, 0xE4, 0x50, 0xE4, 0x30, 0xE4, 0x30, 0xE4, 0x30, 0xE4, 0x2F, 0xE4, 0x0F, 0xDB, 0xCE, 0xDB, 0xAD, 
0xDB, 0x6C, 0xDB, 0x2A, 0xD2, 0xE9, 0xD2, 0xC9, 0xD2, 0xC9, 0xD2, 0xE9, 0xD2, 0xE9, 0xD2, 0xE9, 0xD2, 0xE9, 0xD3, 0x09, 0xD2, 0xE9, 0xD2, 0xE9, 0xDB, 0x09, 0xDB, 0x09, 0xDB, 0x09, 0xDB, 0x09, 
0xDB, 0x09, 0xDB, 0x2A, 0xDB, 0x2A, 0xDB, 0x2A, 0xE3, 0x2A, 0xE3, 0x2A, 0xE3, 0x2A, 0xDB, 0x0A, 0xCA, 0x88, 0x79, 0x03, 0x91, 0xA5, 0xAA, 0x07, 0x91, 0x85, 0x68, 0xC2, 0x50, 0x61, 0x30, 0x20, 
0x20, 0x20, 0x18, 0x20, 0x18, 0x40, 0x10, 0x20, 0x08, 0x20, 0x08, 0x00, 0x08, 0x00, 0x08, 0x20, 0x08, 0x20, 0x08, 0x20, 0x08, 0x20, 0x08, 0x00, 0x00, 0x00, 0x00, 0x00, 0x10, 0x20, 0x28, 0x60, 
0x38, 0xC1, 0x49, 0x02, 0x51, 0x43, 0x69, 0xA4, 0x72, 0x05, 0x82, 0x46, 0x8A, 0x86, 0x92, 0xA7, 0x9A, 0xE9, 0xA3, 0x09, 0xA3, 0x2A, 0xAB, 0x6B, 0xAB, 0x8C, 0xB3, 0x8C, 0xB3, 0x8C, 0xB3, 0x8C, 
0xB3, 0xAC, 0xB3, 0xAC, 0xB3, 0xAC, 0xB3, 0xAC, 0xB3, 0xAC, 0xAB, 0x8C, 0xAB, 0x6B, 0xA3, 0x6B, 0x9B, 0x2A, 0x92, 0xE9, 0x8A, 0xA8, 0x82, 0xA8, 0x8A, 0xA9, 0x8A, 0xA9, 0x8A, 0xA9, 0x8A, 0xC9, 
0x9B, 0x2B, 0xA3, 0x4A, 0xA3, 0x4B, 0xAB, 0x6B, 0xAB, 0x6A, 0xAB, 0x6B, 0xB3, 0x8C, 0xAB, 0x8C, 0xB3, 0x8C, 0xB3, 0x8B, 0xAB, 0x6B, 0xAB, 0x6B, 0xAB, 0x4B, 0xAB, 0x2A, 0x9A, 0xEA, 0x82, 0x28, 
0x69, 0x64, 0x48, 0xA2, 0x40, 0x81, 0x40, 0x81, 0x30, 0x61, 0x30, 0x40, 0x40, 0xA1, 0x69, 0x64, 0x79, 0xA5, 0x89, 0xE5, 0xA2, 0xC8, 0xAA, 0xE9, 0xA2, 0xA8, 0x92, 0x47, 0x61, 0x44, 0x40, 0xC2, 
0x28, 0x81, 0x20, 0x61, 0x20, 0x61, 0x18, 0x41, 0x10, 0x00, 0x10, 0x20, 0x18, 0x20, 0x18, 0x20, 0x18, 0x20, 0x18, 0x20, 0x18, 0x20, 0x18, 0x20, 0x18, 0x40, 0x18, 0x20, 0x18, 0x20, 0x18, 0x20, 
0x10, 0x00, 0x10, 0x00, 0x18, 0x20, 0x10, 0x00, 0x10, 0x00, 0x08, 0x00, 0x08, 0x00, 0x00, 0x00, 0x00, 0x00, 0x00, 0x00, 0x00, 0x00, 0x00, 0x00, 0x18, 0x00, 0x30, 0x60, 0x38, 0x81, 0x48, 0xC1, 
0x61, 0x43, 0x61, 0x43, 0x69, 0x63, 0x69, 0x63, 0x61, 0x43, 0x61, 0x63, 0x61, 0x63, 0x61, 0x62, 0x59, 0x22, 0x59, 0x02, 0x59, 0x02, 0x58, 0xE1, 0x58, 0xE1, 0x58, 0xC1, 0x58, 0xC1, 0x58, 0xE1, 
0x60, 0xE1, 0x61, 0x01, 0x69, 0x01, 0x69, 0x01, 0x69, 0x22, 0x69, 0x02, 0x69, 0x22, 0x69, 0x22, 0x69, 0x22, 0x69, 0x22, 0x69, 0x22, 0x69, 0x22, 0x69, 0x22, 0x69, 0x22, 0x71, 0x42, 0x71, 0x63, 
0x79, 0x83, 0x81, 0xA3, 0x81, 0xA3, 0x81, 0xC4, 0x89, 0xE4, 0x89, 0xE4, 0x8A, 0x04, 0x92, 0x04, 0x92, 0x05, 0x9A, 0x25, 0x9A, 0x25, 0x9A, 0x25, 0x9A, 0x25, 0x9A, 0x45, 0x9A, 0x45, 0x9A, 0x45, 
0xEC, 0xF4, 0xED, 0x55, 0xED, 0x55, 0xED, 0x76, 0xED, 0x96, 0xED, 0xB6, 0xED, 0x96, 0xED, 0x76, 0xED, 0x75, 0xED, 0x35, 0xED, 0x55, 0xED, 0x75, 0xED, 0x96, 0xE5, 0x14, 0xE4, 0x30, 0xE4, 0x71, 
0xED, 0x35, 0xED, 0x14, 0xEC, 0xF4, 0xE4, 0xF4, 0xE4, 0xF3, 0xE4, 0xD2, 0xE4, 0xD2, 0xE4, 0xF3, 0xED, 0x14, 0xED, 0x34, 0xE5, 0x14, 0xE4, 0xF3, 0xE4, 0xD2, 0xE4, 0xB2, 0xE4, 0xB2, 0xE4, 0xB2, 
0xE4, 0xB1, 0xE4, 0x91, 0xE4, 0x91, 0xE4, 0x71, 0xE4, 0x70, 0xE4, 0x70, 0xE4, 0x50, 0xE4, 0x50, 0xE4, 0x50, 0xE4, 0x30, 0xE4, 0x2F, 0xDC, 0x0F, 0xDC, 0x0F, 0xDB, 0xEE, 0xDB, 0xEE, 0xDB, 0xEE, 
0xDB, 0xCD, 0xDB, 0x6D, 0xDB, 0x2B, 0xDA, 0xE9, 0xD2, 0xC8, 0xD2, 0xA8, 0xD2, 0x87, 0xD2, 0x87, 0xD2, 0xA8, 0xD2, 0xE9, 0xD2, 0xE9, 0xD3, 0x09, 0xDB, 0x09, 0xDB, 0x09, 0xDB, 0x09, 0xDB, 0x09, 
0xDB, 0x29, 0xDB, 0x29, 0xDB, 0x2A, 0xE3, 0x2A, 0xE3, 0x2A, 0xE3, 0x29, 0xE3, 0x2A, 0xDB, 0x09, 0xC2, 0x67, 0x70, 0xE2, 0x99, 0xE6, 0xB2, 0x27, 0x91, 0x64, 0x58, 0x81, 0x40, 0x40, 0x28, 0x20, 
0x20, 0x20, 0x18, 0x20, 0x18, 0x20, 0x10, 0x20, 0x08, 0x20, 0x08, 0x00, 0x00, 0x00, 0x00, 0x00, 0x10, 0x40, 0x08, 0x20, 0x08, 0x20, 0x08, 0x20, 0x00, 0x00, 0x00, 0x00, 0x10, 0x00, 0x28, 0x60, 
0x38, 0xC1, 0x49, 0x02, 0x51, 0x43, 0x61, 0xA3, 0x72, 0x05, 0x82, 0x46, 0x8A, 0x87, 0x92, 0xC8, 0x9A, 0xE8, 0x9B, 0x09, 0xA3, 0x4A, 0xAB, 0x6B, 0xAB, 0x8B, 0xB3, 0xAC, 0xB3, 0xAC, 0xB3, 0xAC, 
0xB3, 0xCC, 0xB3, 0xCC, 0xB3, 0xAC, 0xB3, 0xAC, 0xB3, 0xAC, 0xAB, 0x8B, 0xA3, 0x4A, 0x9B, 0x2A, 0x92, 0xC9, 0x8A, 0xA8, 0x8A, 0xA8, 0x8A, 0xA8, 0x93, 0x09, 0x93, 0x0A, 0x93, 0x0A, 0x9B, 0x4A, 
0xA3, 0x4A, 0xA3, 0x4A, 0xA3, 0x49, 0xAB, 0x49, 0xAB, 0x4A, 0xAB, 0x6A, 0xB3, 0x8B, 0xAB, 0x6B, 0xB3, 0x6B, 0xAB, 0x4A, 0xAB, 0x4A, 0xAB, 0x29, 0xB3, 0x4B, 0xAB, 0x4A, 0xAB, 0x2A, 0xA3, 0x0A, 
0x92, 0x68, 0x79, 0xE6, 0x59, 0x03, 0x50, 0xC2, 0x48, 0xA1, 0x38, 0x81, 0x30, 0x40, 0x38, 0x40, 0x59, 0x02, 0x71, 0x84, 0x71, 0x63, 0x92, 0x46, 0xA2, 0xC8, 0xA2, 0xA8, 0x81, 0xE5, 0x50, 0xE2, 
0x30, 0x81, 0x20, 0x41, 0x20, 0x61, 0x18, 0x41, 0x18, 0x40, 0x18, 0x20, 0x18, 0x20, 0x18, 0x20, 0x18, 0x20, 0x18, 0x20, 0x18, 0x20, 0x20, 0x40, 0x20, 0x20, 0x20, 0x40, 0x20, 0x40, 0x20, 0x40, 
0x18, 0x20, 0x18, 0x20, 0x18, 0x20, 0x10, 0x00, 0x10, 0x00, 0x08, 0x00, 0x10, 0x00, 0x08, 0x00, 0x00, 0x00, 0x00, 0x00, 0x00, 0x00, 0x00, 0x00, 0x20, 0x20, 0x38, 0x81, 0x50, 0xE2, 0x48, 0xE2, 
0x51, 0x02, 0x61, 0x63, 0x61, 0x63, 0x61, 0x42, 0x61, 0x22, 0x61, 0x22, 0x61, 0x22, 0x61, 0x42, 0x61, 0x42, 0x59, 0x01, 0x61, 0x22, 0x59, 0x02, 0x58, 0xE1, 0x58, 0xE1, 0x58, 0xC1, 0x58, 0xC1, 
0x58, 0xC1, 0x60, 0xE1, 0x60, 0xE1, 0x61, 0x01, 0x61, 0x01, 0x69, 0x01, 0x69, 0x01, 0x69, 0x01, 0x69, 0x01, 0x69, 0x01, 0x69, 0x01, 0x69, 0x02, 0x69, 0x02, 0x69, 0x22, 0x69, 0x22, 0x71, 0x42, 
0x71, 0x62, 0x79, 0x83, 0x81, 0xA3, 0x81, 0xA3, 0x81, 0xC3, 0x89, 0xC3, 0x89, 0xE4, 0x89, 0xE4, 0x91, 0xE4, 0x92, 0x04, 0x92, 0x04, 0x92, 0x04, 0x9A, 0x04, 0x9A, 0x25, 0x9A, 0x25, 0x9A, 0x25, 
0xED, 0x35, 0xED, 0x96, 0xED, 0xB7, 0xED, 0xD7, 0xF5, 0xF8, 0xF5, 0xF8, 0xED, 0xB7, 0xED, 0xB7, 0xED, 0xB7, 0xED, 0x96, 0xED, 0x76, 0xED, 0x96, 0xED, 0x96, 0xE4, 0xD3, 0xE4, 0x30, 0xE4, 0x92, 
0xE5, 0x35, 0xEC, 0xF4, 0xE4, 0xF4, 0xE5, 0x14, 0xE4, 0xF3, 0xEC, 0xD2, 0xEC, 0xD2, 0xEC, 0xF3, 0xED, 0x14, 0xE5, 0x34, 0xE5, 0x14, 0xE4, 0xF3, 0xE4, 0xD2, 0xE4, 0xB2, 0xE4, 0xB2, 0xE4, 0xB2, 
0xE4, 0xB2, 0xE4, 0xB1, 0xE4, 0x91, 0xE4, 0x71, 0xE4, 0x70, 0xE4, 0x70, 0xE4, 0x50, 0xE4, 0x50, 0xE4, 0x50, 0xE4, 0x30, 0xDC, 0x0F, 0xDB, 0xEF, 0xDB, 0xEE, 0xDB, 0xCE, 0xDB, 0xAD, 0xDB, 0x8D, 
0xDB, 0x8C, 0xDB, 0x6C, 0xDB, 0x6B, 0xDB, 0x4B, 0xD3, 0x2A, 0xD2, 0xE9, 0xD2, 0xC8, 0xD2, 0xA8, 0xD2, 0xA8, 0xD2, 0xA8, 0xD2, 0xA8, 0xD2, 0xC9, 0xD2, 0xE9, 0xD3, 0x09, 0xDB, 0x09, 0xDB, 0x09, 
0xDB, 0x09, 0xDB, 0x2A, 0xDB, 0x2A, 0xE3, 0x2A, 0xE3, 0x4A, 0xE3, 0x2A, 0xE3, 0x2A, 0xDB, 0x0A, 0xBA, 0x27, 0x70, 0xE2, 0xAA, 0x06, 0xAA, 0x27, 0x91, 0x84, 0x50, 0x40, 0x30, 0x20, 0x20, 0x20, 
0x20, 0x20, 0x18, 0x20, 0x18, 0x20, 0x10, 0x40, 0x08, 0x20, 0x08, 0x00, 0x00, 0x00, 0x00, 0x00, 0x08, 0x20, 0x08, 0x20, 0x08, 0x20, 0x08, 0x20, 0x08, 0x00, 0x00, 0x00, 0x10, 0x20, 0x28, 0x81, 
0x38, 0xC1, 0x49, 0x02, 0x59, 0x43, 0x61, 0xA4, 0x71, 0xE5, 0x82, 0x46, 0x8A, 0x87, 0x92, 0xC8, 0x9A, 0xE9, 0x9B, 0x09, 0xA3, 0x4A, 0xAB, 0x6B, 0xAB, 0x8B, 0xAB, 0xAC, 0xB3, 0xAC, 0xB3, 0xCC, 
0xB3, 0xCD, 0xB3, 0xCD, 0xB3, 0xAC, 0xAB, 0x8B, 0xAB, 0x8B, 0xA3, 0x4A, 0x9B, 0x2A, 0x92, 0xC9, 0x8A, 0xA8, 0x8A, 0xA8, 0x92, 0xE9, 0x92, 0xE9, 0x9B, 0x4A, 0xA3, 0x4A, 0x9B, 0x2A, 0x9B, 0x2A, 
0xA3, 0x29, 0xA3, 0x29, 0xA3, 0x29, 0xAB, 0x29, 0xAB, 0x49, 0xAB, 0x2A, 0xAB, 0x29, 0xA2, 0xE8, 0x9A, 0xA8, 0x9A, 0x87, 0x9A, 0xA8, 0xA2, 0xE8, 0xAB, 0x09, 0xAB, 0x09, 0xAB, 0x09, 0xA3, 0x09, 
0xA2, 0xEA, 0x9A, 0xA9, 0x8A, 0x48, 0x79, 0xE6, 0x69, 0x64, 0x58, 0xE2, 0x48, 0xA1, 0x40, 0x61, 0x38, 0x40, 0x48, 0xA1, 0x69, 0x64, 0x79, 0xA4, 0x81, 0xA4, 0x89, 0xE5, 0x89, 0xC5, 0x61, 0x23, 
0x38, 0x81, 0x28, 0x61, 0x20, 0x61, 0x18, 0x61, 0x18, 0x41, 0x18, 0x40, 0x18, 0x20, 0x18, 0x20, 0x18, 0x20, 0x18, 0x20, 0x20, 0x20, 0x18, 0x20, 0x20, 0x40, 0x28, 0x61, 0x30, 0x61, 0x40, 0xA1, 
0x40, 0xC2, 0x20, 0x40, 0x18, 0x20, 0x10, 0x00, 0x08, 0x00, 0x08, 0x00, 0x08, 0x00, 0x08, 0x00, 0x08, 0x00, 0x00, 0x00, 0x00, 0x00, 0x00, 0x00, 0x20, 0x20, 0x38, 0x81, 0x50, 0xC2, 0x59, 0x02, 
0x59, 0x02, 0x59, 0x02, 0x59, 0x22, 0x59, 0x02, 0x59, 0x02, 0x58, 0xE1, 0x50, 0xC1, 0x50, 0xC1, 0x59, 0x01, 0x58, 0xE1, 0x58, 0xE1, 0x59, 0x02, 0x58, 0xE1, 0x58, 0xE1, 0x58, 0xC1, 0x58, 0xC1, 
0x58, 0xC1, 0x58, 0xC1, 0x58, 0xC1, 0x60, 0xE1, 0x60, 0xE1, 0x60, 0xE1, 0x69, 0x01, 0x68, 0xE1, 0x69, 0x01, 0x69, 0x01, 0x69, 0x01, 0x69, 0x02, 0x69, 0x02, 0x69, 0x02, 0x69, 0x22, 0x69, 0x22, 
0x71, 0x42, 0x71, 0x62, 0x79, 0x83, 0x81, 0x83, 0x81, 0xA3, 0x81, 0xA3, 0x89, 0xC3, 0x89, 0xC3, 0x89, 0xC3, 0x91, 0xE4, 0x91, 0xE4, 0x91, 0xE4, 0x91, 0xE4, 0x91, 0xE4, 0x99, 0xE4, 0x99, 0xE4, 
0xED, 0x75, 0xED, 0x97, 0xED, 0xD7, 0xF6, 0x18, 0xF6, 0x19, 0xF6, 0x19, 0xF6, 0x19, 0xF6, 0x18, 0xF6, 0x39, 0xEE, 0x18, 0xED, 0xF8, 0xED, 0xF8, 0xED, 0xB7, 0xE4, 0xB2, 0xDC, 0x30, 0xE4, 0xB2, 
0xE5, 0x14, 0xE5, 0x14, 0xE5, 0x14, 0xE5, 0x14, 0xE5, 0x14, 0xEC, 0xF3, 0xEC, 0xF3, 0xEC, 0xF4, 0xED, 0x14, 0xED, 0x34, 0xE5, 0x14, 0xE4, 0xF3, 0xE4, 0xD2, 0xE4, 0xD2, 0xE4, 0xD2, 0xE4, 0xB2, 
0xE4, 0xB2, 0xE4, 0xB1, 0xE4, 0x91, 0xE4, 0x91, 0xE4, 0x71, 0xE4, 0x70, 0xE4, 0x50, 0xE4, 0x50, 0xE4, 0x50, 0xDC, 0x30, 0xDC, 0x0F, 0xDB, 0xEF, 0xDB, 0xCE, 0xDB, 0xCD, 0xDB, 0x8D, 0xDB, 0x6C, 
0xD3, 0x4B, 0xD3, 0x2B, 0xD3, 0x0A, 0xD3, 0x0A, 0xD3, 0x0A, 0xD3, 0x0A, 0xD3, 0x0A, 0xD3, 0x09, 0xD3, 0x2A, 0xD3, 0x09, 0xD2, 0xE9, 0xD2, 0xC8, 0xD2, 0xC8, 0xD2, 0xC8, 0xD2, 0xC8, 0xD2, 0xE9, 
0xD3, 0x09, 0xDB, 0x29, 0xDB, 0x2A, 0xDB, 0x2A, 0xDB, 0x2A, 0xDB, 0x2A, 0xDB, 0x2A, 0xDB, 0x0A, 0xA9, 0xE6, 0x79, 0x03, 0xAA, 0x26, 0xB2, 0x67, 0x89, 0x43, 0x48, 0x40, 0x28, 0x20, 0x20, 0x20, 
0x20, 0x20, 0x18, 0x20, 0x18, 0x20, 0x10, 0x40, 0x08, 0x20, 0x08, 0x00, 0x00, 0x00, 0x08, 0x00, 0x08, 0x20, 0x10, 0x41, 0x08, 0x20, 0x08, 0x20, 0x08, 0x20, 0x08, 0x00, 0x10, 0x00, 0x28, 0x60, 
0x38, 0xC1, 0x49, 0x02, 0x59, 0x43, 0x61, 0xA4, 0x71, 0xE5, 0x7A, 0x46, 0x8A, 0x87, 0x92, 0xC8, 0x9A, 0xE9, 0x9B, 0x09, 0xA3, 0x4A, 0xA3, 0x6B, 0xAB, 0x8B, 0xAB, 0x8B, 0xAB, 0x8B, 0xAB, 0xAC, 
0xB3, 0xAC, 0xB3, 0xCC, 0xB3, 0xAC, 0xB3, 0x8C, 0xAB, 0x8B, 0xA3, 0x4A, 0x9B, 0x09, 0x92, 0xE9, 0x92, 0xE9, 0x92, 0xC9, 0x9B, 0x2A, 0x9B, 0x4A, 0xA3, 0x6A, 0xA3, 0x4A, 0xA3, 0x09, 0x9B, 0x08, 
0x9A, 0xE8, 0xA3, 0x08, 0xA3, 0x08, 0x9A, 0xE8, 0x92, 0x66, 0x8A, 0x46, 0x8A, 0x46, 0x92, 0x67, 0x92, 0x87, 0x8A, 0x26, 0x8A, 0x26, 0x8A, 0x26, 0x8A, 0x05, 0x9A, 0x87, 0xA2, 0xE9, 0xA2, 0xE9, 
0xA2, 0xE9, 0xA3, 0x09, 0xA3, 0x0A, 0x9A, 0xCA, 0x92, 0xA9, 0x8A, 0x68, 0x79, 0xC5, 0x61, 0x23, 0x50, 0xC2, 0x48, 0x81, 0x40, 0x60, 0x50, 0xA1, 0x79, 0x64, 0x81, 0xA5, 0x89, 0xC5, 0x69, 0x43, 
0x48, 0xA2, 0x30, 0x61, 0x20, 0x40, 0x18, 0x41, 0x18, 0x40, 0x18, 0x20, 0x10, 0x20, 0x18, 0x20, 0x18, 0x20, 0x20, 0x20, 0x20, 0x40, 0x28, 0x40, 0x28, 0x40, 0x30, 0x60, 0x40, 0xA1, 0x50, 0xE2, 
0x61, 0x43, 0x40, 0xA1, 0x28, 0x40, 0x18, 0x20, 0x08, 0x00, 0x00, 0x00, 0x00, 0x00, 0x08, 0x00, 0x08, 0x00, 0x00, 0x00, 0x00, 0x00, 0x08, 0x00, 0x18, 0x20, 0x38, 0x60, 0x50, 0xE2, 0x59, 0x02, 
0x61, 0x23, 0x61, 0x23, 0x58, 0xE2, 0x50, 0xC1, 0x50, 0xE1, 0x50, 0xC1, 0x48, 0xA1, 0x48, 0x80, 0x50, 0xA0, 0x50, 0xA1, 0x50, 0xA0, 0x50, 0xA0, 0x50, 0xC1, 0x58, 0xC1, 0x58, 0xC1, 0x58, 0xC1, 
0x58, 0xC1, 0x58, 0xC1, 0x58, 0xC1, 0x60, 0xC1, 0x60, 0xC1, 0x60, 0xE1, 0x60, 0xE1, 0x68, 0xE1, 0x68, 0xE1, 0x68, 0xE1, 0x68, 0xE1, 0x69, 0x01, 0x69, 0x02, 0x69, 0x02, 0x69, 0x01, 0x69, 0x02, 
0x69, 0x22, 0x71, 0x42, 0x79, 0x62, 0x79, 0x63, 0x79, 0x62, 0x81, 0x82, 0x81, 0x82, 0x89, 0xA3, 0x89, 0xA3, 0x89, 0xC3, 0x89, 0xC3, 0x91, 0xC3, 0x91, 0xC3, 0x91, 0xA3, 0x91, 0xA3, 0x99, 0xC3, 
0xED, 0x96, 0xED, 0xB7, 0xED, 0xF8, 0xF6, 0x19, 0xF6, 0x39, 0xF6, 0x39, 0xF6, 0x39, 0xF6, 0x59, 0xF6, 0x59, 0xEE, 0x39, 0xEE, 0x39, 0xEE, 0x39, 0xED, 0xF8, 0xE4, 0x92, 0xDC, 0x0F, 0xE4, 0xD3, 
0xE5, 0x14, 0xE5, 0x14, 0xE5, 0x14, 0xE5, 0x14, 0xE5, 0x14, 0xE5, 0x14, 0xED, 0x14, 0xED, 0x34, 0xE5, 0x35, 0xE5, 0x34, 0xE5, 0x14, 0xE4, 0xF3, 0xE4, 0xD2, 0xE4, 0xD2, 0xE4, 0xD2, 0xE4, 0xD2, 
0xE4, 0xB2, 0xE4, 0xB1, 0xE4, 0x91, 0xE4, 0x91, 0xE4, 0x71, 0xE4, 0x70, 0xE4, 0x70, 0xE4, 0x50, 0xE4, 0x50, 0xDC, 0x2F, 0xDC, 0x0F, 0xDB, 0xEE, 0xDB, 0xCE, 0xDB, 0xAD, 0xDB, 0x8C, 0xD3, 0x6C, 
0xD3, 0x4B, 0xD3, 0x2A, 0xD3, 0x09, 0xD2, 0xE9, 0xD2, 0xE9, 0xCA, 0xE9, 0xD2, 0xE9, 0xD3, 0x0A, 0xD3, 0x4A, 0xD3, 0x6A, 0xDB, 0x4A, 0xDB, 0x2A, 0xD3, 0x09, 0xD3, 0x09, 0xD2, 0xE9, 0xD2, 0xE8, 
0xD2, 0xC8, 0xD2, 0xE9, 0xD2, 0xE9, 0xDB, 0x09, 0xDB, 0x2A, 0xDB, 0x2A, 0xDB, 0x2A, 0xDB, 0x09, 0xA9, 0xE6, 0x81, 0x23, 0xB2, 0x27, 0xB2, 0x47, 0x79, 0x02, 0x50, 0x61, 0x20, 0x20, 0x20, 0x20, 
0x20, 0x40, 0x18, 0x20, 0x18, 0x40, 0x10, 0x41, 0x08, 0x20, 0x08, 0x00, 0x08, 0x00, 0x08, 0x00, 0x08, 0x00, 0x08, 0x20, 0x10, 0x40, 0x08, 0x20, 0x00, 0x00, 0x08, 0x00, 0x10, 0x00, 0x28, 0x60, 
0x38, 0xC1, 0x49, 0x02, 0x59, 0x43, 0x61, 0xA4, 0x71, 0xE5, 0x7A, 0x26, 0x82, 0x87, 0x92, 0xC8, 0x9A, 0xE9, 0x9B, 0x09, 0x9B, 0x2A, 0xA3, 0x4B, 0xA3, 0x6B, 0xAB, 0x6B, 0xAB, 0x6B, 0xAB, 0x8B, 
0xAB, 0xAC, 0xAB, 0xAC, 0xB3, 0xAC, 0xB3, 0xAC, 0xAB, 0xAC, 0xAB, 0x8B, 0xA3, 0x6B, 0xA3, 0x4A, 0x9B, 0x0A, 0x9B, 0x09, 0xA3, 0x4A, 0xA3, 0x4A, 0xA3, 0x4A, 0xA3, 0x09, 0x9A, 0xE8, 0x9A, 0xE7, 
0x9A, 0xC7, 0x9A, 0xC7, 0x8A, 0x66, 0x82, 0x05, 0x7A, 0x05, 0x69, 0x84, 0x61, 0x64, 0x59, 0x43, 0x51, 0x03, 0x50, 0xE2, 0x59, 0x23, 0x61, 0x43, 0x79, 0xE5, 0x81, 0xE5, 0x81, 0xE5, 0x92, 0x67, 
0x9A, 0x87, 0xA2, 0xC8, 0xAB, 0x2A, 0xAB, 0x2B, 0xAB, 0x0A, 0xAB, 0x2B, 0xAB, 0x6C, 0xA2, 0xC9, 0x8A, 0x27, 0x79, 0x84, 0x61, 0x02, 0x58, 0xC1, 0x69, 0x02, 0x71, 0x23, 0x71, 0x43, 0x71, 0x43, 
0x50, 0xC2, 0x38, 0x81, 0x28, 0x40, 0x18, 0x40, 0x18, 0x40, 0x18, 0x20, 0x18, 0x20, 0x18, 0x20, 0x20, 0x20, 0x20, 0x20, 0x28, 0x40, 0x30, 0x81, 0x38, 0x81, 0x38, 0x81, 0x40, 0xC2, 0x61, 0x23, 
0x81, 0xE6, 0x71, 0xA4, 0x38, 0x81, 0x20, 0x40, 0x08, 0x00, 0x08, 0x00, 0x00, 0x00, 0x00, 0x00, 0x08, 0x00, 0x08, 0x00, 0x08, 0x00, 0x08, 0x00, 0x18, 0x00, 0x30, 0x60, 0x48, 0xA1, 0x59, 0x22, 
0x61, 0x23, 0x61, 0x43, 0x59, 0x23, 0x48, 0xC1, 0x48, 0xA1, 0x48, 0xA1, 0x48, 0x80, 0x48, 0x80, 0x48, 0x80, 0x48, 0x80, 0x48, 0x80, 0x48, 0x80, 0x50, 0xA1, 0x50, 0xA1, 0x50, 0xA1, 0x58, 0xA1, 
0x58, 0xA1, 0x58, 0xC1, 0x58, 0xC1, 0x60, 0xC1, 0x60, 0xC1, 0x60, 0xC1, 0x60, 0xC1, 0x60, 0xE1, 0x68, 0xC1, 0x68, 0xE1, 0x68, 0xE1, 0x68, 0xE1, 0x69, 0x01, 0x69, 0x01, 0x69, 0x01, 0x69, 0x02, 
0x69, 0x02, 0x71, 0x22, 0x71, 0x42, 0x71, 0x42, 0x79, 0x42, 0x79, 0x62, 0x81, 0x62, 0x81, 0x82, 0x81, 0x82, 0x89, 0x83, 0x89, 0xA3, 0x89, 0x83, 0x89, 0x82, 0x91, 0x82, 0x91, 0x82, 0x91, 0xA3, 
0xED, 0x96, 0xED, 0xF8, 0xF6, 0x18, 0xF6, 0x38, 0xF6, 0x39, 0xF6, 0x59, 0xF6, 0x59, 0xF6, 0x59, 0xF6, 0x39, 0xF6, 0x39, 0xF6, 0x39, 0xF6, 0x39, 0xED, 0xF8, 0xE4, 0x71, 0xDC, 0x0F, 0xE4, 0xF4, 
0xE5, 0x14, 0xE5, 0x34, 0xE5, 0x34, 0xE5, 0x35, 0xE5, 0x35, 0xE5, 0x34, 0xE5, 0x35, 0xE5, 0x35, 0xE5, 0x55, 0xE5, 0x35, 0xE5, 0x14, 0xE4, 0xF3, 0xE4, 0xD2, 0xE4, 0xD2, 0xE4, 0xD2, 0xE4, 0xD2, 
0xE4, 0xB2, 0xE4, 0xB1, 0xE4, 0x91, 0xE4, 0x91, 0xE4, 0x71, 0xE4, 0x71, 0xE4, 0x70, 0xE4, 0x50, 0xDC, 0x50, 0xDC, 0x2F, 0xDC, 0x0F, 0xDB, 0xEE, 0xDB, 0xAD, 0xD3, 0xAD, 0xD3, 0x8C, 0xD3, 0x6C, 
0xD3, 0x4B, 0xD3, 0x2A, 0xD3, 0x09, 0xD2, 0xE9, 0xCA, 0xE9, 0xCA, 0xE9, 0xCA, 0xE9, 0xCB, 0x09, 0xD3, 0x2A, 0xD3, 0x2A, 0xD3, 0x4A, 0xD3, 0x4A, 0xD3, 0x4B, 0xDB, 0x4A, 0xDB, 0x4A, 0xDB, 0x2A, 
0xDB, 0x0A, 0xD3, 0x09, 0xD2, 0xE9, 0xD2, 0xE9, 0xD2, 0xE9, 0xDB, 0x09, 0xDB, 0x0A, 0xD2, 0xE9, 0xA9, 0xE5, 0x81, 0x43, 0xBA, 0x47, 0xB2, 0x47, 0x70, 0xC1, 0x40, 0x20, 0x20, 0x00, 0x18, 0x00, 
0x20, 0x20, 0x18, 0x20, 0x10, 0x20, 0x10, 0x41, 0x10, 0x20, 0x10, 0x20, 0x08, 0x00, 0x08, 0x00, 0x08, 0x00, 0x08, 0x20, 0x10, 0x40, 0x08, 0x20, 0x00, 0x00, 0x00, 0x00, 0x08, 0x00, 0x20, 0x40, 
0x38, 0xC1, 0x49, 0x22, 0x59, 0x63, 0x61, 0xC4, 0x72, 0x05, 0x72, 0x26, 0x82, 0x87, 0x8A, 0xA8, 0x92, 0xE9, 0x9B, 0x09, 0x9B, 0x2A, 0x9B, 0x2A, 0xA3, 0x4A, 0xA3, 0x4A, 0xA3, 0x4B, 0xA3, 0x6B, 
0xAB, 0x6B, 0xAB, 0x8B, 0xB3, 0xAC, 0xB3, 0xAC, 0xB3, 0xAC, 0xAB, 0xAC, 0xAB, 0x8C, 0xA3, 0x8C, 0xA3, 0x6B, 0xA3, 0x4A, 0xA3, 0x4A, 0xA3, 0x29, 0x9B, 0x08, 0x9A, 0xE8, 0x9A, 0xC7, 0x92, 0xA7, 
0x92, 0x86, 0x82, 0x05, 0x79, 0xE5, 0x69, 0x84, 0x40, 0xC2, 0x38, 0x81, 0x30, 0x81, 0x28, 0x81, 0x28, 0x61, 0x28, 0x81, 0x51, 0x44, 0x48, 0xE3, 0x48, 0xC2, 0x59, 0x23, 0x71, 0xA5, 0x81, 0xE6, 
0x92, 0x67, 0xA2, 0xEA, 0xB3, 0x4B, 0xBB, 0x8C, 0xBB, 0x8C, 0xBB, 0x8C, 0xBB, 0x8C, 0xBB, 0x8B, 0xBB, 0x4A, 0xB3, 0x0A, 0xAA, 0xC9, 0x89, 0xC5, 0x81, 0x84, 0x81, 0x64, 0x89, 0xA4, 0x89, 0xE5, 
0x69, 0x23, 0x40, 0x81, 0x30, 0x61, 0x20, 0x40, 0x18, 0x20, 0x18, 0x20, 0x20, 0x40, 0x20, 0x20, 0x20, 0x40, 0x20, 0x40, 0x20, 0x20, 0x20, 0x40, 0x28, 0x60, 0x28, 0x40, 0x28, 0x40, 0x38, 0x60, 
0x48, 0xC1, 0x69, 0x63, 0x61, 0x23, 0x48, 0xC2, 0x10, 0x00, 0x10, 0x00, 0x08, 0x00, 0x00, 0x00, 0x08, 0x00, 0x08, 0x00, 0x08, 0x00, 0x08, 0x00, 0x10, 0x00, 0x30, 0x60, 0x48, 0xA1, 0x59, 0x02, 
0x69, 0x43, 0x69, 0x84, 0x61, 0x63, 0x58, 0xE2, 0x48, 0xA1, 0x48, 0x81, 0x40, 0x60, 0x40, 0x60, 0x48, 0x60, 0x48, 0x80, 0x48, 0x80, 0x48, 0x80, 0x50, 0x81, 0x50, 0x81, 0x50, 0xA1, 0x50, 0xA1, 
0x58, 0xA1, 0x58, 0xA1, 0x58, 0xA1, 0x60, 0xA1, 0x60, 0xC1, 0x60, 0xC1, 0x60, 0xC1, 0x60, 0xC1, 0x60, 0xC1, 0x68, 0xC1, 0x68, 0xE1, 0x68, 0xE1, 0x68, 0xE1, 0x68, 0xE1, 0x69, 0x01, 0x69, 0x02, 
0x69, 0x02, 0x69, 0x02, 0x71, 0x02, 0x71, 0x22, 0x71, 0x22, 0x79, 0x22, 0x79, 0x42, 0x79, 0x62, 0x81, 0x62, 0x81, 0x62, 0x81, 0x62, 0x89, 0x42, 0x89, 0x42, 0x89, 0x41, 0x89, 0x41, 0x91, 0x62, 
0xED, 0x96, 0xED, 0xF8, 0xF6, 0x18, 0xF6, 0x39, 0xF6, 0x59, 0xF6, 0x59, 0xF6, 0x59, 0xF6, 0x39, 0xF6, 0x39, 0xF6, 0x39, 0xF6, 0x39, 0xEE, 0x39, 0xED, 0xD7, 0xDC, 0x50, 0xDC, 0x30, 0xE5, 0x14, 
0xE5, 0x14, 0xE5, 0x35, 0xE5, 0x35, 0xE5, 0x35, 0xE5, 0x35, 0xE5, 0x55, 0xE5, 0x55, 0xE5, 0x55, 0xE5, 0x55, 0xE5, 0x55, 0xE5, 0x34, 0xE4, 0xF3, 0xE4, 0xD2, 0xE4, 0xD2, 0xE4, 0xD2, 0xE4, 0xD2, 
0xE4, 0xB2, 0xE4, 0xB1, 0xE4, 0xB1, 0xE4, 0x91, 0xE4, 0x91, 0xE4, 0x91, 0xE4, 0x70, 0xDC, 0x70, 0xDC, 0x50, 0xDC, 0x2F, 0xDC, 0x0F, 0xDB, 0xEE, 0xDB, 0xCD, 0xD3, 0x8D, 0xD3, 0x8C, 0xD3, 0x6B, 
0xD3, 0x4B, 0xCB, 0x29, 0xCB, 0x09, 0xCB, 0x09, 0xCB, 0x09, 0xCA, 0xE9, 0xCA, 0xE9, 0xCB, 0x09, 0xCB, 0x2A, 0xD3, 0x2A, 0xD3, 0x2A, 0xD3, 0x2A, 0xD3, 0x2A, 0xD3, 0x2A, 0xDB, 0x4A, 0xDB, 0x6B, 
0xDB, 0x6B, 0xDB, 0x4B, 0xDB, 0x4A, 0xDB, 0x2A, 0xDB, 0x09, 0xDB, 0x09, 0xD3, 0x09, 0xD2, 0xE9, 0xA1, 0xC5, 0x89, 0x84, 0xBA, 0x67, 0xAA, 0x06, 0x78, 0xC2, 0x30, 0x00, 0x20, 0x00, 0x18, 0x00, 
0x18, 0x20, 0x18, 0x20, 0x10, 0x20, 0x10, 0x41, 0x10, 0x40, 0x10, 0x20, 0x08, 0x00, 0x00, 0x00, 0x00, 0x00, 0x08, 0x20, 0x10, 0x41, 0x08, 0x20, 0x00, 0x00, 0x00, 0x00, 0x08, 0x00, 0x18, 0x40, 
0x30, 0xA1, 0x49, 0x23, 0x59, 0x84, 0x61, 0xC5, 0x6A, 0x05, 0x7A, 0x46, 0x82, 0x67, 0x82, 0xA7, 0x8A, 0xC8, 0x92, 0xC8, 0x92, 0xE9, 0x92, 0xE9, 0x9B, 0x09, 0x9B, 0x09, 0x9B, 0x29, 0xA3, 0x4A, 
0xA3, 0x4A, 0xAB, 0x8B, 0xAB, 0xAB, 0xB3, 0xCC, 0xB3, 0xED, 0xB3, 0xED, 0xB3, 0xCD, 0xAB, 0xAC, 0xAB, 0x8C, 0xAB, 0x6B, 0xA3, 0x6A, 0xA3, 0x29, 0x9A, 0xE8, 0x9A, 0xC7, 0x92, 0xA7, 0x92, 0x86, 
0x82, 0x25, 0x79, 0xE5, 0x59, 0x22, 0x38, 0xC2, 0x20, 0x40, 0x18, 0x40, 0x20, 0x81, 0x4A, 0x29, 0x28, 0xA2, 0x20, 0x61, 0x72, 0xCC, 0x7A, 0xCB, 0x69, 0x64, 0x71, 0xA5, 0x8A, 0x47, 0x9A, 0xA9, 
0xA2, 0xEA, 0xAB, 0x2A, 0xB3, 0x6B, 0xBB, 0x8C, 0xBB, 0x8C, 0xBB, 0xAC, 0xC3, 0xAC, 0xBB, 0x8B, 0xBB, 0x8B, 0xC3, 0x8B, 0xC3, 0x6A, 0xC3, 0x2A, 0xBA, 0xE9, 0xAA, 0xA8, 0x91, 0xE5, 0x89, 0xA4, 
0x81, 0x64, 0x50, 0xC2, 0x40, 0x81, 0x28, 0x61, 0x20, 0x40, 0x18, 0x20, 0x20, 0x40, 0x28, 0x40, 0x28, 0x40, 0x30, 0x61, 0x28, 0x40, 0x20, 0x20, 0x28, 0x40, 0x28, 0x60, 0x20, 0x40, 0x20, 0x20, 
0x30, 0x60, 0x61, 0x43, 0x58, 0xE2, 0x48, 0x81, 0x10, 0x00, 0x08, 0x00, 0x08, 0x00, 0x08, 0x00, 0x08, 0x00, 0x08, 0x00, 0x10, 0x00, 0x10, 0x00, 0x10, 0x00, 0x28, 0x40, 0x48, 0xA1, 0x58, 0xE2, 
0x61, 0x43, 0x69, 0x84, 0x71, 0xA4, 0x69, 0x63, 0x50, 0xC1, 0x48, 0x81, 0x48, 0x80, 0x48, 0x80, 0x48, 0x60, 0x48, 0x60, 0x48, 0x60, 0x48, 0x80, 0x50, 0x80, 0x50, 0x81, 0x50, 0xA1, 0x58, 0xA1, 
0x58, 0xA1, 0x58, 0xA1, 0x58, 0xA1, 0x60, 0xA1, 0x60, 0xA1, 0x60, 0xA1, 0x60, 0xC1, 0x68, 0xC1, 0x68, 0xC1, 0x68, 0xC1, 0x68, 0xC1, 0x68, 0xC1, 0x68, 0xE1, 0x68, 0xE1, 0x68, 0xE1, 0x68, 0xE1, 
0x68, 0xE1, 0x69, 0x02, 0x69, 0x02, 0x71, 0x02, 0x71, 0x02, 0x71, 0x22, 0x71, 0x22, 0x79, 0x22, 0x79, 0x22, 0x81, 0x22, 0x81, 0x21, 0x81, 0x21, 0x81, 0x01, 0x81, 0x01, 0x89, 0x01, 0x91, 0x41, 
0xED, 0x96, 0xED, 0xF8, 0xF6, 0x19, 0xF6, 0x39, 0xF6, 0x59, 0xF6, 0x59, 0xF6, 0x59, 0xF6, 0x39, 0xF6, 0x39, 0xEE, 0x39, 0xEE, 0x39, 0xEE, 0x39, 0xED, 0x96, 0xDC, 0x50, 0xDC, 0x50, 0xE5, 0x35, 
0xE5, 0x35, 0xE5, 0x35, 0xE5, 0x35, 0xE5, 0x55, 0xE5, 0x55, 0xE5, 0x55, 0xE5, 0x55, 0xED, 0x75, 0xED, 0x75, 0xE5, 0x55, 0xE5, 0x34, 0xE4, 0xF3, 0xE4, 0xD2, 0xE4, 0xD2, 0xE4, 0xD2, 0xE4, 0xD2, 
0xE4, 0xD2, 0xE4, 0xB2, 0xE4, 0xB1, 0xE4, 0xB1, 0xE4, 0x91, 0xE4, 0x91, 0xE4, 0x70, 0xDC, 0x70, 0xDC, 0x50, 0xDC, 0x0F, 0xDB, 0xEE, 0xDB, 0xCE, 0xD3, 0xCD, 0xD3, 0x8C, 0xD3, 0x6C, 0xD3, 0x6B, 
0xCB, 0x2A, 0xCB, 0x09, 0xCB, 0x09, 0xCB, 0x09, 0xCB, 0x09, 0xCB, 0x09, 0xCA, 0xE9, 0xCB, 0x09, 0xD3, 0x2A, 0xD3, 0x2A, 0xD3, 0x2A, 0xD3, 0x2A, 0xD3, 0x2A, 0xD3, 0x2A, 0xD3, 0x2A, 0xD3, 0x2A, 
0xDB, 0x2A, 0xDB, 0x4A, 0xDB, 0x6B, 0xDB, 0x6B, 0xDB, 0x6B, 0xDB, 0x6B, 0xDB, 0x4A, 0xD3, 0x2A, 0xA1, 0xC5, 0x89, 0x64, 0xC2, 0xA8, 0xA1, 0x84, 0x68, 0xA1, 0x28, 0x00, 0x20, 0x00, 0x18, 0x00, 
0x18, 0x20, 0x18, 0x40, 0x10, 0x20, 0x10, 0x61, 0x10, 0x40, 0x10, 0x41, 0x08, 0x00, 0x08, 0x00, 0x00, 0x00, 0x08, 0x00, 0x10, 0x20, 0x10, 0x41, 0x08, 0x00, 0x00, 0x00, 0x00, 0x00, 0x10, 0x20, 
0x30, 0xA1, 0x49, 0x43, 0x59, 0x84, 0x61, 0xC5, 0x6A, 0x05, 0x72, 0x26, 0x72, 0x26, 0x7A, 0x46, 0x7A, 0x46, 0x7A, 0x46, 0x7A, 0x47, 0x82, 0x87, 0x8A, 0x87, 0x8A, 0xC8, 0x92, 0xE8, 0x9B, 0x09, 
0x9B, 0x29, 0xA3, 0x4A, 0xAB, 0x8B, 0xB3, 0xCC, 0xB3, 0xED, 0xBC, 0x0E, 0xB3, 0xEE, 0xB3, 0xED, 0xB3, 0xCD, 0xAB, 0x8C, 0xAB, 0x6A, 0xA3, 0x09, 0x9A, 0xC7, 0x92, 0xA7, 0x92, 0x86, 0x8A, 0x25, 
0x79, 0xE4, 0x61, 0x63, 0x49, 0x44, 0x5A, 0x49, 0x20, 0x81, 0x18, 0x40, 0x10, 0x20, 0x18, 0x40, 0x28, 0x81, 0x30, 0xA2, 0x72, 0x8A, 0x82, 0x48, 0x82, 0x06, 0x8A, 0x27, 0x92, 0x67, 0xA2, 0xC9, 
0xAB, 0x0A, 0xB3, 0x4B, 0xBB, 0x6B, 0xBB, 0x8B, 0xBB, 0xAB, 0xC3, 0xAB, 0xC3, 0xCC, 0xC3, 0xAC, 0xC3, 0x8B, 0xC3, 0x8B, 0xCB, 0xAB, 0xCB, 0x8B, 0xCB, 0x6A, 0xC3, 0x29, 0xBA, 0xC9, 0xAA, 0x67, 
0x9A, 0x05, 0x71, 0x43, 0x48, 0xA1, 0x30, 0x61, 0x28, 0x40, 0x20, 0x40, 0x28, 0x40, 0x28, 0x60, 0x28, 0x41, 0x28, 0x40, 0x28, 0x40, 0x20, 0x40, 0x20, 0x20, 0x20, 0x20, 0x20, 0x20, 0x20, 0x40, 
0x20, 0x40, 0x40, 0xA1, 0x61, 0x02, 0x60, 0xE1, 0x10, 0x00, 0x08, 0x00, 0x00, 0x00, 0x00, 0x00, 0x08, 0x00, 0x08, 0x00, 0x10, 0x00, 0x18, 0x00, 0x18, 0x00, 0x20, 0x20, 0x40, 0x60, 0x50, 0xC1, 
0x58, 0xE1, 0x61, 0x23, 0x69, 0x43, 0x69, 0x43, 0x59, 0x02, 0x50, 0xA1, 0x48, 0x81, 0x48, 0x81, 0x48, 0x80, 0x48, 0x60, 0x48, 0x60, 0x48, 0x60, 0x50, 0x80, 0x50, 0x80, 0x58, 0x81, 0x58, 0xA1, 
0x58, 0xA1, 0x58, 0xA1, 0x60, 0xA1, 0x60, 0xA1, 0x60, 0xA1, 0x60, 0xA1, 0x68, 0xC1, 0x68, 0xC1, 0x68, 0xC1, 0x68, 0xC1, 0x68, 0xC1, 0x70, 0xC1, 0x70, 0xC1, 0x70, 0xC1, 0x68, 0xC1, 0x68, 0xE1, 
0x68, 0xE2, 0x68, 0xE2, 0x70, 0xE2, 0x70, 0xE2, 0x71, 0x02, 0x71, 0x02, 0x71, 0x01, 0x79, 0x01, 0x79, 0x01, 0x79, 0x01, 0x78, 0xE1, 0x80, 0xE1, 0x80, 0xE0, 0x80, 0xC0, 0x88, 0xC0, 0x91, 0x21, 
0xED, 0x96, 0xEE, 0x18, 0xF6, 0x19, 0xF6, 0x39, 0xF6, 0x59, 0xF6, 0x59, 0xF6, 0x59, 0xF6, 0x59, 0xF6, 0x59, 0xF6, 0x59, 0xF6, 0x5A, 0xEE, 0x39, 0xE5, 0x55, 0xDC, 0x50, 0xDC, 0x71, 0xE5, 0x35, 
0xE5, 0x35, 0xE5, 0x35, 0xE5, 0x55, 0xE5, 0x55, 0xE5, 0x55, 0xED, 0x55, 0xE5, 0x56, 0xED, 0x75, 0xED, 0x75, 0xE5, 0x55, 0xE5, 0x34, 0xE4, 0xF3, 0xE4, 0xF2, 0xE4, 0xF2, 0xE4, 0xD2, 0xE4, 0xD2, 
0xE4, 0xD2, 0xE4, 0xD2, 0xE4, 0xB2, 0xE4, 0xB1, 0xE4, 0xB1, 0xE4, 0x91, 0xDC, 0x70, 0xDC, 0x50, 0xDC, 0x2F, 0xDC, 0x0F, 0xDB, 0xEE, 0xDB, 0xCE, 0xD3, 0xAD, 0xD3, 0x8C, 0xD3, 0x6B, 0xCB, 0x4B, 
0xCB, 0x2A, 0xCB, 0x09, 0xCB, 0x09, 0xCB, 0x09, 0xCB, 0x09, 0xCB, 0x09, 0xCB, 0x09, 0xCB, 0x29, 0xD3, 0x2A, 0xD3, 0x2A, 0xD3, 0x2A, 0xD3, 0x2A, 0xD3, 0x2A, 0xD3, 0x2A, 0xD3, 0x2A, 0xD3, 0x2A, 
0xD3, 0x2A, 0xDB, 0x2A, 0xDB, 0x4A, 0xDB, 0x4B, 0xDB, 0x6B, 0xDB, 0x8B, 0xDB, 0x6B, 0xDB, 0x6B, 0xB2, 0x47, 0x79, 0x23, 0xC2, 0xA8, 0x99, 0x84, 0x50, 0x60, 0x20, 0x00, 0x18, 0x00, 0x18, 0x00, 
0x10, 0x20, 0x18, 0x40, 0x10, 0x20, 0x10, 0x61, 0x10, 0x41, 0x10, 0x61, 0x08, 0x20, 0x08, 0x00, 0x00, 0x00, 0x08, 0x00, 0x08, 0x20, 0x10, 0x41, 0x08, 0x21, 0x00, 0x00, 0x00, 0x00, 0x08, 0x00, 
0x30, 0xA1, 0x49, 0x23, 0x49, 0x63, 0x51, 0x64, 0x51, 0xA4, 0x51, 0x64, 0x41, 0x23, 0x41, 0x03, 0x49, 0x23, 0x51, 0x43, 0x59, 0x84, 0x69, 0xC5, 0x72, 0x05, 0x7A, 0x46, 0x82, 0x87, 0x8A, 0xC8, 
0x92, 0xE9, 0x9B, 0x29, 0xA3, 0x6A, 0xAB, 0xAC, 0xB3, 0xED, 0xBC, 0x0E, 0xBC, 0x2E, 0xBC, 0x2E, 0xBC, 0x0E, 0xB3, 0xCD, 0xAB, 0x6B, 0xA3, 0x09, 0x9A, 0xA7, 0x92, 0x86, 0x92, 0x66, 0x82, 0x05, 
0x71, 0x83, 0x61, 0x85, 0x72, 0x8A, 0x7B, 0x2C, 0x41, 0x64, 0x30, 0xE2, 0x20, 0x61, 0x28, 0x61, 0x30, 0xA1, 0x59, 0x85, 0x7A, 0x68, 0x8A, 0x27, 0x92, 0x67, 0x9A, 0x88, 0xA2, 0xC8, 0xAB, 0x09, 
0xB3, 0x4A, 0xBB, 0x8B, 0xBB, 0xAB, 0xC3, 0xAC, 0xC3, 0xCC, 0xC3, 0xAB, 0xCB, 0xCC, 0xCB, 0xCC, 0xCB, 0xCC, 0xC3, 0xAB, 0xCB, 0x8A, 0xD3, 0xAB, 0xD3, 0xAB, 0xD3, 0x8B, 0xCB, 0x6A, 0xC3, 0x09, 
0xB2, 0xC8, 0x9A, 0x26, 0x61, 0x03, 0x40, 0x81, 0x30, 0x61, 0x30, 0x60, 0x40, 0xA2, 0x38, 0x81, 0x30, 0x61, 0x30, 0x61, 0x38, 0x81, 0x38, 0x81, 0x40, 0xA1, 0x30, 0x61, 0x28, 0x40, 0x18, 0x20, 
0x18, 0x20, 0x20, 0x40, 0x40, 0xA1, 0x71, 0x43, 0x18, 0x20, 0x08, 0x00, 0x08, 0x00, 0x00, 0x00, 0x08, 0x00, 0x08, 0x00, 0x10, 0x00, 0x18, 0x20, 0x18, 0x00, 0x20, 0x00, 0x30, 0x20, 0x40, 0x60, 
0x50, 0xC1, 0x59, 0x02, 0x61, 0x02, 0x59, 0x01, 0x50, 0xC1, 0x50, 0xA1, 0x50, 0xA1, 0x50, 0xA1, 0x50, 0xA1, 0x50, 0x81, 0x50, 0x81, 0x50, 0x81, 0x50, 0x81, 0x58, 0x81, 0x58, 0xA1, 0x60, 0xA1, 
0x60, 0xA1, 0x60, 0xA1, 0x60, 0xC1, 0x68, 0xC1, 0x68, 0xC1, 0x68, 0xC1, 0x68, 0xC1, 0x68, 0xC1, 0x70, 0xC1, 0x70, 0xC1, 0x70, 0xC1, 0x70, 0xC1, 0x70, 0xC1, 0x70, 0xC1, 0x70, 0xC1, 0x70, 0xC1, 
0x70, 0xC1, 0x70, 0xE1, 0x70, 0xC1, 0x70, 0xE2, 0x70, 0xE2, 0x70, 0xE1, 0x70, 0xE1, 0x70, 0xE1, 0x78, 0xE1, 0x78, 0xC1, 0x78, 0xC0, 0x78, 0xA0, 0x78, 0xA0, 0x78, 0x80, 0x88, 0xC0, 0x99, 0x41, 
0xED, 0x96, 0xEE, 0x18, 0xF6, 0x39, 0xF6, 0x39, 0xF6, 0x59, 0xF6, 0x59, 0xF6, 0x59, 0xF6, 0x5A, 0xF6, 0x5A, 0xF6, 0x3A, 0xEE, 0x5A, 0xEE, 0x39, 0xE5, 0x34, 0xDC, 0x50, 0xDC, 0xB2, 0xE5, 0x35, 
0xE5, 0x35, 0xE5, 0x35, 0xE5, 0x55, 0xE5, 0x55, 0xE5, 0x55, 0xED, 0x75, 0xED, 0x76, 0xED, 0x76, 0xE5, 0x76, 0xE5, 0x55, 0xE5, 0x34, 0xE4, 0xF3, 0xE4, 0xF3, 0xE4, 0xF3, 0xE4, 0xF2, 0xE4, 0xD2, 
0xE4, 0xD2, 0xE4, 0xD2, 0xE4, 0xD2, 0xE4, 0xB2, 0xE4, 0xB1, 0xE4, 0x91, 0xDC, 0x71, 0xDC, 0x70, 0xDC, 0x2F, 0xDC, 0x0E, 0xDB, 0xEE, 0xD3, 0xCD, 0xD3, 0xAD, 0xD3, 0x8C, 0xD3, 0x6B, 0xCB, 0x4A, 
0xCB, 0x2A, 0xCB, 0x09, 0xCB, 0x09, 0xCB, 0x09, 0xCB, 0x0A, 0xCB, 0x09, 0xCB, 0x09, 0xCB, 0x2A, 0xD3, 0x4A, 0xD3, 0x4A, 0xD3, 0x4A, 0xD3, 0x4A, 0xD3, 0x4A, 0xD3, 0x4A, 0xD3, 0x4A, 0xD3, 0x4A, 
0xD3, 0x4A, 0xD3, 0x4A, 0xDB, 0x4A, 0xDB, 0x4B, 0xDB, 0x4A, 0xD3, 0x4A, 0xD3, 0x2A, 0xD3, 0x2A, 0xBA, 0xA8, 0x79, 0x44, 0xBA, 0x68, 0x89, 0x23, 0x38, 0x20, 0x20, 0x00, 0x10, 0x00, 0x10, 0x00, 
0x10, 0x20, 0x18, 0x40, 0x10, 0x20, 0x10, 0x41, 0x10, 0x41, 0x10, 0x61, 0x08, 0x20, 0x08, 0x20, 0x00, 0x00, 0x08, 0x00, 0x08, 0x00, 0x08, 0x20, 0x10, 0x41, 0x08, 0x20, 0x00, 0x00, 0x00, 0x00, 
0x28, 0x81, 0x38, 0xE2, 0x30, 0xC2, 0x38, 0xE2, 0x30, 0xC2, 0x28, 0xA2, 0x30, 0xA2, 0x38, 0xE2, 0x40, 0xE2, 0x49, 0x03, 0x51, 0x43, 0x61, 0xA4, 0x72, 0x05, 0x7A, 0x25, 0x7A, 0x66, 0x82, 0x87, 
0x8A, 0xA7, 0x93, 0x08, 0x9B, 0x29, 0xAB, 0x8B, 0xB3, 0xCC, 0xBC, 0x0D, 0xBC, 0x4F, 0xC4, 0x70, 0xBC, 0x4F, 0xBC, 0x0E, 0xAB, 0xAC, 0xA3, 0x09, 0x9A, 0xA7, 0x92, 0x86, 0x8A, 0x66, 0x79, 0xE4, 
0x61, 0x23, 0x7A, 0x07, 0x82, 0xCA, 0x8B, 0x4D, 0x72, 0xEB, 0x49, 0xA5, 0x30, 0xE2, 0x40, 0xE2, 0x61, 0xC6, 0x82, 0x69, 0x8A, 0x47, 0x92, 0x88, 0xA2, 0xE8, 0xA2, 0xE8, 0xAB, 0x29, 0xB3, 0x6A, 
0xBB, 0x8B, 0xBB, 0xAC, 0xC3, 0xAC, 0xC3, 0xCC, 0xC3, 0xCC, 0xCB, 0xCC, 0xCB, 0xEC, 0xCB, 0xEC, 0xD3, 0xEC, 0xD3, 0xEC, 0xCB, 0xAB, 0xCB, 0x8A, 0xD3, 0xAB, 0xDB, 0x8B, 0xD3, 0x6A, 0xCB, 0x4A, 
0xC3, 0x09, 0xB2, 0xA8, 0x81, 0xA5, 0x50, 0xE2, 0x38, 0x81, 0x38, 0xA1, 0x48, 0xA1, 0x61, 0x44, 0x61, 0x43, 0x48, 0xC2, 0x40, 0xA1, 0x40, 0x81, 0x40, 0x81, 0x48, 0xA1, 0x30, 0x61, 0x28, 0x40, 
0x18, 0x20, 0x18, 0x20, 0x28, 0x40, 0x59, 0x01, 0x20, 0x20, 0x08, 0x00, 0x08, 0x00, 0x08, 0x00, 0x00, 0x00, 0x08, 0x00, 0x08, 0x00, 0x18, 0x00, 0x18, 0x20, 0x20, 0x00, 0x28, 0x20, 0x30, 0x40, 
0x40, 0x81, 0x50, 0xA1, 0x58, 0xE1, 0x58, 0xC1, 0x50, 0xC1, 0x50, 0xA1, 0x50, 0xA1, 0x50, 0xA1, 0x58, 0xC1, 0x58, 0xE2, 0x69, 0x44, 0x71, 0xC6, 0x7A, 0x27, 0x82, 0x48, 0x82, 0x69, 0x8A, 0x89, 
0x8A, 0xA9, 0x82, 0x68, 0x82, 0x47, 0x82, 0x27, 0x7A, 0x06, 0x79, 0xC6, 0x79, 0xA5, 0x79, 0x84, 0x79, 0x64, 0x79, 0x23, 0x79, 0x02, 0x78, 0xE2, 0x78, 0xE2, 0x78, 0xC1, 0x78, 0xC1, 0x70, 0xC2, 
0x70, 0xC2, 0x70, 0xC1, 0x70, 0xC1, 0x70, 0xC1, 0x70, 0xC1, 0x70, 0xE1, 0x70, 0xE1, 0x70, 0xC1, 0x70, 0xC1, 0x70, 0xA0, 0x70, 0xA0, 0x70, 0x80, 0x70, 0x60, 0x78, 0x60, 0x90, 0xC0, 0xA1, 0x42, 
0xED, 0xB7, 0xEE, 0x18, 0xEE, 0x39, 0xEE, 0x39, 0xF6, 0x59, 0xF6, 0x59, 0xF6, 0x5A, 0xF6, 0x5A, 0xF6, 0x5A, 0xF6, 0x59, 0xEE, 0x59, 0xEE, 0x39, 0xE5, 0x13, 0xDC, 0x50, 0xDC, 0xD3, 0xE5, 0x35, 
0xE5, 0x35, 0xE5, 0x55, 0xE5, 0x55, 0xED, 0x55, 0xED, 0x55, 0xED, 0x75, 0xED, 0x76, 0xE5, 0x76, 0xE5, 0x76, 0xE5, 0x55, 0xE5, 0x34, 0xE4, 0xF3, 0xE4, 0xF3, 0xE4, 0xF3, 0xE4, 0xF3, 0xE4, 0xF2, 
0xE4, 0xD2, 0xE4, 0xD2, 0xE4, 0xD2, 0xE4, 0xD2, 0xE4, 0xB2, 0xE4, 0x91, 0xDC, 0x70, 0xDC, 0x70, 0xDC, 0x2F, 0xDC, 0x0E, 0xD3, 0xEE, 0xD3, 0xCD, 0xD3, 0xAC, 0xD3, 0x8C, 0xD3, 0x6B, 0xCB, 0x4A, 
0xCB, 0x2A, 0xCB, 0x09, 0xCB, 0x09, 0xCB, 0x2A, 0xCB, 0x2A, 0xCB, 0x09, 0xCB, 0x09, 0xCB, 0x2A, 0xCB, 0x4A, 0xD3, 0x4A, 0xD3, 0x4A, 0xD3, 0x4A, 0xD3, 0x4A, 0xD3, 0x4A, 0xD3, 0x4A, 0xD3, 0x4A, 
0xD3, 0x4A, 0xD3, 0x4A, 0xDB, 0x4A, 0xDB, 0x4B, 0xDB, 0x4A, 0xD3, 0x4A, 0xD3, 0x2A, 0xCB, 0x09, 0xC3, 0x09, 0x91, 0xA5, 0xA2, 0x06, 0x70, 0xC2, 0x30, 0x00, 0x18, 0x00, 0x10, 0x00, 0x10, 0x20, 
0x10, 0x20, 0x10, 0x40, 0x10, 0x20, 0x10, 0x20, 0x10, 0x61, 0x10, 0x61, 0x10, 0x20, 0x10, 0x40, 0x08, 0x00, 0x08, 0x00, 0x08, 0x00, 0x08, 0x00, 0x08, 0x20, 0x10, 0x40, 0x00, 0x00, 0x00, 0x00, 
0x20, 0x60, 0x20, 0x81, 0x20, 0x81, 0x20, 0x61, 0x20, 0x61, 0x28, 0xA2, 0x30, 0xE2, 0x41, 0x24, 0x49, 0x64, 0x51, 0x64, 0x61, 0x84, 0x69, 0xC5, 0x72, 0x05, 0x7A, 0x46, 0x7A, 0x46, 0x7A, 0x46, 
0x82, 0x86, 0x8A, 0xC7, 0x93, 0x08, 0xA3, 0x49, 0xB3, 0xCC, 0xBC, 0x0D, 0xBC, 0x4F, 0xC4, 0x90, 0xC4, 0x70, 0xBC, 0x2F, 0xB3, 0xEE, 0xAB, 0x6B, 0x9A, 0xC8, 0x92, 0x66, 0x92, 0x87, 0x71, 0x83, 
0x69, 0x43, 0x79, 0xE6, 0x82, 0x47, 0x82, 0xC9, 0x82, 0xC9, 0x7A, 0x89, 0x6A, 0x07, 0x72, 0x27, 0x82, 0x68, 0x92, 0xC9, 0x9A, 0xE9, 0xA2, 0xE9, 0xAB, 0x09, 0xB3, 0x2A, 0xBB, 0x6B, 0xBB, 0xAC, 
0xC3, 0xCC, 0xC3, 0xCC, 0xCB, 0xEC, 0xCB, 0xED, 0xCC, 0x0D, 0xCC, 0x0C, 0xCB, 0xEC, 0xD3, 0xEC, 0xD4, 0x0D, 0xD4, 0x0D, 0xD3, 0xEC, 0xD3, 0xAB, 0xCB, 0x6A, 0xD3, 0x8B, 0xD3, 0x8A, 0xD3, 0x6A, 
0xCB, 0x4A, 0xBA, 0xC8, 0x9A, 0x26, 0x69, 0x43, 0x40, 0xA1, 0x38, 0x81, 0x50, 0xE2, 0x69, 0x43, 0x79, 0xE5, 0x79, 0xE5, 0x61, 0x43, 0x61, 0x23, 0x50, 0xC2, 0x48, 0x81, 0x48, 0x81, 0x28, 0x40, 
0x20, 0x20, 0x18, 0x20, 0x20, 0x20, 0x40, 0xA1, 0x20, 0x20, 0x08, 0x00, 0x08, 0x00, 0x08, 0x00, 0x08, 0x00, 0x08, 0x00, 0x08, 0x00, 0x10, 0x00, 0x18, 0x00, 0x20, 0x00, 0x28, 0x20, 0x30, 0x20, 
0x38, 0x40, 0x48, 0x81, 0x48, 0xA1, 0x50, 0xA1, 0x50, 0xC1, 0x50, 0xC1, 0x58, 0xC1, 0x69, 0x44, 0x8A, 0xA9, 0xA3, 0xAD, 0xAC, 0x0F, 0xA3, 0xEE, 0xA3, 0xEE, 0xA3, 0xEE, 0xA3, 0xEE, 0xA3, 0xCE, 
0x9B, 0x8C, 0x93, 0x4B, 0x93, 0x2B, 0x93, 0x2B, 0x93, 0x2A, 0x93, 0x2A, 0x93, 0x2A, 0x93, 0x0A, 0x93, 0x2A, 0x93, 0x0A, 0x93, 0x0A, 0x92, 0xE9, 0x92, 0xA9, 0x92, 0x47, 0x89, 0xE6, 0x81, 0x64, 
0x79, 0x02, 0x78, 0xC2, 0x70, 0xC2, 0x70, 0xC1, 0x70, 0xC1, 0x70, 0xC1, 0x70, 0xC1, 0x70, 0xA1, 0x70, 0xA0, 0x70, 0xA0, 0x70, 0x80, 0x70, 0x60, 0x70, 0x40, 0x78, 0x60, 0x99, 0x01, 0xA9, 0x62, 
0xED, 0xB7, 0xEE, 0x18, 0xEE, 0x39, 0xEE, 0x59, 0xF6, 0x59, 0xF6, 0x5A, 0xF6, 0x5A, 0xF6, 0x5A, 0xF6, 0x5A, 0xF6, 0x5A, 0xF6, 0x5A, 0xEE, 0x39, 0xDC, 0xF3, 0xDC, 0x50, 0xE4, 0xF4, 0xE5, 0x34, 
0xE5, 0x35, 0xE5, 0x55, 0xE5, 0x55, 0xED, 0x75, 0xED, 0x75, 0xED, 0x75, 0xED, 0x76, 0xE5, 0x76, 0xE5, 0x76, 0xE5, 0x55, 0xE5, 0x34, 0xE4, 0xF3, 0xE4, 0xF3, 0xE4, 0xF3, 0xE4, 0xF3, 0xE4, 0xF2, 
0xE4, 0xF2, 0xE4, 0xD2, 0xE4, 0xD2, 0xE4, 0xD2, 0xE4, 0xD2, 0xE4, 0x91, 0xDC, 0x70, 0xDC, 0x50, 0xDC, 0x2F, 0xDC, 0x0F, 0xD4, 0x0E, 0xD3, 0xED, 0xD3, 0xAC, 0xCB, 0x8C, 0xCB, 0x6B, 0xCB, 0x4A, 
0xCB, 0x29, 0xCB, 0x09, 0xCB, 0x29, 0xCB, 0x2A, 0xCB, 0x2A, 0xCB, 0x29, 0xCB, 0x29, 0xCB, 0x2A, 0xCB, 0x4A, 0xD3, 0x4A, 0xD3, 0x4A, 0xD3, 0x4A, 0xD3, 0x4A, 0xD3, 0x4A, 0xD3, 0x4A, 0xD3, 0x4A, 
0xD3, 0x4A, 0xD3, 0x4A, 0xDB, 0x4B, 0xDB, 0x4A, 0xD3, 0x2A, 0xD3, 0x4A, 0xD3, 0x4A, 0xCB, 0x2A, 0xCB, 0x2A, 0xA2, 0x27, 0x91, 0xA5, 0x58, 0x80, 0x28, 0x00, 0x18, 0x00, 0x10, 0x00, 0x10, 0x00, 
0x10, 0x20, 0x10, 0x20, 0x10, 0x20, 0x10, 0x20, 0x10, 0x61, 0x10, 0x61, 0x10, 0x20, 0x10, 0x40, 0x08, 0x20, 0x08, 0x00, 0x08, 0x00, 0x08, 0x00, 0x00, 0x00, 0x08, 0x20, 0x08, 0x20, 0x00, 0x00, 
0x10, 0x20, 0x18, 0x40, 0x10, 0x20, 0x18, 0x40, 0x20, 0x81, 0x30, 0xE2, 0x49, 0x43, 0x59, 0xA5, 0x69, 0xE5, 0x72, 0x06, 0x72, 0x26, 0x7A, 0x46, 0x7A, 0x46, 0x7A, 0x46, 0x7A, 0x25, 0x7A, 0x04, 
0x7A, 0x04, 0x82, 0x66, 0x92, 0xE7, 0xA3, 0x4A, 0xAB, 0xAB, 0xBC, 0x0D, 0xC4, 0x4F, 0xC4, 0xB1, 0xC4, 0x90, 0xC4, 0x4F, 0xBC, 0x2E, 0xB3, 0xEE, 0xA3, 0x6B, 0x9A, 0xC8, 0x9A, 0xC8, 0x71, 0x63, 
0x79, 0xA5, 0x69, 0x64, 0x71, 0xA5, 0x82, 0x06, 0x82, 0x26, 0x8A, 0x47, 0x82, 0x47, 0x92, 0xA8, 0x9A, 0xC9, 0x9A, 0xC8, 0xA2, 0xC8, 0xAB, 0x09, 0xB3, 0x4B, 0xBB, 0x8B, 0xBB, 0xAC, 0xC3, 0xED, 
0xC3, 0xED, 0xCB, 0xED, 0xCC, 0x0D, 0xD4, 0x0D, 0xD4, 0x2E, 0xD4, 0x2D, 0xD4, 0x0D, 0xD4, 0x0D, 0xD4, 0x0D, 0xDC, 0x0D, 0xDB, 0xEC, 0xDB, 0xEC, 0xD3, 0xAB, 0xCB, 0x6A, 0xD3, 0x8A, 0xD3, 0x6A, 
0xCB, 0x4A, 0xC3, 0x09, 0xA2, 0x47, 0x79, 0x84, 0x50, 0xE2, 0x38, 0x81, 0x48, 0xA1, 0x61, 0x22, 0x9A, 0x67, 0x9A, 0xA7, 0x82, 0x05, 0x79, 0xE5, 0x71, 0xA5, 0x58, 0xE2, 0x48, 0xA1, 0x40, 0x80, 
0x20, 0x40, 0x20, 0x20, 0x20, 0x20, 0x20, 0x40, 0x20, 0x20, 0x10, 0x00, 0x00, 0x00, 0x08, 0x00, 0x08, 0x00, 0x00, 0x00, 0x08, 0x00, 0x10, 0x00, 0x18, 0x00, 0x18, 0x00, 0x20, 0x00, 0x30, 0x20, 
0x38, 0x40, 0x40, 0x60, 0x48, 0x81, 0x48, 0xA1, 0x50, 0xC1, 0x69, 0x64, 0x8A, 0xCA, 0xAB, 0xEE, 0xAC, 0x0F, 0xAC, 0x0F, 0xAC, 0x0F, 0xA4, 0x0F, 0xA4, 0x0F, 0xA4, 0x0F, 0xA3, 0xEF, 0xA3, 0xCE, 
0x9B, 0x8C, 0x93, 0x4B, 0x93, 0x4B, 0x93, 0x4B, 0x93, 0x2B, 0x93, 0x2B, 0x93, 0x2B, 0x93, 0x2A, 0x93, 0x2B, 0x93, 0x4B, 0x93, 0x4B, 0x9B, 0x4B, 0x9B, 0x4B, 0x9B, 0x4B, 0x9B, 0x4B, 0x9B, 0x4B, 
0x9B, 0x2A, 0x92, 0xA8, 0x81, 0xC6, 0x79, 0x02, 0x78, 0xC1, 0x78, 0xC1, 0x78, 0xA1, 0x78, 0xA1, 0x78, 0x80, 0x70, 0x80, 0x70, 0x60, 0x68, 0x40, 0x68, 0x20, 0x88, 0xA0, 0xA9, 0x21, 0xB1, 0x83, 
0xED, 0xD7, 0xEE, 0x18, 0xEE, 0x39, 0xEE, 0x39, 0xF6, 0x59, 0xF6, 0x5A, 0xF6, 0x5A, 0xF6, 0x5A, 0xF6, 0x5A, 0xF6, 0x5A, 0xF6, 0x59, 0xEE, 0x18, 0xDC, 0xD2, 0xDC, 0x51, 0xE5, 0x14, 0xE5, 0x34, 
0xE5, 0x35, 0xE5, 0x55, 0xE5, 0x55, 0xE5, 0x76, 0xED, 0x76, 0xED, 0x75, 0xE5, 0x76, 0xE5, 0x76, 0xE5, 0x75, 0xE5, 0x55, 0xE5, 0x14, 0xE4, 0xF3, 0xE4, 0xF3, 0xE4, 0xF3, 0xE4, 0xF3, 0xE4, 0xF3, 
0xE4, 0xF3, 0xE4, 0xF3, 0xE4, 0xD2, 0xE4, 0xD2, 0xDC, 0xB2, 0xDC, 0x91, 0xDC, 0x70, 0xDC, 0x70, 0xDC, 0x2F, 0xD4, 0x0F, 0xD4, 0x0E, 0xD3, 0xEE, 0xD3, 0xAC, 0xCB, 0x8B, 0xCB, 0x4B, 0xCB, 0x2A, 
0xCB, 0x29, 0xCB, 0x09, 0xCB, 0x2A, 0xCB, 0x2A, 0xCB, 0x2A, 0xCB, 0x2A, 0xCB, 0x29, 0xCB, 0x2A, 0xCB, 0x4A, 0xD3, 0x4A, 0xD3, 0x4A, 0xD3, 0x4A, 0xD3, 0x4A, 0xD3, 0x4A, 0xD3, 0x4A, 0xD3, 0x4A, 
0xD3, 0x4A, 0xD3, 0x4A, 0xD3, 0x4A, 0xD3, 0x2A, 0xD3, 0x4A, 0xD3, 0x4B, 0xD3, 0x4A, 0xCB, 0x0A, 0xCB, 0x2A, 0xB2, 0xA8, 0x89, 0x64, 0x48, 0x40, 0x20, 0x00, 0x18, 0x00, 0x10, 0x00, 0x10, 0x00, 
0x10, 0x20, 0x10, 0x20, 0x10, 0x20, 0x08, 0x20, 0x10, 0x20, 0x10, 0x41, 0x10, 0x41, 0x10, 0x40, 0x10, 0x20, 0x08, 0x20, 0x08, 0x20, 0x08, 0x00, 0x00, 0x00, 0x00, 0x00, 0x08, 0x20, 0x00, 0x00, 
0x08, 0x00, 0x10, 0x00, 0x10, 0x20, 0x28, 0xA1, 0x49, 0x64, 0x61, 0xE5, 0x6A, 0x06, 0x7A, 0x26, 0x7A, 0x46, 0x82, 0x67, 0x82, 0x87, 0x8A, 0xA7, 0x8A, 0x87, 0x82, 0x66, 0x82, 0x46, 0x72, 0x05, 
0x69, 0xC4, 0x69, 0xC4, 0x82, 0x66, 0x9B, 0x29, 0xAB, 0x8B, 0xB3, 0xED, 0xC4, 0x4E, 0xC4, 0x90, 0xC4, 0x70, 0xC4, 0x2F, 0xBC, 0x0E, 0xB4, 0x0E, 0xB3, 0xED, 0xA3, 0x4A, 0xA3, 0x09, 0x92, 0x87, 
0x8A, 0x67, 0x8A, 0x46, 0x82, 0x26, 0x8A, 0x26, 0x8A, 0x26, 0x8A, 0x46, 0x92, 0x67, 0x92, 0x87, 0x9A, 0xC8, 0xA3, 0x09, 0xAB, 0x4A, 0xB3, 0x8B, 0xBB, 0xAC, 0xC3, 0xCD, 0xC3, 0xED, 0xCC, 0x0D, 
0xCC, 0x0D, 0xC3, 0xED, 0xCC, 0x2E, 0xD4, 0x2E, 0xD4, 0x2E, 0xDC, 0x2E, 0xDC, 0x2D, 0xDC, 0x0D, 0xDC, 0x0D, 0xDC, 0x0D, 0xDC, 0x0C, 0xDB, 0xEC, 0xDB, 0xCC, 0xDB, 0xAB, 0xCB, 0x6A, 0xD3, 0x6A, 
0xCB, 0x4A, 0xC3, 0x29, 0xAA, 0x67, 0x81, 0xA5, 0x59, 0x23, 0x40, 0xA1, 0x50, 0xC1, 0x81, 0xA4, 0x8A, 0x05, 0x9A, 0x87, 0x9A, 0xA8, 0x79, 0xC4, 0x69, 0x43, 0x61, 0x02, 0x50, 0xA1, 0x48, 0x81, 
0x38, 0x60, 0x20, 0x20, 0x28, 0x40, 0x20, 0x20, 0x20, 0x20, 0x18, 0x20, 0x08, 0x00, 0x08, 0x00, 0x10, 0x20, 0x00, 0x00, 0x08, 0x00, 0x08, 0x00, 0x18, 0x00, 0x18, 0x00, 0x20, 0x00, 0x28, 0x00, 
0x30, 0x20, 0x40, 0x60, 0x50, 0xC2, 0x71, 0xC6, 0x93, 0x0B, 0xAB, 0xEE, 0xAB, 0xEE, 0xAC, 0x0E, 0xAC, 0x0F, 0xAC, 0x0F, 0xAC, 0x0F, 0xAC, 0x0F, 0xAC, 0x0F, 0xAC, 0x0F, 0xA4, 0x0F, 0xA3, 0xCE, 
0x9B, 0x6C, 0x93, 0x4B, 0x93, 0x4B, 0x9B, 0x4B, 0x93, 0x4B, 0x93, 0x4B, 0x93, 0x4B, 0x93, 0x4B, 0x93, 0x4A, 0x9B, 0x4B, 0x9B, 0x4B, 0x9B, 0x4B, 0x9B, 0x4B, 0x9B, 0x4B, 0x9B, 0x4B, 0x9B, 0x4B, 
0x9B, 0x4B, 0x9B, 0x4B, 0x9B, 0x4B, 0x9B, 0x4B, 0x92, 0x88, 0x81, 0x64, 0x78, 0xC1, 0x78, 0xA1, 0x78, 0x80, 0x70, 0x60, 0x70, 0x40, 0x68, 0x40, 0x70, 0x40, 0x98, 0xE1, 0xA9, 0x42, 0xB9, 0xA3, 
0xED, 0xD7, 0xEE, 0x18, 0xEE, 0x39, 0xEE, 0x39, 0xEE, 0x39, 0xF6, 0x59, 0xF6, 0x59, 0xF6, 0x59, 0xF6, 0x59, 0xF6, 0x59, 0xEE, 0x39, 0xED, 0xF8, 0xDC, 0xB2, 0xDC, 0x71, 0xE5, 0x34, 0xE5, 0x34, 
0xE5, 0x35, 0xE5, 0x55, 0xE5, 0x75, 0xED, 0x76, 0xED, 0x76, 0xE5, 0x76, 0xE5, 0x76, 0xE5, 0x76, 0xE5, 0x75, 0xE5, 0x34, 0xE5, 0x13, 0xE4, 0xF3, 0xE4, 0xF3, 0xE4, 0xF3, 0xE4, 0xF3, 0xE4, 0xF3, 
0xE4, 0xF3, 0xE4, 0xF3, 0xE4, 0xD2, 0xE4, 0xD2, 0xDC, 0xB2, 0xDC, 0x91, 0xDC, 0x70, 0xDC, 0x50, 0xDC, 0x4F, 0xD4, 0x2F, 0xD4, 0x0E, 0xD3, 0xCD, 0xCB, 0xAC, 0xCB, 0x6B, 0xCB, 0x4A, 0xCB, 0x29, 
0xCB, 0x29, 0xCB, 0x29, 0xCB, 0x2A, 0xCB, 0x2A, 0xCB, 0x2A, 0xCB, 0x2A, 0xCB, 0x2A, 0xCB, 0x4A, 0xCB, 0x4A, 0xD3, 0x4A, 0xD3, 0x4A, 0xD3, 0x4A, 0xD3, 0x4A, 0xD3, 0x4A, 0xD3, 0x4A, 0xD3, 0x4A, 
0xD3, 0x4A, 0xD3, 0x4A, 0xD3, 0x4A, 0xD3, 0x2A, 0xD3, 0x4B, 0xD3, 0x6B, 0xCB, 0x2A, 0xCB, 0x2A, 0xCB, 0x2A, 0xC3, 0x09, 0x79, 0x23, 0x30, 0x20, 0x20, 0x00, 0x18, 0x00, 0x10, 0x00, 0x08, 0x00, 
0x08, 0x20, 0x10, 0x20, 0x10, 0x20, 0x08, 0x00, 0x08, 0x20, 0x10, 0x41, 0x10, 0x41, 0x10, 0x20, 0x10, 0x40, 0x10, 0x20, 0x08, 0x20, 0x08, 0x00, 0x00, 0x00, 0x00, 0x00, 0x00, 0x00, 0x00, 0x00, 
0x00, 0x00, 0x10, 0x20, 0x28, 0x81, 0x41, 0x03, 0x59, 0x84, 0x72, 0x06, 0x7A, 0x26, 0x82, 0x46, 0x82, 0x66, 0x8A, 0x87, 0x8A, 0xA7, 0x8A, 0xC8, 0x8A, 0xC8, 0x8A, 0xA8, 0x8A, 0x87, 0x7A, 0x46, 
0x69, 0xC4, 0x59, 0x83, 0x69, 0xE4, 0x8A, 0xA7, 0xA3, 0x4A, 0xB3, 0xEC, 0xBC, 0x2E, 0xC4, 0x6F, 0xC4, 0x6F, 0xC4, 0x2E, 0xBC, 0x0D, 0xB4, 0x0E, 0xB4, 0x0E, 0xAB, 0xAC, 0xA3, 0x2A, 0xA3, 0x09, 
0x92, 0xC8, 0x92, 0x88, 0x92, 0x88, 0x92, 0x88, 0x92, 0x87, 0x9A, 0xA8, 0x9A, 0xC9, 0xA3, 0x0A, 0xAB, 0x4B, 0xB3, 0x6B, 0xB3, 0xAC, 0xBB, 0xCC, 0xC3, 0xED, 0xC3, 0xED, 0xCC, 0x0D, 0xCC, 0x0D, 
0xCC, 0x0D, 0xD4, 0x2E, 0xD4, 0x4E, 0xD4, 0x4F, 0xDC, 0x4E, 0xDC, 0x2E, 0xDC, 0x2E, 0xDC, 0x2E, 0xDC, 0x2D, 0xDC, 0x0D, 0xDC, 0x0C, 0xDB, 0xEC, 0xDB, 0xEC, 0xDB, 0xCB, 0xDB, 0xAB, 0xD3, 0x6A, 
0xCB, 0x49, 0xCB, 0x09, 0xAA, 0x87, 0x81, 0xC5, 0x69, 0x43, 0x50, 0xE2, 0x50, 0xC1, 0x81, 0x83, 0xAA, 0xC8, 0xAA, 0xC8, 0x81, 0xE5, 0x58, 0xE2, 0x58, 0xE2, 0x59, 0x02, 0x58, 0xE1, 0x50, 0xA1, 
0x50, 0xA1, 0x28, 0x40, 0x28, 0x40, 0x20, 0x20, 0x20, 0x20, 0x20, 0x20, 0x08, 0x00, 0x08, 0x00, 0x10, 0x20, 0x08, 0x00, 0x00, 0x00, 0x10, 0x00, 0x18, 0x00, 0x38, 0x82, 0x49, 0x03, 0x48, 0xE3, 
0x69, 0xC6, 0x8A, 0xAA, 0xA3, 0x8D, 0xAB, 0xEE, 0xAB, 0xEE, 0xAB, 0xEE, 0xAB, 0xEE, 0xAB, 0xEE, 0xAC, 0x0E, 0xAC, 0x0F, 0xAC, 0x0F, 0xAC, 0x0F, 0xAC, 0x2F, 0xAC, 0x2F, 0xA4, 0x0F, 0xA3, 0xCD, 
0x9B, 0x6C, 0x93, 0x4B, 0x9B, 0x4B, 0x9B, 0x4B, 0x9B, 0x4B, 0x9B, 0x4B, 0x9B, 0x4B, 0x9B, 0x4B, 0x9B, 0x4B, 0x9B, 0x4B, 0x9B, 0x4B, 0x9B, 0x4B, 0x9B, 0x4B, 0x9B, 0x4B, 0x9B, 0x4B, 0x9B, 0x4B, 
0x9B, 0x4B, 0x9B, 0x4B, 0x9B, 0x4B, 0x9B, 0x4B, 0x9B, 0x4B, 0x9B, 0x4B, 0x9A, 0xEA, 0x8A, 0x06, 0x81, 0x02, 0x78, 0x60, 0x70, 0x40, 0x70, 0x40, 0x80, 0x80, 0xA1, 0x01, 0xB1, 0x42, 0xB9, 0xA3, 
0xED, 0xB7, 0xED, 0xF8, 0xEE, 0x39, 0xEE, 0x39, 0xEE, 0x39, 0xF6, 0x39, 0xF6, 0x59, 0xF6, 0x59, 0xF6, 0x59, 0xF6, 0x39, 0xEE, 0x39, 0xED, 0xD7, 0xDC, 0x91, 0xDC, 0x92, 0xE5, 0x35, 0xE5, 0x35, 
0xE5, 0x35, 0xE5, 0x55, 0xE5, 0x55, 0xED, 0x76, 0xE5, 0x76, 0xE5, 0x76, 0xED, 0x96, 0xE5, 0x76, 0xE5, 0x75, 0xE5, 0x34, 0xE5, 0x13, 0xDC, 0xF3, 0xDC, 0xF3, 0xE4, 0xF3, 0xE4, 0xF3, 0xE4, 0xF3, 
0xE4, 0xF3, 0xE4, 0xF3, 0xE4, 0xD2, 0xDC, 0xD2, 0xDC, 0xB2, 0xDC, 0x91, 0xDC, 0x70, 0xDC, 0x50, 0xDC, 0x4F, 0xD4, 0x2F, 0xD3, 0xEE, 0xCB, 0xCD, 0xCB, 0x8C, 0xCB, 0x6B, 0xCB, 0x4A, 0xCB, 0x2A, 
0xCB, 0x29, 0xCB, 0x29, 0xCB, 0x29, 0xCB, 0x2A, 0xCB, 0x2A, 0xCB, 0x2A, 0xCB, 0x2A, 0xCB, 0x4A, 0xCB, 0x4A, 0xCB, 0x4A, 0xD3, 0x6A, 0xD3, 0x6A, 0xD3, 0x4A, 0xD3, 0x4A, 0xD3, 0x4A, 0xD3, 0x4A, 
0xD3, 0x4A, 0xD3, 0x4A, 0xD3, 0x4A, 0xD3, 0x4A, 0xD3, 0x6B, 0xD3, 0x6B, 0xCB, 0x29, 0xCB, 0x4A, 0xCB, 0x2A, 0xCB, 0x2A, 0x69, 0x02, 0x28, 0x20, 0x18, 0x00, 0x10, 0x00, 0x08, 0x00, 0x08, 0x00, 
0x08, 0x00, 0x08, 0x20, 0x10, 0x20, 0x08, 0x00, 0x08, 0x00, 0x10, 0x41, 0x10, 0x41, 0x10, 0x40, 0x10, 0x21, 0x10, 0x41, 0x08, 0x20, 0x08, 0x20, 0x00, 0x00, 0x00, 0x00, 0x00, 0x00, 0x00, 0x00, 
0x08, 0x00, 0x18, 0x40, 0x30, 0xE2, 0x49, 0x43, 0x61, 0xA4, 0x71, 0xE5, 0x7A, 0x25, 0x82, 0x46, 0x8A, 0x66, 0x8A, 0x87, 0x8A, 0xA7, 0x8A, 0xC8, 0x92, 0xE8, 0x92, 0xE9, 0x92, 0xE8, 0x8A, 0x87, 
0x7A, 0x25, 0x61, 0x83, 0x59, 0x63, 0x72, 0x25, 0x9B, 0x09, 0xAB, 0xAB, 0xBC, 0x0D, 0xC4, 0x2E, 0xC4, 0x2E, 0xC4, 0x0D, 0xBC, 0x0D, 0xBB, 0xED, 0xB3, 0xED, 0xB3, 0xED, 0xAB, 0x8C, 0xAB, 0x6B, 
0xA3, 0x4A, 0x9A, 0xE9, 0x9A, 0xE9, 0x9A, 0xC9, 0xA2, 0xE9, 0xA3, 0x0A, 0xAB, 0x4A, 0xAB, 0x6B, 0xB3, 0x8B, 0xB3, 0xAC, 0xBB, 0xCC, 0xC3, 0xED, 0xC3, 0xED, 0xC3, 0xED, 0xCC, 0x0D, 0xCC, 0x0D, 
0xD4, 0x2E, 0xD4, 0x4E, 0xD4, 0x4F, 0xDC, 0x4F, 0xDC, 0x4F, 0xDC, 0x4E, 0xDC, 0x2E, 0xDC, 0x2E, 0xDC, 0x2E, 0xDC, 0x2D, 0xE4, 0x0D, 0xE3, 0xEC, 0xE3, 0xEC, 0xDB, 0xCB, 0xDB, 0xAB, 0xDB, 0x8A, 
0xD3, 0x49, 0xC3, 0x09, 0xB2, 0x87, 0x81, 0xC5, 0x71, 0x64, 0x61, 0x03, 0x71, 0x63, 0x89, 0xC4, 0x92, 0x05, 0x92, 0x26, 0x59, 0x02, 0x61, 0x23, 0x81, 0xE5, 0x8A, 0x46, 0x79, 0x84, 0x69, 0x22, 
0x58, 0xC1, 0x38, 0x60, 0x20, 0x40, 0x20, 0x40, 0x20, 0x20, 0x20, 0x20, 0x10, 0x00, 0x08, 0x00, 0x18, 0x40, 0x10, 0x00, 0x08, 0x00, 0x10, 0x00, 0x20, 0x00, 0x59, 0x03, 0x92, 0xEA, 0x92, 0xEA, 
0x9B, 0x4C, 0xAB, 0xCE, 0xAB, 0xEE, 0xAB, 0xEE, 0xAB, 0xCD, 0xAB, 0xED, 0xAB, 0xEE, 0xAB, 0xEE, 0xAC, 0x0E, 0xAC, 0x0E, 0xAC, 0x0E, 0xAC, 0x2F, 0xAC, 0x2F, 0xAC, 0x2F, 0xA4, 0x0F, 0x9B, 0xCD, 
0x9B, 0x8C, 0x93, 0x6B, 0x9B, 0x4B, 0x9B, 0x6B, 0x9B, 0x6B, 0x9B, 0x4B, 0x9B, 0x4B, 0x9B, 0x4B, 0x9B, 0x4B, 0x9B, 0x4B, 0x9B, 0x4B, 0x9B, 0x4B, 0x9B, 0x4B, 0x9B, 0x6B, 0x9B, 0x4B, 0x9B, 0x4B, 
0x9B, 0x6B, 0x9B, 0x6B, 0x9B, 0x6B, 0x9B, 0x6B, 0x9B, 0x4B, 0x9B, 0x4B, 0x9B, 0x4B, 0x9B, 0x4B, 0x9B, 0x4B, 0x92, 0xA9, 0x89, 0xA5, 0x78, 0xA1, 0x98, 0xE1, 0xA9, 0x21, 0xB9, 0x62, 0xC1, 0xC3, 
0xED, 0xB7, 0xED, 0xD7, 0xEE, 0x19, 0xEE, 0x39, 0xEE, 0x39, 0xEE, 0x39, 0xEE, 0x39, 0xEE, 0x39, 0xEE, 0x59, 0xEE, 0x39, 0xEE, 0x39, 0xED, 0xB6, 0xDC, 0x91, 0xDC, 0xB3, 0xE5, 0x35, 0xE5, 0x35, 
0xE5, 0x55, 0xE5, 0x55, 0xE5, 0x75, 0xED, 0x76, 0xED, 0x76, 0xED, 0x96, 0xED, 0x96, 0xE5, 0x76, 0xE5, 0x55, 0xE5, 0x34, 0xDD, 0x13, 0xDC, 0xF3, 0xE4, 0xF3, 0xE4, 0xF3, 0xE4, 0xF3, 0xE4, 0xF3, 
0xE4, 0xF3, 0xE4, 0xF3, 0xDC, 0xD2, 0xDC, 0xD2, 0xDC, 0xB1, 0xDC, 0x91, 0xDC, 0x70, 0xDC, 0x50, 0xD4, 0x4F, 0xD4, 0x0F, 0xD3, 0xED, 0xCB, 0xAD, 0xCB, 0x8C, 0xCB, 0x6A, 0xCB, 0x4A, 0xCB, 0x4A, 
0xCB, 0x2A, 0xCB, 0x29, 0xCB, 0x2A, 0xCB, 0x2A, 0xCB, 0x4A, 0xCB, 0x2A, 0xCB, 0x4A, 0xCB, 0x4A, 0xCB, 0x4A, 0xD3, 0x6A, 0xD3, 0x6A, 0xD3, 0x6A, 0xD3, 0x4A, 0xD3, 0x4A, 0xD3, 0x4A, 0xD3, 0x4A, 
0xD3, 0x4A, 0xD3, 0x4A, 0xD3, 0x4A, 0xD3, 0x4A, 0xD3, 0x6B, 0xD3, 0x4B, 0xCB, 0x2A, 0xCB, 0x4A, 0xCB, 0x4A, 0xC3, 0x09, 0x58, 0xC1, 0x20, 0x00, 0x18, 0x00, 0x10, 0x00, 0x08, 0x00, 0x08, 0x00, 
0x08, 0x00, 0x08, 0x00, 0x10, 0x40, 0x08, 0x00, 0x08, 0x00, 0x10, 0x20, 0x10, 0x41, 0x10, 0x21, 0x10, 0x40, 0x10, 0x41, 0x08, 0x20, 0x08, 0x20, 0x08, 0x20, 0x00, 0x00, 0x00, 0x00, 0x00, 0x00, 
0x00, 0x00, 0x18, 0x40, 0x30, 0xA1, 0x49, 0x02, 0x59, 0x63, 0x69, 0xC4, 0x72, 0x05, 0x72, 0x05, 0x69, 0xC4, 0x69, 0xA4, 0x69, 0xA4, 0x69, 0xC5, 0x72, 0x05, 0x7A, 0x46, 0x8A, 0xC8, 0x92, 0xC8, 
0x8A, 0x87, 0x71, 0xE5, 0x59, 0x63, 0x61, 0xA3, 0x82, 0x87, 0xA3, 0x6B, 0xB3, 0xED, 0xBC, 0x2E, 0xBC, 0x0E, 0xBB, 0xED, 0xBB, 0xEC, 0xBB, 0xED, 0xBC, 0x0D, 0xBC, 0x0E, 0xB3, 0xED, 0xB3, 0xCD, 
0xAB, 0xAC, 0xAB, 0x6B, 0xA3, 0x4A, 0xA3, 0x2A, 0xAB, 0x2A, 0xAB, 0x2A, 0xAB, 0x4B, 0xB3, 0x6B, 0xB3, 0x8B, 0xBB, 0xAC, 0xBB, 0xAC, 0xC3, 0xCC, 0xC3, 0xEC, 0xC3, 0xED, 0xCC, 0x0D, 0xCC, 0x0E, 
0xD4, 0x2E, 0xD4, 0x4F, 0xDC, 0x6F, 0xDC, 0x4F, 0xDC, 0x4F, 0xD4, 0x0D, 0xDC, 0x2E, 0xE4, 0x2E, 0xE4, 0x2D, 0xE4, 0x0D, 0xE4, 0x0D, 0xE4, 0x0C, 0xE3, 0xEC, 0xE3, 0xCB, 0xE3, 0xAB, 0xDB, 0x8A, 
0xD3, 0x6A, 0xCB, 0x09, 0xBA, 0xA8, 0x89, 0xC5, 0x79, 0x64, 0x69, 0x43, 0x89, 0xC5, 0x92, 0x05, 0x9A, 0x46, 0x69, 0x22, 0x61, 0x43, 0x8A, 0x26, 0xA2, 0xE8, 0xA2, 0xE8, 0x92, 0x05, 0x71, 0x22, 
0x58, 0xC1, 0x40, 0x80, 0x20, 0x20, 0x18, 0x20, 0x20, 0x20, 0x28, 0x20, 0x18, 0x00, 0x08, 0x00, 0x18, 0x40, 0x10, 0x20, 0x08, 0x00, 0x18, 0x00, 0x20, 0x00, 0x48, 0x81, 0x8A, 0x88, 0xA3, 0x6C, 
0x93, 0x0A, 0xA3, 0x8D, 0xAB, 0xCD, 0xAB, 0xCD, 0xAB, 0xAD, 0xAB, 0xEE, 0xA3, 0xEE, 0xAB, 0xEE, 0xAC, 0x0E, 0xAC, 0x0F, 0xAC, 0x0F, 0xAC, 0x2F, 0xAC, 0x2F, 0xAC, 0x2F, 0xA4, 0x0F, 0x9B, 0xCD, 
0x9B, 0x8C, 0x9B, 0x6B, 0x9B, 0x6B, 0x9B, 0x6B, 0x9B, 0x6B, 0x9B, 0x6B, 0x9B, 0x6B, 0x9B, 0x4B, 0x9B, 0x4B, 0x9B, 0x6B, 0x9B, 0x6B, 0x9B, 0x6B, 0x9B, 0x6B, 0x9B, 0x6B, 0x9B, 0x6B, 0x9B, 0x6B, 
0x9B, 0x6B, 0x9B, 0x6B, 0x9B, 0x6B, 0x9B, 0x6B, 0x9B, 0x6B, 0x9B, 0x6B, 0x9B, 0x6B, 0x9B, 0x6B, 0x9B, 0x4B, 0x9B, 0x4B, 0x9B, 0x4B, 0x9A, 0x88, 0xA1, 0x01, 0xB1, 0x22, 0xB9, 0x83, 0xC1, 0xC4, 
0xED, 0xB7, 0xED, 0xD7, 0xEE, 0x18, 0xEE, 0x19, 0xEE, 0x39, 0xEE, 0x39, 0xEE, 0x18, 0xEE, 0x18, 0xEE, 0x39, 0xEE, 0x39, 0xEE, 0x39, 0xE5, 0x76, 0xD4, 0x91, 0xDC, 0xF3, 0xE5, 0x35, 0xE5, 0x35, 
0xE5, 0x55, 0xE5, 0x55, 0xE5, 0x76, 0xED, 0x76, 0xED, 0x96, 0xED, 0x96, 0xED, 0x96, 0xE5, 0x76, 0xE5, 0x55, 0xE5, 0x33, 0xE5, 0x13, 0xDC, 0xF3, 0xDC, 0xF3, 0xDC, 0xF3, 0xDC, 0xF3, 0xDC, 0xF3, 
0xDC, 0xF3, 0xDC, 0xF3, 0xDC, 0xD2, 0xDC, 0xB2, 0xDC, 0x91, 0xDC, 0x70, 0xDC, 0x70, 0xDC, 0x50, 0xD4, 0x4F, 0xD4, 0x0E, 0xD3, 0xED, 0xCB, 0xAC, 0xCB, 0x8B, 0xCB, 0x6A, 0xCB, 0x4A, 0xCB, 0x49, 
0xCB, 0x4A, 0xCB, 0x29, 0xCB, 0x4A, 0xCB, 0x4A, 0xCB, 0x4A, 0xCB, 0x2A, 0xCB, 0x4A, 0xCB, 0x4A, 0xCB, 0x4A, 0xCB, 0x6A, 0xD3, 0x6A, 0xD3, 0x6A, 0xD3, 0x6A, 0xD3, 0x6A, 0xD3, 0x6A, 0xD3, 0x4A, 
0xD3, 0x6A, 0xD3, 0x6A, 0xD3, 0x4A, 0xD3, 0x4A, 0xD3, 0x6B, 0xD3, 0x4A, 0xD3, 0x4B, 0xCB, 0x4A, 0xCB, 0x6B, 0xAA, 0x67, 0x38, 0x40, 0x20, 0x00, 0x10, 0x00, 0x10, 0x00, 0x08, 0x00, 0x08, 0x00, 
0x08, 0x00, 0x00, 0x00, 0x08, 0x20, 0x08, 0x00, 0x08, 0x00, 0x08, 0x20, 0x18, 0x61, 0x10, 0x41, 0x10, 0x41, 0x10, 0x41, 0x08, 0x20, 0x00, 0x00, 0x10, 0x40, 0x00, 0x00, 0x00, 0x00, 0x00, 0x00, 
0x00, 0x00, 0x10, 0x20, 0x28, 0x80, 0x40, 0xE1, 0x51, 0x22, 0x61, 0x63, 0x59, 0x43, 0x59, 0x43, 0x59, 0x63, 0x49, 0x02, 0x30, 0xA1, 0x28, 0x61, 0x20, 0x61, 0x28, 0xA2, 0x30, 0xC2, 0x61, 0xE5, 
0x8A, 0xC8, 0x82, 0x46, 0x59, 0x83, 0x59, 0x63, 0x7A, 0x46, 0xA3, 0x4A, 0xB3, 0xCC, 0xBB, 0xED, 0xBC, 0x0D, 0xC4, 0x0D, 0xC4, 0x0D, 0xBB, 0xED, 0xBC, 0x0D, 0xBC, 0x0D, 0xBC, 0x0D, 0xBC, 0x0D, 
0xBB, 0xED, 0xB3, 0xED, 0xB3, 0xCC, 0xB3, 0xAC, 0xB3, 0x8C, 0xB3, 0x6B, 0xB3, 0x6B, 0xB3, 0x6B, 0xB3, 0x8B, 0xBB, 0xAB, 0xBB, 0xAC, 0xC3, 0xCC, 0xC3, 0xCC, 0xC3, 0xEC, 0xCB, 0xED, 0xD4, 0x0E, 
0xD4, 0x2E, 0xDC, 0x4F, 0xDC, 0x70, 0xDC, 0x6F, 0xDC, 0x4F, 0xDC, 0x4E, 0xDC, 0x2E, 0xE4, 0x2E, 0xE4, 0x2D, 0xE4, 0x0D, 0xE4, 0x0D, 0xE3, 0xEC, 0xE3, 0xEC, 0xE3, 0xCB, 0xE3, 0xAB, 0xDB, 0x8A, 
0xDB, 0x69, 0xCB, 0x29, 0xBA, 0xC8, 0x9A, 0x26, 0x81, 0xA4, 0x79, 0xA4, 0x89, 0xE5, 0xAA, 0x87, 0x92, 0x05, 0x79, 0xC4, 0xA2, 0xE8, 0xAB, 0x29, 0xB3, 0x69, 0xAA, 0xE8, 0x9A, 0x66, 0x79, 0x63, 
0x60, 0xE1, 0x40, 0x60, 0x10, 0x00, 0x10, 0x00, 0x18, 0x20, 0x28, 0x20, 0x18, 0x20, 0x10, 0x00, 0x18, 0x40, 0x18, 0x20, 0x10, 0x00, 0x18, 0x00, 0x28, 0x00, 0x40, 0x40, 0x79, 0xC5, 0xA3, 0x6C, 
0xA3, 0xAD, 0x93, 0x0A, 0xA3, 0x8C, 0xAB, 0xCD, 0xAB, 0xAD, 0xAB, 0xED, 0xAB, 0xEE, 0xAB, 0xEE, 0xAC, 0x0E, 0xAC, 0x0F, 0xAC, 0x0F, 0xAC, 0x2F, 0xAC, 0x2F, 0xAC, 0x2F, 0xA4, 0x0F, 0x9B, 0xCD, 
0x9B, 0x8C, 0x9B, 0x6B, 0x9B, 0x6B, 0x9B, 0x6B, 0x9B, 0x6B, 0x9B, 0x6B, 0x9B, 0x6B, 0x9B, 0x6B, 0x9B, 0x6B, 0x9B, 0x6B, 0x9B, 0x6B, 0x9B, 0x6B, 0x9B, 0x6B, 0x9B, 0x6B, 0x9B, 0x6B, 0x9B, 0x6B, 
0x9B, 0x6B, 0x9B, 0x6B, 0x9B, 0x6B, 0x9B, 0x6B, 0x9B, 0x6B, 0x9B, 0x6B, 0x9B, 0x6B, 0x9B, 0x6B, 0x9B, 0x6B, 0x9B, 0x4B, 0x9B, 0x4B, 0x99, 0xA4, 0xA9, 0x01, 0xB1, 0x42, 0xC1, 0x83, 0xC1, 0xC4, 
0xE5, 0xB6, 0xED, 0xD7, 0xED, 0xF8, 0xEE, 0x18, 0xEE, 0x19, 0xEE, 0x19, 0xED, 0xF8, 0xEE, 0x18, 0xEE, 0x39, 0xEE, 0x39, 0xEE, 0x18, 0xE5, 0x55, 0xD4, 0x91, 0xDD, 0x14, 0xE5, 0x35, 0xE5, 0x55, 
0xE5, 0x55, 0xE5, 0x76, 0xE5, 0x76, 0xED, 0x96, 0xED, 0x96, 0xED, 0x96, 0xED, 0x96, 0xE5, 0x96, 0xE5, 0x55, 0xE5, 0x13, 0xDC, 0xF3, 0xDC, 0xF3, 0xDC, 0xF3, 0xDC, 0xF3, 0xDC, 0xF3, 0xDC, 0xF3, 
0xDC, 0xF3, 0xDC, 0xF3, 0xDC, 0xD2, 0xDC, 0xB1, 0xDC, 0x91, 0xDC, 0x70, 0xDC, 0x70, 0xDC, 0x50, 0xD4, 0x2F, 0xD4, 0x0E, 0xCB, 0xCD, 0xCB, 0x8C, 0xCB, 0x6B, 0xCB, 0x4A, 0xCB, 0x4A, 0xCB, 0x4A, 
0xCB, 0x4A, 0xCB, 0x4A, 0xCB, 0x4A, 0xCB, 0x4A, 0xCB, 0x4A, 0xCB, 0x2A, 0xCB, 0x4A, 0xCB, 0x4A, 0xCB, 0x4A, 0xCB, 0x6A, 0xD3, 0x6A, 0xD3, 0x6A, 0xD3, 0x6A, 0xD3, 0x6A, 0xD3, 0x6A, 0xD3, 0x6A, 
0xD3, 0x6A, 0xD3, 0x6B, 0xD3, 0x6B, 0xD3, 0x6A, 0xD3, 0x6B, 0xCB, 0x4A, 0xD3, 0x6B, 0xCB, 0x6B, 0xCB, 0x4B, 0x89, 0xA4, 0x28, 0x00, 0x18, 0x00, 0x10, 0x00, 0x10, 0x00, 0x08, 0x00, 0x08, 0x00, 
0x08, 0x00, 0x00, 0x00, 0x08, 0x00, 0x10, 0x20, 0x08, 0x00, 0x08, 0x00, 0x10, 0x41, 0x10, 0x61, 0x10, 0x41, 0x10, 0x41, 0x08, 0x20, 0x08, 0x00, 0x08, 0x20, 0x08, 0x20, 0x00, 0x00, 0x00, 0x00, 
0x00, 0x00, 0x00, 0x00, 0x18, 0x40, 0x30, 0xA1, 0x40, 0xC1, 0x48, 0xE2, 0x49, 0x02, 0x40, 0xE2, 0x30, 0xA1, 0x41, 0x65, 0x20, 0x82, 0x18, 0x20, 0x08, 0x20, 0x41, 0xE7, 0x10, 0x20, 0x10, 0x20, 
0x51, 0x64, 0x82, 0xA8, 0x61, 0x83, 0x59, 0x62, 0x7A, 0x46, 0xA3, 0x4A, 0xB3, 0xAB, 0xBB, 0xED, 0xBC, 0x0D, 0xC4, 0x0D, 0xC3, 0xED, 0xC4, 0x0D, 0xBC, 0x0D, 0xC4, 0x0D, 0xC4, 0x2E, 0xC4, 0x2E, 
0xC4, 0x2F, 0xC4, 0x0E, 0xBC, 0x0E, 0xBB, 0xED, 0xBB, 0xCC, 0xBB, 0xAC, 0xBB, 0xAC, 0xBB, 0x8C, 0xBB, 0x8B, 0xBB, 0xAB, 0xBB, 0xAB, 0xC3, 0xAB, 0xC3, 0xAB, 0xC3, 0xCC, 0xCB, 0xED, 0xD4, 0x0E, 
0xD4, 0x2F, 0xDC, 0x6F, 0xDC, 0x70, 0xDC, 0x6F, 0xDC, 0x4F, 0xDC, 0x4E, 0xE4, 0x2E, 0xE4, 0x2E, 0xE4, 0x2D, 0xE4, 0x0D, 0xE4, 0x0D, 0xE3, 0xEC, 0xE3, 0xEC, 0xE3, 0xCB, 0xE3, 0xAA, 0xDB, 0x8A, 
0xDB, 0x49, 0xD3, 0x29, 0xC2, 0xE8, 0xA2, 0x47, 0x89, 0xC5, 0x92, 0x26, 0x89, 0xE5, 0xAA, 0x87, 0x92, 0x05, 0x9A, 0x25, 0xAA, 0xE8, 0xB3, 0x28, 0x9A, 0x66, 0xAA, 0xA7, 0xAA, 0xA7, 0x89, 0xC4, 
0x79, 0x43, 0x38, 0x60, 0x18, 0x20, 0x10, 0x00, 0x18, 0x20, 0x28, 0x20, 0x20, 0x20, 0x10, 0x00, 0x18, 0x40, 0x10, 0x20, 0x18, 0x00, 0x20, 0x00, 0x28, 0x00, 0x38, 0x20, 0x71, 0x43, 0x9A, 0xEA, 
0xA3, 0x8C, 0xA3, 0x8C, 0x9B, 0x2A, 0xA3, 0x8C, 0xAB, 0xAC, 0xAB, 0xEE, 0xAB, 0xEE, 0xAB, 0xEE, 0xAC, 0x0F, 0xAC, 0x0F, 0xAC, 0x2F, 0xAC, 0x2F, 0xAC, 0x2F, 0xAC, 0x2F, 0xA4, 0x0E, 0x9B, 0xAD, 
0x9B, 0x8C, 0x9B, 0x6B, 0x9B, 0x6B, 0x9B, 0x6B, 0x9B, 0x6B, 0x9B, 0x6B, 0x9B, 0x6B, 0x9B, 0x6B, 0x9B, 0x6B, 0x9B, 0x6B, 0x9B, 0x6B, 0x9B, 0x6B, 0x9B, 0x6B, 0x9B, 0x6B, 0x9B, 0x6B, 0x9B, 0x6B, 
0x9B, 0x6B, 0x9B, 0x6B, 0x9B, 0x6B, 0x9B, 0x6B, 0x9B, 0x6B, 0x9B, 0x6B, 0x9B, 0x6B, 0x9B, 0x6B, 0x9B, 0x6B, 0x9B, 0x4B, 0x9A, 0xC9, 0xA1, 0x02, 0xA9, 0x22, 0xB9, 0x63, 0xC1, 0x83, 0xC1, 0xC4, 
0xE5, 0x75, 0xE5, 0xB7, 0xE5, 0xF8, 0xED, 0xF8, 0xEE, 0x18, 0xED, 0xF8, 0xED, 0xD8, 0xED, 0xF7, 0xEE, 0x18, 0xEE, 0x18, 0xED, 0xF8, 0xDD, 0x34, 0xDC, 0xB2, 0xE5, 0x35, 0xE5, 0x55, 0xE5, 0x56, 
0xE5, 0x55, 0xE5, 0x76, 0xED, 0x96, 0xE5, 0x96, 0xED, 0x96, 0xED, 0x96, 0xE5, 0x96, 0xE5, 0x76, 0xE5, 0x54, 0xE5, 0x13, 0xE4, 0xF3, 0xDC, 0xF3, 0xDC, 0xF3, 0xDD, 0x13, 0xDC, 0xF3, 0xDC, 0xF3, 
0xDC, 0xF3, 0xDC, 0xD2, 0xDC, 0xB2, 0xDC, 0x91, 0xDC, 0x90, 0xDC, 0x70, 0xDC, 0x70, 0xD4, 0x4F, 0xD4, 0x0E, 0xCB, 0xEE, 0xCB, 0xCC, 0xCB, 0x8B, 0xCB, 0x6A, 0xCB, 0x4A, 0xCB, 0x29, 0xCB, 0x2A, 
0xCB, 0x4A, 0xCB, 0x4A, 0xCB, 0x4A, 0xCB, 0x4A, 0xCB, 0x4A, 0xCB, 0x2A, 0xCB, 0x4A, 0xCB, 0x6A, 0xCB, 0x6A, 0xCB, 0x6A, 0xD3, 0x6A, 0xD3, 0x6A, 0xD3, 0x6A, 0xD3, 0x6A, 0xD3, 0x6A, 0xD3, 0x6B, 
0xD3, 0x6B, 0xD3, 0x6B, 0xD3, 0x8B, 0xD3, 0x6B, 0xD3, 0x6A, 0xCB, 0x4A, 0xD3, 0x6B, 0xCB, 0x6B, 0xC2, 0xE9, 0x69, 0x02, 0x20, 0x00, 0x10, 0x00, 0x10, 0x00, 0x10, 0x00, 0x08, 0x00, 0x08, 0x00, 
0x08, 0x00, 0x00, 0x00, 0x00, 0x00, 0x08, 0x20, 0x08, 0x00, 0x08, 0x00, 0x08, 0x00, 0x10, 0x41, 0x10, 0x41, 0x08, 0x20, 0x10, 0x20, 0x08, 0x20, 0x00, 0x00, 0x08, 0x20, 0x00, 0x00, 0x00, 0x00, 
0x00, 0x00, 0x00, 0x00, 0x08, 0x00, 0x28, 0x80, 0x30, 0x81, 0x30, 0x81, 0x30, 0xA1, 0x20, 0x81, 0x49, 0xC6, 0x6A, 0xCA, 0x30, 0xE3, 0x18, 0x20, 0x08, 0x00, 0x10, 0x00, 0x10, 0x20, 0x10, 0x20, 
0x38, 0xE2, 0x82, 0x67, 0x61, 0x83, 0x59, 0x42, 0x7A, 0x46, 0xA3, 0x4A, 0xB3, 0xAB, 0xBB, 0xED, 0xBC, 0x0D, 0xC4, 0x0D, 0xC3, 0xED, 0xC4, 0x0D, 0xC4, 0x2E, 0xC4, 0x2E, 0xC4, 0x4E, 0xC4, 0x4F, 
0xC4, 0x4F, 0xC4, 0x4F, 0xC4, 0x2F, 0xC4, 0x0E, 0xC3, 0xED, 0xBB, 0xED, 0xC3, 0xED, 0xC3, 0xCC, 0xBB, 0xAC, 0xC3, 0xAC, 0xC3, 0xAB, 0xC3, 0xAB, 0xC3, 0xAC, 0xC3, 0xCC, 0xCB, 0xED, 0xD4, 0x0E, 
0xD4, 0x2E, 0xDC, 0x70, 0xDC, 0x70, 0xDC, 0x6F, 0xDC, 0x4F, 0xDC, 0x2E, 0xE4, 0x2E, 0xE4, 0x2E, 0xE4, 0x2E, 0xE4, 0x0D, 0xE4, 0x0D, 0xE4, 0x0D, 0xE3, 0xEC, 0xE3, 0xCB, 0xE3, 0xAB, 0xDB, 0x6A, 
0xDB, 0x6A, 0xD3, 0x49, 0xC3, 0x09, 0xAA, 0x87, 0x92, 0x05, 0x92, 0x06, 0x9A, 0x26, 0xA2, 0x86, 0x9A, 0x45, 0x9A, 0x46, 0xA2, 0x45, 0xAA, 0xA6, 0xAA, 0xA7, 0xAA, 0x86, 0xAA, 0xA7, 0x9A, 0x05, 
0x69, 0x22, 0x20, 0x20, 0x18, 0x20, 0x10, 0x00, 0x18, 0x20, 0x28, 0x20, 0x28, 0x20, 0x18, 0x00, 0x18, 0x20, 0x10, 0x00, 0x18, 0x00, 0x20, 0x00, 0x28, 0x00, 0x38, 0x00, 0x60, 0xC2, 0x92, 0xA9, 
0xA3, 0x4B, 0xA3, 0x6C, 0xA3, 0x8C, 0x9B, 0x0A, 0xA3, 0x6C, 0xAB, 0xCD, 0xAB, 0xEE, 0xAC, 0x0E, 0xAC, 0x0F, 0xAC, 0x2F, 0xAC, 0x4F, 0xAC, 0x50, 0xAC, 0x50, 0xAC, 0x2F, 0xA3, 0xEE, 0x9B, 0xAD, 
0x9B, 0x8C, 0x9B, 0x6B, 0x9B, 0x6B, 0x9B, 0x6B, 0x9B, 0x6B, 0x9B, 0x6B, 0x9B, 0x6B, 0x9B, 0x6B, 0x9B, 0x6B, 0x9B, 0x6B, 0x9B, 0x6C, 0x9B, 0x6B, 0x9B, 0x6B, 0x9B, 0x6B, 0x9B, 0x6B, 0x9B, 0x6B, 
0x9B, 0x6B, 0x9B, 0x6B, 0x9B, 0x6B, 0x9B, 0x6B, 0x9B, 0x6B, 0x9B, 0x6B, 0x9B, 0x6B, 0x9B, 0x6B, 0x9B, 0x6B, 0x9B, 0x4B, 0x9A, 0x06, 0xA1, 0x01, 0xB1, 0x42, 0xB9, 0x63, 0xC1, 0xA4, 0xC1, 0xC4, 
0xDD, 0x35, 0xE5, 0x96, 0xE5, 0xD7, 0xE5, 0xD7, 0xE5, 0xD7, 0xED, 0xF8, 0xED, 0xF8, 0xE5, 0xD7, 0xE5, 0xD7, 0xE5, 0xF8, 0xE5, 0xD7, 0xDD, 0x13, 0xDC, 0xD2, 0xE5, 0x55, 0xE5, 0x55, 0xE5, 0x56, 
0xE5, 0x75, 0xE5, 0x76, 0xE5, 0x96, 0xE5, 0x96, 0xE5, 0x96, 0xED, 0x97, 0xE5, 0x96, 0xE5, 0x76, 0xE5, 0x34, 0xE5, 0x13, 0xDD, 0x13, 0xDC, 0xF3, 0xDC, 0xF3, 0xDD, 0x13, 0xDC, 0xF3, 0xDC, 0xF3, 
0xDC, 0xF2, 0xDC, 0xD2, 0xDC, 0xB1, 0xDC, 0x91, 0xDC, 0x70, 0xDC, 0x70, 0xD4, 0x4F, 0xD4, 0x2E, 0xCC, 0x0E, 0xCB, 0xCD, 0xCB, 0xAC, 0xCB, 0x6B, 0xCB, 0x4A, 0xCB, 0x4A, 0xCB, 0x29, 0xCB, 0x2A, 
0xCB, 0x4A, 0xCB, 0x4A, 0xCB, 0x4A, 0xCB, 0x4A, 0xCB, 0x4A, 0xCB, 0x49, 0xCB, 0x4A, 0xCB, 0x4A, 0xCB, 0x6A, 0xCB, 0x6A, 0xCB, 0x6A, 0xD3, 0x6A, 0xD3, 0x6A, 0xD3, 0x6A, 0xD3, 0x6B, 0xD3, 0x8B, 
0xD3, 0x8B, 0xD3, 0x8B, 0xD3, 0x8B, 0xD3, 0x8B, 0xCB, 0x4A, 0xCB, 0x6B, 0xD3, 0x6B, 0xCB, 0x4B, 0xAA, 0x67, 0x40, 0x40, 0x18, 0x00, 0x18, 0x00, 0x10, 0x00, 0x08, 0x00, 0x08, 0x00, 0x08, 0x00, 
0x08, 0x00, 0x00, 0x00, 0x00, 0x00, 0x08, 0x00, 0x08, 0x00, 0x00, 0x00, 0x08, 0x00, 0x10, 0x20, 0x10, 0x41, 0x08, 0x20, 0x10, 0x41, 0x08, 0x20, 0x00, 0x00, 0x00, 0x00, 0x00, 0x00, 0x00, 0x00, 
0x00, 0x00, 0x00, 0x00, 0x00, 0x00, 0x18, 0x40, 0x28, 0x60, 0x20, 0x40, 0x18, 0x40, 0x30, 0xE3, 0x5A, 0x28, 0x6A, 0xA9, 0x41, 0x85, 0x18, 0x61, 0x10, 0x20, 0x10, 0x20, 0x18, 0x40, 0x51, 0x64, 
0x7A, 0x47, 0x7A, 0x26, 0x59, 0x43, 0x51, 0x42, 0x82, 0x46, 0xA3, 0x4A, 0xAB, 0xAB, 0xBC, 0x0D, 0xC4, 0x0E, 0xC4, 0x0D, 0xC4, 0x0D, 0xC4, 0x0D, 0xC4, 0x2E, 0xCC, 0x4E, 0xCC, 0x4F, 0xCC, 0x6F, 
0xCC, 0x70, 0xCC, 0x70, 0xCC, 0x4F, 0xC4, 0x2E, 0xC4, 0x0E, 0xC3, 0xED, 0xC3, 0xED, 0xC3, 0xED, 0xC3, 0xCD, 0xC3, 0xCC, 0xC3, 0xAC, 0xC3, 0xAC, 0xC3, 0xAC, 0xC3, 0xAB, 0xCB, 0xED, 0xD4, 0x0E, 
0xD4, 0x0E, 0xDC, 0x4F, 0xDC, 0x70, 0xDC, 0x70, 0xDC, 0x4F, 0xDC, 0x2E, 0xDC, 0x2E, 0xE4, 0x0D, 0xE4, 0x2E, 0xE4, 0x0D, 0xE4, 0x0D, 0xE4, 0x0D, 0xE3, 0xEC, 0xE3, 0xCB, 0xE3, 0xAA, 0xDB, 0x49, 
0xDB, 0x6A, 0xDB, 0x29, 0xCB, 0x09, 0xB2, 0xA8, 0xA2, 0x46, 0x91, 0xE5, 0xA2, 0x67, 0xA2, 0x87, 0xA2, 0x66, 0xB2, 0xC7, 0xB2, 0xC7, 0xAA, 0x86, 0xB2, 0xA6, 0xAA, 0x86, 0xAA, 0x86, 0x91, 0xC4, 
0x30, 0x40, 0x18, 0x20, 0x18, 0x40, 0x10, 0x00, 0x18, 0x20, 0x28, 0x20, 0x28, 0x20, 0x18, 0x00, 0x18, 0x00, 0x18, 0x00, 0x18, 0x00, 0x28, 0x20, 0x30, 0x00, 0x30, 0x00, 0x48, 0x20, 0x79, 0x84, 
0x9B, 0x0A, 0xA3, 0x4B, 0xAB, 0xAD, 0xA3, 0x8C, 0x9B, 0x4B, 0xA3, 0x6C, 0xA3, 0xCD, 0xAC, 0x0E, 0xAC, 0x2F, 0xAC, 0x2F, 0xAC, 0x2F, 0xAC, 0x50, 0xAC, 0x50, 0xAC, 0x2F, 0xA3, 0xEE, 0x9B, 0xAC, 
0x9B, 0x8C, 0x9B, 0x6B, 0x9B, 0x6B, 0x9B, 0x6B, 0x9B, 0x6B, 0x9B, 0x6B, 0x9B, 0x8B, 0x9B, 0x6B, 0x9B, 0x6B, 0x9B, 0x6B, 0x9B, 0x6B, 0x9B, 0x6B, 0x9B, 0x6B, 0x9B, 0x6B, 0x9B, 0x6B, 0x9B, 0x6B, 
0x9B, 0x6B, 0x9B, 0x6B, 0x9B, 0x6B, 0x9B, 0x6B, 0x9B, 0x6B, 0x9B, 0x6B, 0x9B, 0x6B, 0x9B, 0x6B, 0x9B, 0x6B, 0x9B, 0x2B, 0x99, 0x43, 0xA9, 0x22, 0xB1, 0x42, 0xC1, 0x83, 0xC1, 0xA4, 0xC9, 0xC4, 
0xDD, 0x14, 0xDD, 0x35, 0xDD, 0x55, 0xE5, 0x76, 0xE5, 0x96, 0xE5, 0xB7, 0xE5, 0xD8, 0xE5, 0xD7, 0xE5, 0xB7, 0xE5, 0xB7, 0xE5, 0x96, 0xDC, 0xF3, 0xDC, 0xD3, 0xE5, 0x55, 0xE5, 0x56, 0xE5, 0x76, 
0xE5, 0x76, 0xE5, 0x96, 0xE5, 0x96, 0xE5, 0x96, 0xE5, 0xB7, 0xE5, 0x97, 0xE5, 0x96, 0xE5, 0x76, 0xE5, 0x34, 0xDD, 0x13, 0xDD, 0x13, 0xDD, 0x13, 0xDC, 0xF3, 0xDC, 0xF3, 0xDC, 0xF3, 0xDC, 0xF3, 
0xDC, 0xF2, 0xDC, 0xD2, 0xDC, 0xB1, 0xDC, 0x90, 0xDC, 0x70, 0xD4, 0x4F, 0xD4, 0x2F, 0xD4, 0x0E, 0xCB, 0xED, 0xCB, 0xAC, 0xCB, 0x8B, 0xCB, 0x6B, 0xCB, 0x4A, 0xCB, 0x4A, 0xCB, 0x49, 0xCB, 0x4A, 
0xCB, 0x4A, 0xCB, 0x4A, 0xCB, 0x4A, 0xCB, 0x4A, 0xCB, 0x4A, 0xCB, 0x4A, 0xCB, 0x4A, 0xCB, 0x4A, 0xCB, 0x6A, 0xCB, 0x6A, 0xCB, 0x6B, 0xD3, 0x6A, 0xD3, 0x6B, 0xD3, 0x8B, 0xD3, 0x8B, 0xD3, 0x8B, 
0xD3, 0x8B, 0xD3, 0x8B, 0xD3, 0x8B, 0xD3, 0x8B, 0xCB, 0x4A, 0xCB, 0x6B, 0xCB, 0x6B, 0xCB, 0x4A, 0x91, 0xA4, 0x28, 0x00, 0x18, 0x00, 0x18, 0x20, 0x08, 0x00, 0x08, 0x00, 0x08, 0x00, 0x08, 0x00, 
0x00, 0x00, 0x00, 0x00, 0x00, 0x00, 0x00, 0x00, 0x08, 0x20, 0x00, 0x00, 0x08, 0x00, 0x08, 0x00, 0x10, 0x61, 0x10, 0x40, 0x10, 0x40, 0x08, 0x20, 0x00, 0x00, 0x00, 0x00, 0x00, 0x00, 0x00, 0x00, 
0x00, 0x00, 0x00, 0x00, 0x00, 0x00, 0x08, 0x20, 0x20, 0x40, 0x18, 0x40, 0x10, 0x20, 0x30, 0xC2, 0x59, 0xE6, 0x62, 0x68, 0x62, 0x89, 0x41, 0x44, 0x28, 0xA1, 0x38, 0xC2, 0x61, 0xA5, 0x7A, 0x06, 
0x82, 0x67, 0x7A, 0x46, 0x59, 0x42, 0x51, 0x42, 0x82, 0x66, 0xAB, 0x6A, 0xB3, 0xCC, 0xBC, 0x0D, 0xC4, 0x2E, 0xC4, 0x0E, 0xC4, 0x0E, 0xC4, 0x0E, 0xC4, 0x2E, 0xCC, 0x4E, 0xCC, 0x6F, 0xCC, 0x70, 
0xCC, 0x70, 0xCC, 0x90, 0xCC, 0x70, 0xCC, 0x4F, 0xC4, 0x0E, 0xC3, 0xED, 0xC3, 0xED, 0xC3, 0xED, 0xC3, 0xCD, 0xC3, 0xCC, 0xC3, 0xCC, 0xC3, 0xCD, 0xC3, 0xCD, 0xCB, 0xED, 0xCC, 0x0D, 0xD4, 0x2E, 
0xD4, 0x4F, 0xDC, 0x4F, 0xDC, 0x70, 0xDC, 0x70, 0xDC, 0x6F, 0xDC, 0x4F, 0xE4, 0x2E, 0xE4, 0x0D, 0xE4, 0x2E, 0xE4, 0x2E, 0xE4, 0x0D, 0xEC, 0x0D, 0xEB, 0xED, 0xE3, 0xEC, 0xE3, 0xAB, 0xE3, 0x6A, 
0xDB, 0x49, 0xDB, 0x49, 0xD3, 0x09, 0xBA, 0xA8, 0xAA, 0x66, 0x9A, 0x26, 0xA2, 0x66, 0xA2, 0x66, 0xAA, 0xA7, 0xC3, 0x49, 0xCB, 0x8A, 0xC3, 0x28, 0xBA, 0xC6, 0xB2, 0xA5, 0xA2, 0x45, 0x50, 0xA0, 
0x10, 0x00, 0x18, 0x20, 0x20, 0x41, 0x10, 0x00, 0x18, 0x20, 0x28, 0x20, 0x30, 0x20, 0x20, 0x00, 0x10, 0x00, 0x10, 0x00, 0x18, 0x00, 0x30, 0x20, 0x30, 0x00, 0x38, 0x00, 0x38, 0x00, 0x58, 0x61, 
0x8A, 0x06, 0xA3, 0x2A, 0xA3, 0x8C, 0xAB, 0xCD, 0xAB, 0xCD, 0xA3, 0xCD, 0xA3, 0xAD, 0xA3, 0xAD, 0xA3, 0xEE, 0xAC, 0x2F, 0xAC, 0x2F, 0xAC, 0x4F, 0xAC, 0x50, 0xA4, 0x2F, 0xA3, 0xCE, 0x9B, 0xAC, 
0x9B, 0x8C, 0x9B, 0x8B, 0x9B, 0x6B, 0x9B, 0x6B, 0x9B, 0x8B, 0x9B, 0x8B, 0x9B, 0x6B, 0x9B, 0x6B, 0x9B, 0x6B, 0x9B, 0x8B, 0x9B, 0x8B, 0x9B, 0x8B, 0x9B, 0x6B, 0x9B, 0x6B, 0x9B, 0x6B, 0x9B, 0x6B, 
0x9B, 0x6B, 0x9B, 0x6B, 0x9B, 0x6B, 0x9B, 0x6B, 0x9B, 0x6B, 0x9B, 0x6B, 0x9B, 0x6B, 0x9B, 0x6B, 0x9B, 0x6B, 0x9A, 0x88, 0xA1, 0x02, 0xB1, 0x22, 0xB9, 0x63, 0xC1, 0x84, 0xC9, 0xA4, 0xC9, 0xC5, 
0xDD, 0x14, 0xDD, 0x34, 0xDD, 0x34, 0xDD, 0x34, 0xDD, 0x35, 0xDD, 0x55, 0xDD, 0x76, 0xE5, 0x97, 0xE5, 0x97, 0xE5, 0x97, 0xDD, 0x76, 0xDC, 0xF3, 0xDC, 0xF4, 0xE5, 0x55, 0xE5, 0x76, 0xE5, 0x76, 
0xE5, 0x96, 0xE5, 0x96, 0xE5, 0x97, 0xE5, 0xB7, 0xE5, 0xB7, 0xE5, 0x97, 0xE5, 0x96, 0xE5, 0x75, 0xE5, 0x34, 0xE5, 0x14, 0xDD, 0x13, 0xDC, 0xF3, 0xDC, 0xF3, 0xDC, 0xF3, 0xDC, 0xF3, 0xDC, 0xF2, 
0xDC, 0xD2, 0xDC, 0xD2, 0xDC, 0x90, 0xDC, 0x70, 0xD4, 0x4F, 0xD4, 0x2F, 0xD4, 0x0E, 0xCB, 0xED, 0xCB, 0xCC, 0xC3, 0x8C, 0xC3, 0x8B, 0xCB, 0x6A, 0xCB, 0x4A, 0xCB, 0x4A, 0xCB, 0x4A, 0xCB, 0x4A, 
0xCB, 0x4A, 0xCB, 0x4A, 0xCB, 0x4A, 0xCB, 0x4A, 0xCB, 0x4A, 0xCB, 0x4A, 0xCB, 0x4A, 0xCB, 0x4A, 0xCB, 0x6A, 0xCB, 0x6A, 0xCB, 0x6A, 0xCB, 0x6B, 0xD3, 0x6B, 0xD3, 0x8B, 0xD3, 0x8B, 0xD3, 0x8B, 
0xD3, 0x8B, 0xD3, 0x8B, 0xD3, 0x8B, 0xD3, 0x8B, 0xCB, 0x4A, 0xCB, 0x4A, 0xCB, 0x6B, 0xCB, 0x2A, 0x60, 0xE1, 0x18, 0x00, 0x18, 0x00, 0x20, 0x40, 0x08, 0x00, 0x08, 0x00, 0x00, 0x00, 0x08, 0x00, 
0x00, 0x00, 0x00, 0x00, 0x00, 0x00, 0x00, 0x00, 0x08, 0x00, 0x08, 0x00, 0x08, 0x00, 0x08, 0x00, 0x10, 0x20, 0x18, 0x61, 0x08, 0x20, 0x08, 0x20, 0x08, 0x00, 0x00, 0x00, 0x00, 0x00, 0x00, 0x00, 
0x00, 0x00, 0x00, 0x00, 0x00, 0x00, 0x00, 0x00, 0x10, 0x20, 0x10, 0x20, 0x18, 0x40, 0x28, 0x81, 0x49, 0x43, 0x59, 0xE6, 0x62, 0x47, 0x51, 0xA6, 0x59, 0x64, 0x69, 0xA5, 0x71, 0xC5, 0x82, 0x06, 
0x8A, 0x87, 0x7A, 0x26, 0x51, 0x42, 0x51, 0x42, 0x82, 0x46, 0xAB, 0x6A, 0xBB, 0xCC, 0xC4, 0x0D, 0xC4, 0x4E, 0xC4, 0x2E, 0xC4, 0x0D, 0xC4, 0x0D, 0xC4, 0x0D, 0xCC, 0x2E, 0xCC, 0x4F, 0xCC, 0x6F, 
0xCC, 0x70, 0xCC, 0x91, 0xCC, 0x90, 0xCC, 0x4F, 0xC4, 0x0E, 0xC3, 0xED, 0xC3, 0xED, 0xC3, 0xED, 0xC3, 0xED, 0xC3, 0xCC, 0xCB, 0xCD, 0xCB, 0xCC, 0xCB, 0xCD, 0xCB, 0xED, 0xCC, 0x0D, 0xD4, 0x2E, 
0xDC, 0x4F, 0xDC, 0x70, 0xDC, 0x70, 0xDC, 0x90, 0xDC, 0x70, 0xDC, 0x4F, 0xE4, 0x2E, 0xE4, 0x2E, 0xE4, 0x2E, 0xEC, 0x2E, 0xEC, 0x2D, 0xEC, 0x0D, 0xEC, 0x0D, 0xEB, 0xEC, 0xE3, 0xAB, 0xE3, 0x49, 
0xE3, 0x4A, 0xDB, 0x29, 0xD3, 0x09, 0xC2, 0xC8, 0xB2, 0x67, 0xA2, 0x46, 0xA2, 0x67, 0xAA, 0x87, 0xB2, 0xC7, 0xCB, 0x89, 0xDB, 0xCA, 0xD3, 0xA9, 0xC2, 0xE7, 0xAA, 0x45, 0x58, 0xC1, 0x10, 0x00, 
0x08, 0x00, 0x18, 0x41, 0x20, 0x61, 0x10, 0x00, 0x18, 0x20, 0x28, 0x20, 0x30, 0x20, 0x20, 0x00, 0x10, 0x00, 0x10, 0x00, 0x18, 0x00, 0x30, 0x40, 0x38, 0x00, 0x38, 0x00, 0x38, 0x00, 0x40, 0x00, 
0x60, 0xC2, 0x92, 0x67, 0xA3, 0x2A, 0xAB, 0xAC, 0xAB, 0xCD, 0xAB, 0xCD, 0xAB, 0xEE, 0xAB, 0xEE, 0xAB, 0xEE, 0xA3, 0xEE, 0xA3, 0xEE, 0xA4, 0x2F, 0xAC, 0x2F, 0xA4, 0x0F, 0xA3, 0xCD, 0x9B, 0xAC, 
0x9B, 0x8C, 0x9B, 0x8B, 0x9B, 0x6B, 0x9B, 0x8B, 0x9B, 0x8B, 0x9B, 0x8B, 0x9B, 0x8B, 0x9B, 0x8B, 0x9B, 0x8B, 0x9B, 0x8B, 0x9B, 0x8B, 0x9B, 0x8B, 0x9B, 0x8B, 0x9B, 0x6B, 0x9B, 0x6B, 0x9B, 0x6B, 
0x9B, 0x6B, 0x9B, 0x6B, 0x9B, 0x8B, 0x9B, 0x6B, 0x9B, 0x6B, 0x9B, 0x6B, 0x9B, 0x6B, 0x9B, 0x6B, 0x9B, 0x6B, 0xA1, 0xC5, 0xA9, 0x22, 0xB1, 0x42, 0xB9, 0x83, 0xC1, 0xA4, 0xC9, 0xC5, 0xC9, 0xE5, 
0xDD, 0x34, 0xDD, 0x34, 0xDD, 0x34, 0xDD, 0x34, 0xDD, 0x35, 0xDD, 0x55, 0xDD, 0x55, 0xDD, 0x55, 0xDD, 0x76, 0xE5, 0x96, 0xDD, 0x55, 0xDC, 0xF3, 0xDD, 0x14, 0xE5, 0x76, 0xE5, 0x76, 0xE5, 0x96, 
0xE5, 0x96, 0xE5, 0x96, 0xE5, 0x97, 0xE5, 0xB7, 0xE5, 0xB7, 0xE5, 0xB7, 0xE5, 0x96, 0xE5, 0x75, 0xE5, 0x34, 0xDD, 0x13, 0xDD, 0x13, 0xDD, 0x13, 0xDC, 0xF3, 0xDC, 0xF3, 0xDC, 0xF3, 0xDC, 0xF3, 
0xDC, 0xD2, 0xDC, 0xB1, 0xDC, 0x90, 0xD4, 0x70, 0xD4, 0x2F, 0xD4, 0x0E, 0xCB, 0xED, 0xCB, 0xCD, 0xCB, 0xAC, 0xC3, 0x8B, 0xC3, 0x6B, 0xCB, 0x6A, 0xCB, 0x4A, 0xCB, 0x4A, 0xCB, 0x4A, 0xCB, 0x4A, 
0xCB, 0x4A, 0xCB, 0x4A, 0xCB, 0x4A, 0xCB, 0x4A, 0xCB, 0x4A, 0xCB, 0x4A, 0xCB, 0x6A, 0xCB, 0x6A, 0xCB, 0x6A, 0xCB, 0x6A, 0xCB, 0x6A, 0xCB, 0x6B, 0xD3, 0x8B, 0xD3, 0x8B, 0xD3, 0x8B, 0xD3, 0x8B, 
0xD3, 0x8B, 0xD3, 0x8B, 0xD3, 0x8B, 0xD3, 0x8B, 0xCB, 0x4A, 0xCB, 0x6B, 0xCB, 0x8B, 0xBA, 0xC9, 0x38, 0x40, 0x18, 0x00, 0x18, 0x00, 0x18, 0x20, 0x08, 0x00, 0x08, 0x00, 0x00, 0x00, 0x08, 0x00, 
0x08, 0x00, 0x00, 0x00, 0x00, 0x00, 0x00, 0x00, 0x08, 0x00, 0x08, 0x00, 0x08, 0x00, 0x08, 0x00, 0x08, 0x00, 0x10, 0x61, 0x10, 0x40, 0x08, 0x00, 0x08, 0x00, 0x00, 0x00, 0x00, 0x00, 0x00, 0x00, 
0x00, 0x00, 0x00, 0x00, 0x00, 0x00, 0x00, 0x00, 0x10, 0x40, 0x18, 0x40, 0x18, 0x20, 0x20, 0x40, 0x38, 0xC1, 0x49, 0x02, 0x59, 0x44, 0x61, 0x84, 0x71, 0xA4, 0x71, 0xA4, 0x79, 0xE5, 0x82, 0x67, 
0x8A, 0x87, 0x72, 0x05, 0x59, 0x42, 0x59, 0x42, 0x7A, 0x26, 0xAB, 0x6A, 0xBB, 0xCC, 0xC4, 0x0D, 0xC4, 0x2E, 0xC4, 0x2E, 0xC4, 0x0D, 0xC3, 0xED, 0xC3, 0xED, 0xC4, 0x0D, 0xCC, 0x2E, 0xCC, 0x6F, 
0xCC, 0x90, 0xCC, 0x91, 0xCC, 0x90, 0xCC, 0x6F, 0xC4, 0x2E, 0xC3, 0xED, 0xC3, 0xCD, 0xC3, 0xED, 0xC3, 0xCD, 0xC3, 0xCC, 0xCB, 0xED, 0xCB, 0xED, 0xCB, 0xED, 0xCC, 0x0E, 0xD4, 0x0E, 0xD4, 0x2F, 
0xDC, 0x70, 0xDC, 0x90, 0xDC, 0x90, 0xDC, 0x90, 0xE4, 0x6F, 0xE4, 0x6F, 0xE4, 0x2E, 0xE4, 0x0E, 0xE4, 0x2E, 0xEC, 0x2E, 0xEC, 0x2E, 0xEC, 0x0D, 0xEC, 0x0D, 0xEB, 0xEC, 0xE3, 0xAB, 0xE3, 0x6A, 
0xE3, 0x4A, 0xE3, 0x49, 0xDB, 0x29, 0xCA, 0xE8, 0xBA, 0xA7, 0xAA, 0x66, 0xAA, 0x87, 0xAA, 0xA7, 0xBA, 0xC7, 0xCB, 0x48, 0xCB, 0x48, 0xC2, 0xC6, 0x99, 0xC3, 0x40, 0x60, 0x08, 0x00, 0x08, 0x00, 
0x08, 0x00, 0x20, 0x60, 0x20, 0x61, 0x18, 0x20, 0x18, 0x20, 0x20, 0x20, 0x28, 0x20, 0x20, 0x00, 0x18, 0x00, 0x18, 0x00, 0x18, 0x00, 0x30, 0x20, 0x38, 0x00, 0x38, 0x00, 0x40, 0x00, 0x50, 0x20, 
0x48, 0x00, 0x71, 0x02, 0x92, 0x87, 0xA3, 0x4A, 0xAB, 0xCD, 0xAB, 0xCD, 0xAB, 0xCD, 0xAB, 0xEE, 0xAC, 0x0F, 0xAC, 0x2F, 0xAC, 0x2F, 0xAC, 0x2F, 0xAC, 0x2F, 0xA4, 0x0F, 0x9B, 0xCD, 0x9B, 0x8C, 
0x9B, 0x8C, 0x9B, 0x6B, 0x9B, 0x8B, 0x9B, 0x8B, 0x9B, 0x8B, 0x9B, 0x8B, 0x9B, 0x8C, 0x9B, 0x8B, 0x9B, 0x8B, 0x9B, 0x8B, 0x9B, 0x8B, 0x9B, 0x8C, 0x9B, 0x8B, 0x9B, 0x8B, 0x9B, 0x8B, 0x9B, 0x6B, 
0x9B, 0x6B, 0x9B, 0x8B, 0x9B, 0x6B, 0x9B, 0x6B, 0x9B, 0x6B, 0x9B, 0x6B, 0x9B, 0x6B, 0x9B, 0x6B, 0x9B, 0x0A, 0xA1, 0x22, 0xA9, 0x22, 0xB9, 0x63, 0xC1, 0xA4, 0xC1, 0xA4, 0xC9, 0xC5, 0xC9, 0xE5, 
0xDD, 0x34, 0xDD, 0x34, 0xDD, 0x34, 0xDD, 0x35, 0xDD, 0x55, 0xDD, 0x55, 0xDD, 0x55, 0xDD, 0x55, 0xDD, 0x55, 0xDD, 0x55, 0xDD, 0x34, 0xDC, 0xF3, 0xDD, 0x34, 0xE5, 0x76, 0xE5, 0x76, 0xE5, 0x96, 
0xE5, 0x96, 0xE5, 0xB7, 0xE5, 0xB7, 0xE5, 0xB7, 0xE5, 0xB7, 0xE5, 0xB7, 0xE5, 0x96, 0xE5, 0x55, 0xE5, 0x13, 0xDD, 0x13, 0xDD, 0x13, 0xDD, 0x13, 0xDC, 0xF3, 0xDC, 0xF3, 0xDC, 0xF3, 0xDC, 0xD2, 
0xDC, 0xB1, 0xDC, 0x91, 0xD4, 0x70, 0xD4, 0x4F, 0xD4, 0x2F, 0xCC, 0x0E, 0xCB, 0xED, 0xCB, 0xCD, 0xCB, 0xAC, 0xC3, 0x8B, 0xC3, 0x6B, 0xCB, 0x6A, 0xCB, 0x6A, 0xCB, 0x4A, 0xCB, 0x4A, 0xCB, 0x4A, 
0xCB, 0x4A, 0xCB, 0x4A, 0xCB, 0x4A, 0xCB, 0x4A, 0xCB, 0x4A, 0xCB, 0x4A, 0xCB, 0x6A, 0xCB, 0x6A, 0xCB, 0x6A, 0xCB, 0x6A, 0xCB, 0x6A, 0xCB, 0x6A, 0xD3, 0x8A, 0xD3, 0x8B, 0xD3, 0x8B, 0xD3, 0x8B, 
0xD3, 0x8B, 0xD3, 0x8B, 0xD3, 0x8B, 0xD3, 0x8B, 0xCB, 0x4A, 0xD3, 0x8B, 0xCB, 0x6B, 0x99, 0xE5, 0x20, 0x00, 0x18, 0x00, 0x18, 0x20, 0x18, 0x20, 0x08, 0x00, 0x00, 0x00, 0x00, 0x00, 0x00, 0x00, 
0x08, 0x00, 0x08, 0x00, 0x00, 0x00, 0x00, 0x00, 0x08, 0x00, 0x08, 0x00, 0x08, 0x00, 0x00, 0x00, 0x00, 0x00, 0x08, 0x20, 0x10, 0x61, 0x08, 0x20, 0x08, 0x00, 0x00, 0x00, 0x00, 0x00, 0x00, 0x00, 
0x00, 0x00, 0x00, 0x00, 0x00, 0x00, 0x00, 0x00, 0x08, 0x20, 0x20, 0x60, 0x20, 0x40, 0x20, 0x40, 0x40, 0xC1, 0x59, 0x23, 0x69, 0x84, 0x71, 0xA4, 0x71, 0xA4, 0x71, 0xC5, 0x82, 0x47, 0x8A, 0xA8, 
0x8A, 0xA8, 0x71, 0xE5, 0x59, 0x42, 0x59, 0x43, 0x72, 0x05, 0xA3, 0x4A, 0xBB, 0xCC, 0xBC, 0x0D, 0xC4, 0x0D, 0xC3, 0xED, 0xC3, 0xED, 0xC3, 0xED, 0xC3, 0xED, 0xC4, 0x0D, 0xCC, 0x2E, 0xCC, 0x4E, 
0xCC, 0x6F, 0xCC, 0x90, 0xCC, 0x90, 0xCC, 0x70, 0xC4, 0x2E, 0xC4, 0x0D, 0xC3, 0xCD, 0xC3, 0xED, 0xC3, 0xCD, 0xC3, 0xCD, 0xCB, 0xED, 0xCB, 0xED, 0xCB, 0xED, 0xD4, 0x0E, 0xD4, 0x2E, 0xDC, 0x4F, 
0xDC, 0x70, 0xDC, 0x90, 0xE4, 0x90, 0xDC, 0x90, 0xE4, 0x70, 0xE4, 0x70, 0xE4, 0x2F, 0xE4, 0x0D, 0xE4, 0x2E, 0xEC, 0x2E, 0xEC, 0x2E, 0xEC, 0x2D, 0xEC, 0x0D, 0xEB, 0xEC, 0xEB, 0xAB, 0xE3, 0x8A, 
0xE3, 0x6A, 0xE3, 0x4A, 0xDB, 0x29, 0xD2, 0xE8, 0xC2, 0xA8, 0xB2, 0x67, 0xAA, 0x87, 0xB2, 0xC7, 0xB2, 0xA6, 0xAA, 0x45, 0x89, 0xA3, 0x58, 0xA1, 0x20, 0x00, 0x08, 0x00, 0x08, 0x00, 0x08, 0x00, 
0x08, 0x00, 0x18, 0x40, 0x20, 0x40, 0x18, 0x20, 0x18, 0x00, 0x20, 0x20, 0x28, 0x00, 0x20, 0x20, 0x18, 0x00, 0x20, 0x00, 0x18, 0x00, 0x30, 0x00, 0x38, 0x00, 0x38, 0x00, 0x48, 0x00, 0x50, 0x20, 
0x58, 0x61, 0x48, 0x20, 0x79, 0x43, 0x92, 0x67, 0xA3, 0x4B, 0xAB, 0xCD, 0xAB, 0xCD, 0xAB, 0xCD, 0xAC, 0x0E, 0xAC, 0x2F, 0xAC, 0x50, 0xAC, 0x50, 0xAC, 0x50, 0xA4, 0x0F, 0xA3, 0xCD, 0x9B, 0x8C, 
0x9B, 0x8C, 0x9B, 0x8B, 0x9B, 0x8B, 0x9B, 0x8B, 0x9B, 0x8B, 0x9B, 0x8C, 0x9B, 0x8C, 0x9B, 0x8B, 0x9B, 0x8B, 0x9B, 0x8B, 0x9B, 0x8C, 0x9B, 0x8C, 0x9B, 0x8C, 0x9B, 0x8B, 0x9B, 0x8B, 0x9B, 0x8C, 
0x9B, 0x8C, 0x9B, 0x8C, 0x9B, 0x8C, 0x9B, 0x6B, 0x9B, 0x6B, 0x9B, 0x6B, 0x9B, 0x6B, 0x9B, 0x6B, 0x9A, 0x47, 0xA9, 0x22, 0xB1, 0x42, 0xB9, 0x83, 0xC1, 0xA4, 0xC9, 0xC5, 0xC9, 0xE5, 0xCA, 0x06, 
0xDD, 0x34, 0xDD, 0x34, 0xDD, 0x34, 0xDD, 0x35, 0xDD, 0x55, 0xDD, 0x55, 0xDD, 0x55, 0xDD, 0x55, 0xDD, 0x54, 0xDD, 0x55, 0xDD, 0x14, 0xDC, 0xF3, 0xDD, 0x34, 0xE5, 0x76, 0xE5, 0x76, 0xE5, 0x96, 
0xE5, 0x96, 0xE5, 0xB7, 0xE5, 0xB7, 0xE5, 0xB7, 0xE5, 0xB7, 0xE5, 0xB7, 0xE5, 0x96, 0xE5, 0x55, 0xDD, 0x14, 0xDD, 0x14, 0xDD, 0x13, 0xDD, 0x13, 0xDC, 0xF3, 0xDC, 0xF3, 0xDC, 0xF3, 0xDC, 0xD2, 
0xDC, 0xB1, 0xD4, 0x90, 0xD4, 0x70, 0xD4, 0x4F, 0xD4, 0x2F, 0xCC, 0x0E, 0xCB, 0xEE, 0xCB, 0xCD, 0xCB, 0xAC, 0xC3, 0x8B, 0xC3, 0x6B, 0xC3, 0x6A, 0xCB, 0x6A, 0xCB, 0x4A, 0xCB, 0x4A, 0xCB, 0x4A, 
0xCB, 0x4A, 0xCB, 0x4A, 0xCB, 0x4A, 0xCB, 0x4A, 0xCB, 0x4A, 0xCB, 0x6A, 0xCB, 0x6A, 0xCB, 0x6A, 0xCB, 0x8B, 0xCB, 0x8B, 0xCB, 0x8A, 0xCB, 0x6A, 0xD3, 0x6A, 0xD3, 0x8B, 0xD3, 0x8B, 0xD3, 0x8B, 
0xD3, 0x8B, 0xD3, 0x8B, 0xD3, 0x8B, 0xCB, 0x6A, 0xCB, 0x6A, 0xCB, 0x8B, 0xCB, 0x4A, 0x61, 0x02, 0x18, 0x00, 0x10, 0x00, 0x18, 0x20, 0x10, 0x00, 0x08, 0x00, 0x00, 0x00, 0x00, 0x00, 0x08, 0x00, 
0x08, 0x00, 0x08, 0x00, 0x00, 0x00, 0x00, 0x00, 0x08, 0x00, 0x08, 0x00, 0x00, 0x00, 0x00, 0x00, 0x00, 0x00, 0x08, 0x00, 0x10, 0x40, 0x08, 0x20, 0x08, 0x00, 0x00, 0x00, 0x00, 0x00, 0x00, 0x00, 
0x00, 0x00, 0x00, 0x00, 0x00, 0x00, 0x00, 0x00, 0x08, 0x00, 0x20, 0x60, 0x20, 0x60, 0x28, 0x60, 0x48, 0xE2, 0x59, 0x23, 0x61, 0x63, 0x69, 0xA4, 0x71, 0xE5, 0x82, 0x46, 0x8A, 0x87, 0x8A, 0xC8, 
0x8A, 0x87, 0x69, 0xA4, 0x59, 0x43, 0x59, 0x63, 0x71, 0xE5, 0xA3, 0x29, 0xB3, 0xAB, 0xBB, 0xCC, 0xC3, 0xED, 0xC3, 0xED, 0xC3, 0xED, 0xC4, 0x0D, 0xC3, 0xED, 0xC3, 0xED, 0xC4, 0x0D, 0xC4, 0x0D, 
0xC4, 0x0E, 0xC4, 0x4F, 0xC4, 0x4F, 0xC4, 0x4F, 0xC4, 0x0E, 0xC3, 0xED, 0xC3, 0xED, 0xC3, 0xED, 0xC3, 0xED, 0xC3, 0xED, 0xCB, 0xED, 0xCC, 0x0E, 0xCC, 0x0E, 0xD4, 0x2E, 0xD4, 0x2F, 0xDC, 0x50, 
0xDC, 0x70, 0xDC, 0x90, 0xDC, 0x90, 0xE4, 0x90, 0xE4, 0x70, 0xE4, 0x70, 0xE4, 0x4F, 0xE4, 0x2F, 0xE4, 0x2E, 0xEC, 0x2E, 0xEC, 0x2E, 0xEC, 0x2E, 0xEC, 0x0D, 0xEB, 0xED, 0xEB, 0xAB, 0xEB, 0xAB, 
0xEB, 0x8B, 0xE3, 0x4A, 0xDB, 0x49, 0xD2, 0xE8, 0xCA, 0xC8, 0xBA, 0x87, 0xB2, 0x87, 0xB2, 0xC7, 0x91, 0xE4, 0x40, 0x40, 0x30, 0x20, 0x38, 0x40, 0x18, 0x00, 0x08, 0x00, 0x08, 0x00, 0x08, 0x00, 
0x08, 0x00, 0x18, 0x40, 0x20, 0x20, 0x18, 0x20, 0x18, 0x00, 0x20, 0x20, 0x28, 0x20, 0x20, 0x20, 0x18, 0x00, 0x28, 0x00, 0x20, 0x00, 0x30, 0x00, 0x40, 0x00, 0x40, 0x00, 0x60, 0x81, 0x58, 0x40, 
0x79, 0x23, 0x71, 0x03, 0x50, 0x60, 0x92, 0x05, 0x9A, 0xA8, 0xA3, 0x4B, 0xA3, 0x8C, 0xAB, 0xAD, 0xAB, 0xEE, 0xAC, 0x2F, 0xAC, 0x2F, 0xAC, 0x50, 0xAC, 0x4F, 0xA4, 0x0E, 0x9B, 0xCD, 0x9B, 0x8C, 
0x9B, 0x8C, 0x9B, 0x8C, 0x9B, 0x8B, 0x9B, 0x8C, 0x9B, 0x8C, 0x9B, 0x8C, 0x9B, 0x8C, 0x9B, 0x8C, 0x9B, 0x8C, 0x9B, 0x8C, 0x9B, 0x8C, 0x9B, 0x8C, 0x9B, 0x8C, 0x9B, 0x8C, 0x9B, 0x6B, 0x9B, 0x6B, 
0x9B, 0x8B, 0x9B, 0x8C, 0x9B, 0x8C, 0x9B, 0x8C, 0x9B, 0x6B, 0x9B, 0x6B, 0x9B, 0x6B, 0x9B, 0x4B, 0x99, 0x84, 0xA9, 0x22, 0xB1, 0x43, 0xB9, 0x84, 0xC1, 0xC4, 0xC9, 0xE5, 0xC9, 0xE6, 0xCA, 0x06, 
0xDD, 0x34, 0xDD, 0x34, 0xDD, 0x34, 0xDD, 0x35, 0xDD, 0x55, 0xDD, 0x55, 0xDD, 0x55, 0xDD, 0x55, 0xDD, 0x55, 0xDD, 0x54, 0xDD, 0x34, 0xD4, 0xF3, 0xDD, 0x55, 0xE5, 0x76, 0xE5, 0x96, 0xE5, 0x96, 
0xE5, 0x97, 0xE5, 0xB7, 0xE5, 0xB7, 0xE5, 0xB7, 0xE5, 0xB7, 0xE5, 0x97, 0xE5, 0x76, 0xE5, 0x55, 0xDD, 0x34, 0xDD, 0x14, 0xDD, 0x13, 0xDD, 0x13, 0xDD, 0x13, 0xDC, 0xF3, 0xDC, 0xD2, 0xDC, 0xB2, 
0xDC, 0xB1, 0xD4, 0x91, 0xD4, 0x70, 0xD4, 0x50, 0xD4, 0x2F, 0xCC, 0x2E, 0xCB, 0xEE, 0xCB, 0xCD, 0xCB, 0xAC, 0xC3, 0x8B, 0xC3, 0x8B, 0xC3, 0x6A, 0xCB, 0x6A, 0xCB, 0x4A, 0xC3, 0x4A, 0xCB, 0x4A, 
0xCB, 0x4A, 0xCB, 0x4A, 0xCB, 0x4A, 0xCB, 0x4A, 0xCB, 0x4A, 0xCB, 0x6A, 0xCB, 0x6A, 0xCB, 0x6B, 0xCB, 0x8B, 0xCB, 0x8B, 0xCB, 0x8A, 0xCB, 0x8A, 0xD3, 0x8B, 0xD3, 0x8B, 0xD3, 0x8B, 0xD3, 0x8B, 
0xD3, 0x8B, 0xD3, 0x6B, 0xCB, 0x6B, 0xCB, 0x6B, 0xCB, 0x8B, 0xCB, 0x8B, 0xB2, 0xC8, 0x30, 0x20, 0x10, 0x00, 0x18, 0x00, 0x18, 0x20, 0x10, 0x00, 0x08, 0x00, 0x00, 0x00, 0x00, 0x00, 0x08, 0x00, 
0x08, 0x20, 0x08, 0x00, 0x00, 0x00, 0x00, 0x00, 0x08, 0x00, 0x08, 0x00, 0x00, 0x00, 0x00, 0x00, 0x00, 0x00, 0x00, 0x00, 0x08, 0x20, 0x10, 0x20, 0x08, 0x00, 0x00, 0x00, 0x00, 0x00, 0x00, 0x00, 
0x00, 0x00, 0x00, 0x00, 0x00, 0x00, 0x00, 0x00, 0x00, 0x00, 0x20, 0x60, 0x28, 0x81, 0x30, 0x81, 0x48, 0xE1, 0x59, 0x22, 0x69, 0x84, 0x72, 0x05, 0x82, 0x46, 0x82, 0x66, 0x8A, 0x87, 0x92, 0xA7, 
0x82, 0x66, 0x69, 0x83, 0x59, 0x43, 0x59, 0x63, 0x72, 0x05, 0xA3, 0x09, 0xB3, 0xAB, 0xBB, 0xEC, 0xC3, 0xED, 0xC3, 0xED, 0xC3, 0xED, 0xC4, 0x0D, 0xC3, 0xED, 0xBB, 0xCC, 0xBB, 0xAB, 0xBB, 0xAC, 
0xBB, 0xCC, 0xC3, 0xED, 0xC4, 0x2E, 0xC4, 0x0E, 0xC3, 0xED, 0xC3, 0xED, 0xC3, 0xED, 0xC3, 0xED, 0xC3, 0xED, 0xC3, 0xED, 0xCC, 0x0E, 0xCC, 0x0E, 0xD4, 0x0F, 0xD4, 0x2F, 0xD4, 0x4F, 0xDC, 0x70, 
0xDC, 0x70, 0xDC, 0x70, 0xDC, 0x70, 0xE4, 0x90, 0xE4, 0x90, 0xE4, 0x6F, 0xE4, 0x4F, 0xE4, 0x4F, 0xEC, 0x2F, 0xEC, 0x2E, 0xEC, 0x2E, 0xEC, 0x2E, 0xEC, 0x0D, 0xEB, 0xED, 0xEB, 0xCC, 0xEB, 0xAB, 
0xEB, 0x8B, 0xE3, 0x6A, 0xE3, 0x49, 0xD2, 0xE8, 0xCA, 0xC8, 0xBA, 0x87, 0xB2, 0x86, 0xAA, 0x87, 0x89, 0xC4, 0x69, 0x43, 0x79, 0x84, 0x61, 0x23, 0x20, 0x20, 0x00, 0x00, 0x08, 0x00, 0x08, 0x00, 
0x08, 0x00, 0x18, 0x20, 0x18, 0x20, 0x18, 0x20, 0x18, 0x00, 0x20, 0x20, 0x28, 0x20, 0x20, 0x00, 0x20, 0x00, 0x28, 0x00, 0x28, 0x00, 0x30, 0x00, 0x38, 0x00, 0x48, 0x00, 0x68, 0x81, 0x68, 0xC2, 
0x68, 0xA2, 0x91, 0xE6, 0x68, 0xE2, 0x60, 0xC1, 0x9A, 0x66, 0xA3, 0x0A, 0xAB, 0x8C, 0xAB, 0xCD, 0xAB, 0xCD, 0xAB, 0xEE, 0xAC, 0x0E, 0xAC, 0x2F, 0xAC, 0x2F, 0xA3, 0xEE, 0x9B, 0xAD, 0x9B, 0x8C, 
0x9B, 0x8C, 0x9B, 0x8B, 0x9B, 0x8B, 0x9B, 0x8C, 0x9B, 0x8C, 0x9B, 0x8C, 0x9B, 0x8C, 0x9B, 0x8C, 0x9B, 0x8C, 0x9B, 0x8B, 0x9B, 0x8C, 0x9B, 0x8B, 0x9B, 0x8B, 0x9B, 0x6C, 0x9B, 0x6B, 0x9B, 0x8B, 
0x9B, 0x6B, 0x9B, 0x8C, 0x9B, 0x8C, 0x9B, 0x6B, 0x9B, 0x6B, 0x9B, 0x6B, 0x9B, 0x6B, 0x9A, 0xE9, 0xA1, 0x22, 0xA9, 0x42, 0xB1, 0x63, 0xB9, 0xA4, 0xC1, 0xC5, 0xC9, 0xE6, 0xCA, 0x06, 0xCA, 0x07, 
0xDD, 0x34, 0xDD, 0x34, 0xDD, 0x54, 0xDD, 0x55, 0xDD, 0x55, 0xDD, 0x55, 0xDD, 0x55, 0xDD, 0x55, 0xDD, 0x55, 0xDD, 0x35, 0xDD, 0x14, 0xDC, 0xF3, 0xE5, 0x55, 0xE5, 0x76, 0xE5, 0x96, 0xE5, 0x96, 
0xE5, 0xB7, 0xE5, 0xB7, 0xE5, 0xB7, 0xE5, 0xB7, 0xE5, 0xB7, 0xE5, 0x96, 0xE5, 0x75, 0xE5, 0x54, 0xE5, 0x34, 0xDD, 0x14, 0xDD, 0x13, 0xDD, 0x13, 0xDD, 0x13, 0xDC, 0xF3, 0xDC, 0xD2, 0xDC, 0xB2, 
0xDC, 0xB1, 0xD4, 0x91, 0xD4, 0x70, 0xD4, 0x70, 0xD4, 0x2F, 0xCC, 0x2E, 0xCB, 0xEE, 0xCB, 0xCD, 0xC3, 0xAC, 0xC3, 0x8B, 0xC3, 0x6B, 0xCB, 0x6B, 0xC3, 0x6A, 0xC3, 0x4A, 0xC3, 0x6A, 0xCB, 0x6A, 
0xCB, 0x6A, 0xCB, 0x6A, 0xCB, 0x6A, 0xCB, 0x6A, 0xCB, 0x6A, 0xCB, 0x6A, 0xCB, 0x6B, 0xCB, 0x8B, 0xCB, 0x8B, 0xCB, 0x8B, 0xCB, 0x8B, 0xCB, 0x8B, 0xCB, 0x8B, 0xCB, 0x8B, 0xD3, 0x8B, 0xD3, 0x8B, 
0xD3, 0x8B, 0xD3, 0x8B, 0xCB, 0x8B, 0xCB, 0x8B, 0xCB, 0x8B, 0xCB, 0x4A, 0x79, 0x83, 0x18, 0x00, 0x10, 0x00, 0x18, 0x00, 0x18, 0x20, 0x10, 0x00, 0x08, 0x00, 0x00, 0x00, 0x00, 0x00, 0x08, 0x00, 
0x08, 0x20, 0x08, 0x00, 0x00, 0x00, 0x00, 0x00, 0x08, 0x00, 0x08, 0x00, 0x00, 0x00, 0x00, 0x00, 0x00, 0x00, 0x00, 0x00, 0x08, 0x00, 0x08, 0x20, 0x08, 0x00, 0x08, 0x00, 0x00, 0x00, 0x00, 0x00, 
0x00, 0x00, 0x00, 0x00, 0x00, 0x00, 0x00, 0x00, 0x00, 0x00, 0x18, 0x40, 0x28, 0x81, 0x38, 0xC1, 0x51, 0x22, 0x61, 0x83, 0x71, 0xE5, 0x7A, 0x25, 0x82, 0x66, 0x8A, 0x87, 0x8A, 0xA7, 0x92, 0xA7, 
0x82, 0x25, 0x61, 0x63, 0x59, 0x42, 0x59, 0x63, 0x7A, 0x25, 0xA3, 0x29, 0xB3, 0x8B, 0xC3, 0xED, 0xC4, 0x0D, 0xC4, 0x0E, 0xC4, 0x0E, 0xC4, 0x0D, 0xC3, 0xED, 0xBB, 0xCC, 0xBB, 0x8B, 0xC3, 0xAC, 
0xC3, 0xCC, 0xC3, 0xCC, 0xC3, 0xCD, 0xC4, 0x0E, 0xC3, 0xED, 0xBB, 0xEC, 0xBB, 0xEC, 0xC3, 0xED, 0xC3, 0xED, 0xC3, 0xED, 0xCC, 0x0E, 0xCC, 0x0E, 0xD4, 0x2F, 0xD4, 0x4F, 0xD4, 0x4F, 0xDC, 0x70, 
0xDC, 0x70, 0xDC, 0x70, 0xE4, 0x90, 0xE4, 0x90, 0xE4, 0x90, 0xE4, 0x70, 0xE4, 0x70, 0xEC, 0x6F, 0xEC, 0x4F, 0xEC, 0x4F, 0xEC, 0x2E, 0xEC, 0x0E, 0xEB, 0xED, 0xEB, 0xED, 0xEB, 0xCC, 0xEB, 0xAB, 
0xEB, 0x8B, 0xE3, 0x6A, 0xE3, 0x4A, 0xDB, 0x09, 0xD2, 0xC8, 0xC2, 0xA7, 0xB2, 0x86, 0xAA, 0x86, 0x92, 0x05, 0x9A, 0x66, 0x92, 0x46, 0x69, 0x63, 0x20, 0x20, 0x08, 0x00, 0x08, 0x00, 0x08, 0x00, 
0x10, 0x00, 0x20, 0x40, 0x18, 0x20, 0x18, 0x20, 0x18, 0x00, 0x20, 0x20, 0x28, 0x20, 0x20, 0x00, 0x20, 0x00, 0x20, 0x00, 0x28, 0x00, 0x30, 0x00, 0x38, 0x00, 0x48, 0x00, 0x58, 0x40, 0x79, 0x03, 
0x60, 0x61, 0x89, 0xA5, 0x9A, 0x47, 0x60, 0xE2, 0x69, 0x02, 0x92, 0x87, 0xAB, 0x6B, 0xAB, 0xCD, 0xAB, 0xED, 0xAC, 0x0E, 0xAC, 0x0E, 0xAC, 0x0E, 0xA4, 0x0E, 0xA3, 0xCD, 0x9B, 0x8C, 0x9B, 0x8B, 
0x9B, 0x6B, 0x9B, 0x6B, 0x9B, 0x6B, 0x9B, 0x6B, 0x9B, 0x6B, 0x9B, 0x8B, 0x9B, 0x8B, 0x9B, 0x8B, 0x9B, 0x8B, 0x9B, 0x8B, 0x9B, 0x6B, 0x9B, 0x6B, 0x9B, 0x6B, 0x9B, 0x6B, 0x9B, 0x6B, 0x9B, 0x6B, 
0x9B, 0x6B, 0x9B, 0x6B, 0x9B, 0x6B, 0x9B, 0x6B, 0x9B, 0x6B, 0x9B, 0x6B, 0x9B, 0x6B, 0x9A, 0x26, 0xA1, 0x22, 0xB1, 0x43, 0xB9, 0x83, 0xC1, 0xC5, 0xC1, 0xE5, 0xCA, 0x06, 0xCA, 0x07, 0xCA, 0x27, 
0xDD, 0x34, 0xDD, 0x35, 0xDD, 0x55, 0xDD, 0x55, 0xDD, 0x55, 0xDD, 0x55, 0xDD, 0x55, 0xDD, 0x55, 0xDD, 0x55, 0xDD, 0x55, 0xDD, 0x13, 0xDC, 0xF3, 0xE5, 0x76, 0xE5, 0x96, 0xE5, 0x96, 0xE5, 0x96, 
0xE5, 0xB7, 0xE5, 0xB7, 0xE5, 0xB7, 0xE5, 0xB7, 0xE5, 0xB7, 0xE5, 0x96, 0xE5, 0x75, 0xE5, 0x34, 0xDD, 0x34, 0xDD, 0x14, 0xDD, 0x14, 0xDD, 0x13, 0xDD, 0x13, 0xDC, 0xF3, 0xDC, 0xF2, 0xDC, 0xD1, 
0xDC, 0xB1, 0xD4, 0x91, 0xD4, 0x70, 0xD4, 0x70, 0xD4, 0x2F, 0xCC, 0x0F, 0xCB, 0xEE, 0xC3, 0xCD, 0xC3, 0xAC, 0xC3, 0x8B, 0xC3, 0x6B, 0xC3, 0x6A, 0xC3, 0x6A, 0xC3, 0x6A, 0xC3, 0x6A, 0xCB, 0x6B, 
0xCB, 0x6B, 0xCB, 0x6B, 0xCB, 0x6B, 0xCB, 0x6A, 0xCB, 0x6A, 0xCB, 0x6B, 0xCB, 0x8B, 0xCB, 0x8B, 0xCB, 0x8B, 0xCB, 0x8B, 0xCB, 0x8B, 0xCB, 0x8B, 0xCB, 0x8B, 0xD3, 0x8B, 0xD3, 0x8B, 0xCB, 0x8B, 
0xCB, 0x8B, 0xCB, 0x8B, 0xCB, 0x8B, 0xCB, 0x8B, 0xCB, 0x8B, 0xBA, 0xE8, 0x38, 0x60, 0x10, 0x00, 0x18, 0x00, 0x18, 0x00, 0x18, 0x20, 0x08, 0x00, 0x08, 0x00, 0x00, 0x00, 0x00, 0x00, 0x00, 0x00, 
0x08, 0x00, 0x08, 0x00, 0x00, 0x00, 0x00, 0x00, 0x00, 0x00, 0x00, 0x00, 0x00, 0x00, 0x00, 0x00, 0x00, 0x00, 0x00, 0x00, 0x08, 0x00, 0x08, 0x00, 0x08, 0x00, 0x08, 0x00, 0x00, 0x00, 0x00, 0x00, 
0x00, 0x00, 0x00, 0x00, 0x00, 0x00, 0x00, 0x00, 0x00, 0x00, 0x10, 0x40, 0x30, 0xA1, 0x40, 0xE2, 0x59, 0x43, 0x69, 0xA4, 0x7A, 0x05, 0x82, 0x46, 0x8A, 0x66, 0x8A, 0x87, 0x92, 0xA7, 0x8A, 0x87, 
0x79, 0xE4, 0x61, 0x62, 0x59, 0x42, 0x61, 0x63, 0x82, 0x46, 0xA3, 0x29, 0xB3, 0x8B, 0xC3, 0xCD, 0xC4, 0x0E, 0xCC, 0x2F, 0xC4, 0x2E, 0xC4, 0x0E, 0xC4, 0x0E, 0xC3, 0xED, 0xC3, 0xCC, 0xC3, 0xED, 
0xCB, 0xEC, 0xCB, 0xED, 0xC3, 0xED, 0xC3, 0xED, 0xC4, 0x0E, 0xBB, 0xED, 0xBB, 0xED, 0xBB, 0xCC, 0xC3, 0xEC, 0xC3, 0xED, 0xC4, 0x0D, 0xCC, 0x0E, 0xD4, 0x2F, 0xD4, 0x2F, 0xD4, 0x2F, 0xDC, 0x70, 
0xDC, 0x70, 0xDC, 0x70, 0xDC, 0x90, 0xE4, 0x91, 0xE4, 0x90, 0xE4, 0x90, 0xEC, 0x70, 0xEC, 0x70, 0xEC, 0x4F, 0xEC, 0x4F, 0xEC, 0x2E, 0xEC, 0x0E, 0xEB, 0xED, 0xEB, 0xEC, 0xEB, 0xCC, 0xEB, 0xAC, 
0xEB, 0xAC, 0xE3, 0x6A, 0xE3, 0x2A, 0xDB, 0x09, 0xD2, 0xE8, 0xC2, 0xC7, 0xB2, 0x86, 0xA2, 0x66, 0x92, 0x05, 0x9A, 0x66, 0x92, 0x25, 0x69, 0x43, 0x20, 0x40, 0x08, 0x00, 0x08, 0x00, 0x08, 0x00, 
0x18, 0x20, 0x20, 0x20, 0x18, 0x20, 0x20, 0x20, 0x18, 0x00, 0x20, 0x20, 0x20, 0x20, 0x20, 0x00, 0x18, 0x00, 0x20, 0x00, 0x30, 0x00, 0x30, 0x00, 0x30, 0x00, 0x48, 0x00, 0x58, 0x20, 0x81, 0x43, 
0x60, 0x81, 0x81, 0x43, 0x9A, 0x06, 0x9A, 0x67, 0x60, 0xC2, 0x69, 0x02, 0x9A, 0xA8, 0xAB, 0xCD, 0xB4, 0x0E, 0xAB, 0xEE, 0xAC, 0x0E, 0xAC, 0x0F, 0xA3, 0xEE, 0xA3, 0xCD, 0x9B, 0x8C, 0x9B, 0x6B, 
0x9B, 0x6B, 0x9B, 0x6B, 0x9B, 0x6B, 0x9B, 0x6B, 0x9B, 0x6B, 0x9B, 0x6B, 0x9B, 0x6B, 0x9B, 0x6B, 0x9B, 0x6B, 0x9B, 0x6B, 0x9B, 0x6B, 0x9B, 0x6B, 0x9B, 0x6A, 0x9B, 0x4B, 0x9B, 0x4A, 0x9B, 0x4B, 
0x9B, 0x4B, 0x9B, 0x6B, 0x9B, 0x6B, 0x9B, 0x4B, 0x9B, 0x6B, 0x9B, 0x6B, 0x9B, 0x2A, 0xA1, 0x63, 0xA9, 0x42, 0xB1, 0x63, 0xB9, 0xA4, 0xC1, 0xC5, 0xC2, 0x06, 0xCA, 0x06, 0xCA, 0x27, 0xD2, 0x27, 
0xDD, 0x34, 0xDD, 0x55, 0xDD, 0x55, 0xDD, 0x55, 0xDD, 0x55, 0xDD, 0x55, 0xDD, 0x55, 0xDD, 0x55, 0xDD, 0x55, 0xDD, 0x35, 0xDD, 0x13, 0xDD, 0x13, 0xE5, 0x76, 0xE5, 0x96, 0xE5, 0x96, 0xE5, 0x96, 
0xE5, 0xB7, 0xE5, 0xB7, 0xE5, 0xB7, 0xE5, 0xB7, 0xE5, 0x96, 0xE5, 0x96, 0xE5, 0x75, 0xE5, 0x34, 0xDD, 0x34, 0xDD, 0x14, 0xDD, 0x34, 0xDD, 0x14, 0xDD, 0x14, 0xDC, 0xF3, 0xDC, 0xF2, 0xDC, 0xD2, 
0xDC, 0xB1, 0xD4, 0x91, 0xD4, 0x90, 0xD4, 0x70, 0xCC, 0x2F, 0xCC, 0x0E, 0xCB, 0xEE, 0xC3, 0xCC, 0xC3, 0xAC, 0xC3, 0x8B, 0xC3, 0x6A, 0xC3, 0x6A, 0xC3, 0x6A, 0xC3, 0x6A, 0xCB, 0x6A, 0xCB, 0x6B, 
0xCB, 0x8B, 0xCB, 0x8B, 0xCB, 0x8B, 0xCB, 0x8B, 0xCB, 0x8B, 0xCB, 0x8B, 0xCB, 0x8B, 0xCB, 0x8B, 0xCB, 0x8B, 0xCB, 0x8B, 0xCB, 0x8B, 0xCB, 0x8B, 0xCB, 0x8B, 0xCB, 0x8B, 0xCB, 0x8B, 0xCB, 0x8B, 
0xCB, 0x8B, 0xCB, 0x8B, 0xCB, 0x8B, 0xCB, 0x8B, 0xCB, 0x6A, 0x81, 0xA4, 0x18, 0x00, 0x10, 0x00, 0x18, 0x00, 0x18, 0x00, 0x10, 0x20, 0x08, 0x00, 0x00, 0x00, 0x00, 0x00, 0x00, 0x00, 0x00, 0x00, 
0x08, 0x00, 0x08, 0x00, 0x00, 0x00, 0x00, 0x00, 0x00, 0x00, 0x00, 0x00, 0x00, 0x00, 0x00, 0x00, 0x00, 0x00, 0x00, 0x00, 0x08, 0x00, 0x08, 0x00, 0x08, 0x20, 0x08, 0x00, 0x00, 0x00, 0x00, 0x00, 
0x00, 0x00, 0x00, 0x00, 0x00, 0x00, 0x00, 0x00, 0x00, 0x00, 0x08, 0x20, 0x30, 0xA1, 0x49, 0x02, 0x61, 0x63, 0x71, 0xC4, 0x7A, 0x25, 0x82, 0x45, 0x8A, 0x86, 0x8A, 0xA7, 0x92, 0xA7, 0x8A, 0x87, 
0x71, 0xC4, 0x61, 0x62, 0x61, 0x62, 0x61, 0x83, 0x8A, 0x67, 0xA3, 0x09, 0xB3, 0x8C, 0xC3, 0xED, 0xCC, 0x2F, 0xCC, 0x70, 0xCC, 0x50, 0xC4, 0x2E, 0xC4, 0x0E, 0xC4, 0x0E, 0xC4, 0x0E, 0xCC, 0x2E, 
0xCC, 0x0E, 0xCC, 0x0E, 0xCC, 0x0D, 0xC3, 0xCD, 0xC4, 0x0E, 0xC4, 0x0E, 0xC3, 0xED, 0xC3, 0xCC, 0xC3, 0xCC, 0xC3, 0xEC, 0xC3, 0xED, 0xCC, 0x0E, 0xD4, 0x2E, 0xD4, 0x2F, 0xDC, 0x4F, 0xDC, 0x70, 
0xDC, 0x70, 0xDC, 0x90, 0xE4, 0x91, 0xE4, 0x90, 0xE4, 0x90, 0xE4, 0x90, 0xEC, 0x90, 0xEC, 0x70, 0xEC, 0x6F, 0xEC, 0x4F, 0xEC, 0x2E, 0xEB, 0xED, 0xEB, 0xED, 0xEB, 0xED, 0xEB, 0xCC, 0xEB, 0xCC, 
0xEB, 0xAB, 0xE3, 0x6B, 0xE3, 0x4A, 0xE3, 0x09, 0xDA, 0xE8, 0xCA, 0xC7, 0xB2, 0xA6, 0x9A, 0x45, 0x8A, 0x04, 0x9A, 0x65, 0x8A, 0x25, 0x61, 0x23, 0x20, 0x20, 0x08, 0x00, 0x08, 0x00, 0x08, 0x00, 
0x18, 0x40, 0x20, 0x20, 0x20, 0x20, 0x20, 0x20, 0x18, 0x00, 0x20, 0x40, 0x20, 0x20, 0x20, 0x00, 0x18, 0x00, 0x20, 0x00, 0x30, 0x00, 0x30, 0x00, 0x30, 0x00, 0x40, 0x00, 0x58, 0x20, 0x89, 0x43, 
0x71, 0x02, 0x70, 0xE2, 0x91, 0xE5, 0xAA, 0xE9, 0x9A, 0xA9, 0x58, 0xC2, 0x71, 0x43, 0xA3, 0x2A, 0xB3, 0xED, 0xAC, 0x0E, 0xAC, 0x0E, 0xAC, 0x2F, 0xA4, 0x0E, 0xA3, 0xCD, 0x9B, 0x8C, 0x9B, 0x8B, 
0x9B, 0x6B, 0x9B, 0x6B, 0x9B, 0x6B, 0x9B, 0x6B, 0x9B, 0x6B, 0x9B, 0x6B, 0x9B, 0x6B, 0x9B, 0x6B, 0x9B, 0x6B, 0x9B, 0x6B, 0x9B, 0x6B, 0x9B, 0x6B, 0x9B, 0x6B, 0x9B, 0x4A, 0x9B, 0x4A, 0x9B, 0x4A, 
0x9B, 0x4B, 0x9B, 0x4A, 0x9B, 0x4A, 0x9B, 0x4A, 0x9B, 0x4B, 0x9B, 0x4B, 0x9A, 0x88, 0xA1, 0x22, 0xA9, 0x42, 0xB1, 0x83, 0xB9, 0xC4, 0xC1, 0xE6, 0xC2, 0x06, 0xCA, 0x27, 0xD2, 0x27, 0xD2, 0x48, 
0xDD, 0x54, 0xDD, 0x55, 0xDD, 0x55, 0xDD, 0x55, 0xDD, 0x55, 0xDD, 0x55, 0xDD, 0x55, 0xDD, 0x55, 0xDD, 0x55, 0xDD, 0x34, 0xD5, 0x13, 0xDD, 0x14, 0xE5, 0x96, 0xE5, 0x96, 0xE5, 0x96, 0xE5, 0xB6, 
0xE5, 0xB7, 0xE5, 0xB7, 0xE5, 0xB7, 0xE5, 0xB7, 0xE5, 0x96, 0xE5, 0x76, 0xE5, 0x55, 0xDD, 0x34, 0xDD, 0x34, 0xDD, 0x34, 0xDD, 0x34, 0xDD, 0x14, 0xDD, 0x14, 0xDC, 0xF3, 0xDC, 0xF3, 0xDC, 0xD2, 
0xDC, 0xB1, 0xD4, 0xB1, 0xD4, 0x90, 0xD4, 0x70, 0xCC, 0x4F, 0xCC, 0x0E, 0xC3, 0xED, 0xC3, 0xAC, 0xC3, 0xAB, 0xC3, 0x8B, 0xC3, 0x8A, 0xC3, 0x6B, 0xC3, 0x8A, 0xC3, 0x6B, 0xCB, 0x8B, 0xCB, 0x8B, 
0xCB, 0x8B, 0xCB, 0x8B, 0xCB, 0x8B, 0xCB, 0x8B, 0xCB, 0x8B, 0xCB, 0x8B, 0xCB, 0x8B, 0xCB, 0x8B, 0xCB, 0x8B, 0xCB, 0x8B, 0xCB, 0x8B, 0xCB, 0x8B, 0xCB, 0x8B, 0xCB, 0x8B, 0xCB, 0x8B, 0xCB, 0x8B, 
0xCB, 0x8B, 0xCB, 0x8B, 0xCB, 0xAB, 0xCB, 0x8B, 0xBA, 0xE8, 0x40, 0x81, 0x10, 0x00, 0x10, 0x00, 0x18, 0x00, 0x18, 0x00, 0x10, 0x00, 0x08, 0x00, 0x08, 0x00, 0x08, 0x00, 0x00, 0x00, 0x00, 0x00, 
0x00, 0x00, 0x08, 0x00, 0x00, 0x00, 0x00, 0x00, 0x00, 0x00, 0x00, 0x00, 0x00, 0x00, 0x00, 0x00, 0x00, 0x00, 0x00, 0x00, 0x00, 0x00, 0x00, 0x00, 0x08, 0x00, 0x08, 0x00, 0x00, 0x00, 0x00, 0x00, 
0x00, 0x00, 0x00, 0x00, 0x00, 0x00, 0x00, 0x00, 0x00, 0x00, 0x08, 0x00, 0x30, 0xC1, 0x51, 0x22, 0x61, 0x83, 0x71, 0xE4, 0x82, 0x25, 0x8A, 0x66, 0x8A, 0x86, 0x92, 0xA7, 0x92, 0xA7, 0x8A, 0x67, 
0x71, 0x83, 0x61, 0x42, 0x61, 0x42, 0x61, 0x83, 0x8A, 0x87, 0xA3, 0x29, 0xB3, 0x8B, 0xBB, 0xCD, 0xC4, 0x0E, 0xCC, 0xB1, 0xCC, 0x91, 0xC4, 0x2E, 0xC3, 0xEE, 0xC4, 0x0E, 0xCC, 0x2E, 0xCC, 0x4F, 
0xCC, 0x4F, 0xCC, 0x2E, 0xCC, 0x0E, 0xC3, 0xED, 0xC3, 0xED, 0xC3, 0xEE, 0xC3, 0xED, 0xC3, 0xED, 0xC3, 0xED, 0xC3, 0xED, 0xC4, 0x0D, 0xCC, 0x0E, 0xD4, 0x2E, 0xD4, 0x4F, 0xDC, 0x4F, 0xDC, 0x70, 
0xDC, 0x70, 0xDC, 0x90, 0xE4, 0x90, 0xE4, 0x90, 0xE4, 0x90, 0xE4, 0x90, 0xE4, 0x90, 0xEC, 0x70, 0xEC, 0x6F, 0xEC, 0x4F, 0xEC, 0x2E, 0xEC, 0x0E, 0xEC, 0x0D, 0xEB, 0xED, 0xEB, 0xED, 0xEB, 0xCC, 
0xE3, 0x8B, 0xEB, 0x8B, 0xE3, 0x6A, 0xE3, 0x2A, 0xDB, 0x09, 0xCA, 0xC7, 0xBA, 0x86, 0x9A, 0x25, 0x8A, 0x04, 0x9A, 0x65, 0x8A, 0x24, 0x61, 0x22, 0x18, 0x20, 0x08, 0x00, 0x08, 0x00, 0x10, 0x00, 
0x20, 0x40, 0x18, 0x20, 0x20, 0x40, 0x20, 0x20, 0x18, 0x00, 0x20, 0x40, 0x20, 0x40, 0x20, 0x20, 0x18, 0x00, 0x18, 0x00, 0x28, 0x00, 0x30, 0x20, 0x30, 0x00, 0x38, 0x00, 0x58, 0x40, 0x89, 0x63, 
0x89, 0xC5, 0x68, 0xC2, 0x89, 0xC5, 0x9A, 0x67, 0xAB, 0x4B, 0x92, 0xA8, 0x60, 0xC2, 0x79, 0xA4, 0xA3, 0x2A, 0xAB, 0xCC, 0xAB, 0xED, 0xAC, 0x0E, 0xA4, 0x0E, 0xA3, 0xCD, 0x9B, 0xAC, 0x9B, 0x8B, 
0x9B, 0x6C, 0x9B, 0x8B, 0x9B, 0x8C, 0x9B, 0x8C, 0x9B, 0x8B, 0x9B, 0x8B, 0x9B, 0x6B, 0x9B, 0x8B, 0x9B, 0x6B, 0x9B, 0x6B, 0x9B, 0x6B, 0x9B, 0x6B, 0x9B, 0x6B, 0x9B, 0x6B, 0x9B, 0x6B, 0x9B, 0x6B, 
0x9B, 0x6B, 0x9B, 0x6B, 0x9B, 0x4B, 0x9B, 0x4B, 0x9B, 0x4B, 0x9B, 0x4B, 0x99, 0xA4, 0xA1, 0x22, 0xB1, 0x63, 0xB9, 0xA4, 0xB9, 0xE5, 0xC1, 0xE6, 0xC2, 0x06, 0xCA, 0x27, 0xD2, 0x47, 0xD2, 0x47, 
0xDD, 0x54, 0xDD, 0x55, 0xDD, 0x55, 0xDD, 0x55, 0xDD, 0x55, 0xDD, 0x55, 0xDD, 0x55, 0xDD, 0x55, 0xDD, 0x55, 0xDD, 0x34, 0xD5, 0x13, 0xDD, 0x35, 0xE5, 0x96, 0xE5, 0x96, 0xE5, 0x96, 0xE5, 0xB7, 
0xE5, 0xB7, 0xE5, 0xB7, 0xE5, 0xB7, 0xE5, 0xB7, 0xE5, 0x96, 0xE5, 0x76, 0xE5, 0x54, 0xDD, 0x34, 0xDD, 0x34, 0xDD, 0x34, 0xDD, 0x14, 0xDD, 0x14, 0xDD, 0x14, 0xDD, 0x13, 0xDC, 0xF3, 0xDC, 0xD2, 
0xDC, 0xB1, 0xD4, 0xB1, 0xD4, 0x90, 0xD4, 0x70, 0xCC, 0x2F, 0xCC, 0x0E, 0xC3, 0xEE, 0xC3, 0xCC, 0xC3, 0xAB, 0xC3, 0x8B, 0xC3, 0x6A, 0xC3, 0x6B, 0xC3, 0x8B, 0xC3, 0x8B, 0xCB, 0x8B, 0xCB, 0x8B, 
0xCB, 0x8B, 0xCB, 0x8B, 0xCB, 0x8B, 0xCB, 0x8B, 0xCB, 0xAB, 0xCB, 0x8B, 0xCB, 0xAB, 0xCB, 0xAB, 0xCB, 0xAB, 0xCB, 0xAB, 0xCB, 0x8B, 0xCB, 0x8B, 0xCB, 0x8B, 0xCB, 0x8B, 0xCB, 0x8B, 0xCB, 0xAB, 
0xCB, 0xAB, 0xCB, 0xAB, 0xCB, 0xAB, 0xCB, 0x8B, 0x8A, 0x05, 0x18, 0x00, 0x10, 0x00, 0x10, 0x00, 0x18, 0x00, 0x18, 0x00, 0x10, 0x00, 0x08, 0x00, 0x08, 0x00, 0x00, 0x00, 0x00, 0x00, 0x00, 0x00, 
0x00, 0x00, 0x00, 0x00, 0x00, 0x00, 0x00, 0x00, 0x00, 0x00, 0x00, 0x00, 0x00, 0x00, 0x00, 0x00, 0x00, 0x00, 0x00, 0x00, 0x00, 0x00, 0x00, 0x00, 0x08, 0x00, 0x08, 0x00, 0x08, 0x00, 0x00, 0x00, 
0x00, 0x00, 0x00, 0x00, 0x00, 0x00, 0x00, 0x00, 0x00, 0x00, 0x00, 0x00, 0x30, 0xA1, 0x51, 0x23, 0x61, 0x84, 0x71, 0xE4, 0x82, 0x25, 0x8A, 0x66, 0x92, 0x87, 0x92, 0xA7, 0x92, 0xA7, 0x8A, 0x46, 
0x69, 0x83, 0x69, 0x63, 0x61, 0x42, 0x61, 0x83, 0x8A, 0x87, 0xA3, 0x09, 0xB3, 0x8B, 0xBB, 0xCC, 0xC3, 0xED, 0xC4, 0x0E, 0xC4, 0x0E, 0xBB, 0xED, 0xBB, 0xCC, 0xBB, 0xCC, 0xBB, 0xAC, 0xBB, 0xCC, 
0xC3, 0xEC, 0xC3, 0xEC, 0xC3, 0xED, 0xC3, 0xED, 0xC3, 0xCD, 0xC4, 0x0E, 0xC3, 0xEE, 0xC4, 0x0E, 0xC4, 0x0D, 0xC4, 0x0D, 0xCC, 0x0D, 0xCC, 0x2E, 0xD4, 0x2E, 0xD4, 0x4F, 0xD4, 0x4F, 0xDC, 0x70, 
0xDC, 0x70, 0xDC, 0x90, 0xDC, 0x90, 0xE4, 0x90, 0xE4, 0x91, 0xE4, 0x90, 0xE4, 0x90, 0xEC, 0x90, 0xEC, 0x70, 0xEC, 0x4F, 0xEC, 0x2F, 0xEC, 0x2E, 0xEC, 0x0E, 0xEB, 0xED, 0xEB, 0xED, 0xEB, 0xCC, 
0xE3, 0xAC, 0xEB, 0x8B, 0xE3, 0x6A, 0xE3, 0x2A, 0xDB, 0x08, 0xCA, 0xC7, 0xBA, 0x86, 0x9A, 0x45, 0x8A, 0x04, 0x9A, 0x45, 0x8A, 0x04, 0x59, 0x02, 0x18, 0x00, 0x08, 0x00, 0x08, 0x00, 0x18, 0x40, 
0x20, 0x40, 0x18, 0x20, 0x20, 0x41, 0x18, 0x20, 0x18, 0x20, 0x20, 0x41, 0x20, 0x20, 0x20, 0x20, 0x18, 0x00, 0x18, 0x00, 0x28, 0x00, 0x30, 0x20, 0x28, 0x00, 0x38, 0x00, 0x58, 0x20, 0x81, 0x02, 
0x91, 0xE6, 0x71, 0x02, 0x81, 0xA5, 0x92, 0x06, 0x9A, 0x68, 0x92, 0xA8, 0x79, 0xC5, 0x58, 0xA1, 0x79, 0x83, 0x9A, 0xC9, 0xA3, 0x8B, 0xA3, 0xCD, 0xA3, 0xCD, 0xA3, 0xCD, 0x9B, 0x8C, 0x9B, 0x8C, 
0x9B, 0x8C, 0x9B, 0x8C, 0x9B, 0x8C, 0x9B, 0x8C, 0x9B, 0x8C, 0x9B, 0x8C, 0x9B, 0x8B, 0x9B, 0x8B, 0x9B, 0x8B, 0x9B, 0x8B, 0x9B, 0x6B, 0x9B, 0x6B, 0x9B, 0x6B, 0x9B, 0x6B, 0x9B, 0x6B, 0x9B, 0x6B, 
0x9B, 0x6B, 0x9B, 0x6B, 0x9B, 0x6B, 0x9B, 0x6B, 0x9B, 0x6B, 0x9B, 0x0A, 0x99, 0x22, 0xA9, 0x22, 0xB1, 0x63, 0xB9, 0xA4, 0xC1, 0xE6, 0xC2, 0x06, 0xCA, 0x06, 0xCA, 0x27, 0xD2, 0x47, 0xD2, 0x48, 
0xDD, 0x55, 0xDD, 0x55, 0xDD, 0x55, 0xDD, 0x55, 0xDD, 0x55, 0xDD, 0x55, 0xDD, 0x55, 0xDD, 0x55, 0xDD, 0x55, 0xDD, 0x34, 0xD5, 0x13, 0xDD, 0x55, 0xE5, 0x96, 0xE5, 0x96, 0xE5, 0xB6, 0xE5, 0xB7, 
0xE5, 0xB7, 0xE5, 0xB7, 0xE5, 0xB7, 0xE5, 0xB7, 0xE5, 0x96, 0xE5, 0x75, 0xDD, 0x34, 0xDD, 0x34, 0xDD, 0x34, 0xDD, 0x34, 0xDD, 0x14, 0xDD, 0x14, 0xDD, 0x14, 0xDD, 0x13, 0xDC, 0xF3, 0xDC, 0xD2, 
0xDC, 0xD2, 0xD4, 0xB1, 0xD4, 0x90, 0xD4, 0x70, 0xCC, 0x2F, 0xCC, 0x0E, 0xC3, 0xED, 0xC3, 0xAC, 0xC3, 0x8B, 0xC3, 0x8B, 0xC3, 0x8A, 0xC3, 0x8B, 0xC3, 0x8B, 0xCB, 0x8B, 0xCB, 0x8B, 0xCB, 0xAB, 
0xCB, 0xAB, 0xCB, 0xAB, 0xCB, 0xAB, 0xCB, 0xAB, 0xCB, 0xAB, 0xCB, 0xAB, 0xCB, 0xAB, 0xCB, 0xAB, 0xCB, 0xAB, 0xCB, 0xAB, 0xCB, 0xAB, 0xCB, 0x8B, 0xCB, 0xAB, 0xCB, 0xAB, 0xCB, 0xAB, 0xCB, 0xAB, 
0xCB, 0xAB, 0xCB, 0xAB, 0xCB, 0x8B, 0xBB, 0x29, 0x48, 0xA1, 0x10, 0x00, 0x10, 0x00, 0x10, 0x00, 0x10, 0x00, 0x10, 0x00, 0x10, 0x00, 0x08, 0x00, 0x08, 0x00, 0x08, 0x00, 0x00, 0x00, 0x00, 0x00, 
0x00, 0x00, 0x00, 0x00, 0x08, 0x00, 0x08, 0x00, 0x00, 0x00, 0x00, 0x00, 0x00, 0x00, 0x00, 0x00, 0x00, 0x00, 0x00, 0x00, 0x00, 0x00, 0x00, 0x00, 0x08, 0x00, 0x00, 0x00, 0x00, 0x00, 0x08, 0x00, 
0x00, 0x00, 0x00, 0x00, 0x00, 0x00, 0x00, 0x00, 0x00, 0x00, 0x00, 0x00, 0x28, 0x81, 0x51, 0x02, 0x61, 0x63, 0x71, 0xC4, 0x82, 0x25, 0x8A, 0x66, 0x92, 0x87, 0x92, 0xA7, 0x92, 0xA7, 0x82, 0x25, 
0x69, 0x62, 0x69, 0x42, 0x61, 0x42, 0x61, 0x63, 0x7A, 0x25, 0x9A, 0xE8, 0xB3, 0x6B, 0xB3, 0x8B, 0xBB, 0xCC, 0xBB, 0xCC, 0xBB, 0xCC, 0xBB, 0xAC, 0xB3, 0x6B, 0x92, 0x67, 0x61, 0x23, 0x58, 0xC2, 
0x79, 0xC5, 0xAB, 0x09, 0xBB, 0x8A, 0xBB, 0x8B, 0xBB, 0xAD, 0xC3, 0xEE, 0xCC, 0x0E, 0xCC, 0x2E, 0xCC, 0x2E, 0xCC, 0x2E, 0xCC, 0x2D, 0xCC, 0x4E, 0xD4, 0x4F, 0xD4, 0x4F, 0xD4, 0x6F, 0xDC, 0x90, 
0xDC, 0x90, 0xDC, 0x90, 0xDC, 0x90, 0xE4, 0xB0, 0xE4, 0x90, 0xE4, 0x90, 0xE4, 0x90, 0xE4, 0x90, 0xEC, 0x6F, 0xEC, 0x4F, 0xEC, 0x4F, 0xEC, 0x2E, 0xEC, 0x2E, 0xEC, 0x0E, 0xEB, 0xED, 0xEB, 0xEC, 
0xEB, 0xAC, 0xEB, 0x8B, 0xE3, 0x6A, 0xE3, 0x4A, 0xDB, 0x09, 0xD2, 0xE7, 0xBA, 0xA6, 0x9A, 0x45, 0x8A, 0x04, 0x92, 0x45, 0x89, 0xE4, 0x59, 0x02, 0x18, 0x00, 0x00, 0x00, 0x10, 0x20, 0x18, 0x40, 
0x18, 0x20, 0x18, 0x20, 0x20, 0x40, 0x18, 0x20, 0x20, 0x40, 0x20, 0x40, 0x20, 0x20, 0x20, 0x20, 0x18, 0x00, 0x18, 0x00, 0x20, 0x00, 0x28, 0x00, 0x28, 0x00, 0x30, 0x00, 0x48, 0x00, 0x70, 0xC1, 
0x91, 0xC6, 0x79, 0x44, 0x71, 0x02, 0x81, 0xC4, 0x81, 0xC5, 0x79, 0xA5, 0x71, 0x64, 0x60, 0xE2, 0x50, 0x60, 0x71, 0x22, 0x92, 0x67, 0x9B, 0x0A, 0xA3, 0x6B, 0x9B, 0x8C, 0x9B, 0x6C, 0x9B, 0x8B, 
0x9B, 0x8C, 0x9B, 0x8C, 0x9B, 0x8C, 0x9B, 0x8C, 0xA3, 0x8C, 0x9B, 0x8C, 0x9B, 0x8C, 0x9B, 0x8B, 0xA3, 0x8C, 0x9B, 0x8B, 0x9B, 0x8B, 0x9B, 0x8B, 0x9B, 0x8B, 0x9B, 0x8B, 0x9B, 0x8B, 0x9B, 0x8B, 
0x9B, 0x8B, 0x9B, 0x8B, 0x9B, 0x8B, 0x9B, 0x8B, 0x9B, 0x6B, 0x9A, 0x27, 0xA1, 0x22, 0xA9, 0x42, 0xB1, 0x84, 0xB9, 0xC5, 0xC2, 0x06, 0xC2, 0x06, 0xCA, 0x27, 0xCA, 0x27, 0xD2, 0x47, 0xD2, 0x48, 
0xDD, 0x55, 0xDD, 0x55, 0xDD, 0x55, 0xDD, 0x75, 0xDD, 0x55, 0xDD, 0x75, 0xDD, 0x75, 0xDD, 0x55, 0xDD, 0x55, 0xDD, 0x34, 0xD5, 0x13, 0xDD, 0x76, 0xE5, 0x96, 0xE5, 0xB6, 0xE5, 0xB7, 0xE5, 0xB7, 
0xE5, 0xB7, 0xE5, 0xB7, 0xE5, 0xB7, 0xE5, 0xB7, 0xE5, 0x96, 0xE5, 0x75, 0xDD, 0x54, 0xDD, 0x34, 0xDD, 0x34, 0xDD, 0x34, 0xDD, 0x34, 0xDD, 0x34, 0xDD, 0x14, 0xDD, 0x13, 0xDC, 0xF3, 0xDC, 0xD2, 
0xD4, 0xD2, 0xD4, 0xB1, 0xD4, 0x90, 0xCC, 0x70, 0xCC, 0x4F, 0xCC, 0x0E, 0xC3, 0xED, 0xC3, 0xAC, 0xC3, 0x8B, 0xC3, 0x6B, 0xC3, 0x6A, 0xC3, 0x8B, 0xC3, 0x8B, 0xC3, 0x8B, 0xCB, 0x8B, 0xCB, 0xAB, 
0xCB, 0xAB, 0xCB, 0xAB, 0xCB, 0xAB, 0xCB, 0xAB, 0xCB, 0xAB, 0xCB, 0xAB, 0xCB, 0xAB, 0xCB, 0xAB, 0xCB, 0xAB, 0xCB, 0xAB, 0xCB, 0xAB, 0xCB, 0xAB, 0xCB, 0xAB, 0xCB, 0xAB, 0xCB, 0xAB, 0xCB, 0xAC, 
0xCB, 0xAC, 0xCB, 0xAC, 0xCB, 0x8B, 0x92, 0x05, 0x18, 0x00, 0x10, 0x00, 0x10, 0x00, 0x10, 0x00, 0x10, 0x00, 0x10, 0x00, 0x08, 0x00, 0x08, 0x00, 0x08, 0x00, 0x00, 0x00, 0x00, 0x00, 0x00, 0x00, 
0x00, 0x00, 0x08, 0x00, 0x00, 0x00, 0x00, 0x00, 0x00, 0x00, 0x00, 0x00, 0x00, 0x00, 0x00, 0x00, 0x00, 0x00, 0x00, 0x00, 0x00, 0x00, 0x00, 0x00, 0x00, 0x00, 0x00, 0x00, 0x00, 0x00, 0x00, 0x00, 
0x00, 0x00, 0x00, 0x00, 0x00, 0x00, 0x00, 0x00, 0x00, 0x00, 0x00, 0x00, 0x18, 0x40, 0x48, 0xE2, 0x61, 0x63, 0x71, 0xA4, 0x82, 0x05, 0x8A, 0x46, 0x92, 0x67, 0x92, 0xA7, 0x92, 0xA7, 0x81, 0xE5, 
0x71, 0x62, 0x69, 0x62, 0x69, 0x42, 0x69, 0x83, 0x69, 0xA4, 0x8A, 0x46, 0xA2, 0xE8, 0xAB, 0x4A, 0xB3, 0x8B, 0xBB, 0xAC, 0xBB, 0xCC, 0xB3, 0x8B, 0xA2, 0xC9, 0xAB, 0x0B, 0xA3, 0x0B, 0x9A, 0xA9, 
0xAB, 0x2B, 0xB3, 0x2A, 0xB3, 0x4B, 0xB3, 0x6B, 0xC3, 0xEE, 0xCC, 0x0F, 0xCC, 0x2F, 0xCC, 0x4F, 0xCC, 0x4F, 0xCC, 0x4F, 0xCC, 0x4E, 0xD4, 0x4F, 0xD4, 0x6F, 0xD4, 0x70, 0xDC, 0x90, 0xDC, 0x90, 
0xDC, 0x90, 0xDC, 0x91, 0xDC, 0xB0, 0xE4, 0x90, 0xE4, 0x90, 0xE4, 0x90, 0xE4, 0x90, 0xE4, 0x90, 0xE4, 0x70, 0xE4, 0x6F, 0xEC, 0x4F, 0xEC, 0x2F, 0xEC, 0x2E, 0xEC, 0x0E, 0xEC, 0x0D, 0xEB, 0xED, 
0xE3, 0xAC, 0xE3, 0x8B, 0xE3, 0x6B, 0xE3, 0x4A, 0xDB, 0x09, 0xD2, 0xE8, 0xC2, 0xA7, 0x9A, 0x45, 0x8A, 0x05, 0x92, 0x25, 0x8A, 0x04, 0x50, 0xE1, 0x10, 0x00, 0x08, 0x00, 0x10, 0x20, 0x18, 0x20, 
0x18, 0x20, 0x20, 0x40, 0x20, 0x40, 0x20, 0x40, 0x20, 0x40, 0x20, 0x40, 0x20, 0x20, 0x18, 0x00, 0x18, 0x00, 0x18, 0x00, 0x20, 0x00, 0x28, 0x00, 0x28, 0x00, 0x30, 0x00, 0x40, 0x00, 0x68, 0x60, 
0x79, 0x23, 0x70, 0xE2, 0x60, 0xA1, 0x71, 0x43, 0x71, 0x43, 0x69, 0x64, 0x69, 0x64, 0x61, 0x03, 0x50, 0x81, 0x50, 0x61, 0x71, 0x43, 0x8A, 0x26, 0x9A, 0xEA, 0x9B, 0x6B, 0x9B, 0x6B, 0x9B, 0x6B, 
0x9B, 0x6B, 0x9B, 0x6B, 0x9B, 0x8C, 0x9B, 0x8C, 0xA3, 0x8C, 0xA3, 0x8C, 0xA3, 0x8C, 0xA3, 0x8C, 0xA3, 0x8B, 0xA3, 0x8B, 0x9B, 0x8B, 0x9B, 0x8B, 0x9B, 0x8B, 0x9B, 0x8B, 0x9B, 0x8B, 0x9B, 0x8B, 
0xA3, 0x8C, 0xA3, 0x8C, 0xA3, 0x8C, 0x9B, 0x8B, 0xA3, 0x6B, 0x99, 0x63, 0xA1, 0x22, 0xA9, 0x63, 0xB1, 0xA4, 0xB9, 0xE5, 0xC2, 0x06, 0xC2, 0x27, 0xCA, 0x27, 0xCA, 0x27, 0xD2, 0x47, 0xD2, 0x48, 
0xDD, 0x55, 0xDD, 0x55, 0xDD, 0x75, 0xDD, 0x75, 0xDD, 0x75, 0xDD, 0x75, 0xDD, 0x75, 0xDD, 0x75, 0xDD, 0x55, 0xDD, 0x34, 0xDD, 0x13, 0xDD, 0x76, 0xE5, 0x96, 0xE5, 0x97, 0xE5, 0xB7, 0xE5, 0xB7, 
0xE5, 0xB7, 0xE5, 0xB7, 0xE5, 0xB7, 0xE5, 0xB7, 0xE5, 0x96, 0xE5, 0x75, 0xDD, 0x54, 0xDD, 0x34, 0xDD, 0x34, 0xDD, 0x34, 0xDD, 0x34, 0xDD, 0x34, 0xDD, 0x14, 0xDD, 0x13, 0xDC, 0xF3, 0xDC, 0xD2, 
0xD4, 0xD2, 0xD4, 0xB1, 0xD4, 0x90, 0xD4, 0x70, 0xCC, 0x2F, 0xCC, 0x0E, 0xC3, 0xED, 0xC3, 0xAC, 0xC3, 0x8B, 0xC3, 0x6B, 0xC3, 0x8A, 0xC3, 0x8B, 0xC3, 0x8B, 0xC3, 0x8B, 0xCB, 0xAB, 0xCB, 0xAB, 
0xCB, 0xAB, 0xCB, 0xAB, 0xCB, 0xAB, 0xCB, 0xAB, 0xCB, 0xAC, 0xCB, 0xAB, 0xCB, 0xAB, 0xCB, 0xAB, 0xCB, 0xAB, 0xCB, 0xAB, 0xCB, 0xAB, 0xCB, 0xAB, 0xCB, 0xAB, 0xCB, 0xAB, 0xCB, 0xAB, 0xCB, 0xAC, 
0xCB, 0xAC, 0xCB, 0xAB, 0xBB, 0x29, 0x48, 0x81, 0x10, 0x00, 0x10, 0x00, 0x08, 0x00, 0x10, 0x00, 0x10, 0x00, 0x10, 0x00, 0x08, 0x00, 0x08, 0x00, 0x00, 0x00, 0x00, 0x00, 0x00, 0x00, 0x00, 0x00, 
0x08, 0x00, 0x00, 0x00, 0x00, 0x00, 0x00, 0x00, 0x00, 0x00, 0x00, 0x00, 0x00, 0x00, 0x00, 0x00, 0x00, 0x00, 0x00, 0x00, 0x00, 0x00, 0x00, 0x00, 0x00, 0x00, 0x00, 0x00, 0x00, 0x00, 0x00, 0x00, 
0x00, 0x00, 0x00, 0x00, 0x00, 0x00, 0x00, 0x00, 0x00, 0x00, 0x00, 0x00, 0x08, 0x20, 0x40, 0xC2, 0x59, 0x43, 0x69, 0x84, 0x79, 0xE5, 0x82, 0x25, 0x8A, 0x66, 0x92, 0xA7, 0x92, 0xA7, 0x79, 0xE4, 
0x71, 0x82, 0x71, 0x62, 0x69, 0x62, 0x69, 0x62, 0x61, 0x83, 0x61, 0x83, 0x82, 0x26, 0x9A, 0xC8, 0xA3, 0x29, 0xAB, 0x4A, 0xB3, 0x8B, 0xB3, 0x6B, 0xB3, 0x8C, 0xBB, 0xCD, 0xC4, 0x2F, 0xC4, 0x30, 
0xC4, 0x2F, 0xC3, 0xCD, 0xBB, 0xCD, 0xC4, 0x0E, 0xCC, 0x2F, 0xCC, 0x4F, 0xCC, 0x70, 0xD4, 0x70, 0xD4, 0x90, 0xD4, 0x6F, 0xD4, 0x6F, 0xD4, 0x6F, 0xD4, 0x70, 0xDC, 0x90, 0xDC, 0x91, 0xDC, 0xB1, 
0xDC, 0xB1, 0xDC, 0x90, 0xE4, 0xB1, 0xE4, 0x90, 0xE4, 0x90, 0xE4, 0x90, 0xE4, 0x90, 0xE4, 0x90, 0xE4, 0x70, 0xE4, 0x4F, 0xE4, 0x4F, 0xEC, 0x4F, 0xEC, 0x2E, 0xEC, 0x2E, 0xEC, 0x0D, 0xEB, 0xED, 
0xEB, 0xCC, 0xEB, 0xAB, 0xE3, 0x6A, 0xE3, 0x4A, 0xDB, 0x09, 0xD2, 0xE7, 0xBA, 0xA7, 0x9A, 0x45, 0x8A, 0x04, 0x92, 0x45, 0x89, 0xE4, 0x48, 0xC1, 0x10, 0x00, 0x08, 0x00, 0x10, 0x00, 0x18, 0x20, 
0x18, 0x20, 0x20, 0x40, 0x20, 0x40, 0x18, 0x20, 0x20, 0x40, 0x20, 0x40, 0x18, 0x20, 0x18, 0x00, 0x10, 0x00, 0x18, 0x00, 0x20, 0x00, 0x28, 0x00, 0x28, 0x00, 0x28, 0x00, 0x38, 0x00, 0x60, 0x40, 
0x78, 0xE2, 0x70, 0xC1, 0x60, 0x81, 0x71, 0x43, 0x71, 0x64, 0x71, 0xA5, 0x71, 0xA5, 0x61, 0x64, 0x58, 0xE2, 0x50, 0xA1, 0x69, 0x03, 0x82, 0x06, 0x92, 0xC9, 0x9B, 0x2A, 0x9B, 0x6B, 0x9B, 0x6C, 
0x9B, 0x6C, 0x9B, 0x6C, 0x9B, 0x6B, 0x9B, 0x6B, 0x9B, 0x6B, 0x9B, 0x8B, 0xA3, 0x8C, 0xA3, 0x8C, 0xA3, 0x8C, 0x9B, 0x8B, 0x9B, 0x8B, 0x9B, 0x8B, 0x9B, 0x6B, 0x9B, 0x8B, 0x9B, 0x6B, 0x9B, 0x8B, 
0xA3, 0x8C, 0xA3, 0x8C, 0xA3, 0x8C, 0xA3, 0x8C, 0xA2, 0xC9, 0xA1, 0x22, 0xA9, 0x42, 0xB1, 0x83, 0xB1, 0xC5, 0xBA, 0x06, 0xC2, 0x06, 0xCA, 0x27, 0xCA, 0x27, 0xD2, 0x47, 0xD2, 0x47, 0xD2, 0x48, 
0xD5, 0x55, 0xDD, 0x75, 0xDD, 0x75, 0xDD, 0x75, 0xDD, 0x75, 0xDD, 0x75, 0xDD, 0x76, 0xDD, 0x75, 0xDD, 0x55, 0xDD, 0x34, 0xDD, 0x34, 0xDD, 0x96, 0xE5, 0x96, 0xE5, 0x96, 0xE5, 0xB7, 0xE5, 0xB7, 
0xE5, 0xB7, 0xE5, 0xB7, 0xE5, 0xB7, 0xE5, 0xB7, 0xE5, 0x96, 0xDD, 0x75, 0xDD, 0x54, 0xDD, 0x34, 0xDD, 0x34, 0xDD, 0x34, 0xDD, 0x34, 0xDD, 0x34, 0xDD, 0x34, 0xDD, 0x14, 0xDC, 0xF3, 0xD4, 0xD2, 
0xD4, 0xB1, 0xD4, 0x91, 0xD4, 0x90, 0xCC, 0x70, 0xCC, 0x2F, 0xC4, 0x0E, 0xC3, 0xCD, 0xC3, 0xAB, 0xC3, 0x8B, 0xC3, 0x8B, 0xC3, 0x8B, 0xC3, 0x8B, 0xC3, 0x8B, 0xCB, 0x8B, 0xCB, 0xAB, 0xCB, 0xAC, 
0xCB, 0xAC, 0xCB, 0xAC, 0xCB, 0xAC, 0xCB, 0xAB, 0xCB, 0xAB, 0xCB, 0xAB, 0xCB, 0xAB, 0xCB, 0xAB, 0xCB, 0xAB, 0xCB, 0xAB, 0xCB, 0xAB, 0xCB, 0xAB, 0xCB, 0xAB, 0xCB, 0xAB, 0xCB, 0xAC, 0xCB, 0xCC, 
0xCB, 0xAC, 0xC3, 0x6A, 0x81, 0xC4, 0x18, 0x00, 0x10, 0x00, 0x10, 0x00, 0x08, 0x00, 0x10, 0x00, 0x10, 0x00, 0x10, 0x00, 0x08, 0x00, 0x08, 0x00, 0x00, 0x00, 0x00, 0x00, 0x00, 0x00, 0x00, 0x00, 
0x08, 0x00, 0x00, 0x00, 0x00, 0x00, 0x00, 0x00, 0x00, 0x00, 0x00, 0x00, 0x00, 0x00, 0x00, 0x00, 0x00, 0x00, 0x00, 0x00, 0x00, 0x00, 0x00, 0x00, 0x00, 0x00, 0x00, 0x00, 0x00, 0x00, 0x00, 0x00, 
0x00, 0x00, 0x00, 0x00, 0x00, 0x00, 0x00, 0x00, 0x00, 0x00, 0x00, 0x00, 0x00, 0x00, 0x30, 0xA1, 0x51, 0x22, 0x69, 0x63, 0x79, 0xC4, 0x82, 0x25, 0x8A, 0x66, 0x92, 0xA7, 0x92, 0x87, 0x79, 0xC4, 
0x71, 0x83, 0x71, 0x82, 0x69, 0x62, 0x69, 0x42, 0x69, 0x63, 0x61, 0x22, 0x48, 0xA1, 0x61, 0x63, 0x8A, 0x47, 0x9A, 0xC8, 0xA2, 0xE9, 0xAB, 0x4A, 0xAB, 0x6B, 0xBB, 0xCD, 0xC4, 0x2F, 0xC4, 0x4F, 
0xCC, 0x2F, 0xCC, 0x2F, 0xCC, 0x4F, 0xCC, 0x4F, 0xCC, 0x4F, 0xCC, 0x6F, 0xCC, 0x90, 0xD4, 0x90, 0xD4, 0x90, 0xD4, 0x90, 0xD4, 0x90, 0xD4, 0xB0, 0xDC, 0xB0, 0xDC, 0xB1, 0xDC, 0xB1, 0xDC, 0xB1, 
0xDC, 0xB1, 0xDC, 0xB1, 0xDC, 0x90, 0xE4, 0x90, 0xE4, 0xB0, 0xE4, 0xB0, 0xE4, 0x90, 0xE4, 0x70, 0xE4, 0x4F, 0xE4, 0x4F, 0xE4, 0x4F, 0xEC, 0x4F, 0xEC, 0x2E, 0xEC, 0x2E, 0xEC, 0x0D, 0xEB, 0xED, 
0xEB, 0xCC, 0xE3, 0xAB, 0xE3, 0x6A, 0xE3, 0x4A, 0xDB, 0x29, 0xD2, 0xE8, 0xBA, 0xA6, 0x9A, 0x24, 0x92, 0x25, 0x92, 0x45, 0x81, 0xC4, 0x48, 0xA1, 0x10, 0x00, 0x08, 0x00, 0x10, 0x00, 0x18, 0x20, 
0x20, 0x20, 0x20, 0x20, 0x20, 0x41, 0x18, 0x20, 0x20, 0x40, 0x20, 0x40, 0x18, 0x20, 0x18, 0x00, 0x10, 0x00, 0x18, 0x00, 0x20, 0x00, 0x20, 0x00, 0x28, 0x00, 0x28, 0x00, 0x30, 0x00, 0x50, 0x20, 
0x70, 0xC1, 0x78, 0xE1, 0x68, 0xA1, 0x71, 0x43, 0x79, 0xA5, 0x71, 0xE6, 0x71, 0xE6, 0x72, 0x07, 0x61, 0x44, 0x59, 0x03, 0x61, 0x23, 0x82, 0x27, 0x9B, 0x2C, 0x9B, 0x6C, 0x9B, 0x4B, 0x9B, 0x6C, 
0x9B, 0x8C, 0x9B, 0x8C, 0x9B, 0x8C, 0x9B, 0x8C, 0x9B, 0x6B, 0x9B, 0x6B, 0x9B, 0x8B, 0xA3, 0x8B, 0x9B, 0x8B, 0x9B, 0x8B, 0x9B, 0x8B, 0x9B, 0x8B, 0x9B, 0x8B, 0x9B, 0x8B, 0x9B, 0x8B, 0x9B, 0x8B, 
0xA3, 0x8B, 0xA3, 0x8C, 0xA3, 0x8C, 0xA3, 0x8C, 0x99, 0xE5, 0xA1, 0x42, 0xA9, 0x63, 0xB1, 0xA4, 0xB9, 0xE5, 0xBA, 0x06, 0xC2, 0x26, 0xCA, 0x27, 0xCA, 0x47, 0xD2, 0x47, 0xD2, 0x47, 0xD2, 0x68, 
0xD5, 0x55, 0xD5, 0x55, 0xDD, 0x55, 0xDD, 0x75, 0xDD, 0x75, 0xDD, 0x76, 0xDD, 0x76, 0xDD, 0x76, 0xD5, 0x55, 0xD5, 0x34, 0xDD, 0x55, 0xDD, 0x96, 0xDD, 0x96, 0xE5, 0x96, 0xE5, 0xB7, 0xE5, 0xB7, 
0xE5, 0xB7, 0xE5, 0xB7, 0xE5, 0xB7, 0xE5, 0xB7, 0xE5, 0x96, 0xDD, 0x75, 0xDD, 0x54, 0xDD, 0x34, 0xDD, 0x34, 0xDD, 0x34, 0xDD, 0x34, 0xDD, 0x34, 0xDD, 0x34, 0xDD, 0x13, 0xDC, 0xF2, 0xD4, 0xD2, 
0xD4, 0xB1, 0xD4, 0x91, 0xD4, 0x70, 0xCC, 0x70, 0xCC, 0x2F, 0xC3, 0xEE, 0xC3, 0xCC, 0xC3, 0xAC, 0xC3, 0x8B, 0xC3, 0x8B, 0xC3, 0x8B, 0xC3, 0x8B, 0xC3, 0x8B, 0xCB, 0x8B, 0xCB, 0xAB, 0xCB, 0xAC, 
0xCB, 0xAC, 0xCB, 0xAC, 0xCB, 0xAC, 0xCB, 0xAB, 0xCB, 0xAB, 0xCB, 0xAB, 0xCB, 0xAB, 0xCB, 0xAB, 0xCB, 0xAB, 0xCB, 0xAC, 0xCB, 0xAC, 0xCB, 0xAB, 0xCB, 0xAB, 0xCB, 0xAC, 0xCB, 0xCC, 0xCB, 0xCC, 
0xCB, 0xAB, 0xB2, 0xA7, 0x38, 0x60, 0x18, 0x00, 0x10, 0x00, 0x08, 0x00, 0x08, 0x00, 0x10, 0x00, 0x10, 0x00, 0x08, 0x00, 0x08, 0x00, 0x00, 0x00, 0x00, 0x00, 0x00, 0x00, 0x00, 0x00, 0x08, 0x00, 
0x08, 0x00, 0x00, 0x00, 0x00, 0x00, 0x00, 0x00, 0x00, 0x00, 0x00, 0x00, 0x00, 0x00, 0x00, 0x00, 0x00, 0x00, 0x00, 0x00, 0x00, 0x00, 0x00, 0x00, 0x00, 0x00, 0x00, 0x00, 0x00, 0x00, 0x00, 0x00, 
0x00, 0x00, 0x00, 0x00, 0x00, 0x00, 0x00, 0x00, 0x00, 0x00, 0x00, 0x00, 0x00, 0x00, 0x10, 0x40, 0x49, 0x02, 0x61, 0x63, 0x71, 0xC4, 0x82, 0x05, 0x8A, 0x46, 0x92, 0x87, 0x8A, 0x67, 0x81, 0xE4, 
0x71, 0x83, 0x71, 0x83, 0x71, 0x63, 0x69, 0x42, 0x61, 0x42, 0x69, 0x63, 0x61, 0x43, 0x48, 0xC1, 0x50, 0xC1, 0x69, 0x84, 0x82, 0x47, 0x9A, 0xE9, 0xAB, 0x6B, 0xBB, 0xCD, 0xC4, 0x2E, 0xCC, 0x70, 
0xCC, 0x70, 0xCC, 0x70, 0xCC, 0x6F, 0xCC, 0x6F, 0xCC, 0x6F, 0xCC, 0x8F, 0xCC, 0xB0, 0xD4, 0x90, 0xD4, 0x90, 0xD4, 0xB1, 0xD4, 0xB1, 0xD4, 0xB1, 0xDC, 0xB1, 0xDC, 0xB1, 0xDC, 0xB1, 0xDC, 0xB1, 
0xDC, 0xB1, 0xDC, 0xD1, 0xDC, 0xB1, 0xE4, 0xB1, 0xE4, 0xB1, 0xE4, 0xB1, 0xE4, 0xB0, 0xE4, 0x90, 0xE4, 0x6F, 0xE4, 0x70, 0xE4, 0x70, 0xE4, 0x4F, 0xEC, 0x4E, 0xEC, 0x2E, 0xEC, 0x0E, 0xEB, 0xED, 
0xEB, 0xCC, 0xE3, 0xAC, 0xE3, 0x6B, 0xE3, 0x6A, 0xDB, 0x29, 0xD2, 0xE8, 0xBA, 0xA6, 0x9A, 0x04, 0x92, 0x45, 0x92, 0x25, 0x79, 0xA3, 0x50, 0xE1, 0x10, 0x00, 0x08, 0x00, 0x10, 0x20, 0x10, 0x00, 
0x20, 0x20, 0x28, 0x40, 0x20, 0x40, 0x20, 0x40, 0x20, 0x41, 0x18, 0x20, 0x18, 0x20, 0x18, 0x20, 0x10, 0x00, 0x18, 0x00, 0x18, 0x00, 0x20, 0x00, 0x28, 0x00, 0x28, 0x00, 0x30, 0x00, 0x40, 0x00, 
0x70, 0x81, 0x79, 0x02, 0x70, 0xE2, 0x79, 0x63, 0x82, 0x06, 0x7A, 0x07, 0x71, 0xE7, 0x7A, 0x48, 0x69, 0xC6, 0x59, 0x23, 0x61, 0x65, 0x71, 0xE7, 0x93, 0x2C, 0x9B, 0x8D, 0x9B, 0x6C, 0x9B, 0x6B, 
0x9B, 0x6C, 0x9B, 0x6C, 0x9B, 0x6B, 0x9B, 0x8B, 0x9B, 0x8C, 0x9B, 0x8B, 0x9B, 0x8C, 0x9B, 0x8C, 0x9B, 0x8C, 0x9B, 0x8C, 0x9B, 0x8B, 0x9B, 0x8B, 0x9B, 0x8B, 0x9B, 0x8B, 0x9B, 0x8B, 0xA3, 0x8C, 
0xA3, 0x8C, 0xA3, 0x8C, 0xA3, 0x8C, 0xA3, 0x4B, 0xA1, 0x43, 0xA9, 0x42, 0xA9, 0x83, 0xB1, 0xC5, 0xB9, 0xE6, 0xC2, 0x06, 0xC2, 0x27, 0xCA, 0x27, 0xCA, 0x47, 0xD2, 0x47, 0xD2, 0x47, 0xD2, 0x68, 
0xCC, 0xF3, 0xD5, 0x13, 0xD5, 0x34, 0xD5, 0x34, 0xD5, 0x55, 0xD5, 0x55, 0xD5, 0x75, 0xD5, 0x55, 0xD5, 0x55, 0xD5, 0x34, 0xDD, 0x55, 0xDD, 0x96, 0xDD, 0x96, 0xDD, 0x96, 0xE5, 0x96, 0xE5, 0x96, 
0xE5, 0xB6, 0xE5, 0xB6, 0xE5, 0x96, 0xDD, 0x96, 0xDD, 0x76, 0xDD, 0x75, 0xDD, 0x54, 0xDD, 0x54, 0xDD, 0x34, 0xDD, 0x54, 0xDD, 0x54, 0xDD, 0x34, 0xDD, 0x34, 0xDD, 0x13, 0xDC, 0xF2, 0xD4, 0xD2, 
0xD4, 0xB1, 0xD4, 0xB1, 0xD4, 0x90, 0xCC, 0x70, 0xCC, 0x2F, 0xC3, 0xED, 0xC3, 0xCC, 0xC3, 0xAB, 0xC3, 0x8B, 0xC3, 0x8B, 0xC3, 0x8B, 0xC3, 0x8B, 0xC3, 0x8B, 0xCB, 0xAB, 0xCB, 0xAB, 0xCB, 0xAB, 
0xCB, 0xAB, 0xCB, 0xAC, 0xCB, 0xAB, 0xCB, 0xAB, 0xCB, 0xAB, 0xCB, 0xAB, 0xCB, 0xAB, 0xCB, 0xAB, 0xCB, 0xAB, 0xCB, 0xAB, 0xCB, 0xAC, 0xCB, 0xAC, 0xCB, 0xCC, 0xCB, 0xCC, 0xCB, 0xAB, 0xCB, 0xAB, 
0xC3, 0x29, 0x79, 0x63, 0x18, 0x00, 0x18, 0x00, 0x10, 0x00, 0x08, 0x00, 0x08, 0x00, 0x10, 0x00, 0x08, 0x00, 0x08, 0x00, 0x08, 0x00, 0x00, 0x00, 0x00, 0x00, 0x00, 0x00, 0x00, 0x00, 0x10, 0x40, 
0x08, 0x00, 0x00, 0x00, 0x00, 0x00, 0x00, 0x00, 0x00, 0x00, 0x00, 0x00, 0x00, 0x00, 0x00, 0x00, 0x00, 0x00, 0x00, 0x00, 0x00, 0x00, 0x00, 0x00, 0x00, 0x00, 0x00, 0x00, 0x00, 0x00, 0x00, 0x00, 
0x00, 0x00, 0x00, 0x00, 0x00, 0x00, 0x00, 0x00, 0x00, 0x00, 0x00, 0x00, 0x00, 0x00, 0x00, 0x00, 0x38, 0xC1, 0x59, 0x43, 0x71, 0xA4, 0x82, 0x05, 0x82, 0x46, 0x8A, 0x67, 0x92, 0x87, 0x8A, 0x46, 
0x79, 0xA4, 0x79, 0x84, 0x71, 0x83, 0x71, 0x63, 0x69, 0x42, 0x61, 0x02, 0x59, 0x02, 0x50, 0xE2, 0x59, 0x23, 0x7A, 0x47, 0xA3, 0x6B, 0xAB, 0xCD, 0xAB, 0x8B, 0xBB, 0xAC, 0xC4, 0x2E, 0xCC, 0x6F, 
0xCC, 0x90, 0xCC, 0x70, 0xCC, 0x70, 0xCC, 0x90, 0xCC, 0x90, 0xCC, 0x90, 0xCC, 0x90, 0xD4, 0xB0, 0xD4, 0xB0, 0xD4, 0xB1, 0xD4, 0xB1, 0xD4, 0xD1, 0xD4, 0xD1, 0xDC, 0xD1, 0xDC, 0xB1, 0xDC, 0xB1, 
0xDC, 0xD1, 0xDC, 0xD1, 0xE4, 0xD2, 0xE4, 0xD2, 0xE4, 0xB1, 0xE4, 0xB1, 0xE4, 0xB0, 0xE4, 0x90, 0xE4, 0x90, 0xE4, 0x6F, 0xE4, 0x4F, 0xE4, 0x4F, 0xEC, 0x4F, 0xEC, 0x2E, 0xEC, 0x2E, 0xEC, 0x0D, 
0xEB, 0xCD, 0xE3, 0xAC, 0xE3, 0x8B, 0xE3, 0x4A, 0xDB, 0x29, 0xCA, 0xC7, 0xBA, 0x86, 0x92, 0x04, 0x92, 0x45, 0x92, 0x24, 0x81, 0xE4, 0x59, 0x22, 0x10, 0x00, 0x10, 0x00, 0x10, 0x20, 0x18, 0x20, 
0x20, 0x40, 0x28, 0x61, 0x18, 0x20, 0x20, 0x40, 0x18, 0x20, 0x18, 0x00, 0x18, 0x20, 0x18, 0x20, 0x10, 0x00, 0x18, 0x00, 0x18, 0x00, 0x18, 0x00, 0x28, 0x00, 0x28, 0x00, 0x28, 0x00, 0x38, 0x00, 
0x60, 0x40, 0x79, 0x01, 0x79, 0x01, 0x71, 0x43, 0x82, 0x26, 0x82, 0x27, 0x72, 0x06, 0x7A, 0x27, 0x72, 0x27, 0x61, 0x84, 0x61, 0x65, 0x72, 0x49, 0x7A, 0x48, 0x8A, 0xEA, 0x93, 0x0A, 0x93, 0x0A, 
0x9B, 0x6B, 0x9B, 0x6B, 0x9B, 0x6B, 0x9B, 0x8C, 0x9B, 0x8C, 0x9B, 0x8C, 0x9B, 0x8C, 0x9B, 0x8C, 0x9B, 0x8C, 0x9B, 0x8C, 0x9B, 0x8B, 0x9B, 0x8B, 0x9B, 0x6B, 0x9B, 0x8B, 0xA3, 0x8B, 0xA3, 0x8C, 
0xA3, 0x8B, 0xA3, 0x8C, 0xA3, 0x8C, 0x9A, 0x87, 0xA1, 0x42, 0xA9, 0x63, 0xB1, 0xA4, 0xB9, 0xE5, 0xBA, 0x06, 0xC2, 0x06, 0xC2, 0x27, 0xCA, 0x27, 0xD2, 0x47, 0xD2, 0x47, 0xD2, 0x47, 0xD2, 0x68, 
0xD5, 0x14, 0xD5, 0x14, 0xD5, 0x13, 0xD5, 0x13, 0xD5, 0x34, 0xD5, 0x34, 0xD5, 0x34, 0xD5, 0x55, 0xD5, 0x54, 0xDD, 0x34, 0xDD, 0x75, 0xDD, 0x96, 0xDD, 0x96, 0xDD, 0x96, 0xDD, 0x96, 0xDD, 0x96, 
0xDD, 0x96, 0xDD, 0x96, 0xDD, 0x96, 0xDD, 0x76, 0xDD, 0x75, 0xDD, 0x55, 0xDD, 0x55, 0xDD, 0x54, 0xDD, 0x54, 0xDD, 0x54, 0xDD, 0x54, 0xDD, 0x34, 0xDD, 0x34, 0xDD, 0x13, 0xD4, 0xF2, 0xD4, 0xD2, 
0xD4, 0xB1, 0xD4, 0xB1, 0xCC, 0x90, 0xCC, 0x70, 0xCC, 0x2F, 0xC3, 0xED, 0xC3, 0xCC, 0xC3, 0x8B, 0xC3, 0x8B, 0xC3, 0x8B, 0xC3, 0x8B, 0xC3, 0x8B, 0xC3, 0x8B, 0xC3, 0xAB, 0xCB, 0xAC, 0xCB, 0xAB, 
0xCB, 0xAC, 0xCB, 0xAC, 0xCB, 0xAC, 0xCB, 0xAB, 0xCB, 0xAB, 0xCB, 0xAB, 0xCB, 0xAB, 0xCB, 0xAB, 0xCB, 0xAB, 0xCB, 0xAC, 0xCB, 0xAC, 0xCB, 0xAC, 0xCB, 0xAC, 0xCB, 0xAB, 0xCB, 0x8A, 0xBB, 0x09, 
0xA2, 0x67, 0x30, 0x40, 0x20, 0x00, 0x30, 0x61, 0x10, 0x00, 0x08, 0x00, 0x08, 0x00, 0x10, 0x00, 0x08, 0x00, 0x08, 0x00, 0x00, 0x00, 0x00, 0x00, 0x00, 0x00, 0x00, 0x00, 0x08, 0x00, 0x08, 0x00, 
0x00, 0x00, 0x00, 0x00, 0x00, 0x00, 0x00, 0x00, 0x00, 0x00, 0x00, 0x00, 0x00, 0x00, 0x00, 0x00, 0x00, 0x00, 0x00, 0x00, 0x00, 0x00, 0x00, 0x00, 0x00, 0x00, 0x00, 0x00, 0x00, 0x00, 0x00, 0x00, 
0x00, 0x00, 0x00, 0x00, 0x00, 0x00, 0x00, 0x00, 0x00, 0x00, 0x00, 0x00, 0x00, 0x00, 0x00, 0x00, 0x10, 0x40, 0x51, 0x22, 0x69, 0x84, 0x79, 0xE5, 0x82, 0x26, 0x8A, 0x67, 0x92, 0x87, 0x92, 0xA8, 
0x8A, 0x67, 0x8A, 0x46, 0x8A, 0x26, 0x82, 0x05, 0x79, 0xC5, 0x71, 0xC4, 0x7A, 0x06, 0x72, 0x05, 0x69, 0xC4, 0x8A, 0xA8, 0xAB, 0xAC, 0xBC, 0x2E, 0xB3, 0xAC, 0xB3, 0x6B, 0xBC, 0x0D, 0xC4, 0x4F, 
0xC4, 0x6F, 0xC4, 0x6F, 0xCC, 0x6F, 0xCC, 0x8F, 0xCC, 0x90, 0xCC, 0x90, 0xCC, 0xB0, 0xD4, 0xB0, 0xD4, 0xD1, 0xD4, 0xD1, 0xD4, 0xD1, 0xD4, 0xB1, 0xD4, 0xB1, 0xD4, 0xD1, 0xD4, 0xB1, 0xD4, 0xB0, 
0xDC, 0xB1, 0xDC, 0xB1, 0xE4, 0xD1, 0xE4, 0xD1, 0xE4, 0xB1, 0xE4, 0xB1, 0xE4, 0xB0, 0xE4, 0x90, 0xE4, 0x90, 0xE4, 0x70, 0xE4, 0x4F, 0xE4, 0x4F, 0xE4, 0x4F, 0xEC, 0x4E, 0xEC, 0x2E, 0xEC, 0x0D, 
0xE3, 0xCC, 0xE3, 0xAC, 0xE3, 0x6B, 0xE3, 0x4A, 0xDB, 0x09, 0xCA, 0xA7, 0xB2, 0x86, 0x89, 0xE4, 0x9A, 0x66, 0x9A, 0x66, 0x8A, 0x04, 0x59, 0x02, 0x18, 0x20, 0x10, 0x00, 0x10, 0x00, 0x18, 0x20, 
0x20, 0x40, 0x18, 0x20, 0x10, 0x20, 0x18, 0x20, 0x18, 0x20, 0x18, 0x00, 0x18, 0x00, 0x18, 0x00, 0x10, 0x00, 0x10, 0x00, 0x18, 0x00, 0x18, 0x00, 0x20, 0x00, 0x28, 0x00, 0x28, 0x00, 0x30, 0x00, 
0x50, 0x20, 0x70, 0xA1, 0x78, 0xE2, 0x71, 0x22, 0x81, 0xE6, 0x7A, 0x06, 0x71, 0xE6, 0x7A, 0x28, 0x72, 0x27, 0x69, 0xE6, 0x59, 0x85, 0x72, 0x69, 0x72, 0x49, 0x69, 0xE6, 0x7A, 0x27, 0x8A, 0xA8, 
0x93, 0x2A, 0x9B, 0x6B, 0x9B, 0x6B, 0x9B, 0x8C, 0x9B, 0x8B, 0x9B, 0x8C, 0x9B, 0x8C, 0x9B, 0x8C, 0x9B, 0x8C, 0x9B, 0x8B, 0x9B, 0x8B, 0x9B, 0x8B, 0x9B, 0x8B, 0x9B, 0x8C, 0xA3, 0x8C, 0xA3, 0x8C, 
0xA3, 0x8C, 0xA3, 0x8B, 0xA3, 0x6B, 0x99, 0xA4, 0xA1, 0x42, 0xA9, 0x83, 0xB1, 0xC5, 0xB9, 0xE6, 0xBA, 0x06, 0xC2, 0x26, 0xCA, 0x27, 0xCA, 0x27, 0xD2, 0x47, 0xD2, 0x47, 0xD2, 0x48, 0xD2, 0x68, 
0xDD, 0x96, 0xDD, 0x96, 0xDD, 0x96, 0xD5, 0x75, 0xD5, 0x55, 0xD5, 0x55, 0xD5, 0x34, 0xD5, 0x34, 0xD5, 0x34, 0xD5, 0x34, 0xD5, 0x34, 0xDD, 0x54, 0xDD, 0x54, 0xDD, 0x75, 0xDD, 0x75, 0xDD, 0x75, 
0xDD, 0x75, 0xDD, 0x75, 0xDD, 0x75, 0xDD, 0x75, 0xDD, 0x55, 0xDD, 0x54, 0xDD, 0x54, 0xDD, 0x54, 0xDD, 0x34, 0xDD, 0x55, 0xDD, 0x55, 0xDD, 0x35, 0xDD, 0x34, 0xDC, 0xF3, 0xD4, 0xF2, 0xD4, 0xD2, 
0xD4, 0xB2, 0xD4, 0xB1, 0xCC, 0x90, 0xCC, 0x50, 0xCC, 0x2F, 0xC3, 0xED, 0xC3, 0xAC, 0xC3, 0x8B, 0xC3, 0x8B, 0xC3, 0x8B, 0xC3, 0x8B, 0xC3, 0x8B, 0xC3, 0x8B, 0xCB, 0xAB, 0xCB, 0xAB, 0xCB, 0xAC, 
0xCB, 0xAC, 0xCB, 0xAC, 0xCB, 0xAC, 0xCB, 0xAB, 0xCB, 0xAB, 0xCB, 0xAB, 0xCB, 0xAB, 0xCB, 0xAB, 0xCB, 0xAB, 0xCB, 0xAC, 0xCB, 0xCC, 0xCB, 0xAC, 0xCB, 0xAB, 0xC3, 0x6A, 0xBA, 0xE8, 0xB2, 0xE8, 
0x69, 0x22, 0x20, 0x00, 0x30, 0x61, 0x20, 0x20, 0x08, 0x00, 0x08, 0x00, 0x08, 0x00, 0x08, 0x00, 0x08, 0x00, 0x00, 0x00, 0x00, 0x00, 0x00, 0x00, 0x00, 0x00, 0x08, 0x00, 0x08, 0x00, 0x08, 0x00, 
0x00, 0x00, 0x00, 0x00, 0x00, 0x00, 0x00, 0x00, 0x00, 0x00, 0x00, 0x00, 0x00, 0x00, 0x00, 0x00, 0x00, 0x00, 0x00, 0x00, 0x00, 0x00, 0x00, 0x00, 0x00, 0x00, 0x00, 0x00, 0x00, 0x00, 0x00, 0x00, 
0x00, 0x00, 0x00, 0x00, 0x00, 0x00, 0x00, 0x00, 0x00, 0x00, 0x00, 0x00, 0x00, 0x00, 0x00, 0x00, 0x00, 0x00, 0x30, 0xA1, 0x59, 0x43, 0x71, 0xA4, 0x7A, 0x26, 0x82, 0x46, 0x8A, 0x87, 0x92, 0xC8, 
0x9A, 0xC8, 0x9B, 0x09, 0xAB, 0x4A, 0xAB, 0x6B, 0x9B, 0x09, 0x92, 0xE9, 0x92, 0xC8, 0x82, 0xA7, 0x7A, 0x46, 0x8A, 0xC8, 0xAB, 0xAB, 0xBC, 0x2E, 0xB3, 0xCC, 0xAB, 0x29, 0xB3, 0x8B, 0xC4, 0x0D, 
0xC4, 0x2D, 0xC4, 0x2E, 0xC4, 0x4E, 0xCC, 0x4E, 0xCC, 0x6F, 0xCC, 0x8F, 0xCC, 0xB0, 0xD4, 0xB0, 0xD4, 0xB1, 0xD4, 0xB1, 0xD4, 0xB1, 0xD4, 0xB1, 0xD4, 0xB1, 0xD4, 0xB1, 0xD4, 0xB0, 0xD4, 0xB0, 
0xD4, 0xB1, 0xDC, 0xD1, 0xE4, 0xD1, 0xE4, 0xB1, 0xE4, 0xB1, 0xE4, 0xB1, 0xE4, 0xB1, 0xE4, 0x90, 0xE4, 0x90, 0xE4, 0x70, 0xE4, 0x6F, 0xE4, 0x4F, 0xE4, 0x4F, 0xE4, 0x2E, 0xE4, 0x0D, 0xE3, 0xED, 
0xE3, 0xCC, 0xE3, 0x8B, 0xE3, 0x6B, 0xE3, 0x4A, 0xD2, 0xE8, 0xC2, 0xA7, 0xAA, 0x65, 0x92, 0x05, 0xA2, 0x86, 0xA2, 0x86, 0x8A, 0x04, 0x59, 0x01, 0x18, 0x20, 0x10, 0x00, 0x10, 0x00, 0x20, 0x40, 
0x28, 0x40, 0x18, 0x20, 0x10, 0x20, 0x18, 0x20, 0x18, 0x20, 0x10, 0x00, 0x18, 0x00, 0x18, 0x00, 0x10, 0x00, 0x10, 0x00, 0x18, 0x00, 0x18, 0x00, 0x20, 0x00, 0x28, 0x00, 0x28, 0x00, 0x28, 0x00, 
0x48, 0x00, 0x68, 0x60, 0x70, 0xC1, 0x70, 0xE2, 0x79, 0xA4, 0x71, 0xA5, 0x71, 0xC5, 0x72, 0x07, 0x72, 0x07, 0x6A, 0x07, 0x59, 0x65, 0x61, 0xE7, 0x6A, 0x48, 0x61, 0xC6, 0x69, 0x84, 0x7A, 0x26, 
0x92, 0xE9, 0x9B, 0x4B, 0x9B, 0x8C, 0x9B, 0x8C, 0x9B, 0x8B, 0x9B, 0x8B, 0x9B, 0x8C, 0x9B, 0x8C, 0x9B, 0x8C, 0x9B, 0x8C, 0x9B, 0x8C, 0x9B, 0x8B, 0x9B, 0x8B, 0x9B, 0x8B, 0xA3, 0x8C, 0xA3, 0x8C, 
0xA3, 0x8B, 0xA3, 0x8B, 0xA2, 0xE9, 0xA1, 0x42, 0xA9, 0x63, 0xB1, 0x84, 0xB1, 0xC5, 0xBA, 0x06, 0xC2, 0x06, 0xC2, 0x27, 0xCA, 0x27, 0xCA, 0x27, 0xD2, 0x47, 0xD2, 0x48, 0xD2, 0x68, 0xD2, 0x68, 
0xDD, 0x96, 0xDD, 0x96, 0xDD, 0xB7, 0xDD, 0xB7, 0xDD, 0xB7, 0xDD, 0xB7, 0xDD, 0xB6, 0xD5, 0x96, 0xD5, 0x54, 0xD5, 0x34, 0xD5, 0x54, 0xD5, 0x34, 0xD5, 0x33, 0xD5, 0x33, 0xD5, 0x34, 0xDD, 0x34, 
0xDD, 0x54, 0xDD, 0x54, 0xDD, 0x54, 0xDD, 0x54, 0xDD, 0x54, 0xDD, 0x34, 0xDD, 0x54, 0xDD, 0x34, 0xDD, 0x34, 0xDD, 0x55, 0xDD, 0x55, 0xDD, 0x35, 0xDD, 0x34, 0xD5, 0x13, 0xD4, 0xF2, 0xD4, 0xD2, 
0xD4, 0xD2, 0xD4, 0xB1, 0xCC, 0x90, 0xCC, 0x6F, 0xCC, 0x2F, 0xC3, 0xED, 0xC3, 0xAC, 0xC3, 0xAB, 0xC3, 0x8B, 0xC3, 0x8B, 0xC3, 0x8B, 0xC3, 0x8B, 0xC3, 0x8B, 0xC3, 0xAB, 0xCB, 0xAC, 0xCB, 0xAC, 
0xCB, 0xAC, 0xCB, 0xAC, 0xCB, 0xAB, 0xCB, 0xAB, 0xCB, 0xAB, 0xCB, 0xAB, 0xCB, 0xAB, 0xCB, 0xCC, 0xCB, 0xCC, 0xCB, 0xAB, 0xCB, 0xAB, 0xCB, 0xAB, 0xC3, 0x6A, 0xBA, 0xE8, 0xC3, 0x29, 0xA2, 0x46, 
0x38, 0x40, 0x20, 0x00, 0x30, 0x40, 0x10, 0x00, 0x08, 0x00, 0x00, 0x00, 0x08, 0x00, 0x08, 0x00, 0x00, 0x00, 0x00, 0x00, 0x00, 0x00, 0x00, 0x00, 0x08, 0x00, 0x10, 0x20, 0x08, 0x00, 0x08, 0x00, 
0x00, 0x00, 0x00, 0x00, 0x00, 0x00, 0x00, 0x00, 0x00, 0x00, 0x00, 0x00, 0x00, 0x00, 0x00, 0x00, 0x00, 0x00, 0x00, 0x00, 0x00, 0x00, 0x00, 0x00, 0x00, 0x00, 0x00, 0x00, 0x00, 0x00, 0x00, 0x00, 
0x00, 0x00, 0x00, 0x00, 0x00, 0x00, 0x00, 0x00, 0x00, 0x00, 0x00, 0x00, 0x00, 0x00, 0x00, 0x00, 0x00, 0x00, 0x08, 0x20, 0x49, 0x02, 0x61, 0x83, 0x71, 0xE5, 0x82, 0x26, 0x8A, 0x67, 0x92, 0xA8, 
0x92, 0xC8, 0xA3, 0x29, 0xAB, 0x4A, 0xA3, 0x4A, 0x9B, 0x09, 0x92, 0xE9, 0x92, 0xC8, 0x8A, 0xC8, 0x82, 0x87, 0x8A, 0xC8, 0xAB, 0x8B, 0xBB, 0xED, 0xB3, 0x8B, 0xA2, 0xC8, 0xAB, 0x09, 0xBB, 0xCC, 
0xC3, 0xCD, 0xC3, 0xED, 0xC4, 0x0D, 0xCC, 0x2E, 0xCC, 0x4E, 0xCC, 0x6F, 0xCC, 0x90, 0xD4, 0xB0, 0xD4, 0xB0, 0xCC, 0x90, 0xCC, 0x8F, 0xCC, 0x6F, 0xCC, 0x8F, 0xCC, 0x90, 0xCC, 0x90, 0xD4, 0xB0, 
0xD4, 0xB0, 0xDC, 0xB1, 0xDC, 0xB1, 0xE4, 0xB1, 0xE4, 0xB1, 0xE4, 0xB1, 0xE4, 0xB0, 0xE4, 0x90, 0xE4, 0x90, 0xE4, 0x6F, 0xE4, 0x6F, 0xE4, 0x4F, 0xE4, 0x4E, 0xE4, 0x2E, 0xE4, 0x0D, 0xE3, 0xEC, 
0xE3, 0xAC, 0xE3, 0x8B, 0xE3, 0x6A, 0xDB, 0x29, 0xD2, 0xE8, 0xBA, 0x86, 0xA2, 0x25, 0x9A, 0x45, 0xA2, 0x86, 0xA2, 0x86, 0x92, 0x25, 0x59, 0x01, 0x20, 0x20, 0x10, 0x00, 0x18, 0x20, 0x20, 0x20, 
0x20, 0x40, 0x10, 0x20, 0x10, 0x20, 0x18, 0x20, 0x18, 0x20, 0x10, 0x00, 0x18, 0x00, 0x18, 0x00, 0x10, 0x00, 0x08, 0x00, 0x10, 0x00, 0x20, 0x00, 0x18, 0x00, 0x28, 0x00, 0x28, 0x00, 0x28, 0x00, 
0x38, 0x00, 0x58, 0x20, 0x70, 0x80, 0x70, 0xC1, 0x71, 0x43, 0x71, 0x84, 0x71, 0xC5, 0x71, 0xE6, 0x72, 0x07, 0x69, 0xE6, 0x59, 0x85, 0x59, 0x85, 0x61, 0xE7, 0x61, 0xA6, 0x61, 0x64, 0x71, 0xC5, 
0x8A, 0xA8, 0x93, 0x2A, 0x9B, 0x8B, 0xA3, 0x8C, 0xA3, 0x8C, 0x9B, 0x8C, 0x9B, 0x8B, 0x9B, 0x8C, 0x9B, 0x8C, 0x9B, 0x8C, 0x9B, 0x8B, 0xA3, 0x8C, 0xA3, 0x8C, 0xA3, 0x8C, 0xA3, 0x8C, 0xA3, 0x8C, 
0xA3, 0x8C, 0xA3, 0x8B, 0xA2, 0x06, 0xA9, 0x42, 0xA9, 0x63, 0xB1, 0xA4, 0xB9, 0xE5, 0xBA, 0x06, 0xC2, 0x26, 0xC2, 0x27, 0xCA, 0x27, 0xCA, 0x27, 0xD2, 0x47, 0xD2, 0x68, 0xD2, 0x68, 0xD2, 0x68, 
0xD5, 0x76, 0xD5, 0x76, 0xD5, 0x76, 0xDD, 0x96, 0xDD, 0x96, 0xDD, 0x96, 0xDD, 0x96, 0xDD, 0x96, 0xD5, 0x75, 0xD5, 0x75, 0xDD, 0xB6, 0xDD, 0x96, 0xDD, 0x75, 0xDD, 0x55, 0xDD, 0x54, 0xD5, 0x34, 
0xD5, 0x33, 0xD5, 0x33, 0xD5, 0x33, 0xD5, 0x33, 0xD5, 0x13, 0xD5, 0x13, 0xD5, 0x33, 0xDD, 0x34, 0xDD, 0x34, 0xDD, 0x34, 0xDD, 0x34, 0xDD, 0x34, 0xD5, 0x13, 0xD4, 0xF3, 0xD4, 0xF2, 0xD4, 0xD2, 
0xD4, 0xB2, 0xD4, 0xB1, 0xCC, 0x90, 0xCC, 0x70, 0xC4, 0x2F, 0xC3, 0xED, 0xC3, 0xAC, 0xC3, 0xAB, 0xC3, 0x8B, 0xC3, 0x8B, 0xC3, 0x8B, 0xC3, 0xAB, 0xC3, 0xAB, 0xC3, 0xAB, 0xCB, 0xAC, 0xCB, 0xAC, 
0xCB, 0xAC, 0xCB, 0xAC, 0xCB, 0xAB, 0xCB, 0xAB, 0xCB, 0xCC, 0xCB, 0xAB, 0xCB, 0xCC, 0xCB, 0xCB, 0xCB, 0xCB, 0xCB, 0xAB, 0xCB, 0x8B, 0xC3, 0x6A, 0xBB, 0x29, 0xC3, 0x4A, 0xBA, 0xC8, 0x60, 0xE1, 
0x28, 0x00, 0x48, 0xA1, 0x38, 0x61, 0x10, 0x00, 0x00, 0x00, 0x00, 0x00, 0x00, 0x00, 0x00, 0x00, 0x00, 0x00, 0x00, 0x00, 0x00, 0x00, 0x08, 0x00, 0x18, 0x40, 0x08, 0x00, 0x00, 0x00, 0x00, 0x00, 
0x00, 0x00, 0x00, 0x00, 0x00, 0x00, 0x00, 0x00, 0x00, 0x00, 0x00, 0x00, 0x00, 0x00, 0x00, 0x00, 0x00, 0x00, 0x00, 0x00, 0x00, 0x00, 0x00, 0x00, 0x00, 0x00, 0x00, 0x00, 0x00, 0x00, 0x00, 0x00, 
0x00, 0x00, 0x00, 0x00, 0x00, 0x00, 0x00, 0x00, 0x00, 0x00, 0x00, 0x00, 0x00, 0x00, 0x00, 0x00, 0x00, 0x00, 0x00, 0x00, 0x18, 0x41, 0x51, 0x23, 0x69, 0xA4, 0x7A, 0x06, 0x82, 0x66, 0x8A, 0x87, 
0x92, 0xC8, 0x9B, 0x09, 0xA3, 0x4A, 0xA3, 0x2A, 0x9B, 0x09, 0x92, 0xE9, 0x92, 0xE8, 0x8A, 0xC8, 0x8A, 0xC7, 0x8A, 0xC8, 0xA3, 0x4A, 0xB3, 0x6B, 0xA2, 0xC8, 0xA2, 0xA8, 0xB2, 0xE9, 0xB3, 0x09, 
0xAA, 0xA8, 0xAA, 0x88, 0xB2, 0x88, 0xB2, 0xC9, 0xB2, 0xE9, 0xBB, 0x2A, 0xBB, 0x8C, 0xC3, 0xCD, 0xC4, 0x0D, 0xC4, 0x0E, 0xC3, 0xED, 0xBB, 0xAC, 0xBB, 0xCC, 0xC4, 0x0D, 0xC4, 0x4E, 0xCC, 0x8F, 
0xD4, 0xB0, 0xD4, 0x90, 0xDC, 0xB0, 0xDC, 0xB0, 0xE4, 0xB0, 0xE4, 0xB0, 0xE4, 0x90, 0xE4, 0x90, 0xE4, 0x70, 0xE4, 0x6F, 0xE4, 0x4F, 0xE4, 0x4E, 0xE4, 0x2E, 0xE4, 0x0D, 0xE3, 0xEC, 0xE3, 0xCC, 
0xE3, 0x8B, 0xE3, 0x8B, 0xDB, 0x49, 0xDB, 0x09, 0xCA, 0xA7, 0xAA, 0x46, 0x9A, 0x25, 0xAA, 0x86, 0xAA, 0xA7, 0xA2, 0x86, 0x92, 0x25, 0x61, 0x22, 0x20, 0x40, 0x18, 0x20, 0x18, 0x20, 0x20, 0x20, 
0x20, 0x20, 0x10, 0x20, 0x10, 0x20, 0x20, 0x40, 0x18, 0x20, 0x10, 0x00, 0x18, 0x00, 0x18, 0x00, 0x10, 0x00, 0x08, 0x00, 0x10, 0x00, 0x18, 0x00, 0x18, 0x00, 0x20, 0x00, 0x20, 0x00, 0x28, 0x00, 
0x30, 0x00, 0x50, 0x00, 0x68, 0x40, 0x70, 0xC1, 0x71, 0x02, 0x71, 0x84, 0x71, 0xC5, 0x71, 0xC5, 0x69, 0xC6, 0x61, 0xC6, 0x59, 0x84, 0x51, 0x44, 0x59, 0x85, 0x59, 0x65, 0x59, 0x23, 0x69, 0x84, 
0x82, 0x67, 0x93, 0x2A, 0x9B, 0x6B, 0x9B, 0x8C, 0xA3, 0x8C, 0x9B, 0x8C, 0x9B, 0x8B, 0x9B, 0x8B, 0x9B, 0x8B, 0x9B, 0x8B, 0xA3, 0x8C, 0xA3, 0x8C, 0xA3, 0x8C, 0xA3, 0x8C, 0xA3, 0x8C, 0xA3, 0x8C, 
0xA3, 0x8C, 0xA3, 0x4B, 0xA1, 0x63, 0xA9, 0x43, 0xB1, 0x83, 0xB1, 0xC4, 0xB9, 0xE5, 0xBA, 0x06, 0xC2, 0x27, 0xCA, 0x47, 0xCA, 0x27, 0xCA, 0x47, 0xD2, 0x47, 0xD2, 0x68, 0xD2, 0x68, 0xD2, 0x68, 
0xD5, 0x75, 0xD5, 0x76, 0xD5, 0x76, 0xD5, 0x96, 0xDD, 0x96, 0xDD, 0x96, 0xDD, 0x96, 0xD5, 0x75, 0xD5, 0x54, 0xDD, 0x95, 0xDD, 0xD7, 0xDD, 0xD7, 0xDD, 0xB7, 0xDD, 0xB7, 0xDD, 0xB7, 0xDD, 0xB6, 
0xDD, 0x96, 0xDD, 0x76, 0xDD, 0x55, 0xDD, 0x54, 0xD5, 0x33, 0xD5, 0x13, 0xD4, 0xF2, 0xD5, 0x12, 0xD5, 0x12, 0xD5, 0x12, 0xD4, 0xF2, 0xD4, 0xF2, 0xD4, 0xD2, 0xD4, 0xD2, 0xD4, 0xD2, 0xD4, 0xD2, 
0xD4, 0xB1, 0xCC, 0xB1, 0xCC, 0x90, 0xCC, 0x4F, 0xC4, 0x2E, 0xC3, 0xED, 0xC3, 0xCC, 0xC3, 0xAB, 0xC3, 0x8B, 0xC3, 0x8B, 0xC3, 0xAB, 0xC3, 0xAB, 0xC3, 0xAC, 0xC3, 0xAC, 0xCB, 0xAC, 0xCB, 0xCC, 
0xCB, 0xAC, 0xCB, 0xAC, 0xCB, 0xAB, 0xCB, 0xAC, 0xCB, 0xCC, 0xCB, 0xCC, 0xCB, 0xCB, 0xCB, 0xAB, 0xCB, 0x8B, 0xC3, 0x6A, 0xC3, 0x6A, 0xC3, 0x4A, 0xCB, 0x8B, 0xC3, 0x09, 0x91, 0xC4, 0x40, 0x40, 
0x30, 0x20, 0x61, 0x02, 0x18, 0x00, 0x08, 0x00, 0x00, 0x00, 0x00, 0x00, 0x08, 0x00, 0x00, 0x00, 0x00, 0x00, 0x00, 0x00, 0x00, 0x00, 0x18, 0x40, 0x08, 0x00, 0x00, 0x00, 0x00, 0x00, 0x00, 0x00, 
0x00, 0x00, 0x00, 0x00, 0x00, 0x00, 0x00, 0x00, 0x00, 0x00, 0x00, 0x00, 0x00, 0x00, 0x00, 0x00, 0x00, 0x00, 0x08, 0x20, 0x00, 0x00, 0x00, 0x00, 0x00, 0x00, 0x00, 0x00, 0x00, 0x00, 0x00, 0x00, 
0x00, 0x00, 0x00, 0x00, 0x00, 0x00, 0x00, 0x00, 0x00, 0x00, 0x00, 0x00, 0x00, 0x00, 0x00, 0x00, 0x00, 0x00, 0x00, 0x00, 0x00, 0x00, 0x30, 0xC2, 0x61, 0x83, 0x71, 0xE5, 0x82, 0x46, 0x8A, 0x67, 
0x8A, 0xA7, 0x9A, 0xE9, 0x9B, 0x29, 0x9B, 0x09, 0x93, 0x09, 0x92, 0xE8, 0x8A, 0xC8, 0x8A, 0xC8, 0x8A, 0xA7, 0x8A, 0x87, 0x9A, 0xC8, 0x9A, 0x87, 0x9A, 0x26, 0xAA, 0x87, 0xAA, 0x67, 0xA1, 0xE6, 
0xA1, 0xC5, 0xA1, 0xC6, 0xA1, 0xC5, 0x99, 0xA5, 0x99, 0xA5, 0x99, 0xA5, 0x99, 0xC5, 0x99, 0xC5, 0xA2, 0x07, 0xAA, 0x27, 0xA2, 0x47, 0x9A, 0x27, 0x9A, 0x27, 0xAB, 0x09, 0xBB, 0xAC, 0xC4, 0x0D, 
0xCC, 0x4E, 0xD4, 0x6F, 0xD4, 0x6F, 0xDC, 0x90, 0xDC, 0x90, 0xE4, 0x90, 0xDC, 0x90, 0xE4, 0x90, 0xE4, 0x6F, 0xE4, 0x6F, 0xE4, 0x4F, 0xE4, 0x2E, 0xE4, 0x2E, 0xE3, 0xED, 0xE3, 0xCC, 0xE3, 0xAB, 
0xE3, 0x8B, 0xE3, 0x6A, 0xDB, 0x29, 0xD2, 0xC8, 0xBA, 0x66, 0xA2, 0x25, 0xA2, 0x65, 0xB2, 0xC6, 0xB2, 0xC7, 0xAA, 0xA6, 0x92, 0x25, 0x59, 0x02, 0x30, 0x60, 0x18, 0x20, 0x10, 0x00, 0x20, 0x20, 
0x18, 0x20, 0x08, 0x00, 0x10, 0x20, 0x18, 0x20, 0x18, 0x20, 0x10, 0x00, 0x18, 0x00, 0x18, 0x00, 0x10, 0x00, 0x08, 0x00, 0x08, 0x00, 0x18, 0x00, 0x18, 0x00, 0x20, 0x00, 0x20, 0x00, 0x28, 0x00, 
0x30, 0x00, 0x48, 0x00, 0x60, 0x40, 0x70, 0xC1, 0x71, 0x43, 0x71, 0x63, 0x71, 0x84, 0x71, 0xA5, 0x69, 0xA5, 0x61, 0xA5, 0x51, 0x64, 0x49, 0x24, 0x51, 0x24, 0x51, 0x24, 0x59, 0x03, 0x69, 0x63, 
0x82, 0x67, 0x93, 0x2A, 0x9B, 0x6B, 0x9B, 0x8C, 0xA3, 0x8C, 0x9B, 0x8B, 0x9B, 0x8C, 0x9B, 0x8B, 0x9B, 0x8B, 0x9B, 0x8B, 0xA3, 0x8B, 0xA3, 0x8B, 0xA3, 0x8C, 0xA3, 0x8C, 0xA3, 0x8C, 0xA3, 0x8C, 
0xA3, 0x8C, 0xA2, 0x88, 0xA9, 0x23, 0xA9, 0x63, 0xB1, 0x84, 0xB9, 0xC5, 0xB9, 0xE6, 0xC2, 0x06, 0xC2, 0x27, 0xCA, 0x47, 0xCA, 0x47, 0xD2, 0x47, 0xD2, 0x68, 0xD2, 0x68, 0xD2, 0x68, 0xD2, 0x68, 
0xD5, 0x75, 0xD5, 0x76, 0xD5, 0x76, 0xD5, 0x76, 0xDD, 0x96, 0xDD, 0x96, 0xD5, 0x96, 0xD5, 0x75, 0xD5, 0x55, 0xDD, 0x96, 0xDD, 0xB7, 0xDD, 0xB7, 0xDD, 0xB7, 0xDD, 0xB7, 0xDD, 0xB7, 0xDD, 0xB7, 
0xDD, 0xB7, 0xDD, 0xB7, 0xDD, 0xB7, 0xDD, 0x96, 0xDD, 0x76, 0xDD, 0x55, 0xDD, 0x54, 0xD5, 0x34, 0xD5, 0x13, 0xD4, 0xF2, 0xD4, 0xF2, 0xD4, 0xD2, 0xD4, 0xB2, 0xD4, 0xB1, 0xCC, 0xB1, 0xCC, 0x91, 
0xCC, 0x91, 0xCC, 0x90, 0xCC, 0x70, 0xC4, 0x2F, 0xC4, 0x0E, 0xC3, 0xED, 0xC3, 0xAC, 0xC3, 0xAB, 0xC3, 0xAB, 0xC3, 0xAB, 0xC3, 0xAB, 0xC3, 0xAB, 0xC3, 0xAC, 0xC3, 0xAC, 0xCB, 0xAC, 0xCB, 0xCC, 
0xCB, 0xCC, 0xCB, 0xAC, 0xCB, 0xAC, 0xCB, 0xAC, 0xCB, 0xCB, 0xCB, 0xAC, 0xCB, 0xAB, 0xCB, 0x8B, 0xCB, 0x8B, 0xC3, 0x6A, 0xC3, 0x4A, 0xCB, 0x8B, 0xC3, 0x4A, 0xB2, 0xA7, 0x58, 0xA1, 0x30, 0x20, 
0x61, 0x02, 0x50, 0xA1, 0x10, 0x00, 0x00, 0x00, 0x00, 0x00, 0x00, 0x00, 0x08, 0x00, 0x00, 0x00, 0x00, 0x00, 0x00, 0x00, 0x10, 0x20, 0x10, 0x00, 0x00, 0x00, 0x00, 0x00, 0x00, 0x00, 0x00, 0x00, 
0x00, 0x00, 0x00, 0x00, 0x00, 0x00, 0x00, 0x00, 0x00, 0x00, 0x00, 0x00, 0x00, 0x00, 0x00, 0x00, 0x00, 0x00, 0x08, 0x21, 0x08, 0x00, 0x00, 0x00, 0x00, 0x00, 0x00, 0x00, 0x00, 0x00, 0x00, 0x00, 
0x00, 0x00, 0x00, 0x00, 0x00, 0x00, 0x00, 0x00, 0x00, 0x00, 0x00, 0x00, 0x00, 0x00, 0x00, 0x00, 0x00, 0x00, 0x00, 0x00, 0x00, 0x00, 0x08, 0x20, 0x49, 0x23, 0x69, 0xC5, 0x7A, 0x26, 0x82, 0x66, 
0x8A, 0xA7, 0x92, 0xE8, 0x93, 0x09, 0x93, 0x09, 0x92, 0xE8, 0x8A, 0xC8, 0x8A, 0xC8, 0x82, 0xC7, 0x82, 0x67, 0x82, 0x05, 0x81, 0xA4, 0x81, 0x64, 0x81, 0x43, 0x91, 0x84, 0xA1, 0xC5, 0x99, 0x64, 
0x91, 0x43, 0x91, 0x44, 0x91, 0x44, 0x89, 0x03, 0x89, 0x03, 0x80, 0xE3, 0x88, 0xE3, 0x88, 0xE3, 0x88, 0xE3, 0x88, 0xE3, 0x89, 0x03, 0x81, 0x03, 0x70, 0xC2, 0x89, 0xE6, 0xB3, 0x6B, 0xBB, 0xCC, 
0xC4, 0x0D, 0xCC, 0x4E, 0xD4, 0x6F, 0xD4, 0x6F, 0xDC, 0x70, 0xDC, 0x70, 0xDC, 0x70, 0xDC, 0x70, 0xDC, 0x6F, 0xE4, 0x4F, 0xE4, 0x4E, 0xE4, 0x2E, 0xDC, 0x0D, 0xE3, 0xED, 0xDB, 0xCC, 0xDB, 0xAB, 
0xDB, 0x6B, 0xDB, 0x4A, 0xD3, 0x09, 0xC2, 0xA7, 0xAA, 0x45, 0xA2, 0x45, 0xAA, 0x86, 0xBA, 0xC7, 0xBA, 0xE8, 0xAA, 0xC7, 0x92, 0x05, 0x60, 0xE1, 0x30, 0x60, 0x10, 0x20, 0x10, 0x20, 0x20, 0x40, 
0x10, 0x00, 0x08, 0x00, 0x10, 0x20, 0x18, 0x20, 0x18, 0x00, 0x10, 0x00, 0x18, 0x00, 0x18, 0x20, 0x10, 0x00, 0x08, 0x00, 0x08, 0x00, 0x10, 0x00, 0x18, 0x00, 0x18, 0x00, 0x18, 0x00, 0x28, 0x00, 
0x28, 0x00, 0x38, 0x00, 0x58, 0x20, 0x70, 0x80, 0x79, 0x43, 0x79, 0xA4, 0x71, 0x84, 0x71, 0xA5, 0x69, 0xC5, 0x61, 0x85, 0x51, 0x65, 0x49, 0x24, 0x51, 0x45, 0x51, 0x24, 0x59, 0x23, 0x69, 0x84, 
0x8A, 0x87, 0x9B, 0x2A, 0x9B, 0x6B, 0x9B, 0x8C, 0xA3, 0x8C, 0x9B, 0x8C, 0x9B, 0x8B, 0x9B, 0x8B, 0x9B, 0x8B, 0x9B, 0x8C, 0xA3, 0x8B, 0xA3, 0x8C, 0xA3, 0x8B, 0xA3, 0x8C, 0xA3, 0x8C, 0xA3, 0x8C, 
0xA3, 0x8C, 0xA1, 0xA5, 0xA9, 0x42, 0xB1, 0x63, 0xB9, 0xA4, 0xB9, 0xE5, 0xBA, 0x06, 0xC2, 0x06, 0xC2, 0x27, 0xCA, 0x47, 0xCA, 0x48, 0xD2, 0x47, 0xD2, 0x68, 0xD2, 0x68, 0xD2, 0x68, 0xD2, 0x88, 
0xD5, 0x75, 0xD5, 0x76, 0xD5, 0x76, 0xD5, 0x96, 0xDD, 0x96, 0xDD, 0x96, 0xD5, 0x96, 0xD5, 0x75, 0xD5, 0x55, 0xDD, 0x96, 0xDD, 0xB6, 0xDD, 0xB6, 0xDD, 0xB6, 0xDD, 0xB7, 0xDD, 0xB6, 0xDD, 0xB7, 
0xDD, 0xB7, 0xDD, 0xB7, 0xDD, 0xB7, 0xDD, 0xB6, 0xDD, 0x96, 0xDD, 0x76, 0xDD, 0x75, 0xDD, 0x55, 0xDD, 0x54, 0xDD, 0x34, 0xD5, 0x33, 0xD5, 0x13, 0xD4, 0xF2, 0xD4, 0xD2, 0xD4, 0xB1, 0xCC, 0xB1, 
0xCC, 0x90, 0xCC, 0x70, 0xC4, 0x4F, 0xC4, 0x0E, 0xC3, 0xED, 0xC3, 0xCC, 0xC3, 0xAC, 0xC3, 0xAB, 0xC3, 0x8B, 0xC3, 0xAB, 0xC3, 0xAB, 0xC3, 0xAB, 0xC3, 0xAC, 0xCB, 0xAC, 0xCB, 0xCC, 0xCB, 0xCC, 
0xCB, 0xAC, 0xCB, 0xAB, 0xCB, 0xAB, 0xCB, 0xAB, 0xCB, 0x8B, 0xCB, 0xAB, 0xCB, 0xAB, 0xCB, 0xAB, 0xC3, 0x6A, 0xC3, 0x4A, 0xCB, 0x8B, 0xCB, 0x6A, 0xC3, 0x08, 0x89, 0xA4, 0x48, 0x40, 0x40, 0x40, 
0x79, 0x64, 0x38, 0x60, 0x08, 0x00, 0x00, 0x00, 0x00, 0x00, 0x08, 0x00, 0x00, 0x00, 0x00, 0x00, 0x00, 0x00, 0x10, 0x20, 0x18, 0x20, 0x00, 0x00, 0x00, 0x00, 0x00, 0x00, 0x00, 0x00, 0x00, 0x00, 
0x00, 0x00, 0x00, 0x00, 0x00, 0x00, 0x00, 0x00, 0x00, 0x00, 0x00, 0x00, 0x00, 0x00, 0x00, 0x00, 0x08, 0x21, 0x08, 0x41, 0x00, 0x00, 0x08, 0x00, 0x00, 0x00, 0x00, 0x00, 0x00, 0x00, 0x00, 0x00, 
0x00, 0x00, 0x00, 0x00, 0x00, 0x00, 0x00, 0x00, 0x00, 0x00, 0x00, 0x00, 0x00, 0x00, 0x00, 0x00, 0x00, 0x00, 0x00, 0x00, 0x00, 0x00, 0x00, 0x00, 0x20, 0x61, 0x59, 0x84, 0x69, 0xE5, 0x7A, 0x46, 
0x82, 0x67, 0x8A, 0xA7, 0x8A, 0xC8, 0x8A, 0xC8, 0x8A, 0xA7, 0x82, 0xA7, 0x82, 0x87, 0x82, 0x87, 0x7A, 0x05, 0x71, 0x84, 0x71, 0x23, 0x71, 0x02, 0x78, 0xE2, 0x89, 0x03, 0x91, 0x44, 0x99, 0x64, 
0x91, 0x23, 0x80, 0xC2, 0x70, 0xA2, 0x79, 0x04, 0x79, 0x45, 0x68, 0x82, 0x60, 0x20, 0x80, 0x81, 0x90, 0xC3, 0x90, 0xC3, 0x91, 0x04, 0x99, 0x85, 0x99, 0xA6, 0xAA, 0xC9, 0xBB, 0xAC, 0xBB, 0xCD, 
0xC4, 0x0D, 0xCC, 0x2D, 0xD4, 0x4E, 0xD4, 0x4F, 0xD4, 0x4F, 0xDC, 0x4F, 0xDC, 0x6F, 0xDC, 0x6F, 0xDC, 0x6F, 0xDC, 0x4F, 0xDC, 0x2E, 0xDC, 0x0D, 0xDB, 0xED, 0xDB, 0xED, 0xDB, 0xCC, 0xDB, 0x8B, 
0xDB, 0x4A, 0xDB, 0x09, 0xD2, 0xC8, 0xB2, 0x66, 0xAA, 0x25, 0xAA, 0x65, 0xBA, 0xC7, 0xBA, 0xE7, 0xBB, 0x08, 0xB2, 0xC7, 0x89, 0xE4, 0x69, 0x22, 0x38, 0x60, 0x18, 0x20, 0x18, 0x20, 0x18, 0x20, 
0x10, 0x00, 0x08, 0x00, 0x10, 0x00, 0x18, 0x20, 0x10, 0x00, 0x10, 0x00, 0x18, 0x00, 0x18, 0x00, 0x10, 0x00, 0x08, 0x00, 0x08, 0x00, 0x10, 0x00, 0x18, 0x00, 0x18, 0x00, 0x18, 0x00, 0x20, 0x00, 
0x28, 0x00, 0x30, 0x00, 0x50, 0x00, 0x68, 0x60, 0x81, 0x63, 0x8A, 0x27, 0x82, 0x27, 0x79, 0xE6, 0x71, 0xE6, 0x69, 0xC6, 0x61, 0xC6, 0x51, 0x65, 0x59, 0xE7, 0x59, 0xA6, 0x61, 0xC6, 0x72, 0x06, 
0x8A, 0x88, 0x9B, 0x2A, 0x9B, 0x6B, 0x9B, 0x8C, 0xA3, 0x8C, 0xA3, 0x8C, 0x9B, 0x8C, 0x9B, 0x8B, 0x9B, 0x8C, 0x9B, 0x8B, 0xA3, 0x8B, 0xA3, 0x8C, 0xA3, 0x8C, 0xA3, 0x8C, 0xA3, 0x8C, 0xA3, 0x8C, 
0xA3, 0x0A, 0xA1, 0x22, 0xA9, 0x43, 0xB1, 0x84, 0xB9, 0xC5, 0xB9, 0xE6, 0xC2, 0x06, 0xC2, 0x26, 0xC2, 0x27, 0xCA, 0x48, 0xCA, 0x48, 0xD2, 0x68, 0xD2, 0x68, 0xD2, 0x88, 0xD2, 0x88, 0xD2, 0x89, 
0xD5, 0x76, 0xD5, 0x96, 0xD5, 0x96, 0xD5, 0x96, 0xDD, 0x96, 0xDD, 0x96, 0xDD, 0x96, 0xD5, 0x75, 0xD5, 0x55, 0xDD, 0x96, 0xDD, 0xB6, 0xDD, 0xB6, 0xDD, 0xB6, 0xDD, 0xB6, 0xDD, 0xB6, 0xDD, 0xB6, 
0xDD, 0xB7, 0xDD, 0xB7, 0xDD, 0xB6, 0xDD, 0x96, 0xDD, 0x96, 0xDD, 0x75, 0xDD, 0x55, 0xDD, 0x55, 0xDD, 0x54, 0xDD, 0x34, 0xDD, 0x34, 0xD5, 0x34, 0xD5, 0x13, 0xD4, 0xF3, 0xD4, 0xF2, 0xD4, 0xD2, 
0xCC, 0xB1, 0xCC, 0x90, 0xC4, 0x4F, 0xC4, 0x0E, 0xC3, 0xED, 0xC3, 0xAB, 0xC3, 0x8B, 0xBB, 0x8B, 0xC3, 0x8B, 0xC3, 0x8B, 0xC3, 0xAB, 0xC3, 0xAB, 0xC3, 0xAB, 0xC3, 0xAC, 0xC3, 0xAC, 0xC3, 0xCC, 
0xCB, 0xAC, 0xCB, 0xAB, 0xCB, 0xAB, 0xCB, 0xAB, 0xCB, 0xAB, 0xCB, 0xAB, 0xCB, 0x8B, 0xC3, 0x4A, 0xC3, 0x8B, 0xCB, 0xAB, 0xCB, 0x8B, 0xCB, 0x29, 0xAA, 0x66, 0x58, 0x81, 0x48, 0x40, 0x71, 0x43, 
0x60, 0xE2, 0x18, 0x00, 0x00, 0x00, 0x00, 0x00, 0x00, 0x00, 0x08, 0x00, 0x00, 0x00, 0x00, 0x00, 0x08, 0x20, 0x20, 0x41, 0x00, 0x00, 0x00, 0x00, 0x00, 0x00, 0x00, 0x00, 0x00, 0x00, 0x00, 0x00, 
0x00, 0x00, 0x00, 0x00, 0x00, 0x00, 0x00, 0x00, 0x00, 0x00, 0x00, 0x00, 0x00, 0x00, 0x00, 0x00, 0x08, 0x20, 0x08, 0x20, 0x00, 0x00, 0x08, 0x00, 0x08, 0x00, 0x00, 0x00, 0x08, 0x00, 0x00, 0x00, 
0x00, 0x00, 0x00, 0x00, 0x00, 0x00, 0x00, 0x00, 0x00, 0x00, 0x00, 0x00, 0x00, 0x00, 0x00, 0x00, 0x00, 0x00, 0x00, 0x00, 0x00, 0x00, 0x00, 0x00, 0x00, 0x00, 0x38, 0xE2, 0x61, 0xC4, 0x72, 0x05, 
0x7A, 0x46, 0x82, 0x67, 0x82, 0x87, 0x82, 0x87, 0x82, 0x87, 0x7A, 0x87, 0x7A, 0x66, 0x7A, 0x25, 0x71, 0x84, 0x69, 0x03, 0x68, 0xE2, 0x68, 0xC2, 0x68, 0xA2, 0x70, 0x81, 0x80, 0xE3, 0x80, 0xE2, 
0x70, 0xE3, 0x61, 0x03, 0x79, 0xA6, 0x81, 0xE7, 0x89, 0x85, 0x88, 0xC2, 0x90, 0xA2, 0xA1, 0x03, 0xA9, 0x45, 0xA9, 0xA6, 0xA1, 0xA6, 0xA1, 0xC6, 0xB2, 0xA9, 0xC3, 0xCD, 0xC3, 0xED, 0xC4, 0x0E, 
0xCC, 0x2E, 0xCC, 0x4E, 0xCC, 0x4E, 0xD4, 0x4E, 0xD4, 0x4F, 0xD4, 0x4E, 0xD4, 0x4E, 0xDC, 0x4E, 0xDC, 0x4E, 0xDC, 0x2E, 0xDC, 0x0D, 0xDC, 0x0D, 0xDB, 0xED, 0xDB, 0xCC, 0xDB, 0xAC, 0xDB, 0x6A, 
0xD3, 0x29, 0xD2, 0xE8, 0xC2, 0x86, 0xAA, 0x45, 0xAA, 0x65, 0xBA, 0xA7, 0xC3, 0x08, 0xC3, 0x08, 0xBB, 0x08, 0xAA, 0xA7, 0x89, 0xC4, 0x61, 0x01, 0x38, 0x80, 0x18, 0x20, 0x18, 0x20, 0x18, 0x20, 
0x10, 0x20, 0x08, 0x00, 0x08, 0x00, 0x18, 0x20, 0x10, 0x00, 0x10, 0x00, 0x18, 0x20, 0x18, 0x00, 0x10, 0x00, 0x08, 0x00, 0x10, 0x00, 0x10, 0x00, 0x18, 0x00, 0x18, 0x00, 0x18, 0x00, 0x20, 0x00, 
0x28, 0x00, 0x30, 0x00, 0x48, 0x00, 0x70, 0x81, 0x81, 0x43, 0x92, 0x68, 0x92, 0xA9, 0x82, 0x27, 0x82, 0x48, 0x7A, 0x48, 0x72, 0x48, 0x62, 0x07, 0x5A, 0x08, 0x61, 0xE8, 0x6A, 0x29, 0x7A, 0x68, 
0x8A, 0xA8, 0x9B, 0x2A, 0x9B, 0x6B, 0x9B, 0x8B, 0x9B, 0x8B, 0x9B, 0x8C, 0x9B, 0x8C, 0xA3, 0x8C, 0xA3, 0x8C, 0xA3, 0x8C, 0xA3, 0x8C, 0xA3, 0x8C, 0xA3, 0x8C, 0xA3, 0x8C, 0xA3, 0x8C, 0xA3, 0x8C, 
0xA2, 0x26, 0xA9, 0x02, 0xB1, 0x43, 0xB9, 0xA4, 0xB9, 0xC5, 0xC2, 0x06, 0xC2, 0x06, 0xC2, 0x27, 0xCA, 0x27, 0xCA, 0x47, 0xCA, 0x68, 0xD2, 0x68, 0xD2, 0x68, 0xD2, 0x89, 0xD2, 0x89, 0xD2, 0x89, 
0xD5, 0x96, 0xD5, 0x96, 0xDD, 0x96, 0xDD, 0x96, 0xDD, 0x96, 0xDD, 0x96, 0xDD, 0x96, 0xD5, 0x75, 0xD5, 0x55, 0xDD, 0x96, 0xDD, 0x96, 0xDD, 0xB6, 0xDD, 0xB6, 0xDD, 0xB6, 0xDD, 0xB6, 0xDD, 0xB6, 
0xDD, 0xB6, 0xDD, 0xB6, 0xDD, 0xB6, 0xDD, 0x96, 0xDD, 0x76, 0xDD, 0x55, 0xDD, 0x54, 0xDD, 0x55, 0xDD, 0x54, 0xDD, 0x34, 0xDD, 0x34, 0xDD, 0x34, 0xD5, 0x34, 0xD5, 0x13, 0xD4, 0xF3, 0xD4, 0xD2, 
0xCC, 0xB1, 0xCC, 0x91, 0xCC, 0x70, 0xC4, 0x2F, 0xC3, 0xED, 0xC3, 0xAC, 0xBB, 0x8B, 0xBB, 0x8B, 0xC3, 0x8B, 0xC3, 0x8B, 0xC3, 0x8B, 0xC3, 0x8B, 0xC3, 0xAB, 0xC3, 0xAB, 0xC3, 0xAB, 0xC3, 0xAC, 
0xCB, 0xAC, 0xCB, 0xAC, 0xCB, 0xCC, 0xCB, 0xAB, 0xCB, 0xAB, 0xC3, 0x6A, 0xC3, 0x6A, 0xCB, 0xAB, 0xCB, 0xCC, 0xCB, 0xAB, 0xCB, 0x6A, 0xC2, 0xE8, 0x70, 0xE2, 0x69, 0x02, 0x50, 0xA1, 0x99, 0xE5, 
0x40, 0x80, 0x10, 0x00, 0x00, 0x00, 0x00, 0x00, 0x00, 0x00, 0x00, 0x00, 0x00, 0x00, 0x00, 0x00, 0x20, 0x61, 0x08, 0x00, 0x00, 0x00, 0x00, 0x00, 0x00, 0x00, 0x00, 0x00, 0x00, 0x00, 0x00, 0x00, 
0x00, 0x00, 0x00, 0x00, 0x00, 0x00, 0x00, 0x00, 0x00, 0x00, 0x00, 0x00, 0x00, 0x00, 0x08, 0x00, 0x08, 0x20, 0x08, 0x20, 0x08, 0x00, 0x00, 0x00, 0x08, 0x00, 0x00, 0x00, 0x00, 0x00, 0x08, 0x20, 
0x00, 0x00, 0x00, 0x00, 0x00, 0x00, 0x00, 0x00, 0x00, 0x00, 0x00, 0x00, 0x00, 0x00, 0x00, 0x00, 0x00, 0x00, 0x00, 0x00, 0x00, 0x00, 0x00, 0x00, 0x00, 0x00, 0x10, 0x20, 0x51, 0x64, 0x61, 0xC5, 
0x72, 0x05, 0x72, 0x26, 0x7A, 0x46, 0x7A, 0x46, 0x7A, 0x66, 0x7A, 0x66, 0x7A, 0x66, 0x69, 0xA4, 0x61, 0x23, 0x60, 0xC2, 0x60, 0xA2, 0x60, 0x81, 0x58, 0x41, 0x48, 0x20, 0x60, 0xE2, 0x79, 0xA5, 
0x79, 0x85, 0x68, 0xA2, 0x88, 0xA2, 0x98, 0xC3, 0x98, 0xC3, 0xA0, 0xE3, 0xA9, 0x04, 0xA9, 0x45, 0xA9, 0xC7, 0xB1, 0xE7, 0xA9, 0xC6, 0xB2, 0x89, 0xC3, 0xCD, 0xC4, 0x2E, 0xCC, 0x2F, 0xCC, 0x4F, 
0xCC, 0x6F, 0xCC, 0x4F, 0xD4, 0x4F, 0xD4, 0x6F, 0xD4, 0x4F, 0xD4, 0x4E, 0xD4, 0x4E, 0xD4, 0x2E, 0xD4, 0x2E, 0xDC, 0x0D, 0xDB, 0xED, 0xDB, 0xED, 0xDB, 0xEC, 0xDB, 0xCC, 0xDB, 0x8B, 0xD3, 0x4A, 
0xD3, 0x09, 0xC2, 0xA7, 0xB2, 0x45, 0xAA, 0x45, 0xB2, 0x86, 0xBA, 0xE7, 0xC3, 0x09, 0xC3, 0x29, 0xBA, 0xE8, 0x9A, 0x45, 0x89, 0xC4, 0x69, 0x02, 0x40, 0x81, 0x20, 0x20, 0x18, 0x20, 0x18, 0x20, 
0x10, 0x00, 0x08, 0x00, 0x08, 0x00, 0x18, 0x20, 0x10, 0x00, 0x10, 0x00, 0x18, 0x20, 0x18, 0x00, 0x10, 0x00, 0x08, 0x00, 0x10, 0x00, 0x10, 0x00, 0x10, 0x00, 0x20, 0x00, 0x18, 0x00, 0x20, 0x00, 
0x28, 0x00, 0x28, 0x00, 0x38, 0x00, 0x68, 0x60, 0x81, 0x22, 0x92, 0x27, 0x92, 0xA9, 0x82, 0x48, 0x82, 0x48, 0x82, 0x89, 0x82, 0xAA, 0x72, 0x69, 0x62, 0x08, 0x62, 0x08, 0x6A, 0x49, 0x7A, 0x89, 
0x8A, 0xA8, 0x9B, 0x2A, 0x9B, 0x6B, 0x9B, 0x8B, 0x9B, 0x6B, 0x9B, 0x8C, 0x9B, 0x8C, 0xA3, 0x8C, 0xA3, 0x8C, 0xA3, 0x8C, 0xA3, 0x8C, 0xA3, 0x8C, 0xA3, 0x8C, 0xA3, 0x8C, 0xA3, 0x8C, 0xA3, 0x6B, 
0xA1, 0x43, 0xA9, 0x22, 0xB1, 0x63, 0xB9, 0xA5, 0xB9, 0xE6, 0xC2, 0x06, 0xC2, 0x26, 0xC2, 0x27, 0xCA, 0x47, 0xCA, 0x47, 0xCA, 0x48, 0xD2, 0x68, 0xD2, 0x88, 0xD2, 0x88, 0xD2, 0x89, 0xD2, 0x89, 
0xD5, 0x96, 0xD5, 0x96, 0xDD, 0xB6, 0xDD, 0x96, 0xDD, 0x96, 0xDD, 0x96, 0xD5, 0x96, 0xD5, 0x75, 0xD5, 0x75, 0xDD, 0x96, 0xDD, 0x96, 0xDD, 0xB6, 0xDD, 0xB6, 0xDD, 0xB6, 0xDD, 0xB6, 0xDD, 0xB6, 
0xDD, 0xB6, 0xDD, 0x96, 0xDD, 0x96, 0xDD, 0x96, 0xDD, 0x75, 0xDD, 0x55, 0xDD, 0x54, 0xDD, 0x54, 0xDD, 0x54, 0xDD, 0x34, 0xD5, 0x34, 0xD5, 0x34, 0xD5, 0x34, 0xD5, 0x13, 0xD4, 0xF2, 0xD4, 0xD2, 
0xCC, 0xD1, 0xCC, 0xB1, 0xCC, 0x70, 0xC4, 0x4F, 0xC4, 0x0E, 0xC3, 0xCC, 0xC3, 0xAC, 0xBB, 0x8B, 0xC3, 0x8B, 0xC3, 0x8B, 0xC3, 0x8B, 0xC3, 0x8B, 0xC3, 0x8B, 0xC3, 0x8B, 0xC3, 0xAB, 0xC3, 0xAB, 
0xC3, 0xAB, 0xCB, 0xAC, 0xCB, 0xAB, 0xC3, 0xAB, 0xBB, 0x6A, 0xC3, 0x8B, 0xCB, 0xAB, 0xCB, 0xAB, 0xCB, 0xAB, 0xCB, 0x8B, 0xCB, 0x6A, 0x99, 0xC4, 0x79, 0x23, 0x40, 0x60, 0x89, 0xC5, 0x69, 0x22, 
0x20, 0x00, 0x08, 0x00, 0x00, 0x00, 0x00, 0x00, 0x00, 0x00, 0x00, 0x00, 0x00, 0x00, 0x08, 0x00, 0x08, 0x00, 0x00, 0x00, 0x00, 0x00, 0x00, 0x00, 0x00, 0x00, 0x00, 0x00, 0x00, 0x00, 0x00, 0x00, 
0x00, 0x00, 0x00, 0x00, 0x00, 0x00, 0x00, 0x00, 0x00, 0x00, 0x00, 0x00, 0x08, 0x00, 0x08, 0x00, 0x08, 0x00, 0x08, 0x20, 0x08, 0x00, 0x00, 0x00, 0x08, 0x00, 0x00, 0x00, 0x00, 0x00, 0x08, 0x41, 
0x00, 0x00, 0x00, 0x00, 0x00, 0x00, 0x00, 0x00, 0x00, 0x00, 0x00, 0x00, 0x00, 0x00, 0x00, 0x00, 0x00, 0x00, 0x00, 0x00, 0x00, 0x00, 0x00, 0x00, 0x00, 0x00, 0x00, 0x00, 0x20, 0x81, 0x51, 0x84, 
0x61, 0xC4, 0x72, 0x05, 0x72, 0x25, 0x72, 0x26, 0x72, 0x26, 0x72, 0x46, 0x72, 0x46, 0x61, 0x84, 0x58, 0xE2, 0x60, 0xA2, 0x60, 0xA2, 0x60, 0x81, 0x48, 0x20, 0x40, 0x00, 0x60, 0x61, 0x80, 0xA2, 
0x88, 0xA2, 0x88, 0x82, 0x98, 0xA2, 0xA0, 0xC3, 0xA1, 0x04, 0xA9, 0x65, 0xB1, 0xE7, 0xA9, 0xC6, 0xB2, 0x08, 0xB2, 0x07, 0xB2, 0x48, 0xBB, 0x6B, 0xC3, 0xEE, 0xC4, 0x2E, 0xCC, 0x4F, 0xD4, 0x70, 
0xD4, 0x8F, 0xD4, 0x6F, 0xD4, 0x6F, 0xD4, 0x6F, 0xD4, 0x6F, 0xD4, 0x4F, 0xD4, 0x4E, 0xD4, 0x2E, 0xD4, 0x0D, 0xDC, 0x0D, 0xDB, 0xED, 0xDB, 0xEC, 0xDB, 0xCC, 0xD3, 0xAB, 0xD3, 0x6A, 0xD3, 0x29, 
0xCA, 0xC7, 0xBA, 0x66, 0xAA, 0x45, 0xB2, 0x86, 0xBA, 0xC7, 0xC3, 0x08, 0xCB, 0x29, 0xC3, 0x29, 0xBA, 0xE8, 0xA2, 0x65, 0x92, 0x04, 0x69, 0x22, 0x48, 0xA1, 0x28, 0x20, 0x18, 0x20, 0x18, 0x20, 
0x08, 0x00, 0x08, 0x00, 0x08, 0x00, 0x18, 0x20, 0x10, 0x00, 0x10, 0x00, 0x18, 0x20, 0x18, 0x00, 0x10, 0x00, 0x08, 0x00, 0x08, 0x00, 0x10, 0x00, 0x10, 0x00, 0x20, 0x00, 0x28, 0x00, 0x20, 0x00, 
0x20, 0x00, 0x30, 0x00, 0x30, 0x00, 0x48, 0x00, 0x78, 0xE1, 0x89, 0xC5, 0x8A, 0x47, 0x8A, 0x88, 0x8A, 0x88, 0x92, 0xCA, 0x8A, 0xEA, 0x7A, 0xAA, 0x62, 0x28, 0x59, 0xE7, 0x6A, 0x28, 0x7A, 0x68, 
0x8A, 0xA8, 0x9B, 0x2A, 0x9B, 0x6C, 0x9B, 0x8C, 0x9B, 0x8B, 0x9B, 0x8C, 0x9B, 0x8B, 0x9B, 0x8B, 0xA3, 0x8C, 0xA3, 0x8C, 0xA3, 0x8C, 0xA3, 0x8C, 0xA3, 0xAC, 0xA3, 0xAC, 0xA3, 0xAC, 0xA2, 0xA9, 
0xA9, 0x22, 0xB1, 0x43, 0xB1, 0x84, 0xB9, 0xC5, 0xC1, 0xE6, 0xC2, 0x06, 0xC2, 0x27, 0xCA, 0x27, 0xCA, 0x47, 0xCA, 0x47, 0xCA, 0x48, 0xD2, 0x68, 0xD2, 0x88, 0xD2, 0x89, 0xD2, 0x89, 0xD2, 0xA9, 
0xD5, 0x76, 0xD5, 0x96, 0xDD, 0x96, 0xDD, 0x96, 0xDD, 0x96, 0xDD, 0x96, 0xD5, 0x96, 0xD5, 0x75, 0xD5, 0x75, 0xDD, 0x96, 0xDD, 0x96, 0xDD, 0x96, 0xDD, 0xB6, 0xDD, 0xB6, 0xDD, 0x96, 0xDD, 0xB6, 
0xDD, 0xB6, 0xDD, 0x96, 0xDD, 0x96, 0xDD, 0x75, 0xDD, 0x75, 0xDD, 0x55, 0xDD, 0x54, 0xDD, 0x54, 0xDD, 0x54, 0xDD, 0x34, 0xD5, 0x34, 0xD5, 0x33, 0xD5, 0x13, 0xD5, 0x13, 0xD4, 0xF2, 0xD4, 0xD2, 
0xCC, 0xB1, 0xCC, 0x91, 0xCC, 0x70, 0xC4, 0x4F, 0xC4, 0x0D, 0xC3, 0xCC, 0xC3, 0xAC, 0xC3, 0xAC, 0xC3, 0xAC, 0xC3, 0xAC, 0xC3, 0xAC, 0xC3, 0xAC, 0xC3, 0xAC, 0xC3, 0xAC, 0xC3, 0xAC, 0xC3, 0xAB, 
0xC3, 0xAB, 0xCB, 0xAC, 0xC3, 0x8B, 0xC3, 0x6A, 0xCB, 0xAB, 0xCB, 0xAB, 0xCB, 0xAB, 0xCB, 0xAB, 0xC3, 0xAB, 0xC3, 0x8B, 0xB2, 0xA7, 0x81, 0x62, 0x61, 0x01, 0x28, 0x40, 0x30, 0x60, 0x18, 0x20, 
0x08, 0x00, 0x00, 0x00, 0x00, 0x00, 0x00, 0x00, 0x00, 0x00, 0x00, 0x00, 0x00, 0x00, 0x00, 0x00, 0x00, 0x00, 0x00, 0x00, 0x00, 0x00, 0x00, 0x00, 0x00, 0x00, 0x00, 0x00, 0x00, 0x00, 0x00, 0x00, 
0x00, 0x00, 0x00, 0x00, 0x00, 0x00, 0x00, 0x00, 0x08, 0x00, 0x08, 0x00, 0x08, 0x00, 0x08, 0x20, 0x08, 0x00, 0x08, 0x20, 0x08, 0x20, 0x00, 0x00, 0x00, 0x00, 0x00, 0x00, 0x00, 0x00, 0x08, 0x41, 
0x08, 0x20, 0x00, 0x00, 0x00, 0x00, 0x00, 0x00, 0x00, 0x00, 0x00, 0x00, 0x00, 0x00, 0x00, 0x00, 0x00, 0x00, 0x00, 0x00, 0x00, 0x00, 0x00, 0x00, 0x00, 0x00, 0x00, 0x00, 0x00, 0x00, 0x38, 0xE2, 
0x59, 0x84, 0x61, 0xC5, 0x6A, 0x05, 0x72, 0x25, 0x72, 0x05, 0x72, 0x46, 0x72, 0x46, 0x61, 0x84, 0x50, 0xA1, 0x50, 0x81, 0x58, 0x81, 0x58, 0x61, 0x68, 0x61, 0x80, 0xA2, 0x90, 0xC2, 0x90, 0xC3, 
0x90, 0xA2, 0x90, 0xA2, 0x98, 0xC2, 0xA0, 0xE3, 0xA9, 0xA6, 0xA9, 0xC7, 0xB2, 0xAA, 0xB1, 0xE7, 0xB2, 0x07, 0xB2, 0x48, 0xBB, 0x0A, 0xBB, 0xAC, 0xC3, 0xED, 0xCC, 0x4E, 0xCC, 0x6F, 0xCC, 0x8F, 
0xCC, 0x6F, 0xD4, 0x6F, 0xD4, 0x6F, 0xD4, 0x6F, 0xD4, 0x6F, 0xD4, 0x6F, 0xD4, 0x4E, 0xD4, 0x2E, 0xD4, 0x0D, 0xD4, 0x0D, 0xDB, 0xED, 0xDB, 0xCC, 0xDB, 0xAB, 0xD3, 0x6A, 0xD3, 0x29, 0xCA, 0xC8, 
0xBA, 0x86, 0xAA, 0x25, 0xAA, 0x66, 0xBA, 0xA7, 0xC3, 0x08, 0xCB, 0x29, 0xCB, 0x49, 0xC3, 0x29, 0xBB, 0x08, 0xA2, 0x86, 0x9A, 0x25, 0x71, 0x43, 0x48, 0xA1, 0x30, 0x40, 0x18, 0x00, 0x18, 0x20, 
0x08, 0x00, 0x08, 0x00, 0x08, 0x00, 0x10, 0x00, 0x10, 0x00, 0x08, 0x00, 0x10, 0x00, 0x18, 0x00, 0x10, 0x00, 0x08, 0x00, 0x08, 0x00, 0x10, 0x00, 0x18, 0x00, 0x18, 0x00, 0x20, 0x00, 0x20, 0x00, 
0x20, 0x00, 0x30, 0x00, 0x30, 0x00, 0x38, 0x00, 0x60, 0x61, 0x89, 0xE6, 0x92, 0x47, 0x92, 0x89, 0x92, 0xC9, 0x9B, 0x0B, 0x93, 0x0B, 0x82, 0xCA, 0x6A, 0x48, 0x62, 0x07, 0x62, 0x07, 0x7A, 0x68, 
0x82, 0xA8, 0x9B, 0x2A, 0x9B, 0x6B, 0x9B, 0x8C, 0xA3, 0x8C, 0x9B, 0x8C, 0x9B, 0x8B, 0x9B, 0x8C, 0xA3, 0x8C, 0xA3, 0x8C, 0xA3, 0x8C, 0xA3, 0x8C, 0xA3, 0xAC, 0xA3, 0xAC, 0xA3, 0x8C, 0xA1, 0xC5, 
0xA9, 0x22, 0xB1, 0x63, 0xB9, 0xC5, 0xB9, 0xE5, 0xC2, 0x06, 0xC2, 0x27, 0xC2, 0x27, 0xCA, 0x47, 0xCA, 0x47, 0xCA, 0x47, 0xCA, 0x47, 0xD2, 0x68, 0xD2, 0x68, 0xD2, 0x89, 0xD2, 0xA9, 0xD2, 0xA9, 
0xD5, 0x95, 0xDD, 0x96, 0xDD, 0x96, 0xDD, 0x96, 0xDD, 0x96, 0xDD, 0x96, 0xD5, 0x76, 0xD5, 0x75, 0xD5, 0x96, 0xDD, 0x96, 0xDD, 0x96, 0xDD, 0xB6, 0xDD, 0xB6, 0xDD, 0xB6, 0xDD, 0xB6, 0xDD, 0xB6, 
0xDD, 0xB6, 0xDD, 0x96, 0xDD, 0x96, 0xDD, 0x75, 0xDD, 0x75, 0xDD, 0x54, 0xDD, 0x54, 0xDD, 0x54, 0xD5, 0x54, 0xD5, 0x33, 0xD5, 0x33, 0xD5, 0x33, 0xD5, 0x13, 0xD4, 0xF2, 0xD4, 0xD2, 0xD4, 0xD1, 
0xCC, 0xB1, 0xCC, 0x90, 0xCC, 0x4F, 0xC4, 0x2E, 0xC3, 0xED, 0xC3, 0xCC, 0xC3, 0xAC, 0xC3, 0xAC, 0xC3, 0xAC, 0xC3, 0xAC, 0xC3, 0xCC, 0xC3, 0xCC, 0xC3, 0xCC, 0xC3, 0xCC, 0xCB, 0xCC, 0xCB, 0xCC, 
0xCB, 0xCC, 0xC3, 0xCC, 0xC3, 0xAC, 0xCB, 0xCC, 0xCB, 0xCC, 0xC3, 0x8B, 0xBB, 0x29, 0x9A, 0x67, 0x48, 0xC1, 0x59, 0x22, 0x48, 0xC1, 0x38, 0x60, 0x28, 0x40, 0x18, 0x20, 0x10, 0x00, 0x08, 0x00, 
0x00, 0x00, 0x00, 0x00, 0x00, 0x00, 0x00, 0x00, 0x00, 0x00, 0x00, 0x00, 0x00, 0x00, 0x00, 0x00, 0x00, 0x00, 0x00, 0x00, 0x00, 0x00, 0x00, 0x00, 0x00, 0x00, 0x00, 0x00, 0x00, 0x00, 0x00, 0x00, 
0x00, 0x00, 0x00, 0x00, 0x00, 0x00, 0x08, 0x00, 0x08, 0x00, 0x08, 0x00, 0x08, 0x20, 0x08, 0x00, 0x00, 0x00, 0x08, 0x20, 0x08, 0x41, 0x08, 0x20, 0x00, 0x00, 0x00, 0x00, 0x08, 0x20, 0x10, 0x61, 
0x08, 0x20, 0x00, 0x00, 0x00, 0x00, 0x00, 0x00, 0x00, 0x00, 0x00, 0x00, 0x00, 0x00, 0x00, 0x00, 0x00, 0x00, 0x00, 0x00, 0x00, 0x00, 0x00, 0x00, 0x00, 0x00, 0x00, 0x00, 0x00, 0x00, 0x08, 0x20, 
0x49, 0x43, 0x59, 0x84, 0x69, 0xC5, 0x6A, 0x05, 0x6A, 0x05, 0x72, 0x25, 0x72, 0x46, 0x69, 0xA4, 0x48, 0xA1, 0x40, 0x41, 0x48, 0x20, 0x68, 0x61, 0x80, 0x82, 0x90, 0xA3, 0x98, 0xE3, 0x99, 0x03, 
0xA1, 0x65, 0x98, 0xC2, 0x98, 0xE3, 0xA1, 0x04, 0xA9, 0x85, 0xA9, 0x85, 0xA9, 0xC6, 0xAA, 0x07, 0xB2, 0x68, 0xB2, 0xEA, 0xBB, 0x6B, 0xC3, 0xCD, 0xC4, 0x0E, 0xCC, 0x4F, 0xCC, 0x6F, 0xCC, 0x6F, 
0xCC, 0x6F, 0xCC, 0x6F, 0xD4, 0x6F, 0xD4, 0x6F, 0xD4, 0x6F, 0xD4, 0x6F, 0xD4, 0x4F, 0xD4, 0x4E, 0xD4, 0x2E, 0xD4, 0x0D, 0xD3, 0xEC, 0xDB, 0xCC, 0xD3, 0xAB, 0xD3, 0x4A, 0xCA, 0xC8, 0xBA, 0x87, 
0xAA, 0x45, 0xA2, 0x45, 0xB2, 0x86, 0xBA, 0xE8, 0xC3, 0x28, 0xCB, 0x29, 0xC3, 0x49, 0xC3, 0x49, 0xB2, 0xE8, 0xAA, 0xC7, 0x9A, 0x46, 0x71, 0x63, 0x50, 0xC1, 0x48, 0xA1, 0x20, 0x20, 0x18, 0x00, 
0x08, 0x00, 0x08, 0x00, 0x10, 0x00, 0x18, 0x00, 0x18, 0x40, 0x08, 0x00, 0x10, 0x00, 0x18, 0x00, 0x10, 0x00, 0x08, 0x00, 0x08, 0x00, 0x10, 0x00, 0x18, 0x00, 0x18, 0x00, 0x20, 0x00, 0x20, 0x00, 
0x20, 0x00, 0x40, 0x00, 0x40, 0x00, 0x38, 0x00, 0x50, 0x20, 0x89, 0xC5, 0x92, 0x68, 0x92, 0xA9, 0x9A, 0xC9, 0xA3, 0x2B, 0x9B, 0x2B, 0x8A, 0xEB, 0x72, 0x69, 0x62, 0x28, 0x6A, 0x48, 0x7A, 0x69, 
0x82, 0xA9, 0x93, 0x0A, 0x9B, 0x6B, 0xA3, 0x8C, 0xA3, 0x8C, 0xA3, 0x8C, 0xA3, 0x8C, 0xA3, 0x8C, 0xA3, 0x8C, 0xA3, 0x8C, 0xA3, 0x8C, 0xA3, 0x8C, 0xA3, 0xAC, 0xA3, 0x8C, 0xA3, 0x2B, 0xA1, 0x42, 
0xA9, 0x43, 0xB1, 0x84, 0xB9, 0xC5, 0xBA, 0x06, 0xC2, 0x06, 0xC2, 0x27, 0xCA, 0x47, 0xCA, 0x47, 0xCA, 0x48, 0xCA, 0x48, 0xCA, 0x68, 0xD2, 0x68, 0xD2, 0x68, 0xD2, 0x89, 0xD2, 0xA9, 0xD2, 0xA9, 
0xD5, 0x96, 0xDD, 0x96, 0xDD, 0x96, 0xDD, 0x96, 0xDD, 0x96, 0xD5, 0x96, 0xD5, 0x75, 0xD5, 0x75, 0xD5, 0x96, 0xD5, 0x96, 0xDD, 0xB6, 0xDD, 0xB6, 0xDD, 0xB6, 0xDD, 0xB6, 0xDD, 0xB6, 0xDD, 0x96, 
0xDD, 0x96, 0xDD, 0x96, 0xDD, 0x95, 0xDD, 0x75, 0xDD, 0x75, 0xDD, 0x54, 0xD5, 0x54, 0xD5, 0x54, 0xD5, 0x34, 0xD5, 0x33, 0xD5, 0x33, 0xD5, 0x13, 0xD5, 0x13, 0xD4, 0xF2, 0xD4, 0xD1, 0xD4, 0xD1, 
0xCC, 0xB0, 0xCC, 0x90, 0xC4, 0x4F, 0xC4, 0x2E, 0xC3, 0xED, 0xC3, 0xCC, 0xC3, 0xAC, 0xC3, 0xAC, 0xC3, 0xAC, 0xC3, 0xAC, 0xC3, 0xAC, 0xC3, 0xAC, 0xC3, 0xAC, 0xBB, 0x8B, 0xB3, 0x4B, 0xAB, 0x2A, 
0xA2, 0xC8, 0x92, 0x67, 0x81, 0xE5, 0x79, 0xA4, 0x61, 0x22, 0x58, 0xE2, 0x48, 0xC1, 0x48, 0xE2, 0x18, 0x20, 0x18, 0x20, 0x18, 0x20, 0x18, 0x20, 0x18, 0x20, 0x10, 0x00, 0x08, 0x00, 0x00, 0x00, 
0x00, 0x00, 0x00, 0x00, 0x00, 0x00, 0x00, 0x00, 0x00, 0x00, 0x08, 0x00, 0x00, 0x00, 0x00, 0x00, 0x00, 0x00, 0x00, 0x00, 0x00, 0x00, 0x00, 0x00, 0x00, 0x00, 0x00, 0x00, 0x00, 0x00, 0x00, 0x00, 
0x00, 0x00, 0x00, 0x00, 0x08, 0x00, 0x08, 0x00, 0x08, 0x00, 0x08, 0x20, 0x10, 0x20, 0x08, 0x00, 0x00, 0x00, 0x08, 0x21, 0x10, 0x61, 0x08, 0x21, 0x08, 0x20, 0x08, 0x20, 0x10, 0x41, 0x10, 0x61, 
0x08, 0x20, 0x00, 0x00, 0x00, 0x00, 0x00, 0x00, 0x00, 0x00, 0x00, 0x00, 0x00, 0x00, 0x00, 0x00, 0x00, 0x00, 0x00, 0x00, 0x00, 0x00, 0x00, 0x00, 0x00, 0x00, 0x00, 0x00, 0x00, 0x00, 0x00, 0x00, 
0x20, 0x61, 0x51, 0x43, 0x61, 0xA4, 0x69, 0xE5, 0x6A, 0x05, 0x72, 0x25, 0x7A, 0x66, 0x7A, 0x46, 0x71, 0xC5, 0x59, 0x03, 0x48, 0x20, 0x68, 0x41, 0x80, 0x62, 0x90, 0xA3, 0xA1, 0x24, 0xA1, 0x23, 
0xA9, 0x85, 0x99, 0x03, 0x99, 0x03, 0x99, 0x03, 0xA1, 0x24, 0xA1, 0x44, 0xA9, 0xA5, 0xAA, 0x27, 0xB2, 0xC9, 0xB3, 0x4B, 0xBB, 0xAC, 0xC3, 0xED, 0xC4, 0x2E, 0xCC, 0x4E, 0xCC, 0x6F, 0xCC, 0x6F, 
0xCC, 0x6F, 0xCC, 0x6F, 0xD4, 0x6F, 0xD4, 0x8F, 0xD4, 0x6F, 0xD4, 0x6F, 0xD4, 0x6F, 0xD4, 0x4E, 0xD4, 0x2E, 0xD4, 0x0D, 0xD3, 0xCC, 0xD3, 0xAC, 0xD3, 0x6A, 0xCB, 0x09, 0xBA, 0xA7, 0xAA, 0x45, 
0xA2, 0x45, 0xAA, 0x86, 0xBA, 0xC7, 0xC3, 0x08, 0xC3, 0x49, 0xCB, 0x49, 0xC3, 0x69, 0xC3, 0x49, 0xB3, 0x08, 0xB3, 0x08, 0x9A, 0x66, 0x79, 0x83, 0x58, 0xE1, 0x58, 0xE2, 0x30, 0x40, 0x18, 0x00, 
0x08, 0x00, 0x08, 0x00, 0x10, 0x00, 0x10, 0x00, 0x10, 0x20, 0x10, 0x00, 0x08, 0x00, 0x18, 0x00, 0x10, 0x00, 0x08, 0x00, 0x08, 0x00, 0x08, 0x00, 0x18, 0x00, 0x18, 0x00, 0x20, 0x00, 0x20, 0x00, 
0x20, 0x00, 0x40, 0x00, 0x50, 0x20, 0x38, 0x00, 0x48, 0x00, 0x71, 0x03, 0x9A, 0x88, 0x9A, 0xA9, 0xA3, 0x0A, 0xA3, 0x4B, 0xA3, 0x4C, 0x93, 0x0B, 0x7A, 0xA9, 0x6A, 0x28, 0x72, 0x69, 0x7A, 0xA9, 
0x8A, 0xC9, 0x93, 0x0A, 0x9B, 0x8C, 0xA3, 0x8C, 0xA3, 0x8C, 0xA3, 0x8C, 0xA3, 0x8C, 0xA3, 0x8C, 0xA3, 0x8C, 0xA3, 0x8C, 0xA3, 0x8C, 0xA3, 0x8C, 0xA3, 0x8C, 0xA3, 0x8C, 0xA2, 0x47, 0xA9, 0x22, 
0xB1, 0x63, 0xB1, 0xA5, 0xB9, 0xE5, 0xBA, 0x06, 0xC2, 0x27, 0xC2, 0x47, 0xCA, 0x48, 0xCA, 0x68, 0xCA, 0x68, 0xCA, 0x68, 0xCA, 0x68, 0xD2, 0x68, 0xD2, 0x68, 0xD2, 0x89, 0xD2, 0xA9, 0xD2, 0xA9, 
0xD5, 0x96, 0xDD, 0xB6, 0xDD, 0x96, 0xDD, 0x96, 0xDD, 0x96, 0xD5, 0x96, 0xD5, 0x75, 0xD5, 0x55, 0xD5, 0x96, 0xD5, 0x96, 0xD5, 0x96, 0xDD, 0x96, 0xDD, 0x96, 0xDD, 0x95, 0xD5, 0x54, 0xCD, 0x13, 
0xC4, 0xB2, 0xBC, 0x70, 0xBC, 0x2F, 0xB3, 0xEE, 0xB3, 0xEE, 0xAB, 0xCE, 0xAB, 0xCD, 0xAB, 0xCD, 0xAB, 0xCD, 0xAB, 0xCD, 0xAB, 0xCD, 0xAB, 0xAD, 0xAB, 0xAC, 0xAB, 0x8C, 0xAB, 0x8C, 0xAB, 0x6C, 
0xAB, 0x6C, 0xA3, 0x4B, 0xA3, 0x2B, 0x9B, 0x0A, 0x9A, 0xC9, 0x8A, 0x88, 0x8A, 0x47, 0x82, 0x06, 0x79, 0xE6, 0x71, 0xC5, 0x69, 0x84, 0x61, 0x63, 0x59, 0x23, 0x51, 0x02, 0x48, 0xE2, 0x48, 0xE2, 
0x40, 0xC1, 0x38, 0xA1, 0x38, 0xA1, 0x30, 0x81, 0x28, 0x61, 0x28, 0x60, 0x20, 0x40, 0x20, 0x40, 0x18, 0x40, 0x08, 0x00, 0x10, 0x00, 0x10, 0x00, 0x10, 0x20, 0x10, 0x20, 0x08, 0x00, 0x00, 0x00, 
0x00, 0x00, 0x00, 0x00, 0x00, 0x00, 0x08, 0x00, 0x08, 0x00, 0x08, 0x00, 0x08, 0x00, 0x00, 0x00, 0x00, 0x00, 0x00, 0x00, 0x00, 0x00, 0x00, 0x00, 0x00, 0x00, 0x00, 0x00, 0x00, 0x00, 0x00, 0x00, 
0x00, 0x00, 0x08, 0x00, 0x08, 0x20, 0x08, 0x00, 0x08, 0x00, 0x10, 0x21, 0x10, 0x20, 0x08, 0x00, 0x00, 0x00, 0x08, 0x40, 0x10, 0x61, 0x10, 0x41, 0x08, 0x21, 0x08, 0x21, 0x10, 0x41, 0x10, 0x41, 
0x10, 0x41, 0x08, 0x20, 0x00, 0x00, 0x00, 0x00, 0x00, 0x00, 0x00, 0x00, 0x00, 0x00, 0x00, 0x00, 0x00, 0x00, 0x00, 0x00, 0x00, 0x00, 0x00, 0x00, 0x00, 0x00, 0x00, 0x00, 0x00, 0x00, 0x00, 0x00, 
0x00, 0x00, 0x30, 0xA1, 0x51, 0x63, 0x61, 0xC4, 0x72, 0x26, 0x72, 0x46, 0x82, 0x87, 0x8A, 0xC8, 0x8A, 0xC8, 0x7A, 0x06, 0x48, 0x20, 0x58, 0x20, 0x70, 0x41, 0x88, 0x82, 0x99, 0x03, 0xA1, 0x04, 
0xA1, 0x24, 0x99, 0x03, 0x98, 0xE3, 0x99, 0x03, 0x99, 0x23, 0x99, 0x43, 0xA1, 0xC5, 0xAA, 0xA8, 0xAB, 0x2A, 0xB3, 0x6B, 0xBB, 0xCD, 0xC4, 0x0E, 0xC4, 0x2E, 0xCC, 0x4E, 0xCC, 0x6F, 0xCC, 0x6F, 
0xCC, 0x6F, 0xCC, 0x6F, 0xCC, 0x6F, 0xD4, 0x6F, 0xD4, 0x6F, 0xD4, 0x6F, 0xD4, 0x4F, 0xD4, 0x2E, 0xD4, 0x0D, 0xD3, 0xED, 0xD3, 0xAC, 0xD3, 0x6B, 0xCB, 0x09, 0xBA, 0xC8, 0xAA, 0x65, 0xA2, 0x45, 
0xAA, 0x86, 0xB2, 0xC7, 0xC2, 0xE7, 0xC3, 0x29, 0xCB, 0x49, 0xCB, 0x8A, 0xCB, 0x8A, 0xC3, 0x69, 0xBB, 0x08, 0xB2, 0xE8, 0x9A, 0x45, 0x79, 0x83, 0x61, 0x02, 0x69, 0x22, 0x38, 0x60, 0x20, 0x20, 
0x10, 0x00, 0x08, 0x00, 0x10, 0x00, 0x10, 0x00, 0x10, 0x00, 0x10, 0x00, 0x08, 0x00, 0x10, 0x00, 0x10, 0x00, 0x08, 0x00, 0x08, 0x00, 0x08, 0x00, 0x10, 0x00, 0x20, 0x00, 0x20, 0x00, 0x20, 0x00, 
0x20, 0x00, 0x40, 0x00, 0x58, 0x20, 0x40, 0x00, 0x60, 0x61, 0x58, 0x40, 0x92, 0x27, 0x9A, 0xA9, 0xA3, 0x0A, 0xAB, 0x6C, 0xA3, 0x6C, 0x9B, 0x2B, 0x82, 0xCA, 0x6A, 0x48, 0x72, 0x69, 0x7A, 0xCA, 
0x8A, 0xEA, 0x9B, 0x2A, 0x9B, 0x8B, 0xA3, 0x8C, 0xA3, 0xAC, 0xA3, 0xAC, 0xA3, 0x8C, 0xA3, 0x8C, 0xA3, 0xAC, 0xA3, 0xAC, 0xA3, 0xAC, 0xA3, 0x8C, 0xA3, 0x8C, 0xA3, 0x6B, 0xA1, 0x84, 0xA9, 0x43, 
0xB1, 0x84, 0xB9, 0xE5, 0xBA, 0x06, 0xBA, 0x06, 0xC2, 0x27, 0xC2, 0x47, 0xC2, 0x68, 0xCA, 0x68, 0xCA, 0x68, 0xCA, 0x88, 0xD2, 0x88, 0xD2, 0x88, 0xD2, 0x89, 0xD2, 0xA9, 0xD2, 0xA9, 0xD2, 0xA9, 
0xD5, 0x96, 0xDD, 0xB6, 0xDD, 0xB6, 0xDD, 0x96, 0xDD, 0x96, 0xD5, 0x75, 0xD5, 0x55, 0xD5, 0x35, 0xCD, 0x13, 0xBC, 0x50, 0xA3, 0xAD, 0x8A, 0xE9, 0x7A, 0x47, 0x72, 0x06, 0x69, 0xA5, 0x61, 0xA5, 
0x61, 0xA4, 0x61, 0x84, 0x61, 0x84, 0x61, 0x84, 0x59, 0x84, 0x59, 0x84, 0x59, 0x63, 0x59, 0x64, 0x59, 0x64, 0x59, 0x64, 0x51, 0x63, 0x51, 0x43, 0x51, 0x43, 0x51, 0x43, 0x51, 0x43, 0x51, 0x43, 
0x51, 0x43, 0x51, 0x23, 0x49, 0x23, 0x49, 0x23, 0x49, 0x02, 0x49, 0x02, 0x40, 0xE2, 0x40, 0xE2, 0x38, 0xC2, 0x38, 0xC2, 0x38, 0xA1, 0x30, 0xA1, 0x30, 0x81, 0x28, 0x61, 0x28, 0x60, 0x28, 0x60, 
0x20, 0x60, 0x20, 0x40, 0x20, 0x40, 0x20, 0x40, 0x18, 0x40, 0x18, 0x40, 0x18, 0x40, 0x18, 0x20, 0x18, 0x40, 0x10, 0x20, 0x10, 0x20, 0x10, 0x20, 0x10, 0x20, 0x10, 0x20, 0x10, 0x20, 0x00, 0x00, 
0x00, 0x00, 0x00, 0x00, 0x08, 0x20, 0x10, 0x20, 0x08, 0x00, 0x10, 0x00, 0x08, 0x00, 0x00, 0x00, 0x00, 0x00, 0x00, 0x00, 0x00, 0x00, 0x00, 0x00, 0x00, 0x00, 0x00, 0x00, 0x00, 0x00, 0x00, 0x00, 
0x00, 0x00, 0x08, 0x20, 0x08, 0x20, 0x08, 0x20, 0x08, 0x20, 0x10, 0x41, 0x08, 0x20, 0x08, 0x00, 0x00, 0x00, 0x08, 0x20, 0x10, 0x62, 0x10, 0x41, 0x08, 0x40, 0x08, 0x20, 0x10, 0x41, 0x10, 0x41, 
0x10, 0x41, 0x08, 0x20, 0x00, 0x00, 0x00, 0x00, 0x00, 0x00, 0x00, 0x00, 0x00, 0x00, 0x00, 0x00, 0x00, 0x00, 0x00, 0x00, 0x00, 0x00, 0x00, 0x00, 0x00, 0x00, 0x00, 0x00, 0x00, 0x00, 0x00, 0x00, 
0x00, 0x00, 0x08, 0x00, 0x38, 0xE2, 0x59, 0x64, 0x69, 0xE5, 0x72, 0x46, 0x7A, 0x66, 0x82, 0x87, 0x8A, 0xA8, 0x71, 0xE5, 0x50, 0xA1, 0x50, 0x20, 0x60, 0x40, 0x78, 0x62, 0x88, 0xC2, 0x90, 0xE3, 
0x90, 0xE3, 0x90, 0xE3, 0x88, 0xE3, 0x88, 0xE3, 0x81, 0x23, 0x81, 0xA5, 0x8A, 0x46, 0x9A, 0xE8, 0xAB, 0x6B, 0xBB, 0xCC, 0xC4, 0x0D, 0xC4, 0x2E, 0xCC, 0x4F, 0xCC, 0x6F, 0xCC, 0x8F, 0xCC, 0x8F, 
0xCC, 0x6F, 0xCC, 0x6F, 0xD4, 0x6F, 0xD4, 0x6F, 0xD4, 0x6E, 0xD4, 0x6F, 0xD4, 0x4E, 0xD4, 0x2D, 0xD3, 0xEC, 0xCB, 0xCC, 0xCB, 0x6A, 0xCB, 0x29, 0xBA, 0xC8, 0xAA, 0x66, 0xA2, 0x45, 0xAA, 0x86, 
0xB2, 0xA7, 0xBA, 0xE7, 0xC3, 0x28, 0xCB, 0x49, 0xCB, 0x8A, 0xCB, 0x8A, 0xCB, 0x8A, 0xC3, 0x6A, 0xBB, 0x29, 0xB2, 0xC7, 0x9A, 0x45, 0x79, 0xA3, 0x69, 0x22, 0x71, 0x43, 0x48, 0x60, 0x20, 0x20, 
0x10, 0x00, 0x08, 0x00, 0x10, 0x00, 0x18, 0x00, 0x18, 0x20, 0x08, 0x00, 0x08, 0x00, 0x10, 0x00, 0x10, 0x00, 0x08, 0x00, 0x08, 0x00, 0x08, 0x00, 0x10, 0x00, 0x20, 0x00, 0x20, 0x00, 0x20, 0x00, 
0x20, 0x00, 0x38, 0x00, 0x58, 0x00, 0x40, 0x00, 0x60, 0x61, 0x58, 0x40, 0x79, 0x44, 0x9A, 0xA8, 0xA3, 0x0A, 0xA3, 0x4B, 0xAB, 0x6C, 0x9B, 0x4C, 0x82, 0xCA, 0x6A, 0x68, 0x72, 0x89, 0x82, 0xEA, 
0x93, 0x2B, 0x9B, 0x4A, 0x9B, 0x8C, 0xA3, 0xAC, 0xA3, 0xAC, 0xA3, 0xAC, 0xA3, 0xAC, 0xA3, 0xAC, 0xA3, 0xAC, 0xA3, 0xAC, 0xA3, 0xAC, 0xA3, 0x8C, 0xA3, 0x8C, 0xA2, 0xC9, 0xA1, 0x22, 0xB1, 0x63, 
0xB1, 0xA4, 0xB9, 0xE6, 0xBA, 0x26, 0xBA, 0x27, 0xC2, 0x47, 0xC2, 0x68, 0xCA, 0x68, 0xCA, 0x68, 0xCA, 0x68, 0xCA, 0x88, 0xCA, 0x89, 0xCA, 0x89, 0xD2, 0x89, 0xD2, 0xA9, 0xD2, 0xA9, 0xD2, 0xC9, 
0xDD, 0x96, 0xDD, 0xB6, 0xDD, 0x95, 0xD5, 0x54, 0xB4, 0x2F, 0x8A, 0xCA, 0x8A, 0xEA, 0x82, 0x67, 0x71, 0xE5, 0x69, 0xC5, 0x69, 0xA5, 0x61, 0x84, 0x59, 0x64, 0x51, 0x43, 0x49, 0x23, 0x41, 0x02, 
0x40, 0xE2, 0x38, 0xE2, 0x38, 0xE2, 0x38, 0xC2, 0x38, 0xC2, 0x38, 0xC2, 0x38, 0xC2, 0x38, 0xC2, 0x38, 0xC2, 0x38, 0xC2, 0x38, 0xC2, 0x38, 0xC1, 0x30, 0xC1, 0x30, 0xA1, 0x30, 0xA1, 0x30, 0xA2, 
0x30, 0xA1, 0x30, 0xA1, 0x30, 0x81, 0x28, 0x81, 0x28, 0x81, 0x28, 0x60, 0x28, 0x61, 0x20, 0x61, 0x20, 0x61, 0x20, 0x60, 0x20, 0x40, 0x20, 0x40, 0x20, 0x40, 0x20, 0x40, 0x18, 0x40, 0x18, 0x40, 
0x18, 0x40, 0x18, 0x40, 0x18, 0x40, 0x18, 0x40, 0x18, 0x40, 0x18, 0x40, 0x18, 0x20, 0x10, 0x20, 0x10, 0x00, 0x10, 0x20, 0x10, 0x20, 0x10, 0x20, 0x10, 0x20, 0x10, 0x20, 0x08, 0x20, 0x08, 0x00, 
0x08, 0x00, 0x08, 0x20, 0x10, 0x41, 0x10, 0x20, 0x08, 0x00, 0x10, 0x20, 0x08, 0x00, 0x00, 0x00, 0x00, 0x00, 0x00, 0x00, 0x00, 0x00, 0x00, 0x00, 0x00, 0x00, 0x00, 0x00, 0x00, 0x00, 0x08, 0x00, 
0x08, 0x20, 0x10, 0x41, 0x08, 0x20, 0x08, 0x21, 0x10, 0x41, 0x10, 0x41, 0x08, 0x21, 0x08, 0x00, 0x00, 0x00, 0x08, 0x20, 0x08, 0x41, 0x08, 0x41, 0x10, 0x41, 0x08, 0x41, 0x08, 0x20, 0x10, 0x41, 
0x10, 0x41, 0x08, 0x20, 0x08, 0x40, 0x00, 0x00, 0x00, 0x00, 0x00, 0x00, 0x00, 0x00, 0x00, 0x00, 0x00, 0x00, 0x00, 0x00, 0x00, 0x00, 0x00, 0x00, 0x00, 0x00, 0x00, 0x00, 0x00, 0x00, 0x00, 0x00, 
0x00, 0x00, 0x00, 0x00, 0x10, 0x40, 0x41, 0x23, 0x59, 0xA4, 0x6A, 0x05, 0x7A, 0x46, 0x82, 0x87, 0x82, 0xA7, 0x7A, 0x46, 0x59, 0x43, 0x50, 0xA1, 0x58, 0x61, 0x60, 0x61, 0x70, 0xA2, 0x78, 0xC2, 
0x79, 0x03, 0x81, 0x44, 0x81, 0xA5, 0x8A, 0x47, 0x8A, 0x87, 0x92, 0xA8, 0x9B, 0x09, 0xAB, 0x4B, 0xBB, 0xAC, 0xC3, 0xED, 0xC4, 0x2E, 0xCC, 0x6F, 0xCC, 0x6F, 0xCC, 0x90, 0xCC, 0x8F, 0xCC, 0x8F, 
0xCC, 0x8F, 0xCC, 0x6F, 0xCC, 0x6F, 0xCC, 0x6E, 0xCC, 0x4E, 0xCC, 0x4E, 0xCC, 0x2D, 0xCB, 0xED, 0xCB, 0xCC, 0xCB, 0x8B, 0xC3, 0x29, 0xBA, 0xC8, 0xAA, 0x66, 0xA2, 0x65, 0xAA, 0x86, 0xB2, 0xC7, 
0xBA, 0xE7, 0xC3, 0x08, 0xCB, 0x49, 0xCB, 0x89, 0xCB, 0x8A, 0xCB, 0x8A, 0xCB, 0x8A, 0xC3, 0x69, 0xBB, 0x28, 0xAA, 0xA7, 0x9A, 0x46, 0x81, 0xC4, 0x71, 0x43, 0x71, 0x22, 0x50, 0x80, 0x28, 0x20, 
0x10, 0x00, 0x08, 0x00, 0x10, 0x00, 0x18, 0x00, 0x18, 0x20, 0x10, 0x00, 0x08, 0x00, 0x08, 0x00, 0x10, 0x00, 0x10, 0x00, 0x08, 0x00, 0x08, 0x00, 0x10, 0x00, 0x20, 0x00, 0x20, 0x00, 0x20, 0x00, 
0x20, 0x00, 0x30, 0x00, 0x58, 0x20, 0x48, 0x00, 0x50, 0x20, 0x60, 0x40, 0x68, 0xA1, 0x9A, 0x67, 0xA3, 0x2A, 0xA3, 0x2A, 0xA3, 0x6B, 0x9B, 0x2B, 0x82, 0xCA, 0x72, 0x68, 0x72, 0x8A, 0x8B, 0x0B, 
0x93, 0x4C, 0x9B, 0x4B, 0x9B, 0x8C, 0xA3, 0xAC, 0xA3, 0xAC, 0xA3, 0xAC, 0xA3, 0xAC, 0xA3, 0xAC, 0xA3, 0xAC, 0xA3, 0xAC, 0xA3, 0xAC, 0xA3, 0x8C, 0xA3, 0x8C, 0x99, 0xC5, 0xA9, 0x42, 0xB1, 0x64, 
0xB9, 0xC5, 0xBA, 0x06, 0xBA, 0x27, 0xC2, 0x47, 0xC2, 0x47, 0xC2, 0x68, 0xCA, 0x88, 0xCA, 0x68, 0xCA, 0x68, 0xCA, 0x88, 0xCA, 0x89, 0xD2, 0x89, 0xD2, 0xA9, 0xD2, 0xA9, 0xD2, 0xA9, 0xD2, 0xC9, 
0xDD, 0x95, 0xC4, 0xD1, 0x9B, 0x6C, 0x72, 0x06, 0x49, 0x23, 0x41, 0x03, 0x61, 0xC5, 0x61, 0xA5, 0x51, 0x64, 0x41, 0x03, 0x30, 0xC2, 0x28, 0x81, 0x28, 0x81, 0x20, 0x81, 0x20, 0x81, 0x20, 0x81, 
0x20, 0x61, 0x20, 0x61, 0x20, 0x61, 0x20, 0x61, 0x20, 0x61, 0x20, 0x61, 0x20, 0x61, 0x20, 0x61, 0x28, 0x81, 0x28, 0x81, 0x20, 0x61, 0x20, 0x61, 0x20, 0x61, 0x20, 0x61, 0x20, 0x61, 0x20, 0x61, 
0x20, 0x61, 0x20, 0x60, 0x20, 0x40, 0x20, 0x40, 0x18, 0x40, 0x18, 0x40, 0x18, 0x40, 0x18, 0x40, 0x18, 0x40, 0x18, 0x40, 0x18, 0x40, 0x18, 0x40, 0x18, 0x40, 0x18, 0x40, 0x18, 0x40, 0x18, 0x40, 
0x18, 0x40, 0x18, 0x40, 0x18, 0x20, 0x10, 0x20, 0x10, 0x00, 0x08, 0x00, 0x08, 0x00, 0x08, 0x00, 0x08, 0x00, 0x10, 0x20, 0x10, 0x20, 0x10, 0x20, 0x10, 0x40, 0x10, 0x40, 0x10, 0x20, 0x10, 0x20, 
0x10, 0x20, 0x10, 0x20, 0x10, 0x20, 0x08, 0x20, 0x10, 0x00, 0x00, 0x00, 0x00, 0x00, 0x00, 0x00, 0x00, 0x00, 0x00, 0x00, 0x00, 0x00, 0x00, 0x00, 0x00, 0x00, 0x00, 0x00, 0x10, 0x20, 0x08, 0x00, 
0x08, 0x20, 0x10, 0x40, 0x08, 0x20, 0x08, 0x21, 0x10, 0x41, 0x10, 0x41, 0x08, 0x20, 0x00, 0x00, 0x00, 0x00, 0x10, 0x41, 0x10, 0x61, 0x08, 0x20, 0x10, 0x41, 0x10, 0x41, 0x08, 0x41, 0x10, 0x41, 
0x08, 0x20, 0x00, 0x00, 0x10, 0x61, 0x00, 0x00, 0x00, 0x00, 0x00, 0x00, 0x00, 0x00, 0x00, 0x00, 0x00, 0x00, 0x00, 0x00, 0x00, 0x00, 0x00, 0x00, 0x00, 0x00, 0x00, 0x00, 0x00, 0x00, 0x00, 0x00, 
0x00, 0x00, 0x00, 0x00, 0x00, 0x00, 0x10, 0x40, 0x49, 0x43, 0x59, 0xA4, 0x69, 0xE5, 0x72, 0x46, 0x7A, 0x66, 0x7A, 0x46, 0x69, 0xC4, 0x59, 0x63, 0x59, 0x23, 0x61, 0x23, 0x69, 0x43, 0x71, 0xA5, 
0x82, 0x46, 0x92, 0xC8, 0x9B, 0x0A, 0xA3, 0x4A, 0xA3, 0x6B, 0xAB, 0x6B, 0xB3, 0x8C, 0xBB, 0xCD, 0xC4, 0x0E, 0xC4, 0x2E, 0xCC, 0x4F, 0xCC, 0x90, 0xCC, 0x90, 0xCC, 0x90, 0xCC, 0x90, 0xCC, 0x90, 
0xCC, 0x8F, 0xCC, 0x6F, 0xCC, 0x6E, 0xCC, 0x4E, 0xCC, 0x2D, 0xCC, 0x0D, 0xCB, 0xED, 0xCB, 0xCC, 0xC3, 0x8A, 0xBB, 0x29, 0xB2, 0xC7, 0xA2, 0x66, 0xA2, 0x45, 0xAA, 0x86, 0xB2, 0xC7, 0xBA, 0xE7, 
0xC3, 0x08, 0xC3, 0x48, 0xCB, 0x69, 0xCB, 0x8A, 0xCB, 0x8A, 0xCB, 0xAA, 0xCB, 0xAA, 0xC3, 0x49, 0xB2, 0xE7, 0xAA, 0x66, 0xA2, 0x86, 0x89, 0xC4, 0x79, 0x83, 0x71, 0x22, 0x60, 0xE1, 0x38, 0x40, 
0x18, 0x00, 0x08, 0x00, 0x10, 0x00, 0x18, 0x00, 0x18, 0x00, 0x10, 0x00, 0x08, 0x00, 0x08, 0x00, 0x10, 0x00, 0x10, 0x00, 0x10, 0x00, 0x08, 0x00, 0x10, 0x00, 0x20, 0x00, 0x28, 0x00, 0x20, 0x00, 
0x20, 0x00, 0x30, 0x00, 0x50, 0x20, 0x50, 0x00, 0x48, 0x00, 0x60, 0x60, 0x58, 0x40, 0x89, 0xE5, 0xAB, 0x2A, 0xAB, 0x4B, 0xA3, 0x6C, 0x9B, 0x2B, 0x82, 0xCA, 0x72, 0x89, 0x82, 0xEB, 0x9B, 0x8C, 
0xA3, 0xAD, 0x9B, 0x8B, 0x9B, 0x8C, 0xA3, 0xAC, 0xA3, 0xAC, 0xA3, 0xAC, 0xA3, 0xAC, 0xA3, 0xAC, 0xA3, 0xAC, 0xA3, 0xAC, 0xA3, 0xAC, 0xA3, 0x8C, 0xA3, 0x2B, 0xA1, 0x42, 0xA9, 0x43, 0xB1, 0x84, 
0xB9, 0xE5, 0xBA, 0x26, 0xBA, 0x47, 0xC2, 0x47, 0xC2, 0x68, 0xC2, 0x68, 0xC2, 0x88, 0xCA, 0x88, 0xCA, 0x68, 0xCA, 0x88, 0xCA, 0x89, 0xCA, 0x89, 0xD2, 0xA9, 0xD2, 0xA9, 0xD2, 0xC9, 0xD2, 0xC9, 
0x82, 0xA9, 0x72, 0x47, 0x6A, 0x26, 0x61, 0xE6, 0x39, 0x02, 0x20, 0x81, 0x28, 0xC2, 0x20, 0x61, 0x18, 0x40, 0x18, 0x40, 0x18, 0x41, 0x18, 0x61, 0x18, 0x60, 0x18, 0x61, 0x20, 0x61, 0x20, 0x61, 
0x20, 0x61, 0x20, 0x61, 0x20, 0x61, 0x20, 0x61, 0x20, 0x61, 0x20, 0x61, 0x20, 0x61, 0x20, 0x61, 0x20, 0x61, 0x20, 0x61, 0x20, 0x61, 0x18, 0x40, 0x18, 0x40, 0x18, 0x41, 0x20, 0x40, 0x18, 0x40, 
0x18, 0x40, 0x18, 0x40, 0x18, 0x40, 0x18, 0x40, 0x18, 0x40, 0x18, 0x40, 0x18, 0x40, 0x18, 0x40, 0x18, 0x40, 0x18, 0x40, 0x18, 0x20, 0x18, 0x20, 0x10, 0x20, 0x10, 0x20, 0x10, 0x20, 0x08, 0x00, 
0x08, 0x00, 0x08, 0x00, 0x08, 0x00, 0x08, 0x00, 0x08, 0x00, 0x08, 0x00, 0x00, 0x00, 0x00, 0x00, 0x08, 0x00, 0x08, 0x00, 0x10, 0x20, 0x10, 0x40, 0x10, 0x41, 0x10, 0x41, 0x10, 0x61, 0x10, 0x41, 
0x10, 0x20, 0x10, 0x20, 0x10, 0x20, 0x08, 0x00, 0x08, 0x00, 0x00, 0x00, 0x00, 0x00, 0x00, 0x00, 0x00, 0x00, 0x00, 0x00, 0x00, 0x00, 0x00, 0x00, 0x08, 0x00, 0x10, 0x20, 0x08, 0x00, 0x08, 0x00, 
0x10, 0x20, 0x08, 0x20, 0x08, 0x20, 0x08, 0x20, 0x10, 0x61, 0x10, 0x41, 0x08, 0x40, 0x00, 0x00, 0x00, 0x00, 0x10, 0x62, 0x10, 0x61, 0x08, 0x20, 0x10, 0x41, 0x10, 0x41, 0x10, 0x41, 0x10, 0x41, 
0x08, 0x20, 0x00, 0x00, 0x10, 0x61, 0x00, 0x00, 0x00, 0x00, 0x00, 0x00, 0x00, 0x00, 0x00, 0x00, 0x00, 0x00, 0x00, 0x00, 0x00, 0x00, 0x00, 0x00, 0x00, 0x00, 0x00, 0x00, 0x00, 0x00, 0x00, 0x00, 
0x00, 0x00, 0x00, 0x00, 0x00, 0x00, 0x00, 0x00, 0x18, 0x40, 0x49, 0x22, 0x59, 0x83, 0x69, 0xE5, 0x72, 0x05, 0x72, 0x05, 0x6A, 0x05, 0x69, 0xE5, 0x69, 0xC4, 0x69, 0xC5, 0x72, 0x05, 0x82, 0x67, 
0x92, 0xE8, 0xA3, 0x4A, 0xA3, 0x6B, 0xAB, 0x8B, 0xAB, 0x8B, 0xB3, 0xAC, 0xBB, 0xCD, 0xC4, 0x0E, 0xC4, 0x2E, 0xC4, 0x4F, 0xCC, 0x6F, 0xCC, 0x90, 0xD4, 0xB1, 0xCC, 0xB0, 0xCC, 0x90, 0xCC, 0x90, 
0xCC, 0x6F, 0xCC, 0x4E, 0xCC, 0x4E, 0xCC, 0x2D, 0xCC, 0x0D, 0xCB, 0xEC, 0xC3, 0xCC, 0xC3, 0x8B, 0xBB, 0x29, 0xB2, 0xC7, 0xA2, 0x45, 0x9A, 0x25, 0xA2, 0x86, 0xAA, 0xC6, 0xBA, 0xE7, 0xBB, 0x08, 
0xC3, 0x48, 0xCB, 0x69, 0xCB, 0x8A, 0xCB, 0xAA, 0xCB, 0xAA, 0xCB, 0xAB, 0xCB, 0xAA, 0xC3, 0x49, 0xBB, 0x29, 0xB2, 0xA7, 0xAA, 0xE7, 0x91, 0xE5, 0x79, 0x63, 0x71, 0x22, 0x71, 0x02, 0x48, 0x60, 
0x20, 0x00, 0x08, 0x00, 0x10, 0x00, 0x18, 0x00, 0x18, 0x00, 0x08, 0x00, 0x08, 0x00, 0x08, 0x00, 0x10, 0x00, 0x18, 0x00, 0x10, 0x00, 0x10, 0x00, 0x18, 0x00, 0x20, 0x00, 0x28, 0x00, 0x20, 0x00, 
0x20, 0x00, 0x30, 0x00, 0x58, 0x40, 0x58, 0x40, 0x40, 0x00, 0x60, 0x81, 0x58, 0x40, 0x71, 0x02, 0xA2, 0xC9, 0xAB, 0x6B, 0xA3, 0x6C, 0x93, 0x2B, 0x82, 0xCA, 0x7A, 0xA9, 0xA3, 0xAD, 0xBC, 0x6F, 
0xBC, 0x6F, 0xA3, 0xAC, 0xA3, 0x8C, 0xA3, 0xAC, 0xA3, 0xAC, 0xA3, 0xAC, 0xA3, 0xAC, 0xA3, 0xAC, 0xA3, 0xAC, 0xA3, 0xAC, 0xA3, 0xAC, 0xA3, 0x8C, 0xA2, 0x67, 0xA9, 0x42, 0xB1, 0x63, 0xB1, 0xA4, 
0xB9, 0xE6, 0xBA, 0x26, 0xBA, 0x47, 0xC2, 0x68, 0xC2, 0x68, 0xC2, 0x88, 0xC2, 0x88, 0xCA, 0x88, 0xCA, 0x68, 0xCA, 0x88, 0xCA, 0x89, 0xCA, 0xA9, 0xD2, 0xA9, 0xD2, 0xA9, 0xD2, 0xA9, 0xD2, 0xA9, 
0x72, 0x67, 0x61, 0xE6, 0x41, 0x23, 0x20, 0x81, 0x18, 0x40, 0x10, 0x40, 0x18, 0x61, 0x18, 0x41, 0x18, 0x61, 0x18, 0x81, 0x20, 0x81, 0x20, 0xA2, 0x20, 0x81, 0x18, 0x61, 0x18, 0x61, 0x18, 0x61, 
0x18, 0x41, 0x18, 0x41, 0x18, 0x41, 0x18, 0x41, 0x18, 0x41, 0x18, 0x40, 0x18, 0x40, 0x18, 0x41, 0x18, 0x41, 0x18, 0x41, 0x18, 0x41, 0x18, 0x40, 0x18, 0x41, 0x18, 0x40, 0x18, 0x40, 0x18, 0x40, 
0x18, 0x40, 0x18, 0x40, 0x18, 0x40, 0x18, 0x40, 0x18, 0x40, 0x18, 0x20, 0x10, 0x20, 0x10, 0x20, 0x10, 0x20, 0x08, 0x00, 0x08, 0x00, 0x08, 0x00, 0x08, 0x00, 0x00, 0x00, 0x00, 0x00, 0x00, 0x00, 
0x00, 0x00, 0x00, 0x00, 0x08, 0x00, 0x08, 0x00, 0x08, 0x00, 0x08, 0x00, 0x08, 0x00, 0x08, 0x00, 0x08, 0x00, 0x10, 0x20, 0x10, 0x41, 0x10, 0x41, 0x18, 0x62, 0x18, 0x62, 0x18, 0x82, 0x18, 0x61, 
0x10, 0x41, 0x10, 0x41, 0x08, 0x00, 0x08, 0x00, 0x08, 0x00, 0x08, 0x00, 0x00, 0x00, 0x00, 0x00, 0x00, 0x00, 0x00, 0x00, 0x08, 0x00, 0x08, 0x00, 0x10, 0x20, 0x08, 0x00, 0x08, 0x00, 0x08, 0x20, 
0x10, 0x41, 0x08, 0x21, 0x08, 0x20, 0x10, 0x41, 0x10, 0x61, 0x10, 0x41, 0x10, 0x41, 0x00, 0x00, 0x08, 0x21, 0x10, 0x62, 0x10, 0x41, 0x10, 0x41, 0x10, 0x41, 0x10, 0x41, 0x10, 0x61, 0x10, 0x61, 
0x10, 0x41, 0x00, 0x00, 0x08, 0x41, 0x00, 0x00, 0x00, 0x00, 0x00, 0x00, 0x00, 0x00, 0x00, 0x00, 0x00, 0x00, 0x00, 0x00, 0x00, 0x00, 0x00, 0x00, 0x00, 0x00, 0x00, 0x00, 0x00, 0x00, 0x00, 0x00, 
0x00, 0x00, 0x00, 0x00, 0x00, 0x00, 0x00, 0x00, 0x00, 0x00, 0x18, 0x40, 0x41, 0x02, 0x59, 0x63, 0x61, 0xC5, 0x69, 0xE5, 0x6A, 0x05, 0x6A, 0x06, 0x72, 0x06, 0x7A, 0x46, 0x82, 0xA7, 0x92, 0xE8, 
0x9B, 0x2A, 0xA3, 0x6B, 0xAB, 0x8B, 0xB3, 0xAC, 0xB3, 0xAC, 0xBB, 0xCD, 0xBB, 0xED, 0xC4, 0x0D, 0xC4, 0x0E, 0xC4, 0x2F, 0xCC, 0x70, 0xCC, 0x90, 0xCC, 0x70, 0xCC, 0x90, 0xCC, 0x70, 0xCC, 0x6F, 
0xCC, 0x4E, 0xCC, 0x2E, 0xCC, 0x2D, 0xCC, 0x0D, 0xCB, 0xEC, 0xC3, 0xAB, 0xBB, 0x8A, 0xBB, 0x49, 0xAA, 0xC7, 0x9A, 0x45, 0x92, 0x25, 0xA2, 0x86, 0xAA, 0xC7, 0xBA, 0xE7, 0xBB, 0x28, 0xC3, 0x48, 
0xCB, 0x49, 0xCB, 0x8A, 0xCB, 0xAA, 0xCB, 0xAA, 0xCB, 0xAB, 0xCB, 0xAB, 0xCB, 0x8A, 0xC3, 0x6A, 0xC3, 0x49, 0xB2, 0xC7, 0xB2, 0xE8, 0x89, 0xC4, 0x71, 0x22, 0x81, 0x43, 0x79, 0x42, 0x58, 0xA1, 
0x28, 0x20, 0x08, 0x00, 0x10, 0x00, 0x18, 0x20, 0x18, 0x00, 0x08, 0x00, 0x08, 0x00, 0x08, 0x00, 0x08, 0x00, 0x10, 0x00, 0x08, 0x00, 0x08, 0x00, 0x18, 0x00, 0x28, 0x00, 0x28, 0x00, 0x28, 0x00, 
0x20, 0x00, 0x30, 0x00, 0x50, 0x20, 0x60, 0x60, 0x40, 0x20, 0x50, 0x40, 0x60, 0x81, 0x60, 0x81, 0x9A, 0x27, 0xA3, 0x2A, 0xA3, 0x6B, 0x8B, 0x0A, 0x7A, 0xCA, 0x82, 0xCA, 0xBC, 0x6F, 0xCC, 0xD0, 
0xC4, 0xD1, 0xAB, 0xED, 0x9B, 0x8C, 0x9B, 0xAC, 0xA3, 0xAC, 0xA3, 0xAC, 0xA3, 0xAC, 0xA3, 0xAC, 0xA3, 0xAC, 0xA3, 0xAC, 0xA3, 0xAC, 0xA3, 0x8C, 0xA1, 0x84, 0xA9, 0x43, 0xB1, 0x84, 0xB9, 0xC5, 
0xBA, 0x06, 0xBA, 0x27, 0xC2, 0x68, 0xC2, 0x68, 0xC2, 0x88, 0xC2, 0x88, 0xC2, 0x88, 0xCA, 0x88, 0xCA, 0x68, 0xCA, 0x88, 0xCA, 0x89, 0xCA, 0xA9, 0xD2, 0xA9, 0xD2, 0xA9, 0xD2, 0xA9, 0xD2, 0xA9, 
0x30, 0xE3, 0x18, 0x61, 0x18, 0x41, 0x18, 0x41, 0x18, 0x41, 0x10, 0x41, 0x20, 0xA2, 0x20, 0x81, 0x20, 0x81, 0x18, 0x81, 0x18, 0x81, 0x18, 0x61, 0x18, 0x40, 0x18, 0x40, 0x18, 0x41, 0x18, 0x40, 
0x18, 0x41, 0x18, 0x41, 0x18, 0x41, 0x18, 0x41, 0x18, 0x41, 0x18, 0x41, 0x18, 0x41, 0x18, 0x41, 0x18, 0x41, 0x18, 0x41, 0x18, 0x41, 0x18, 0x40, 0x18, 0x40, 0x18, 0x40, 0x18, 0x40, 0x18, 0x40, 
0x10, 0x20, 0x10, 0x20, 0x10, 0x20, 0x10, 0x00, 0x08, 0x00, 0x08, 0x00, 0x08, 0x00, 0x08, 0x00, 0x00, 0x00, 0x00, 0x00, 0x00, 0x00, 0x00, 0x00, 0x00, 0x00, 0x00, 0x00, 0x08, 0x00, 0x08, 0x00, 
0x08, 0x00, 0x08, 0x00, 0x08, 0x00, 0x08, 0x00, 0x08, 0x00, 0x08, 0x20, 0x10, 0x20, 0x10, 0x40, 0x10, 0x41, 0x18, 0x62, 0x20, 0xA3, 0x10, 0x61, 0x20, 0xC3, 0x18, 0x82, 0x18, 0x82, 0x18, 0x82, 
0x10, 0x41, 0x08, 0x00, 0x08, 0x00, 0x10, 0x20, 0x08, 0x20, 0x10, 0x20, 0x08, 0x00, 0x08, 0x00, 0x08, 0x00, 0x08, 0x00, 0x10, 0x00, 0x08, 0x00, 0x08, 0x00, 0x08, 0x00, 0x08, 0x20, 0x10, 0x41, 
0x10, 0x41, 0x08, 0x40, 0x08, 0x21, 0x10, 0x61, 0x10, 0x62, 0x10, 0x61, 0x10, 0x41, 0x00, 0x00, 0x10, 0x41, 0x10, 0x62, 0x10, 0x61, 0x10, 0x41, 0x10, 0x41, 0x18, 0x82, 0x10, 0x61, 0x10, 0x41, 
0x08, 0x40, 0x00, 0x00, 0x08, 0x20, 0x00, 0x00, 0x00, 0x00, 0x00, 0x00, 0x00, 0x00, 0x00, 0x00, 0x00, 0x00, 0x00, 0x00, 0x00, 0x00, 0x00, 0x00, 0x00, 0x00, 0x00, 0x00, 0x00, 0x00, 0x00, 0x00, 
0x00, 0x00, 0x00, 0x00, 0x00, 0x00, 0x00, 0x00, 0x00, 0x00, 0x00, 0x00, 0x10, 0x40, 0x41, 0x02, 0x59, 0x63, 0x61, 0xA4, 0x69, 0xE5, 0x69, 0xE5, 0x72, 0x05, 0x7A, 0x66, 0x82, 0xA7, 0x92, 0xE9, 
0x9B, 0x2A, 0xA3, 0x4A, 0xAB, 0x6B, 0xB3, 0xAC, 0xBB, 0xCC, 0xBB, 0xCC, 0xBB, 0xCC, 0xBB, 0xCD, 0xC3, 0xED, 0xC4, 0x0E, 0xC4, 0x2E, 0xCC, 0x4F, 0xCC, 0x4F, 0xCC, 0x4F, 0xCC, 0x4E, 0xCC, 0x2E, 
0xCC, 0x2E, 0xCC, 0x0D, 0xCC, 0x0D, 0xC3, 0xEC, 0xC3, 0xAB, 0xBB, 0x8A, 0xB3, 0x29, 0xAA, 0xC7, 0x92, 0x25, 0x92, 0x24, 0xA2, 0xA6, 0xB2, 0xE7, 0xBB, 0x08, 0xBB, 0x28, 0xC3, 0x48, 0xC3, 0x69, 
0xCB, 0x89, 0xCB, 0xAB, 0xCB, 0xAB, 0xCB, 0xAA, 0xCB, 0xAB, 0xCB, 0xAB, 0xCB, 0xAB, 0xCB, 0xAA, 0xC3, 0x8A, 0xBB, 0x07, 0xB2, 0xE7, 0x91, 0xC4, 0x79, 0x42, 0x89, 0x63, 0x89, 0x83, 0x70, 0xE1, 
0x38, 0x40, 0x10, 0x00, 0x10, 0x00, 0x18, 0x00, 0x18, 0x00, 0x10, 0x00, 0x08, 0x00, 0x08, 0x00, 0x08, 0x00, 0x10, 0x00, 0x10, 0x00, 0x08, 0x00, 0x10, 0x00, 0x20, 0x00, 0x28, 0x00, 0x28, 0x00, 
0x28, 0x00, 0x38, 0x00, 0x48, 0x20, 0x60, 0x80, 0x40, 0x20, 0x48, 0x20, 0x68, 0xA1, 0x58, 0x40, 0x89, 0x84, 0x9A, 0xA8, 0x92, 0xE9, 0x82, 0xA9, 0x72, 0x89, 0x7A, 0xA9, 0xBC, 0x2E, 0xC4, 0x8F, 
0xC4, 0xAF, 0xA3, 0xCC, 0x9B, 0x8B, 0x9B, 0x8C, 0x9B, 0xAC, 0xA3, 0xAC, 0xA3, 0xAC, 0xA3, 0xCC, 0xA3, 0xCD, 0xA3, 0xAD, 0xA3, 0xAC, 0xA2, 0xE9, 0xA1, 0x22, 0xA9, 0x63, 0xB1, 0xA4, 0xB1, 0xE5, 
0xBA, 0x26, 0xBA, 0x47, 0xC2, 0x68, 0xC2, 0x88, 0xC2, 0x88, 0xCA, 0xA9, 0xCA, 0xA9, 0xCA, 0xA9, 0xCA, 0xA9, 0xCA, 0x88, 0xCA, 0xA9, 0xCA, 0xA9, 0xCA, 0xA9, 0xD2, 0xA9, 0xD2, 0xA9, 0xCA, 0xA9, 
0x18, 0x40, 0x18, 0x40, 0x18, 0x41, 0x18, 0x41, 0x10, 0x40, 0x10, 0x40, 0x18, 0x81, 0x18, 0x61, 0x18, 0x40, 0x10, 0x40, 0x10, 0x40, 0x10, 0x41, 0x18, 0x40, 0x18, 0x40, 0x18, 0x40, 0x18, 0x41, 
0x18, 0x40, 0x18, 0x41, 0x18, 0x41, 0x18, 0x41, 0x18, 0x41, 0x18, 0x40, 0x18, 0x41, 0x18, 0x41, 0x18, 0x41, 0x10, 0x20, 0x10, 0x20, 0x10, 0x20, 0x10, 0x00, 0x08, 0x00, 0x08, 0x00, 0x08, 0x00, 
0x08, 0x00, 0x08, 0x00, 0x08, 0x00, 0x08, 0x00, 0x08, 0x00, 0x08, 0x00, 0x08, 0x00, 0x00, 0x00, 0x00, 0x00, 0x00, 0x00, 0x00, 0x00, 0x08, 0x00, 0x08, 0x00, 0x08, 0x00, 0x08, 0x00, 0x08, 0x20, 
0x08, 0x20, 0x10, 0x20, 0x10, 0x20, 0x10, 0x20, 0x10, 0x21, 0x10, 0x41, 0x10, 0x62, 0x18, 0x83, 0x18, 0xC3, 0x21, 0x05, 0x4A, 0x09, 0x18, 0x61, 0x20, 0xE4, 0x18, 0x83, 0x18, 0x82, 0x18, 0x82, 
0x10, 0x41, 0x10, 0x20, 0x10, 0x20, 0x10, 0x20, 0x08, 0x00, 0x08, 0x00, 0x08, 0x00, 0x08, 0x00, 0x08, 0x00, 0x18, 0x40, 0x10, 0x00, 0x08, 0x00, 0x08, 0x00, 0x08, 0x00, 0x10, 0x41, 0x10, 0x41, 
0x10, 0x41, 0x10, 0x21, 0x10, 0x41, 0x18, 0x82, 0x10, 0x62, 0x10, 0x42, 0x08, 0x41, 0x08, 0x20, 0x10, 0x42, 0x10, 0x62, 0x18, 0x62, 0x10, 0x61, 0x10, 0x61, 0x18, 0x82, 0x18, 0x61, 0x10, 0x40, 
0x08, 0x00, 0x00, 0x00, 0x08, 0x20, 0x00, 0x00, 0x00, 0x00, 0x00, 0x00, 0x00, 0x00, 0x00, 0x00, 0x00, 0x00, 0x00, 0x00, 0x00, 0x00, 0x00, 0x00, 0x00, 0x00, 0x00, 0x00, 0x00, 0x00, 0x00, 0x00, 
0x00, 0x00, 0x00, 0x00, 0x00, 0x00, 0x00, 0x00, 0x00, 0x00, 0x00, 0x00, 0x00, 0x00, 0x10, 0x20, 0x41, 0x02, 0x59, 0x63, 0x61, 0xA4, 0x69, 0xC5, 0x6A, 0x05, 0x72, 0x26, 0x82, 0x87, 0x8A, 0xC8, 
0x93, 0x09, 0xA3, 0x4A, 0xA3, 0x6B, 0xAB, 0x8C, 0xB3, 0xAC, 0xB3, 0x8C, 0xBB, 0xAC, 0xBB, 0xAC, 0xBB, 0xCD, 0xC3, 0xED, 0xC3, 0xED, 0xC4, 0x2E, 0xC4, 0x2E, 0xCC, 0x2E, 0xC4, 0x2E, 0xC4, 0x0D, 
0xC3, 0xEC, 0xC3, 0xEC, 0xC3, 0xCC, 0xC3, 0xAB, 0xBB, 0x6A, 0xB3, 0x09, 0xA2, 0x87, 0x89, 0xE5, 0x92, 0x25, 0xAA, 0xC7, 0xB3, 0x08, 0xBB, 0x28, 0xC3, 0x49, 0xC3, 0x49, 0xC3, 0x49, 0xC3, 0x69, 
0xCB, 0x8A, 0xCB, 0xAA, 0xCB, 0xAB, 0xD3, 0xCB, 0xCB, 0xCB, 0xCB, 0xCB, 0xCB, 0xAB, 0xCB, 0xCB, 0xCB, 0x8A, 0xBB, 0x08, 0xB2, 0xC7, 0x92, 0x05, 0x79, 0x42, 0x89, 0x83, 0x91, 0xA3, 0x81, 0x22, 
0x48, 0x80, 0x18, 0x00, 0x10, 0x00, 0x18, 0x00, 0x18, 0x00, 0x10, 0x00, 0x08, 0x00, 0x08, 0x00, 0x08, 0x00, 0x10, 0x00, 0x18, 0x00, 0x08, 0x00, 0x08, 0x00, 0x18, 0x00, 0x28, 0x00, 0x28, 0x00, 
0x28, 0x00, 0x40, 0x00, 0x48, 0x20, 0x60, 0xA1, 0x48, 0x40, 0x48, 0x20, 0x71, 0x03, 0x58, 0x60, 0x71, 0x02, 0x8A, 0x06, 0x82, 0x47, 0x72, 0x27, 0x6A, 0x27, 0x6A, 0x27, 0x93, 0x09, 0xAB, 0xEC, 
0xAB, 0xCC, 0x8B, 0x2A, 0x8B, 0x2A, 0x8B, 0x4B, 0x93, 0x6B, 0x9B, 0x8C, 0x9B, 0xAC, 0xA3, 0xAC, 0xA3, 0xCD, 0xA3, 0xAD, 0xA3, 0xAC, 0x99, 0xE6, 0xA1, 0x22, 0xB1, 0x63, 0xB1, 0xA4, 0xBA, 0x05, 
0xBA, 0x27, 0xBA, 0x47, 0xC2, 0x68, 0xC2, 0x88, 0xC2, 0xA9, 0xCA, 0xA9, 0xCA, 0xA9, 0xCA, 0xA9, 0xCA, 0xA9, 0xCA, 0x89, 0xCA, 0xA9, 0xCA, 0xA9, 0xCA, 0xA9, 0xCA, 0xA9, 0xD2, 0xA9, 0xD2, 0xC9, 
0x18, 0x61, 0x18, 0x40, 0x18, 0x40, 0x10, 0x41, 0x10, 0x40, 0x10, 0x40, 0x10, 0x41, 0x10, 0x40, 0x10, 0x40, 0x10, 0x40, 0x10, 0x40, 0x10, 0x41, 0x10, 0x41, 0x10, 0x41, 0x10, 0x41, 0x10, 0x40, 
0x10, 0x41, 0x10, 0x41, 0x10, 0x20, 0x10, 0x20, 0x10, 0x40, 0x10, 0x41, 0x10, 0x40, 0x10, 0x20, 0x10, 0x20, 0x10, 0x20, 0x10, 0x20, 0x10, 0x20, 0x08, 0x00, 0x08, 0x00, 0x08, 0x00, 0x08, 0x00, 
0x08, 0x00, 0x08, 0x00, 0x08, 0x00, 0x08, 0x00, 0x08, 0x00, 0x08, 0x00, 0x08, 0x00, 0x08, 0x00, 0x08, 0x00, 0x08, 0x00, 0x08, 0x20, 0x08, 0x20, 0x08, 0x20, 0x10, 0x20, 0x10, 0x20, 0x10, 0x20, 
0x10, 0x21, 0x10, 0x41, 0x10, 0x62, 0x18, 0x83, 0x18, 0xC4, 0x21, 0x05, 0x20, 0xE5, 0x20, 0xE5, 0x21, 0x05, 0x18, 0xE4, 0x20, 0xC4, 0x28, 0xE4, 0x18, 0x82, 0x18, 0x82, 0x18, 0x82, 0x18, 0x62, 
0x10, 0x61, 0x10, 0x20, 0x10, 0x00, 0x08, 0x00, 0x08, 0x00, 0x08, 0x00, 0x10, 0x00, 0x10, 0x20, 0x10, 0x00, 0x10, 0x00, 0x10, 0x00, 0x10, 0x00, 0x08, 0x00, 0x08, 0x00, 0x10, 0x20, 0x10, 0x41, 
0x10, 0x21, 0x10, 0x41, 0x10, 0x61, 0x10, 0x62, 0x10, 0x61, 0x10, 0x41, 0x08, 0x20, 0x08, 0x20, 0x10, 0x61, 0x10, 0x62, 0x10, 0x61, 0x10, 0x41, 0x10, 0x61, 0x10, 0x61, 0x18, 0x61, 0x10, 0x20, 
0x00, 0x00, 0x00, 0x00, 0x00, 0x00, 0x00, 0x00, 0x00, 0x00, 0x00, 0x00, 0x00, 0x00, 0x00, 0x00, 0x00, 0x00, 0x00, 0x00, 0x00, 0x00, 0x00, 0x00, 0x00, 0x00, 0x00, 0x00, 0x00, 0x00, 0x00, 0x00, 
0x00, 0x00, 0x00, 0x00, 0x00, 0x00, 0x00, 0x00, 0x00, 0x00, 0x00, 0x00, 0x00, 0x00, 0x00, 0x00, 0x08, 0x20, 0x38, 0xC2, 0x51, 0x63, 0x59, 0x84, 0x61, 0xC5, 0x72, 0x05, 0x7A, 0x46, 0x82, 0xA7, 
0x8A, 0xC8, 0x9B, 0x09, 0xA3, 0x4A, 0xAB, 0x6B, 0xB3, 0x8B, 0xB3, 0x8B, 0xB3, 0x8B, 0xB3, 0x8B, 0xBB, 0xAC, 0xBB, 0xAB, 0xBB, 0xCC, 0xC3, 0xED, 0xC3, 0xED, 0xC3, 0xEC, 0xC3, 0xEC, 0xC3, 0xCC, 
0xC3, 0xAB, 0xC3, 0xAB, 0xBB, 0x8B, 0xB3, 0x4A, 0xAA, 0xE9, 0x9A, 0x66, 0x81, 0xA3, 0x92, 0x45, 0xAB, 0x08, 0xBB, 0x49, 0xC3, 0x69, 0xC3, 0x69, 0xC3, 0x69, 0xC3, 0x69, 0xC3, 0x69, 0xCB, 0x69, 
0xCB, 0xAA, 0xCB, 0xCB, 0xD3, 0xCB, 0xD3, 0xEC, 0xD3, 0xEC, 0xCB, 0xCB, 0xCB, 0xCB, 0xCB, 0xAB, 0xCB, 0x6A, 0xBB, 0x28, 0xB2, 0xE7, 0x9A, 0x25, 0x79, 0x42, 0x91, 0xC3, 0x99, 0xA3, 0x81, 0x42, 
0x60, 0xC1, 0x28, 0x20, 0x10, 0x00, 0x18, 0x00, 0x10, 0x00, 0x10, 0x00, 0x10, 0x00, 0x08, 0x00, 0x08, 0x00, 0x08, 0x00, 0x18, 0x00, 0x10, 0x00, 0x08, 0x00, 0x18, 0x00, 0x28, 0x00, 0x20, 0x00, 
0x28, 0x00, 0x40, 0x00, 0x50, 0x20, 0x60, 0xA1, 0x58, 0x81, 0x40, 0x20, 0x68, 0xE2, 0x60, 0xA1, 0x68, 0xA1, 0x79, 0x84, 0x69, 0xC5, 0x61, 0xC5, 0x59, 0xC5, 0x61, 0xE5, 0x72, 0x46, 0x82, 0xC8, 
0x7A, 0xC9, 0x72, 0xA9, 0x72, 0xC9, 0x7A, 0xEA, 0x83, 0x0A, 0x8B, 0x2A, 0x93, 0x6B, 0x9B, 0xAC, 0xA3, 0xAD, 0xA3, 0xAD, 0xA3, 0x6C, 0x99, 0x23, 0xA9, 0x42, 0xB1, 0x83, 0xB1, 0xC5, 0xBA, 0x06, 
0xBA, 0x26, 0xBA, 0x47, 0xC2, 0x68, 0xC2, 0x88, 0xC2, 0x89, 0xC2, 0xA9, 0xCA, 0xA9, 0xCA, 0xA9, 0xCA, 0xA9, 0xCA, 0xA9, 0xCA, 0xC9, 0xCA, 0xA9, 0xD2, 0xA9, 0xCA, 0xA9, 0xD2, 0xC9, 0xD2, 0xCA, 
0x10, 0x40, 0x10, 0x40, 0x10, 0x40, 0x10, 0x41, 0x10, 0x41, 0x10, 0x40, 0x10, 0x20, 0x10, 0x40, 0x10, 0x41, 0x10, 0x41, 0x10, 0x41, 0x10, 0x41, 0x10, 0x41, 0x10, 0x41, 0x10, 0x41, 0x10, 0x40, 
0x10, 0x41, 0x10, 0x40, 0x10, 0x20, 0x18, 0x41, 0x18, 0x41, 0x10, 0x21, 0x10, 0x21, 0x10, 0x20, 0x10, 0x20, 0x10, 0x20, 0x10, 0x21, 0x10, 0x41, 0x10, 0x20, 0x08, 0x00, 0x08, 0x00, 0x08, 0x00, 
0x08, 0x00, 0x08, 0x00, 0x08, 0x00, 0x10, 0x00, 0x10, 0x20, 0x10, 0x20, 0x10, 0x20, 0x10, 0x20, 0x10, 0x20, 0x10, 0x20, 0x10, 0x20, 0x10, 0x21, 0x10, 0x41, 0x10, 0x41, 0x10, 0x62, 0x18, 0xA3, 
0x18, 0xC4, 0x18, 0xE4, 0x20, 0xE5, 0x20, 0xE5, 0x18, 0xC4, 0x20, 0xE4, 0x20, 0xE4, 0x18, 0xA3, 0x10, 0x62, 0x10, 0x61, 0x10, 0x61, 0x18, 0x82, 0x10, 0x61, 0x18, 0x82, 0x18, 0x82, 0x18, 0x62, 
0x10, 0x61, 0x10, 0x20, 0x08, 0x00, 0x08, 0x00, 0x18, 0x41, 0x10, 0x40, 0x08, 0x00, 0x08, 0x00, 0x10, 0x00, 0x10, 0x00, 0x10, 0x00, 0x10, 0x00, 0x08, 0x00, 0x10, 0x00, 0x10, 0x20, 0x10, 0x40, 
0x10, 0x41, 0x10, 0x41, 0x10, 0x62, 0x10, 0x62, 0x10, 0x41, 0x10, 0x41, 0x08, 0x20, 0x08, 0x20, 0x10, 0x61, 0x10, 0x62, 0x10, 0x61, 0x10, 0x41, 0x10, 0x41, 0x10, 0x41, 0x10, 0x61, 0x08, 0x20, 
0x00, 0x00, 0x00, 0x00, 0x00, 0x00, 0x00, 0x00, 0x00, 0x00, 0x00, 0x00, 0x00, 0x00, 0x00, 0x00, 0x00, 0x00, 0x00, 0x00, 0x00, 0x00, 0x00, 0x00, 0x00, 0x00, 0x00, 0x00, 0x00, 0x00, 0x00, 0x00, 
0x00, 0x00, 0x00, 0x00, 0x00, 0x00, 0x00, 0x00, 0x00, 0x00, 0x00, 0x00, 0x00, 0x00, 0x00, 0x00, 0x00, 0x00, 0x08, 0x00, 0x28, 0xA1, 0x51, 0x43, 0x59, 0x84, 0x69, 0xC5, 0x72, 0x05, 0x7A, 0x66, 
0x82, 0xA7, 0x8A, 0xC8, 0x9B, 0x09, 0xA3, 0x2A, 0xAB, 0x4A, 0xAB, 0x6A, 0xAB, 0x4B, 0xAB, 0x4A, 0xB3, 0x8B, 0xB3, 0x8B, 0xBB, 0xAB, 0xBB, 0xAB, 0xBB, 0xAB, 0xBB, 0xAB, 0xBB, 0x8B, 0xBB, 0x6B, 
0xBB, 0x6A, 0xB3, 0x49, 0xB3, 0x09, 0xA2, 0xA7, 0x92, 0x05, 0x79, 0x83, 0x92, 0x46, 0xB3, 0x28, 0xBB, 0x69, 0xC3, 0x8A, 0xC3, 0x8A, 0xC3, 0x8A, 0xC3, 0x89, 0xC3, 0x69, 0xCB, 0x69, 0xCB, 0x8A, 
0xCB, 0xAB, 0xD3, 0xCB, 0xD3, 0xEC, 0xD3, 0xEC, 0xD4, 0x0C, 0xD3, 0xEC, 0xCB, 0xCB, 0xCB, 0xAA, 0xC3, 0x69, 0xC3, 0x49, 0xBB, 0x28, 0x9A, 0x25, 0x81, 0x83, 0x99, 0xE3, 0x99, 0xA3, 0x91, 0x83, 
0x79, 0x01, 0x48, 0x60, 0x18, 0x00, 0x10, 0x00, 0x10, 0x00, 0x10, 0x00, 0x10, 0x00, 0x08, 0x00, 0x08, 0x00, 0x08, 0x00, 0x10, 0x00, 0x10, 0x00, 0x08, 0x00, 0x10, 0x00, 0x20, 0x00, 0x20, 0x00, 
0x20, 0x00, 0x38, 0x00, 0x48, 0x20, 0x58, 0x60, 0x60, 0xC2, 0x48, 0x40, 0x50, 0x60, 0x60, 0xA1, 0x60, 0x81, 0x69, 0x23, 0x59, 0x43, 0x51, 0x63, 0x51, 0x84, 0x61, 0xC5, 0x6A, 0x26, 0x72, 0x88, 
0x72, 0xA8, 0x6A, 0x88, 0x72, 0xA9, 0x72, 0xEA, 0x7A, 0xC9, 0x7A, 0xC9, 0x8B, 0x0A, 0x93, 0x6B, 0x9B, 0xAC, 0x9B, 0xAC, 0x9A, 0xC9, 0xA1, 0x22, 0xA9, 0x43, 0xB1, 0xA4, 0xB1, 0xE5, 0xBA, 0x26, 
0xBA, 0x47, 0xBA, 0x67, 0xC2, 0x68, 0xC2, 0x88, 0xC2, 0xA9, 0xCA, 0xA9, 0xCA, 0xA9, 0xCA, 0xA9, 0xCA, 0xA9, 0xCA, 0xC9, 0xCA, 0xC9, 0xCA, 0xA9, 0xCA, 0xA9, 0xCA, 0xA9, 0xD2, 0xCA, 0xD2, 0xCA, 
0x10, 0x40, 0x10, 0x40, 0x10, 0x41, 0x10, 0x41, 0x10, 0x41, 0x10, 0x41, 0x10, 0x40, 0x10, 0x40, 0x10, 0x41, 0x10, 0x41, 0x10, 0x41, 0x10, 0x41, 0x10, 0x41, 0x10, 0x41, 0x10, 0x41, 0x10, 0x41, 
0x18, 0x62, 0x20, 0x82, 0x20, 0x83, 0x18, 0x62, 0x10, 0x41, 0x10, 0x41, 0x10, 0x21, 0x10, 0x20, 0x08, 0x00, 0x08, 0x20, 0x10, 0x21, 0x10, 0x41, 0x08, 0x20, 0x08, 0x00, 0x08, 0x00, 0x10, 0x20, 
0x10, 0x20, 0x10, 0x20, 0x10, 0x20, 0x10, 0x20, 0x10, 0x21, 0x10, 0x41, 0x10, 0x41, 0x10, 0x41, 0x10, 0x41, 0x10, 0x41, 0x10, 0x62, 0x18, 0x83, 0x18, 0xC4, 0x20, 0xE4, 0x18, 0xA3, 0x18, 0x83, 
0x18, 0x83, 0x18, 0x83, 0x20, 0xA3, 0x20, 0xE4, 0x20, 0xA4, 0x18, 0xA2, 0x18, 0x62, 0x10, 0x41, 0x10, 0x21, 0x08, 0x20, 0x08, 0x20, 0x08, 0x20, 0x10, 0x41, 0x10, 0x62, 0x18, 0x61, 0x10, 0x61, 
0x10, 0x41, 0x10, 0x20, 0x08, 0x00, 0x10, 0x41, 0x00, 0x00, 0x00, 0x00, 0x00, 0x00, 0x08, 0x00, 0x10, 0x00, 0x18, 0x00, 0x20, 0x20, 0x10, 0x00, 0x08, 0x00, 0x10, 0x00, 0x10, 0x20, 0x10, 0x21, 
0x10, 0x41, 0x10, 0x41, 0x10, 0x62, 0x18, 0x62, 0x10, 0x41, 0x10, 0x41, 0x08, 0x20, 0x08, 0x40, 0x10, 0x41, 0x10, 0x41, 0x08, 0x41, 0x08, 0x21, 0x10, 0x41, 0x18, 0x62, 0x10, 0x41, 0x08, 0x20, 
0x00, 0x00, 0x00, 0x00, 0x08, 0x00, 0x00, 0x00, 0x00, 0x00, 0x00, 0x00, 0x00, 0x00, 0x00, 0x00, 0x00, 0x00, 0x00, 0x00, 0x00, 0x00, 0x00, 0x00, 0x00, 0x00, 0x00, 0x00, 0x00, 0x00, 0x00, 0x00, 
0x00, 0x00, 0x00, 0x00, 0x00, 0x00, 0x00, 0x00, 0x00, 0x00, 0x00, 0x00, 0x00, 0x00, 0x00, 0x00, 0x00, 0x00, 0x00, 0x00, 0x00, 0x00, 0x20, 0x61, 0x49, 0x43, 0x59, 0x84, 0x69, 0xC4, 0x72, 0x05, 
0x7A, 0x46, 0x82, 0x87, 0x92, 0xC8, 0x9B, 0x0A, 0xA3, 0x2A, 0xAB, 0x4A, 0xAB, 0x4A, 0xAB, 0x2A, 0xAB, 0x4A, 0xAB, 0x6A, 0xB3, 0x6A, 0xB3, 0x6A, 0xB3, 0x6A, 0xB3, 0x6A, 0xB3, 0x4A, 0xB3, 0x29, 
0xAB, 0x08, 0xA2, 0xA8, 0x9A, 0x46, 0x81, 0x83, 0x71, 0x42, 0x92, 0x66, 0xB3, 0x29, 0xBB, 0x69, 0xC3, 0x8A, 0xC3, 0xAA, 0xCB, 0x8A, 0xCB, 0x8A, 0xC3, 0x89, 0xCB, 0x69, 0xCB, 0x8A, 0xCB, 0xAA, 
0xCB, 0xCB, 0xD3, 0xCC, 0xD3, 0xEC, 0xD3, 0xED, 0xD3, 0xEC, 0xD3, 0xEC, 0xCB, 0xCB, 0xCB, 0xAB, 0xCB, 0x89, 0xC3, 0x69, 0xBB, 0x29, 0x9A, 0x46, 0x79, 0x63, 0xA2, 0x04, 0xA2, 0x04, 0xA1, 0xA3, 
0x91, 0x62, 0x68, 0xC1, 0x28, 0x20, 0x10, 0x00, 0x10, 0x00, 0x10, 0x00, 0x10, 0x00, 0x08, 0x00, 0x08, 0x00, 0x08, 0x00, 0x08, 0x00, 0x10, 0x00, 0x08, 0x00, 0x08, 0x00, 0x18, 0x00, 0x20, 0x00, 
0x20, 0x00, 0x30, 0x00, 0x40, 0x20, 0x58, 0xA1, 0x60, 0xC2, 0x50, 0xA1, 0x48, 0x20, 0x50, 0x60, 0x58, 0x61, 0x61, 0x02, 0x51, 0x22, 0x51, 0x22, 0x51, 0x43, 0x59, 0x84, 0x61, 0xE5, 0x6A, 0x26, 
0x6A, 0x47, 0x6A, 0x47, 0x6A, 0x68, 0x72, 0xA9, 0x72, 0xA9, 0x72, 0xA9, 0x82, 0xC9, 0x8B, 0x2B, 0x9B, 0x6C, 0x9B, 0x8C, 0x99, 0xE5, 0xA1, 0x42, 0xA9, 0x63, 0xB1, 0xC4, 0xB2, 0x05, 0xBA, 0x26, 
0xBA, 0x47, 0xC2, 0x68, 0xC2, 0x88, 0xC2, 0xA9, 0xC2, 0xA9, 0xCA, 0xA9, 0xCA, 0xA9, 0xCA, 0xA9, 0xCA, 0xC9, 0xCA, 0xA9, 0xCA, 0xA9, 0xCA, 0xC9, 0xCA, 0xA9, 0xCA, 0xC9, 0xD2, 0xCA, 0xD2, 0xC9, 
0x10, 0x41, 0x10, 0x41, 0x10, 0x41, 0x10, 0x41, 0x10, 0x41, 0x10, 0x41, 0x10, 0x40, 0x10, 0x40, 0x10, 0x41, 0x10, 0x41, 0x10, 0x41, 0x10, 0x61, 0x10, 0x41, 0x10, 0x41, 0x10, 0x21, 0x10, 0x41, 
0x10, 0x21, 0x10, 0x21, 0x10, 0x21, 0x10, 0x41, 0x10, 0x41, 0x10, 0x41, 0x10, 0x21, 0x10, 0x20, 0x10, 0x20, 0x10, 0x20, 0x10, 0x20, 0x10, 0x21, 0x10, 0x20, 0x08, 0x00, 0x08, 0x00, 0x10, 0x21, 
0x10, 0x41, 0x10, 0x41, 0x10, 0x41, 0x10, 0x41, 0x10, 0x62, 0x10, 0x62, 0x10, 0x62, 0x18, 0x83, 0x18, 0xA4, 0x18, 0xA4, 0x18, 0x83, 0x10, 0x62, 0x10, 0x21, 0x10, 0x21, 0x20, 0xA3, 0x18, 0x82, 
0x18, 0x62, 0x10, 0x41, 0x10, 0x41, 0x18, 0x62, 0x18, 0x62, 0x10, 0x41, 0x08, 0x20, 0x08, 0x00, 0x08, 0x00, 0x08, 0x00, 0x08, 0x00, 0x08, 0x00, 0x08, 0x20, 0x10, 0x41, 0x10, 0x41, 0x10, 0x41, 
0x10, 0x20, 0x08, 0x20, 0x00, 0x00, 0x00, 0x00, 0x00, 0x00, 0x00, 0x00, 0x08, 0x00, 0x10, 0x00, 0x20, 0x20, 0x30, 0x40, 0x20, 0x20, 0x10, 0x00, 0x10, 0x00, 0x10, 0x20, 0x10, 0x20, 0x10, 0x41, 
0x10, 0x41, 0x10, 0x41, 0x10, 0x61, 0x10, 0x61, 0x10, 0x41, 0x10, 0x41, 0x08, 0x20, 0x10, 0x41, 0x10, 0x41, 0x08, 0x41, 0x08, 0x20, 0x08, 0x20, 0x10, 0x41, 0x10, 0x61, 0x10, 0x41, 0x08, 0x20, 
0x00, 0x00, 0x00, 0x00, 0x08, 0x00, 0x00, 0x00, 0x00, 0x00, 0x00, 0x00, 0x00, 0x00, 0x00, 0x00, 0x00, 0x00, 0x00, 0x00, 0x00, 0x00, 0x00, 0x00, 0x00, 0x00, 0x00, 0x00, 0x00, 0x00, 0x00, 0x00, 
0x00, 0x00, 0x00, 0x00, 0x00, 0x00, 0x00, 0x00, 0x00, 0x00, 0x00, 0x00, 0x00, 0x00, 0x00, 0x00, 0x00, 0x00, 0x00, 0x00, 0x00, 0x00, 0x00, 0x00, 0x10, 0x40, 0x49, 0x22, 0x59, 0x83, 0x69, 0xC4, 
0x72, 0x05, 0x7A, 0x46, 0x8A, 0x87, 0x92, 0xA8, 0x9A, 0xE9, 0xA3, 0x29, 0xAB, 0x2A, 0xAB, 0x2A, 0xA3, 0x0A, 0xAB, 0x29, 0xAB, 0x29, 0xAB, 0x29, 0xAB, 0x29, 0xAB, 0x09, 0xA2, 0xE8, 0xA2, 0xA7, 
0x92, 0x46, 0x81, 0xA3, 0x71, 0x21, 0x79, 0x42, 0x92, 0x46, 0xAB, 0x08, 0xBB, 0x49, 0xBB, 0x89, 0xC3, 0x89, 0xC3, 0x8A, 0xCB, 0x8A, 0xCB, 0x8A, 0xC3, 0x8A, 0xCB, 0x8A, 0xCB, 0x8A, 0xCB, 0xAB, 
0xCB, 0xCB, 0xD3, 0xEC, 0xD4, 0x0C, 0xD3, 0xEC, 0xD3, 0xEC, 0xD3, 0xCC, 0xCB, 0xCB, 0xCB, 0xAA, 0xCB, 0x8A, 0xC3, 0x69, 0xC3, 0x48, 0xA2, 0x86, 0x79, 0x43, 0xA2, 0x24, 0xAA, 0x04, 0xA9, 0xC3, 
0xA1, 0xC3, 0x89, 0x22, 0x48, 0x60, 0x18, 0x00, 0x08, 0x00, 0x10, 0x00, 0x10, 0x00, 0x08, 0x00, 0x08, 0x00, 0x08, 0x00, 0x08, 0x00, 0x10, 0x00, 0x08, 0x00, 0x08, 0x00, 0x10, 0x00, 0x18, 0x00, 
0x20, 0x00, 0x30, 0x00, 0x40, 0x20, 0x58, 0x81, 0x60, 0xC1, 0x58, 0xC2, 0x48, 0x20, 0x58, 0x60, 0x60, 0x60, 0x69, 0x43, 0x59, 0x43, 0x51, 0x63, 0x51, 0x63, 0x59, 0x83, 0x59, 0xA4, 0x59, 0xC5, 
0x59, 0xC5, 0x59, 0xE5, 0x59, 0xE6, 0x62, 0x06, 0x62, 0x27, 0x6A, 0x68, 0x7A, 0xA9, 0x8B, 0x2B, 0x93, 0x6C, 0x9B, 0x2B, 0x99, 0x43, 0xA1, 0x43, 0xA9, 0xA4, 0xB1, 0xE5, 0xB2, 0x06, 0xBA, 0x26, 
0xBA, 0x47, 0xC2, 0x88, 0xC2, 0x88, 0xC2, 0xA8, 0xC2, 0xA9, 0xCA, 0xA9, 0xCA, 0xA9, 0xCA, 0xC9, 0xCA, 0xC9, 0xCA, 0xA9, 0xCA, 0xA9, 0xCA, 0xA9, 0xCA, 0xC9, 0xCA, 0xCA, 0xD2, 0xCA, 0xCA, 0xC9, 
0x10, 0x40, 0x10, 0x41, 0x10, 0x41, 0x10, 0x41, 0x10, 0x41, 0x10, 0x41, 0x10, 0x21, 0x08, 0x41, 0x10, 0x41, 0x10, 0x41, 0x10, 0x41, 0x10, 0x41, 0x08, 0x21, 0x08, 0x21, 0x08, 0x21, 0x10, 0x21, 
0x10, 0x21, 0x10, 0x21, 0x10, 0x41, 0x10, 0x41, 0x10, 0x41, 0x10, 0x41, 0x10, 0x41, 0x10, 0x41, 0x10, 0x21, 0x10, 0x41, 0x10, 0x41, 0x10, 0x41, 0x10, 0x21, 0x10, 0x21, 0x10, 0x21, 0x10, 0x42, 
0x18, 0x82, 0x18, 0x63, 0x18, 0x63, 0x18, 0xC4, 0x21, 0x05, 0x18, 0xA4, 0x18, 0xA3, 0x10, 0x82, 0x10, 0x41, 0x10, 0x41, 0x10, 0x41, 0x10, 0x41, 0x10, 0x41, 0x08, 0x20, 0x08, 0x20, 0x08, 0x20, 
0x08, 0x20, 0x10, 0x61, 0x10, 0x20, 0x08, 0x00, 0x08, 0x00, 0x08, 0x00, 0x08, 0x00, 0x08, 0x00, 0x08, 0x00, 0x08, 0x00, 0x08, 0x00, 0x08, 0x00, 0x08, 0x20, 0x10, 0x41, 0x10, 0x20, 0x10, 0x20, 
0x08, 0x20, 0x08, 0x00, 0x00, 0x00, 0x00, 0x00, 0x00, 0x00, 0x00, 0x00, 0x08, 0x00, 0x18, 0x20, 0x30, 0x81, 0x20, 0x20, 0x10, 0x00, 0x10, 0x00, 0x10, 0x00, 0x18, 0x20, 0x10, 0x20, 0x10, 0x41, 
0x10, 0x41, 0x10, 0x41, 0x10, 0x41, 0x10, 0x21, 0x08, 0x20, 0x08, 0x20, 0x08, 0x20, 0x10, 0x41, 0x10, 0x41, 0x08, 0x20, 0x08, 0x20, 0x08, 0x21, 0x08, 0x41, 0x10, 0x61, 0x10, 0x41, 0x08, 0x20, 
0x00, 0x00, 0x08, 0x00, 0x00, 0x00, 0x00, 0x00, 0x00, 0x00, 0x00, 0x00, 0x00, 0x00, 0x00, 0x00, 0x00, 0x00, 0x00, 0x00, 0x00, 0x00, 0x00, 0x00, 0x00, 0x00, 0x00, 0x00, 0x00, 0x00, 0x00, 0x00, 
0x00, 0x00, 0x00, 0x00, 0x00, 0x00, 0x00, 0x00, 0x00, 0x00, 0x00, 0x00, 0x00, 0x00, 0x00, 0x00, 0x00, 0x00, 0x00, 0x00, 0x00, 0x00, 0x00, 0x00, 0x00, 0x00, 0x08, 0x20, 0x38, 0xE2, 0x59, 0x83, 
0x69, 0xC4, 0x72, 0x05, 0x7A, 0x46, 0x82, 0x87, 0x8A, 0xA7, 0x92, 0xC8, 0x9A, 0xE9, 0xA2, 0xE9, 0x9A, 0xE8, 0x9A, 0xC8, 0x9A, 0xC8, 0x9A, 0xC8, 0x9A, 0xA7, 0x92, 0x66, 0x81, 0xE4, 0x71, 0x42, 
0x68, 0xE1, 0x68, 0xE1, 0x71, 0x22, 0x92, 0x25, 0xAB, 0x08, 0xB3, 0x28, 0xBB, 0x49, 0xBB, 0x69, 0xC3, 0x8A, 0xCB, 0xAA, 0xCB, 0xCB, 0xCB, 0xAA, 0xC3, 0x8A, 0xCB, 0x8A, 0xCB, 0x8A, 0xCB, 0xAB, 
0xCB, 0xEC, 0xD4, 0x0D, 0xD4, 0x0D, 0xD3, 0xEC, 0xD3, 0xEC, 0xCB, 0xEC, 0xCB, 0xCB, 0xCB, 0xAA, 0xCB, 0xAA, 0xCB, 0x89, 0xC3, 0x49, 0xAA, 0xA7, 0x79, 0x63, 0xA2, 0x04, 0xAA, 0x24, 0xB2, 0x04, 
0xB1, 0xE3, 0x99, 0x82, 0x60, 0xC1, 0x28, 0x20, 0x08, 0x00, 0x08, 0x00, 0x10, 0x00, 0x08, 0x00, 0x08, 0x00, 0x08, 0x00, 0x00, 0x00, 0x08, 0x00, 0x08, 0x00, 0x08, 0x00, 0x08, 0x00, 0x18, 0x00, 
0x20, 0x00, 0x28, 0x00, 0x40, 0x00, 0x60, 0xC2, 0x61, 0x03, 0x61, 0x02, 0x48, 0x40, 0x68, 0xE2, 0x70, 0xE2, 0x71, 0xC5, 0x69, 0xE6, 0x61, 0xE6, 0x61, 0xC5, 0x61, 0xC5, 0x59, 0xC5, 0x59, 0xC5, 
0x59, 0xC5, 0x59, 0xE5, 0x59, 0xC5, 0x59, 0xE5, 0x62, 0x06, 0x6A, 0x47, 0x7A, 0xC9, 0x8B, 0x4B, 0x93, 0x6C, 0x9A, 0x67, 0x99, 0x42, 0xA1, 0x63, 0xA9, 0xC4, 0xB2, 0x06, 0xB2, 0x26, 0xBA, 0x27, 
0xBA, 0x67, 0xC2, 0x88, 0xC2, 0xA9, 0xC2, 0xA8, 0xC2, 0xA9, 0xC2, 0xA9, 0xCA, 0xA9, 0xCA, 0xC9, 0xCA, 0xC9, 0xCA, 0xC9, 0xCA, 0xA9, 0xCA, 0xA9, 0xCA, 0xC9, 0xD2, 0xCA, 0xD2, 0xCA, 0xCA, 0xCA, 
0x10, 0x41, 0x10, 0x41, 0x10, 0x41, 0x10, 0x41, 0x10, 0x41, 0x08, 0x21, 0x08, 0x20, 0x08, 0x20, 0x10, 0x41, 0x10, 0x41, 0x10, 0x42, 0x10, 0x41, 0x10, 0x21, 0x08, 0x21, 0x10, 0x21, 0x10, 0x21, 
0x10, 0x41, 0x10, 0x41, 0x10, 0x41, 0x18, 0x42, 0x18, 0x62, 0x18, 0x62, 0x18, 0x63, 0x20, 0xA3, 0x20, 0xA4, 0x20, 0xA4, 0x20, 0xA4, 0x18, 0x83, 0x18, 0x63, 0x10, 0x42, 0x18, 0x62, 0x18, 0x63, 
0x29, 0x46, 0x20, 0xE5, 0x18, 0x83, 0x18, 0xC4, 0x10, 0x62, 0x10, 0x41, 0x10, 0x41, 0x18, 0x82, 0x18, 0xA2, 0x18, 0x61, 0x10, 0x20, 0x08, 0x20, 0x10, 0x40, 0x08, 0x20, 0x08, 0x00, 0x08, 0x00, 
0x08, 0x00, 0x08, 0x00, 0x08, 0x00, 0x00, 0x00, 0x00, 0x00, 0x00, 0x00, 0x00, 0x00, 0x00, 0x00, 0x08, 0x00, 0x08, 0x00, 0x08, 0x20, 0x08, 0x20, 0x10, 0x41, 0x10, 0x20, 0x08, 0x20, 0x08, 0x20, 
0x08, 0x00, 0x00, 0x00, 0x00, 0x00, 0x00, 0x00, 0x00, 0x00, 0x00, 0x00, 0x08, 0x00, 0x08, 0x00, 0x08, 0x00, 0x10, 0x00, 0x10, 0x00, 0x10, 0x00, 0x18, 0x00, 0x18, 0x20, 0x18, 0x41, 0x10, 0x41, 
0x10, 0x41, 0x10, 0x41, 0x10, 0x41, 0x08, 0x20, 0x08, 0x20, 0x08, 0x20, 0x08, 0x20, 0x08, 0x41, 0x08, 0x41, 0x08, 0x20, 0x08, 0x20, 0x08, 0x41, 0x08, 0x20, 0x10, 0x41, 0x10, 0x41, 0x08, 0x00, 
0x08, 0x00, 0x08, 0x00, 0x00, 0x00, 0x00, 0x00, 0x00, 0x00, 0x00, 0x00, 0x00, 0x00, 0x00, 0x00, 0x00, 0x00, 0x00, 0x00, 0x00, 0x00, 0x00, 0x00, 0x00, 0x00, 0x00, 0x00, 0x00, 0x00, 0x00, 0x00, 
0x00, 0x00, 0x00, 0x00, 0x00, 0x00, 0x00, 0x00, 0x00, 0x00, 0x00, 0x00, 0x00, 0x00, 0x00, 0x00, 0x00, 0x00, 0x00, 0x00, 0x00, 0x00, 0x00, 0x00, 0x00, 0x00, 0x00, 0x00, 0x00, 0x00, 0x20, 0x81, 
0x51, 0x43, 0x61, 0xA4, 0x71, 0xC4, 0x7A, 0x05, 0x82, 0x25, 0x82, 0x46, 0x8A, 0x66, 0x8A, 0x67, 0x8A, 0x46, 0x8A, 0x46, 0x82, 0x25, 0x79, 0xE4, 0x69, 0x63, 0x58, 0xC1, 0x58, 0xA0, 0x58, 0xA0, 
0x60, 0xC0, 0x71, 0x21, 0x92, 0x05, 0xA2, 0xC7, 0xAA, 0xE7, 0xB3, 0x28, 0xBB, 0x48, 0xBB, 0x69, 0xC3, 0x8A, 0xCB, 0xAA, 0xCB, 0xAB, 0xC3, 0xAA, 0xC3, 0x8A, 0xC3, 0x8A, 0xCB, 0xCB, 0xCB, 0xEC, 
0xD4, 0x0D, 0xD4, 0x0D, 0xD4, 0x0C, 0xD4, 0x0C, 0xD3, 0xEC, 0xCB, 0xEC, 0xCB, 0xEB, 0xCB, 0xAA, 0xCB, 0xAA, 0xCB, 0xAA, 0xC3, 0x6A, 0xAA, 0xA7, 0x89, 0xC4, 0x91, 0xC4, 0xB2, 0x44, 0xB2, 0x24, 
0xBA, 0x24, 0xA9, 0xE3, 0x81, 0x22, 0x38, 0x40, 0x10, 0x00, 0x08, 0x00, 0x10, 0x00, 0x10, 0x00, 0x08, 0x00, 0x00, 0x00, 0x00, 0x00, 0x00, 0x00, 0x08, 0x00, 0x08, 0x00, 0x08, 0x00, 0x10, 0x00, 
0x18, 0x00, 0x28, 0x00, 0x38, 0x00, 0x69, 0x43, 0x69, 0x23, 0x61, 0x23, 0x48, 0x60, 0x69, 0x03, 0x81, 0x84, 0x82, 0x68, 0x7A, 0x68, 0x7A, 0x88, 0x72, 0x68, 0x6A, 0x27, 0x61, 0xE6, 0x61, 0xE6, 
0x62, 0x06, 0x6A, 0x26, 0x6A, 0x27, 0x6A, 0x27, 0x6A, 0x67, 0x72, 0xA9, 0x83, 0x0A, 0x93, 0x4B, 0x9B, 0x0A, 0x91, 0x83, 0x99, 0x63, 0xA1, 0x83, 0xA9, 0xC5, 0xB2, 0x06, 0xB2, 0x26, 0xBA, 0x47, 
0xBA, 0x67, 0xC2, 0x88, 0xC2, 0xA8, 0xC2, 0xA9, 0xC2, 0xA9, 0xC2, 0xA8, 0xCA, 0xA8, 0xCA, 0xC9, 0xCA, 0xC9, 0xCA, 0xC9, 0xCA, 0xC9, 0xCA, 0xA9, 0xCA, 0xC9, 0xD2, 0xCA, 0xD2, 0xCA, 0xCA, 0xCA, 
0x08, 0x41, 0x08, 0x41, 0x08, 0x21, 0x08, 0x21, 0x08, 0x20, 0x08, 0x20, 0x08, 0x20, 0x08, 0x20, 0x10, 0x41, 0x10, 0x42, 0x10, 0x42, 0x10, 0x62, 0x10, 0x62, 0x10, 0x42, 0x10, 0x42, 0x18, 0x62, 
0x18, 0x82, 0x18, 0x83, 0x20, 0xA3, 0x29, 0x06, 0x31, 0x47, 0x29, 0x06, 0x28, 0xE6, 0x31, 0x27, 0x39, 0x48, 0x41, 0xAA, 0x39, 0xAA, 0x41, 0xCA, 0x31, 0x69, 0x29, 0x27, 0x28, 0xE5, 0x18, 0x83, 
0x18, 0xA3, 0x18, 0x62, 0x18, 0x41, 0x20, 0x82, 0x18, 0x82, 0x10, 0x41, 0x08, 0x20, 0x10, 0x20, 0x08, 0x20, 0x08, 0x20, 0x08, 0x20, 0x08, 0x20, 0x08, 0x00, 0x08, 0x00, 0x08, 0x00, 0x08, 0x00, 
0x00, 0x00, 0x00, 0x00, 0x00, 0x00, 0x00, 0x00, 0x00, 0x00, 0x00, 0x00, 0x08, 0x00, 0x08, 0x20, 0x10, 0x20, 0x10, 0x40, 0x10, 0x40, 0x10, 0x40, 0x10, 0x41, 0x08, 0x20, 0x08, 0x00, 0x08, 0x00, 
0x08, 0x00, 0x00, 0x00, 0x00, 0x00, 0x00, 0x00, 0x00, 0x00, 0x00, 0x00, 0x08, 0x00, 0x10, 0x00, 0x20, 0x00, 0x18, 0x00, 0x18, 0x00, 0x18, 0x00, 0x18, 0x20, 0x18, 0x20, 0x18, 0x41, 0x10, 0x41, 
0x18, 0x61, 0x10, 0x41, 0x10, 0x41, 0x08, 0x20, 0x08, 0x20, 0x08, 0x20, 0x08, 0x20, 0x08, 0x41, 0x08, 0x20, 0x08, 0x20, 0x08, 0x20, 0x08, 0x20, 0x08, 0x20, 0x10, 0x41, 0x10, 0x40, 0x08, 0x00, 
0x08, 0x00, 0x08, 0x00, 0x00, 0x00, 0x00, 0x00, 0x00, 0x00, 0x00, 0x00, 0x00, 0x00, 0x00, 0x00, 0x00, 0x00, 0x00, 0x00, 0x00, 0x00, 0x00, 0x00, 0x00, 0x00, 0x00, 0x00, 0x00, 0x00, 0x00, 0x00, 
0x00, 0x00, 0x00, 0x00, 0x00, 0x00, 0x00, 0x00, 0x00, 0x00, 0x00, 0x00, 0x00, 0x00, 0x00, 0x00, 0x00, 0x00, 0x00, 0x00, 0x00, 0x00, 0x00, 0x00, 0x00, 0x00, 0x00, 0x00, 0x00, 0x00, 0x00, 0x00, 
0x08, 0x20, 0x30, 0xC2, 0x59, 0x63, 0x69, 0xA4, 0x71, 0xC4, 0x71, 0xC4, 0x71, 0xC4, 0x71, 0xA4, 0x69, 0x63, 0x59, 0x02, 0x48, 0xA1, 0x40, 0x60, 0x40, 0x40, 0x48, 0x60, 0x50, 0x80, 0x58, 0xA0, 
0x69, 0x01, 0x8A, 0x04, 0x9A, 0x86, 0xA2, 0xA6, 0xAA, 0xE7, 0xB3, 0x08, 0xBB, 0x48, 0xBB, 0x69, 0xC3, 0x8A, 0xC3, 0x8A, 0xC3, 0xAA, 0xCB, 0xCB, 0xCB, 0xAB, 0xCB, 0xAB, 0xCB, 0xEC, 0xCB, 0xEC, 
0xD4, 0x0D, 0xD4, 0x0C, 0xD4, 0x0C, 0xD4, 0x0C, 0xD4, 0x0C, 0xCB, 0xEB, 0xCB, 0xEB, 0xCB, 0xAA, 0xCB, 0xAA, 0xCB, 0xEB, 0xCB, 0xAA, 0xB2, 0xE8, 0x9A, 0x45, 0x89, 0x83, 0xB2, 0x45, 0xBA, 0x65, 
0xBA, 0x85, 0xA9, 0xE3, 0x99, 0x63, 0x60, 0xA1, 0x18, 0x00, 0x08, 0x00, 0x08, 0x00, 0x10, 0x00, 0x08, 0x00, 0x00, 0x00, 0x00, 0x00, 0x00, 0x00, 0x00, 0x00, 0x08, 0x00, 0x10, 0x00, 0x10, 0x00, 
0x18, 0x00, 0x28, 0x00, 0x38, 0x00, 0x69, 0x43, 0x71, 0x84, 0x69, 0x64, 0x48, 0x80, 0x60, 0xE2, 0x8A, 0x26, 0x8A, 0xC9, 0x82, 0xC9, 0x82, 0xEA, 0x7A, 0xA9, 0x72, 0x48, 0x6A, 0x07, 0x6A, 0x27, 
0x72, 0x68, 0x7A, 0xA8, 0x7A, 0xC9, 0x7A, 0xC9, 0x82, 0xEA, 0x83, 0x2B, 0x93, 0x4B, 0x9B, 0x0A, 0x99, 0xE5, 0x91, 0x42, 0x99, 0x83, 0xA1, 0xA4, 0xA9, 0xE5, 0xB2, 0x26, 0xB2, 0x47, 0xBA, 0x47, 
0xBA, 0x67, 0xC2, 0x88, 0xC2, 0xA9, 0xC2, 0xC9, 0xC2, 0xA9, 0xC2, 0xA8, 0xCA, 0xA8, 0xCA, 0xA9, 0xCA, 0xC9, 0xCA, 0xC9, 0xCA, 0xC9, 0xCA, 0xC9, 0xCA, 0xCA, 0xCA, 0xEA, 0xD2, 0xEA, 0xCA, 0xEA, 
0x08, 0x21, 0x08, 0x20, 0x08, 0x20, 0x08, 0x20, 0x08, 0x21, 0x08, 0x21, 0x08, 0x21, 0x08, 0x41, 0x10, 0x82, 0x10, 0x42, 0x10, 0x62, 0x10, 0x62, 0x18, 0x62, 0x18, 0x83, 0x18, 0xA3, 0x28, 0xE5, 
0x29, 0x05, 0x28, 0xE5, 0x31, 0x27, 0x41, 0xCA, 0x5A, 0x6D, 0x6B, 0x30, 0x83, 0xD3, 0xA4, 0xD6, 0xBD, 0xB9, 0xC6, 0x1A, 0x83, 0xB1, 0x52, 0x2B, 0x31, 0x25, 0x20, 0xA3, 0x18, 0x61, 0x18, 0x61, 
0x18, 0x61, 0x18, 0x61, 0x18, 0x61, 0x10, 0x20, 0x08, 0x00, 0x08, 0x00, 0x08, 0x00, 0x08, 0x00, 0x08, 0x00, 0x08, 0x00, 0x00, 0x00, 0x08, 0x00, 0x00, 0x00, 0x00, 0x00, 0x00, 0x00, 0x00, 0x00, 
0x00, 0x00, 0x00, 0x00, 0x00, 0x00, 0x08, 0x20, 0x08, 0x20, 0x10, 0x40, 0x10, 0x40, 0x10, 0x40, 0x10, 0x40, 0x10, 0x20, 0x08, 0x20, 0x08, 0x00, 0x08, 0x00, 0x08, 0x00, 0x00, 0x00, 0x00, 0x00, 
0x00, 0x00, 0x00, 0x00, 0x00, 0x00, 0x00, 0x00, 0x00, 0x00, 0x10, 0x00, 0x20, 0x20, 0x40, 0xA1, 0x40, 0x81, 0x20, 0x00, 0x28, 0x41, 0x20, 0x20, 0x18, 0x20, 0x18, 0x41, 0x18, 0x41, 0x10, 0x41, 
0x18, 0x61, 0x10, 0x40, 0x08, 0x20, 0x08, 0x00, 0x08, 0x00, 0x08, 0x20, 0x08, 0x20, 0x08, 0x20, 0x08, 0x20, 0x08, 0x20, 0x08, 0x20, 0x08, 0x20, 0x08, 0x41, 0x10, 0x41, 0x08, 0x20, 0x08, 0x00, 
0x08, 0x00, 0x00, 0x00, 0x00, 0x00, 0x00, 0x00, 0x00, 0x00, 0x00, 0x00, 0x00, 0x00, 0x00, 0x00, 0x00, 0x00, 0x00, 0x00, 0x00, 0x00, 0x00, 0x00, 0x00, 0x00, 0x00, 0x00, 0x00, 0x00, 0x00, 0x00, 
0x00, 0x00, 0x00, 0x00, 0x00, 0x00, 0x00, 0x00, 0x00, 0x00, 0x00, 0x00, 0x00, 0x00, 0x00, 0x00, 0x00, 0x00, 0x00, 0x00, 0x00, 0x00, 0x00, 0x00, 0x00, 0x00, 0x00, 0x00, 0x00, 0x00, 0x00, 0x00, 
0x00, 0x00, 0x00, 0x00, 0x08, 0x20, 0x18, 0x40, 0x28, 0x61, 0x40, 0xA0, 0x40, 0xA0, 0x40, 0x80, 0x38, 0x60, 0x38, 0x40, 0x38, 0x40, 0x38, 0x40, 0x40, 0x40, 0x48, 0x60, 0x50, 0xA0, 0x69, 0x01, 
0x81, 0xC3, 0x92, 0x45, 0xA2, 0x66, 0xA2, 0xA6, 0xAA, 0xE6, 0xB3, 0x07, 0xB3, 0x28, 0xBB, 0x48, 0xC3, 0x49, 0xC3, 0xAA, 0xC3, 0xCB, 0xCB, 0xCB, 0xCB, 0xCB, 0xCB, 0xCB, 0xCB, 0xEB, 0xCC, 0x0C, 
0xCC, 0x0C, 0xD4, 0x0C, 0xD4, 0x0C, 0xD4, 0x0C, 0xD4, 0x0C, 0xD3, 0xEB, 0xCB, 0xCA, 0xCB, 0xCB, 0xCB, 0xCB, 0xCB, 0xEB, 0xCB, 0xCB, 0xB3, 0x29, 0xA2, 0x86, 0x81, 0x83, 0xAA, 0x24, 0xBA, 0x85, 
0xC2, 0xA6, 0xB2, 0x24, 0xA1, 0xA3, 0x89, 0x42, 0x38, 0x40, 0x10, 0x00, 0x08, 0x00, 0x10, 0x00, 0x10, 0x00, 0x00, 0x00, 0x00, 0x00, 0x00, 0x00, 0x00, 0x00, 0x08, 0x00, 0x10, 0x00, 0x10, 0x00, 
0x18, 0x00, 0x20, 0x00, 0x30, 0x00, 0x50, 0xA1, 0x69, 0x63, 0x79, 0xC5, 0x50, 0xC1, 0x58, 0xA1, 0x8A, 0x47, 0x93, 0x0A, 0x8B, 0x0B, 0x8B, 0x0A, 0x82, 0xC9, 0x72, 0x68, 0x6A, 0x27, 0x6A, 0x47, 
0x7A, 0x88, 0x82, 0xEA, 0x8B, 0x2A, 0x8B, 0x2B, 0x8B, 0x4B, 0x93, 0x4B, 0xA3, 0x0A, 0xA9, 0xC4, 0x91, 0x21, 0x91, 0x42, 0x99, 0x83, 0xA1, 0xC4, 0xAA, 0x05, 0xB2, 0x26, 0xB2, 0x47, 0xBA, 0x67, 
0xBA, 0x88, 0xC2, 0xA8, 0xC2, 0xA9, 0xC2, 0xC9, 0xC2, 0xC9, 0xC2, 0xA9, 0xC2, 0xA9, 0xC2, 0xA8, 0xCA, 0xA9, 0xCA, 0xC9, 0xCA, 0xC9, 0xCA, 0xC9, 0xCA, 0xCA, 0xCA, 0xEA, 0xD2, 0xEA, 0xD2, 0xEA, 
0x08, 0x21, 0x08, 0x20, 0x08, 0x21, 0x08, 0x21, 0x08, 0x21, 0x08, 0x21, 0x08, 0x41, 0x10, 0x42, 0x10, 0x62, 0x10, 0x62, 0x18, 0x62, 0x18, 0x62, 0x18, 0x62, 0x20, 0x83, 0x20, 0xC4, 0x28, 0xE4, 
0x31, 0x26, 0x41, 0xCA, 0x6B, 0x51, 0xBD, 0xDA, 0xEF, 0x5E, 0xFF, 0xDF, 0xF7, 0x9E, 0xCE, 0x39, 0x9C, 0x73, 0x62, 0xAC, 0x39, 0x66, 0x31, 0x24, 0x28, 0xE3, 0x39, 0x24, 0x20, 0x82, 0x18, 0x61, 
0x10, 0x20, 0x10, 0x20, 0x08, 0x20, 0x08, 0x20, 0x08, 0x00, 0x08, 0x00, 0x08, 0x00, 0x08, 0x00, 0x08, 0x00, 0x00, 0x00, 0x00, 0x00, 0x08, 0x20, 0x00, 0x00, 0x00, 0x00, 0x00, 0x00, 0x00, 0x00, 
0x08, 0x20, 0x10, 0x20, 0x10, 0x41, 0x10, 0x41, 0x10, 0x41, 0x10, 0x41, 0x10, 0x41, 0x10, 0x21, 0x08, 0x20, 0x00, 0x00, 0x00, 0x00, 0x00, 0x00, 0x00, 0x00, 0x08, 0x00, 0x00, 0x00, 0x00, 0x00, 
0x00, 0x00, 0x08, 0x00, 0x08, 0x00, 0x08, 0x00, 0x18, 0x00, 0x38, 0x81, 0x48, 0xA1, 0x50, 0xA2, 0x40, 0x81, 0x20, 0x20, 0x28, 0x41, 0x18, 0x20, 0x18, 0x20, 0x18, 0x61, 0x18, 0x61, 0x18, 0x61, 
0x10, 0x41, 0x10, 0x20, 0x08, 0x20, 0x00, 0x00, 0x00, 0x00, 0x08, 0x20, 0x08, 0x20, 0x08, 0x20, 0x08, 0x20, 0x08, 0x20, 0x08, 0x20, 0x08, 0x20, 0x08, 0x41, 0x10, 0x41, 0x08, 0x20, 0x08, 0x00, 
0x08, 0x00, 0x00, 0x00, 0x00, 0x00, 0x00, 0x00, 0x00, 0x00, 0x00, 0x00, 0x00, 0x00, 0x00, 0x00, 0x00, 0x00, 0x00, 0x00, 0x00, 0x00, 0x00, 0x00, 0x00, 0x00, 0x00, 0x00, 0x00, 0x00, 0x00, 0x00, 
0x00, 0x00, 0x00, 0x00, 0x00, 0x00, 0x00, 0x00, 0x00, 0x00, 0x00, 0x00, 0x00, 0x00, 0x00, 0x00, 0x00, 0x00, 0x00, 0x00, 0x00, 0x00, 0x00, 0x00, 0x00, 0x00, 0x00, 0x00, 0x00, 0x00, 0x00, 0x00, 
0x00, 0x00, 0x00, 0x00, 0x00, 0x00, 0x00, 0x00, 0x08, 0x00, 0x28, 0x40, 0x38, 0x60, 0x38, 0x60, 0x38, 0x60, 0x38, 0x40, 0x38, 0x20, 0x38, 0x20, 0x40, 0x40, 0x48, 0x60, 0x60, 0xE0, 0x79, 0x82, 
0x8A, 0x04, 0x92, 0x44, 0x9A, 0x65, 0xA2, 0xA5, 0xAA, 0xC6, 0xB2, 0xE7, 0xBB, 0x28, 0xBB, 0x49, 0xC3, 0x8A, 0xC3, 0xCB, 0xC3, 0xCB, 0xC3, 0xCB, 0xCB, 0xCB, 0xCB, 0xEB, 0xCB, 0xEB, 0xCB, 0xEC, 
0xD4, 0x0C, 0xD4, 0x0C, 0xD4, 0x0C, 0xD3, 0xEC, 0xD4, 0x0C, 0xD3, 0xEC, 0xCB, 0xEB, 0xCB, 0xEB, 0xCB, 0xEB, 0xCB, 0xEB, 0xCB, 0xEB, 0xBB, 0x69, 0xA2, 0xA7, 0x92, 0x05, 0x99, 0xC3, 0xBA, 0x85, 
0xC2, 0xA5, 0xBA, 0x65, 0xB2, 0x04, 0xA1, 0xA3, 0x70, 0xC1, 0x18, 0x00, 0x08, 0x00, 0x08, 0x00, 0x10, 0x00, 0x10, 0x00, 0x00, 0x00, 0x00, 0x00, 0x00, 0x00, 0x00, 0x00, 0x08, 0x00, 0x10, 0x00, 
0x10, 0x00, 0x20, 0x00, 0x30, 0x00, 0x50, 0x61, 0x69, 0x63, 0x71, 0xA4, 0x59, 0x02, 0x58, 0xA1, 0x81, 0xE5, 0x93, 0x0A, 0x8B, 0x2B, 0x8B, 0x2A, 0x82, 0xE9, 0x72, 0x68, 0x6A, 0x27, 0x6A, 0x47, 
0x7A, 0xA9, 0x83, 0x0A, 0x8B, 0x2B, 0x93, 0x4B, 0x93, 0x4B, 0xAA, 0xE9, 0xB1, 0xA3, 0xA1, 0x21, 0x89, 0x01, 0x91, 0x63, 0x99, 0xA3, 0xA1, 0xC4, 0xAA, 0x05, 0xB2, 0x46, 0xBA, 0x67, 0xBA, 0x68, 
0xBA, 0x88, 0xC2, 0xA8, 0xC2, 0xA9, 0xC2, 0xC9, 0xC2, 0xA9, 0xC2, 0xA9, 0xC2, 0xA9, 0xC2, 0xA8, 0xCA, 0xA9, 0xCA, 0xC9, 0xCA, 0xC9, 0xCA, 0xC9, 0xCA, 0xEA, 0xCA, 0xEA, 0xD2, 0xEA, 0xD2, 0xEA, 
0x08, 0x41, 0x08, 0x21, 0x08, 0x41, 0x08, 0x41, 0x08, 0x42, 0x10, 0x61, 0x10, 0x62, 0x10, 0x42, 0x10, 0x41, 0x20, 0x61, 0x30, 0x61, 0x40, 0x82, 0x58, 0xC3, 0x60, 0xE4, 0x59, 0x04, 0x51, 0x25, 
0x49, 0xA8, 0x52, 0x8D, 0x84, 0x13, 0xC5, 0xF9, 0xD6, 0x5A, 0xA4, 0xD4, 0x62, 0xCD, 0x4A, 0x09, 0x49, 0xE9, 0x41, 0xA8, 0x39, 0x46, 0x41, 0x86, 0x28, 0xE3, 0x18, 0x61, 0x10, 0x41, 0x10, 0x41, 
0x10, 0x40, 0x08, 0x20, 0x08, 0x20, 0x08, 0x00, 0x08, 0x00, 0x00, 0x00, 0x00, 0x00, 0x00, 0x00, 0x00, 0x00, 0x00, 0x00, 0x00, 0x00, 0x00, 0x00, 0x00, 0x00, 0x08, 0x20, 0x10, 0x20, 0x10, 0x41, 
0x10, 0x41, 0x10, 0x41, 0x10, 0x41, 0x10, 0x41, 0x10, 0x40, 0x08, 0x20, 0x00, 0x00, 0x00, 0x00, 0x00, 0x00, 0x00, 0x00, 0x00, 0x00, 0x00, 0x00, 0x00, 0x00, 0x00, 0x00, 0x00, 0x00, 0x00, 0x00, 
0x08, 0x00, 0x40, 0xA1, 0x48, 0xC2, 0x30, 0x40, 0x48, 0xC2, 0x69, 0x23, 0x50, 0xC2, 0x58, 0xC2, 0x30, 0x60, 0x20, 0x40, 0x20, 0x40, 0x18, 0x20, 0x18, 0x40, 0x18, 0x61, 0x18, 0x61, 0x18, 0x41, 
0x10, 0x40, 0x08, 0x20, 0x08, 0x00, 0x00, 0x00, 0x08, 0x00, 0x08, 0x00, 0x08, 0x20, 0x08, 0x20, 0x08, 0x20, 0x08, 0x20, 0x08, 0x20, 0x08, 0x20, 0x08, 0x20, 0x08, 0x20, 0x00, 0x00, 0x00, 0x00, 
0x00, 0x00, 0x00, 0x00, 0x00, 0x00, 0x00, 0x00, 0x00, 0x00, 0x00, 0x00, 0x00, 0x00, 0x00, 0x00, 0x00, 0x00, 0x00, 0x00, 0x00, 0x00, 0x00, 0x00, 0x08, 0x00, 0x00, 0x00, 0x00, 0x00, 0x00, 0x00, 
0x00, 0x00, 0x00, 0x00, 0x00, 0x00, 0x00, 0x00, 0x00, 0x00, 0x00, 0x00, 0x00, 0x00, 0x00, 0x00, 0x00, 0x00, 0x00, 0x00, 0x00, 0x00, 0x00, 0x00, 0x00, 0x00, 0x00, 0x00, 0x00, 0x00, 0x00, 0x00, 
0x00, 0x00, 0x00, 0x00, 0x00, 0x00, 0x00, 0x00, 0x00, 0x00, 0x20, 0x40, 0x38, 0x60, 0x38, 0x60, 0x38, 0x60, 0x38, 0x60, 0x38, 0x40, 0x38, 0x20, 0x40, 0x40, 0x50, 0x80, 0x69, 0x21, 0x79, 0xA3, 
0x89, 0xE3, 0x92, 0x44, 0xA2, 0x85, 0xA2, 0xC6, 0xAA, 0xE7, 0xB3, 0x28, 0xBB, 0x28, 0xBB, 0x69, 0xC3, 0x8A, 0xC3, 0xAB, 0xC3, 0xCB, 0xC3, 0xCB, 0xC3, 0xCB, 0xC3, 0xCB, 0xCB, 0xEC, 0xCC, 0x0C, 
0xD4, 0x0C, 0xD4, 0x0C, 0xD4, 0x0C, 0xD4, 0x0C, 0xD4, 0x0C, 0xD4, 0x0C, 0xCC, 0x0C, 0xCC, 0x0C, 0xCC, 0x0C, 0xC3, 0xCA, 0xCB, 0xCA, 0xC3, 0xAA, 0xB3, 0x08, 0xA2, 0xA7, 0x89, 0xC4, 0xBA, 0x86, 
0xC2, 0xA6, 0xBA, 0x64, 0xBA, 0x65, 0xA9, 0xC4, 0x99, 0x63, 0x40, 0x40, 0x10, 0x00, 0x08, 0x00, 0x08, 0x00, 0x18, 0x00, 0x08, 0x00, 0x00, 0x00, 0x00, 0x00, 0x00, 0x00, 0x00, 0x00, 0x10, 0x00, 
0x10, 0x00, 0x20, 0x00, 0x30, 0x00, 0x48, 0x60, 0x71, 0x64, 0x69, 0x63, 0x69, 0x43, 0x61, 0x22, 0x71, 0x84, 0x92, 0xE9, 0x8B, 0x2A, 0x8B, 0x2A, 0x82, 0xEA, 0x72, 0x68, 0x6A, 0x27, 0x72, 0x68, 
0x7A, 0xA9, 0x83, 0x0A, 0x8B, 0x2B, 0x93, 0x4B, 0xAA, 0xC8, 0xB9, 0xA2, 0xA9, 0x41, 0x91, 0x01, 0x89, 0x21, 0x91, 0x83, 0x99, 0xC4, 0xA1, 0xE5, 0xAA, 0x26, 0xB2, 0x47, 0xBA, 0x88, 0xBA, 0x88, 
0xC2, 0xA8, 0xC2, 0xA9, 0xC2, 0xC9, 0xC2, 0xC9, 0xC2, 0xA9, 0xC2, 0xA8, 0xC2, 0xA8, 0xCA, 0xA8, 0xCA, 0xA9, 0xCA, 0xA9, 0xCA, 0xC9, 0xCA, 0xC9, 0xCA, 0xEA, 0xCA, 0xEA, 0xD2, 0xEA, 0xD2, 0xEA, 
0x08, 0x41, 0x08, 0x41, 0x10, 0x41, 0x10, 0x62, 0x10, 0x62, 0x10, 0x62, 0x10, 0x62, 0x20, 0x62, 0x58, 0x82, 0x78, 0x82, 0x88, 0xC2, 0x88, 0xE3, 0x89, 0x03, 0x88, 0xE3, 0x70, 0xC3, 0x59, 0x04, 
0x41, 0x67, 0x29, 0x47, 0x31, 0x47, 0x39, 0xA8, 0x41, 0xC9, 0x39, 0x87, 0x31, 0x46, 0x39, 0x87, 0x5A, 0x8B, 0x49, 0xE8, 0x28, 0xE4, 0x18, 0x82, 0x18, 0x82, 0x18, 0x62, 0x10, 0x41, 0x10, 0x41, 
0x10, 0x40, 0x08, 0x20, 0x08, 0x20, 0x08, 0x00, 0x08, 0x00, 0x00, 0x00, 0x00, 0x00, 0x00, 0x00, 0x00, 0x00, 0x08, 0x20, 0x08, 0x20, 0x10, 0x40, 0x10, 0x41, 0x10, 0x41, 0x10, 0x41, 0x10, 0x41, 
0x10, 0x41, 0x10, 0x40, 0x08, 0x20, 0x00, 0x00, 0x00, 0x00, 0x00, 0x00, 0x00, 0x00, 0x00, 0x00, 0x00, 0x00, 0x00, 0x00, 0x00, 0x00, 0x00, 0x00, 0x00, 0x00, 0x00, 0x00, 0x08, 0x00, 0x10, 0x00, 
0x38, 0x61, 0x50, 0xC2, 0x58, 0xE2, 0x40, 0x81, 0x61, 0x03, 0x69, 0x23, 0x58, 0xE2, 0x61, 0x02, 0x30, 0x40, 0x30, 0x81, 0x20, 0x61, 0x18, 0x40, 0x18, 0x41, 0x18, 0x82, 0x18, 0x41, 0x10, 0x40, 
0x10, 0x20, 0x08, 0x20, 0x00, 0x00, 0x00, 0x00, 0x08, 0x00, 0x08, 0x00, 0x08, 0x00, 0x08, 0x20, 0x08, 0x20, 0x08, 0x20, 0x08, 0x20, 0x08, 0x20, 0x08, 0x20, 0x08, 0x20, 0x00, 0x00, 0x00, 0x00, 
0x00, 0x00, 0x00, 0x00, 0x00, 0x00, 0x00, 0x00, 0x00, 0x00, 0x00, 0x00, 0x00, 0x00, 0x00, 0x00, 0x00, 0x00, 0x00, 0x00, 0x00, 0x00, 0x00, 0x00, 0x00, 0x00, 0x00, 0x00, 0x00, 0x00, 0x00, 0x00, 
0x00, 0x00, 0x00, 0x00, 0x00, 0x00, 0x00, 0x00, 0x00, 0x00, 0x00, 0x00, 0x00, 0x00, 0x00, 0x00, 0x00, 0x00, 0x00, 0x00, 0x00, 0x00, 0x00, 0x00, 0x00, 0x00, 0x00, 0x00, 0x00, 0x00, 0x00, 0x00, 
0x00, 0x00, 0x00, 0x00, 0x00, 0x00, 0x00, 0x00, 0x00, 0x00, 0x18, 0x20, 0x30, 0x60, 0x38, 0x60, 0x38, 0x60, 0x38, 0x60, 0x38, 0x40, 0x38, 0x40, 0x40, 0x60, 0x61, 0x01, 0x71, 0x82, 0x81, 0xE3, 
0x92, 0x44, 0x9A, 0x65, 0xA2, 0xA6, 0xAA, 0xC7, 0xAB, 0x07, 0xB3, 0x28, 0xBB, 0x49, 0xBB, 0x6A, 0xBB, 0x8A, 0xC3, 0xAB, 0xC3, 0xAB, 0xC3, 0xAA, 0xC3, 0xAB, 0xC3, 0xCB, 0xCB, 0xEB, 0xCB, 0xEC, 
0xCC, 0x0C, 0xD4, 0x0C, 0xD4, 0x0C, 0xCC, 0x0C, 0xD4, 0x0C, 0xD4, 0x0C, 0xCC, 0x2C, 0xCC, 0x0C, 0xCC, 0x0B, 0xCB, 0xEB, 0xC3, 0xCA, 0xC3, 0xAA, 0xB3, 0x28, 0xAA, 0xE8, 0x9A, 0x45, 0xAA, 0x45, 
0xCB, 0x07, 0xCA, 0xE6, 0xC2, 0x85, 0xBA, 0x45, 0xA9, 0xC3, 0x79, 0x02, 0x18, 0x00, 0x08, 0x00, 0x08, 0x00, 0x08, 0x00, 0x10, 0x00, 0x00, 0x00, 0x00, 0x00, 0x00, 0x00, 0x00, 0x00, 0x08, 0x00, 
0x10, 0x00, 0x20, 0x00, 0x30, 0x00, 0x48, 0x40, 0x69, 0x23, 0x71, 0x83, 0x71, 0xA4, 0x71, 0xA4, 0x71, 0x84, 0x92, 0xE9, 0x8B, 0x2A, 0x8B, 0x0A, 0x82, 0xC9, 0x72, 0x68, 0x6A, 0x27, 0x72, 0x68, 
0x7A, 0xA9, 0x82, 0xEA, 0x93, 0x0A, 0xAA, 0x87, 0xB9, 0xA2, 0xA9, 0x61, 0x99, 0x21, 0x89, 0x01, 0x89, 0x42, 0x91, 0x83, 0x99, 0xC4, 0xA2, 0x05, 0xAA, 0x46, 0xB2, 0x67, 0xBA, 0xA8, 0xBA, 0xA8, 
0xC2, 0xA8, 0xC2, 0xA9, 0xC2, 0xC9, 0xC2, 0xC9, 0xC2, 0xA9, 0xC2, 0xA8, 0xC2, 0xA8, 0xC2, 0xA8, 0xCA, 0xA9, 0xCA, 0xA9, 0xCA, 0xC9, 0xCA, 0xC9, 0xCA, 0xC9, 0xCA, 0xC9, 0xD2, 0xEA, 0xD2, 0xEA, 
0x08, 0x61, 0x08, 0x61, 0x08, 0x61, 0x10, 0x62, 0x10, 0x62, 0x10, 0x62, 0x10, 0x61, 0x70, 0xA2, 0x80, 0x61, 0x88, 0x81, 0x90, 0xE3, 0x88, 0xA2, 0x80, 0xA2, 0x70, 0x81, 0x48, 0x61, 0x30, 0x82, 
0x18, 0x82, 0x18, 0xA3, 0x18, 0xC4, 0x20, 0xE5, 0x29, 0x05, 0x20, 0xC4, 0x20, 0xA3, 0x28, 0xE4, 0x20, 0xC4, 0x18, 0x83, 0x18, 0x82, 0x18, 0x82, 0x18, 0x82, 0x18, 0x62, 0x10, 0x62, 0x10, 0x41, 
0x08, 0x20, 0x08, 0x20, 0x08, 0x00, 0x00, 0x00, 0x00, 0x00, 0x08, 0x00, 0x08, 0x20, 0x10, 0x20, 0x10, 0x41, 0x10, 0x41, 0x10, 0x41, 0x10, 0x41, 0x10, 0x41, 0x10, 0x41, 0x10, 0x40, 0x08, 0x20, 
0x00, 0x00, 0x00, 0x00, 0x00, 0x00, 0x00, 0x00, 0x00, 0x00, 0x00, 0x00, 0x00, 0x00, 0x00, 0x00, 0x00, 0x00, 0x00, 0x00, 0x00, 0x00, 0x08, 0x00, 0x18, 0x40, 0x10, 0x00, 0x18, 0x20, 0x30, 0x61, 
0x79, 0x84, 0x50, 0xC1, 0x40, 0xA1, 0x71, 0x63, 0x89, 0xE5, 0x81, 0xA4, 0x71, 0x43, 0x61, 0x03, 0x30, 0x40, 0x38, 0xA2, 0x20, 0x60, 0x18, 0x40, 0x18, 0x41, 0x18, 0x61, 0x10, 0x40, 0x10, 0x20, 
0x08, 0x20, 0x08, 0x00, 0x00, 0x00, 0x00, 0x00, 0x08, 0x00, 0x08, 0x00, 0x08, 0x00, 0x08, 0x00, 0x08, 0x20, 0x08, 0x21, 0x08, 0x20, 0x08, 0x21, 0x08, 0x20, 0x08, 0x00, 0x00, 0x00, 0x00, 0x00, 
0x00, 0x00, 0x00, 0x00, 0x00, 0x00, 0x00, 0x00, 0x00, 0x00, 0x00, 0x00, 0x00, 0x00, 0x00, 0x00, 0x00, 0x00, 0x00, 0x00, 0x00, 0x00, 0x00, 0x00, 0x08, 0x00, 0x08, 0x00, 0x00, 0x00, 0x08, 0x00, 
0x00, 0x00, 0x00, 0x00, 0x00, 0x00, 0x00, 0x00, 0x00, 0x00, 0x00, 0x00, 0x00, 0x00, 0x00, 0x00, 0x00, 0x00, 0x00, 0x00, 0x00, 0x00, 0x00, 0x00, 0x00, 0x00, 0x00, 0x00, 0x00, 0x00, 0x00, 0x00, 
0x00, 0x00, 0x00, 0x00, 0x00, 0x00, 0x00, 0x00, 0x00, 0x00, 0x10, 0x20, 0x30, 0x60, 0x38, 0x80, 0x40, 0x80, 0x40, 0x80, 0x40, 0x80, 0x48, 0xA1, 0x50, 0xC1, 0x61, 0x02, 0x71, 0xA3, 0x81, 0xE4, 
0x92, 0x44, 0x9A, 0x85, 0xA2, 0xA6, 0xAA, 0xE7, 0xAB, 0x07, 0xB3, 0x28, 0xBB, 0x49, 0xBB, 0x69, 0xBB, 0x6A, 0xBB, 0x8A, 0xBB, 0x8A, 0xC3, 0x8A, 0xC3, 0xAB, 0xC3, 0xCB, 0xCB, 0xCB, 0xCB, 0xEC, 
0xCC, 0x0C, 0xCC, 0x0C, 0xCC, 0x0C, 0xCC, 0x0C, 0xCC, 0x0C, 0xCC, 0x0C, 0xCC, 0x2C, 0xCC, 0x0C, 0xCC, 0x0C, 0xCC, 0x0C, 0xCC, 0x0B, 0xCC, 0x0B, 0xBB, 0x89, 0xAB, 0x08, 0xA2, 0xA7, 0x92, 0x25, 
0xC3, 0x07, 0xD3, 0x27, 0xCA, 0xE6, 0xCA, 0xA6, 0xBA, 0x04, 0xA9, 0xA3, 0x50, 0x80, 0x08, 0x00, 0x08, 0x00, 0x08, 0x00, 0x10, 0x00, 0x10, 0x00, 0x00, 0x00, 0x00, 0x00, 0x00, 0x00, 0x00, 0x00, 
0x08, 0x00, 0x18, 0x00, 0x30, 0x00, 0x40, 0x20, 0x60, 0xE2, 0x71, 0x83, 0x79, 0xC5, 0x71, 0xA4, 0x69, 0x63, 0x8A, 0xC9, 0x8B, 0x0A, 0x83, 0x0A, 0x7A, 0xA9, 0x6A, 0x47, 0x6A, 0x47, 0x72, 0x68, 
0x7A, 0xA8, 0x8A, 0xC9, 0xAA, 0x66, 0xB9, 0xC2, 0xB1, 0x81, 0x99, 0x41, 0x89, 0x21, 0x81, 0x01, 0x89, 0x62, 0x99, 0xA3, 0xA1, 0xE4, 0xAA, 0x25, 0xAA, 0x46, 0xB2, 0x67, 0xBA, 0x88, 0xBA, 0xA8, 
0xBA, 0xA8, 0xC2, 0xC9, 0xC2, 0xC9, 0xC2, 0xC9, 0xC2, 0xC9, 0xC2, 0xA8, 0xC2, 0xA8, 0xC2, 0xA9, 0xCA, 0xA9, 0xCA, 0xA9, 0xCA, 0xA9, 0xCA, 0xA9, 0xCA, 0xC9, 0xD2, 0xC9, 0xD2, 0xCA, 0xD2, 0xEA, 
0x08, 0x61, 0x10, 0x62, 0x10, 0x62, 0x08, 0x62, 0x08, 0x62, 0x10, 0x61, 0x10, 0x41, 0x68, 0x61, 0x78, 0x40, 0x70, 0x40, 0x70, 0x41, 0x60, 0x40, 0x48, 0x20, 0x20, 0x20, 0x10, 0x20, 0x08, 0x21, 
0x08, 0x41, 0x18, 0xA3, 0x18, 0xC3, 0x20, 0xC4, 0x18, 0xA4, 0x18, 0x83, 0x18, 0x83, 0x18, 0x83, 0x18, 0x83, 0x18, 0x83, 0x18, 0x82, 0x18, 0x82, 0x18, 0x62, 0x10, 0x62, 0x10, 0x42, 0x08, 0x20, 
0x08, 0x00, 0x08, 0x00, 0x08, 0x20, 0x08, 0x20, 0x10, 0x41, 0x10, 0x41, 0x10, 0x41, 0x10, 0x41, 0x10, 0x41, 0x10, 0x41, 0x10, 0x41, 0x10, 0x41, 0x08, 0x20, 0x00, 0x00, 0x00, 0x00, 0x00, 0x00, 
0x00, 0x00, 0x00, 0x00, 0x00, 0x00, 0x00, 0x00, 0x00, 0x00, 0x00, 0x00, 0x18, 0x41, 0x49, 0x24, 0x48, 0xE2, 0x20, 0x20, 0x08, 0x00, 0x18, 0x20, 0x18, 0x20, 0x18, 0x00, 0x38, 0xA1, 0x48, 0xC2, 
0x61, 0x23, 0x58, 0xE2, 0x59, 0x03, 0x89, 0xC5, 0x9A, 0x26, 0x81, 0xA5, 0x69, 0x03, 0x48, 0xA1, 0x30, 0x61, 0x28, 0x61, 0x20, 0x40, 0x18, 0x40, 0x18, 0x41, 0x18, 0x41, 0x10, 0x40, 0x08, 0x20, 
0x08, 0x00, 0x00, 0x00, 0x00, 0x00, 0x00, 0x00, 0x08, 0x00, 0x08, 0x00, 0x08, 0x00, 0x00, 0x00, 0x00, 0x00, 0x08, 0x20, 0x08, 0x20, 0x08, 0x41, 0x08, 0x20, 0x00, 0x00, 0x00, 0x00, 0x00, 0x00, 
0x00, 0x00, 0x00, 0x00, 0x00, 0x00, 0x00, 0x00, 0x00, 0x00, 0x00, 0x00, 0x00, 0x00, 0x00, 0x00, 0x00, 0x00, 0x00, 0x00, 0x00, 0x00, 0x00, 0x00, 0x08, 0x00, 0x08, 0x00, 0x00, 0x00, 0x08, 0x00, 
0x00, 0x00, 0x00, 0x00, 0x00, 0x00, 0x00, 0x00, 0x00, 0x00, 0x00, 0x00, 0x00, 0x00, 0x00, 0x00, 0x00, 0x00, 0x00, 0x00, 0x00, 0x00, 0x00, 0x00, 0x00, 0x00, 0x00, 0x00, 0x00, 0x00, 0x00, 0x00, 
0x00, 0x00, 0x00, 0x00, 0x00, 0x00, 0x00, 0x00, 0x00, 0x00, 0x08, 0x00, 0x30, 0x60, 0x38, 0x80, 0x40, 0x80, 0x48, 0xC0, 0x61, 0x63, 0x79, 0xE5, 0x71, 0xA4, 0x69, 0x63, 0x71, 0xA3, 0x81, 0xE4, 
0x8A, 0x44, 0x9A, 0x85, 0xA2, 0xA6, 0xAA, 0xE7, 0xAB, 0x07, 0xB3, 0x28, 0xB3, 0x49, 0xB3, 0x49, 0xBB, 0x6A, 0xBB, 0x8A, 0xBB, 0x8A, 0xBB, 0x8A, 0xC3, 0xAA, 0xC3, 0xCB, 0xC3, 0xCB, 0xCB, 0xCB, 
0xCB, 0xEC, 0xCC, 0x0C, 0xCC, 0x2C, 0xCC, 0x2C, 0xCC, 0x2C, 0xD4, 0x2D, 0xD4, 0x2D, 0xCC, 0x0C, 0xCC, 0x2C, 0xCC, 0x0C, 0xCC, 0x0B, 0xCC, 0x0B, 0xC3, 0xAA, 0xB3, 0x28, 0xAA, 0xE7, 0xA2, 0x86, 
0xA2, 0x66, 0xCB, 0x07, 0xCB, 0x07, 0xD3, 0x07, 0xCA, 0x85, 0xBA, 0x04, 0xA1, 0x62, 0x30, 0x20, 0x08, 0x00, 0x08, 0x00, 0x08, 0x00, 0x10, 0x00, 0x10, 0x00, 0x00, 0x00, 0x00, 0x00, 0x00, 0x00, 
0x08, 0x00, 0x10, 0x00, 0x30, 0x00, 0x38, 0x00, 0x58, 0x81, 0x79, 0xA4, 0x82, 0x26, 0x79, 0xE5, 0x71, 0x84, 0x8A, 0xA8, 0x8B, 0x09, 0x82, 0xE9, 0x72, 0x88, 0x6A, 0x27, 0x6A, 0x47, 0x72, 0x68, 
0x82, 0xA9, 0xA2, 0x46, 0xB9, 0xE3, 0xB1, 0xC2, 0x99, 0x61, 0x89, 0x21, 0x81, 0x21, 0x81, 0x21, 0x89, 0x62, 0x99, 0xC4, 0xA2, 0x05, 0xAA, 0x25, 0xAA, 0x66, 0xB2, 0x67, 0xB2, 0x88, 0xBA, 0xA8, 
0xBA, 0xA8, 0xC2, 0xC9, 0xC2, 0xC9, 0xC2, 0xC9, 0xC2, 0xA9, 0xC2, 0xA8, 0xC2, 0xA8, 0xC2, 0xA8, 0xCA, 0xA9, 0xCA, 0xA9, 0xCA, 0xA8, 0xCA, 0xA9, 0xCA, 0xA9, 0xD2, 0xC9, 0xD2, 0xC9, 0xD2, 0xCA, 
0x08, 0x61, 0x08, 0x61, 0x08, 0x62, 0x08, 0x41, 0x08, 0x41, 0x10, 0x41, 0x10, 0x41, 0x20, 0x21, 0x40, 0x20, 0x38, 0x00, 0x30, 0x00, 0x18, 0x00, 0x08, 0x00, 0x08, 0x00, 0x08, 0x20, 0x08, 0x20, 
0x08, 0x21, 0x10, 0x62, 0x10, 0x83, 0x18, 0x83, 0x18, 0x82, 0x10, 0x62, 0x18, 0x83, 0x18, 0x83, 0x18, 0x83, 0x18, 0x62, 0x10, 0x62, 0x10, 0x41, 0x10, 0x41, 0x10, 0x21, 0x08, 0x20, 0x08, 0x20, 
0x10, 0x20, 0x10, 0x41, 0x10, 0x41, 0x10, 0x41, 0x10, 0x41, 0x10, 0x41, 0x10, 0x41, 0x10, 0x41, 0x10, 0x41, 0x10, 0x21, 0x08, 0x00, 0x00, 0x00, 0x00, 0x00, 0x00, 0x00, 0x00, 0x00, 0x00, 0x00, 
0x00, 0x00, 0x00, 0x00, 0x00, 0x00, 0x08, 0x00, 0x30, 0xC2, 0x72, 0x07, 0xA2, 0xE9, 0x82, 0x26, 0x48, 0x81, 0x20, 0x20, 0x10, 0x00, 0x20, 0x40, 0x18, 0x20, 0x20, 0x20, 0x50, 0xE2, 0x71, 0x64, 
0x71, 0x64, 0x59, 0x02, 0x69, 0x43, 0x81, 0xA4, 0x92, 0x05, 0x79, 0x64, 0x58, 0xC2, 0x38, 0x60, 0x30, 0x60, 0x28, 0x61, 0x18, 0x40, 0x18, 0x40, 0x18, 0x41, 0x10, 0x40, 0x10, 0x20, 0x08, 0x00, 
0x08, 0x00, 0x00, 0x00, 0x00, 0x00, 0x00, 0x00, 0x08, 0x00, 0x08, 0x00, 0x08, 0x00, 0x08, 0x00, 0x00, 0x00, 0x00, 0x00, 0x08, 0x20, 0x08, 0x20, 0x08, 0x20, 0x00, 0x00, 0x00, 0x00, 0x00, 0x00, 
0x00, 0x00, 0x00, 0x00, 0x00, 0x00, 0x00, 0x00, 0x00, 0x00, 0x00, 0x00, 0x00, 0x00, 0x00, 0x00, 0x00, 0x00, 0x00, 0x00, 0x00, 0x00, 0x00, 0x00, 0x08, 0x00, 0x08, 0x00, 0x00, 0x00, 0x08, 0x00, 
0x00, 0x00, 0x00, 0x00, 0x00, 0x00, 0x00, 0x00, 0x00, 0x00, 0x00, 0x00, 0x00, 0x00, 0x00, 0x00, 0x00, 0x00, 0x00, 0x00, 0x00, 0x00, 0x00, 0x00, 0x00, 0x00, 0x00, 0x00, 0x00, 0x00, 0x00, 0x00, 
0x00, 0x00, 0x00, 0x00, 0x00, 0x00, 0x00, 0x00, 0x00, 0x00, 0x00, 0x00, 0x28, 0x60, 0x38, 0x80, 0x50, 0xE1, 0x71, 0xE4, 0x82, 0x66, 0x8A, 0x45, 0x82, 0x05, 0x79, 0xC3, 0x79, 0xE4, 0x82, 0x24, 
0x8A, 0x65, 0x92, 0xA5, 0xA2, 0xC6, 0xAA, 0xE7, 0xAB, 0x07, 0xB3, 0x28, 0xB3, 0x49, 0xB3, 0x49, 0xBB, 0x69, 0xBB, 0x69, 0xBB, 0x8A, 0xBB, 0x8A, 0xC3, 0xAA, 0xC3, 0xCB, 0xC3, 0xCB, 0xCB, 0xEB, 
0xCC, 0x0C, 0xCC, 0x0C, 0xCC, 0x0C, 0xCC, 0x2C, 0xD4, 0x4D, 0xD4, 0x4D, 0xD4, 0x2D, 0xCC, 0x2C, 0xCC, 0x2C, 0xCC, 0x0B, 0xCC, 0x0C, 0xCC, 0x0B, 0xC3, 0xAA, 0xBB, 0x69, 0xB3, 0x28, 0xAA, 0xC6, 
0x9A, 0x45, 0xB2, 0x86, 0xCA, 0xE6, 0xCA, 0xE6, 0xCA, 0xA6, 0xC2, 0x24, 0xC1, 0xE4, 0x99, 0x22, 0x18, 0x00, 0x00, 0x00, 0x08, 0x00, 0x08, 0x00, 0x10, 0x00, 0x18, 0x00, 0x08, 0x00, 0x00, 0x00, 
0x08, 0x00, 0x10, 0x00, 0x38, 0x00, 0x38, 0x00, 0x40, 0x20, 0x71, 0x63, 0x8A, 0x46, 0x8A, 0x67, 0x7A, 0x06, 0x8A, 0xE9, 0x8A, 0xE9, 0x82, 0xC9, 0x72, 0x68, 0x6A, 0x27, 0x6A, 0x47, 0x7A, 0x67, 
0xA2, 0x25, 0xB1, 0xE3, 0xBA, 0x03, 0xA9, 0xC2, 0x91, 0x61, 0x89, 0x21, 0x81, 0x21, 0x89, 0x42, 0x91, 0x83, 0x99, 0xC4, 0xA2, 0x05, 0xAA, 0x46, 0xAA, 0x66, 0xB2, 0x87, 0xB2, 0xA8, 0xBA, 0xA8, 
0xBA, 0xA8, 0xC2, 0xA8, 0xC2, 0xA9, 0xC2, 0xA9, 0xC2, 0xA8, 0xC2, 0xA8, 0xC2, 0x88, 0xCA, 0x88, 0xCA, 0x88, 0xCA, 0xA8, 0xCA, 0xA9, 0xCA, 0xA9, 0xCA, 0xA9, 0xD2, 0xC9, 0xD2, 0xC9, 0xCA, 0xC9, 
0x08, 0x61, 0x10, 0x62, 0x08, 0x62, 0x08, 0x61, 0x08, 0x41, 0x08, 0x41, 0x08, 0x21, 0x08, 0x21, 0x08, 0x20, 0x08, 0x20, 0x08, 0x00, 0x00, 0x00, 0x08, 0x00, 0x08, 0x20, 0x08, 0x41, 0x08, 0x41, 
0x08, 0x21, 0x08, 0x41, 0x10, 0x62, 0x10, 0x62, 0x10, 0x62, 0x10, 0x62, 0x10, 0x62, 0x18, 0x62, 0x10, 0x62, 0x10, 0x41, 0x10, 0x41, 0x08, 0x20, 0x08, 0x20, 0x10, 0x20, 0x10, 0x41, 0x10, 0x41, 
0x10, 0x41, 0x10, 0x41, 0x10, 0x41, 0x10, 0x41, 0x10, 0x41, 0x10, 0x41, 0x10, 0x41, 0x08, 0x20, 0x00, 0x00, 0x00, 0x00, 0x00, 0x00, 0x00, 0x00, 0x00, 0x00, 0x00, 0x00, 0x00, 0x00, 0x00, 0x00, 
0x08, 0x00, 0x20, 0x41, 0x59, 0x85, 0x92, 0xEA, 0xAB, 0x8C, 0xAB, 0x6B, 0xA2, 0xA8, 0x69, 0x63, 0x40, 0xA1, 0x18, 0x20, 0x10, 0x00, 0x30, 0x61, 0x40, 0xE2, 0x28, 0x40, 0x50, 0xC2, 0x61, 0x03, 
0x69, 0x43, 0x79, 0xA5, 0x92, 0x26, 0x79, 0x84, 0x89, 0xC5, 0x71, 0x43, 0x58, 0xE2, 0x38, 0x61, 0x30, 0x61, 0x28, 0x61, 0x18, 0x40, 0x18, 0x40, 0x18, 0x40, 0x10, 0x20, 0x08, 0x00, 0x08, 0x00, 
0x08, 0x00, 0x08, 0x00, 0x00, 0x00, 0x00, 0x00, 0x08, 0x00, 0x08, 0x00, 0x08, 0x00, 0x08, 0x00, 0x00, 0x00, 0x00, 0x00, 0x08, 0x20, 0x08, 0x20, 0x08, 0x00, 0x00, 0x00, 0x00, 0x00, 0x00, 0x00, 
0x00, 0x00, 0x00, 0x00, 0x00, 0x00, 0x00, 0x00, 0x00, 0x00, 0x00, 0x00, 0x00, 0x00, 0x00, 0x00, 0x00, 0x00, 0x00, 0x00, 0x00, 0x00, 0x08, 0x00, 0x08, 0x00, 0x08, 0x00, 0x00, 0x00, 0x08, 0x20, 
0x00, 0x00, 0x00, 0x00, 0x00, 0x00, 0x00, 0x00, 0x00, 0x00, 0x00, 0x00, 0x00, 0x00, 0x00, 0x00, 0x00, 0x00, 0x00, 0x00, 0x00, 0x00, 0x00, 0x00, 0x00, 0x00, 0x00, 0x00, 0x00, 0x00, 0x00, 0x00, 
0x00, 0x00, 0x00, 0x00, 0x00, 0x00, 0x00, 0x00, 0x00, 0x00, 0x00, 0x00, 0x20, 0x60, 0x49, 0x01, 0x71, 0xE4, 0x82, 0x45, 0x8A, 0x86, 0x8A, 0x86, 0x8A, 0x65, 0x82, 0x05, 0x79, 0xE4, 0x82, 0x24, 
0x8A, 0x85, 0x9A, 0xA6, 0xA2, 0xE7, 0xAA, 0xE7, 0xAB, 0x28, 0xB3, 0x28, 0xB3, 0x48, 0xB3, 0x49, 0xB3, 0x69, 0xBB, 0x6A, 0xBB, 0x8A, 0xBB, 0xAA, 0xC3, 0xCB, 0xC3, 0xCB, 0xC3, 0xEC, 0xCC, 0x0C, 
0xCC, 0x0C, 0xCC, 0x0C, 0xCC, 0x0C, 0xD4, 0x2C, 0xD4, 0x4D, 0xD4, 0x4D, 0xD4, 0x4C, 0xD4, 0x2C, 0xCC, 0x2C, 0xCC, 0x2C, 0xCC, 0x0C, 0xCB, 0xEB, 0xC3, 0xCB, 0xBB, 0x69, 0xBB, 0x48, 0xBB, 0x48, 
0xB2, 0xC6, 0xA2, 0x45, 0xBA, 0xC6, 0xC2, 0xC6, 0xCA, 0xC6, 0xCA, 0x65, 0xCA, 0x04, 0xC1, 0xE4, 0x88, 0xE1, 0x10, 0x00, 0x08, 0x00, 0x08, 0x00, 0x08, 0x00, 0x10, 0x00, 0x18, 0x00, 0x10, 0x00, 
0x08, 0x00, 0x10, 0x00, 0x30, 0x00, 0x30, 0x00, 0x38, 0x00, 0x69, 0x02, 0x8A, 0x46, 0x8A, 0x88, 0x82, 0x47, 0x93, 0x0A, 0x82, 0xC9, 0x7A, 0x88, 0x72, 0x68, 0x6A, 0x27, 0x72, 0x27, 0x9A, 0x04, 
0xB2, 0x03, 0xB2, 0x24, 0xB2, 0x44, 0xA2, 0x04, 0x89, 0x62, 0x81, 0x21, 0x81, 0x21, 0x89, 0x62, 0x91, 0xA3, 0x99, 0xE4, 0xA2, 0x25, 0xAA, 0x46, 0xAA, 0x66, 0xB2, 0x87, 0xBA, 0xA8, 0xBA, 0xA8, 
0xBA, 0xA9, 0xC2, 0xA9, 0xC2, 0xA9, 0xC2, 0xA8, 0xC2, 0xA8, 0xC2, 0xA8, 0xC2, 0x88, 0xCA, 0x88, 0xCA, 0xA8, 0xCA, 0xA8, 0xCA, 0xA9, 0xCA, 0xA8, 0xD2, 0xA9, 0xD2, 0xC9, 0xD2, 0xC9, 0xD2, 0xC9, 
0x08, 0x61, 0x10, 0x61, 0x08, 0x41, 0x08, 0x21, 0x00, 0x00, 0x00, 0x00, 0x00, 0x00, 0x00, 0x00, 0x08, 0x20, 0x08, 0x20, 0x10, 0x41, 0x00, 0x00, 0x00, 0x00, 0x00, 0x00, 0x00, 0x00, 0x00, 0x00, 
0x00, 0x00, 0x08, 0x21, 0x10, 0x41, 0x10, 0x41, 0x08, 0x41, 0x08, 0x41, 0x08, 0x41, 0x10, 0x41, 0x08, 0x41, 0x10, 0x41, 0x10, 0x41, 0x10, 0x41, 0x10, 0x41, 0x10, 0x41, 0x10, 0x41, 0x10, 0x41, 
0x10, 0x41, 0x10, 0x41, 0x10, 0x41, 0x10, 0x41, 0x10, 0x20, 0x08, 0x20, 0x00, 0x00, 0x00, 0x00, 0x00, 0x00, 0x00, 0x00, 0x00, 0x00, 0x00, 0x00, 0x00, 0x00, 0x00, 0x00, 0x10, 0x20, 0x30, 0xA2, 
0x72, 0x27, 0xA3, 0x6C, 0xB3, 0xAC, 0xB3, 0x6B, 0xAB, 0x4A, 0xAB, 0x09, 0x8A, 0x05, 0x59, 0x02, 0x30, 0x40, 0x18, 0x20, 0x20, 0x20, 0x48, 0xE2, 0x51, 0x23, 0x30, 0x60, 0x50, 0xC2, 0x71, 0x64, 
0x81, 0xC5, 0x92, 0x26, 0xA2, 0x87, 0x9A, 0x46, 0x79, 0x64, 0x69, 0x43, 0x61, 0x23, 0x40, 0xA1, 0x30, 0x61, 0x20, 0x40, 0x18, 0x40, 0x18, 0x20, 0x10, 0x20, 0x08, 0x00, 0x08, 0x00, 0x08, 0x00, 
0x08, 0x00, 0x08, 0x00, 0x00, 0x00, 0x00, 0x00, 0x08, 0x00, 0x08, 0x00, 0x00, 0x00, 0x00, 0x00, 0x00, 0x00, 0x00, 0x00, 0x08, 0x20, 0x08, 0x20, 0x08, 0x00, 0x00, 0x00, 0x00, 0x00, 0x00, 0x00, 
0x00, 0x00, 0x00, 0x00, 0x00, 0x00, 0x00, 0x00, 0x00, 0x00, 0x08, 0x00, 0x10, 0x40, 0x00, 0x00, 0x00, 0x00, 0x00, 0x00, 0x00, 0x00, 0x08, 0x00, 0x08, 0x00, 0x08, 0x00, 0x08, 0x00, 0x08, 0x00, 
0x00, 0x00, 0x00, 0x00, 0x00, 0x00, 0x00, 0x00, 0x00, 0x00, 0x00, 0x00, 0x00, 0x00, 0x00, 0x00, 0x00, 0x00, 0x00, 0x00, 0x00, 0x00, 0x00, 0x00, 0x00, 0x00, 0x00, 0x00, 0x00, 0x00, 0x00, 0x00, 
0x00, 0x00, 0x00, 0x00, 0x00, 0x00, 0x00, 0x00, 0x00, 0x00, 0x00, 0x00, 0x28, 0x80, 0x59, 0x63, 0x72, 0x04, 0x82, 0x45, 0x8A, 0x86, 0x92, 0xA6, 0x92, 0xA6, 0x92, 0xA6, 0x8A, 0x65, 0x8A, 0x65, 
0x92, 0xA5, 0x9A, 0xC6, 0xA2, 0xE7, 0xAB, 0x07, 0xAB, 0x28, 0xAB, 0x28, 0xB3, 0x28, 0xB3, 0x49, 0xBB, 0x69, 0xBB, 0x8A, 0xBB, 0x8A, 0xBB, 0x8A, 0xC3, 0xCB, 0xC3, 0xCB, 0xC3, 0xEB, 0xCC, 0x0C, 
0xCC, 0x2C, 0xCC, 0x2C, 0xCC, 0x0C, 0xD4, 0x4D, 0xD4, 0x4D, 0xD4, 0x4D, 0xD4, 0x2D, 0xCC, 0x2C, 0xCC, 0x0C, 0xCC, 0x0C, 0xCC, 0x2C, 0xCC, 0x2C, 0xCC, 0x0B, 0xC3, 0xAB, 0xBB, 0x69, 0xBB, 0x48, 
0xBB, 0x27, 0xB2, 0xE6, 0xAA, 0x85, 0xBA, 0xA6, 0xD2, 0xE7, 0xD2, 0xC6, 0xD2, 0x65, 0xD2, 0x24, 0xC1, 0xE3, 0x78, 0xC1, 0x10, 0x00, 0x08, 0x00, 0x08, 0x00, 0x08, 0x00, 0x08, 0x00, 0x18, 0x00, 
0x20, 0x00, 0x18, 0x00, 0x28, 0x00, 0x28, 0x00, 0x28, 0x00, 0x58, 0xA1, 0x8A, 0x46, 0x92, 0xA8, 0x7A, 0x26, 0x93, 0x0A, 0x82, 0xC9, 0x72, 0x88, 0x6A, 0x47, 0x72, 0x26, 0x9A, 0x04, 0xAA, 0x03, 
0xB2, 0x44, 0xB2, 0x65, 0xAA, 0x85, 0xA2, 0x24, 0x89, 0x82, 0x81, 0x41, 0x81, 0x41, 0x89, 0x62, 0x91, 0xA3, 0x99, 0xE4, 0xA2, 0x25, 0xA2, 0x46, 0xAA, 0x87, 0xB2, 0x87, 0xBA, 0xA8, 0xBA, 0xA8, 
0xBA, 0xA9, 0xC2, 0xA9, 0xC2, 0xA9, 0xC2, 0xA8, 0xC2, 0x88, 0xC2, 0x88, 0xC2, 0x88, 0xC2, 0x88, 0xCA, 0xA8, 0xCA, 0xA8, 0xCA, 0xA9, 0xCA, 0xA9, 0xCA, 0xA9, 0xD2, 0xC9, 0xD2, 0xC9, 0xD2, 0xC9, 
0x08, 0x20, 0x00, 0x00, 0x00, 0x00, 0x00, 0x00, 0x00, 0x00, 0x00, 0x00, 0x00, 0x00, 0x00, 0x00, 0x00, 0x00, 0x00, 0x00, 0x10, 0x61, 0x00, 0x00, 0x00, 0x00, 0x00, 0x00, 0x00, 0x00, 0x00, 0x00, 
0x00, 0x00, 0x00, 0x00, 0x08, 0x21, 0x08, 0x20, 0x00, 0x00, 0x08, 0x00, 0x08, 0x20, 0x08, 0x20, 0x10, 0x41, 0x10, 0x41, 0x10, 0x41, 0x10, 0x41, 0x10, 0x61, 0x10, 0x41, 0x10, 0x41, 0x10, 0x41, 
0x10, 0x41, 0x10, 0x41, 0x10, 0x20, 0x08, 0x00, 0x00, 0x00, 0x00, 0x00, 0x00, 0x00, 0x00, 0x00, 0x00, 0x00, 0x00, 0x00, 0x00, 0x00, 0x08, 0x00, 0x18, 0x40, 0x41, 0x03, 0x82, 0x89, 0xAB, 0xAC, 
0xB3, 0xAC, 0xB3, 0xAD, 0xB3, 0xAC, 0xAB, 0x4A, 0xAB, 0x09, 0x9A, 0xA7, 0x69, 0x43, 0x40, 0x81, 0x28, 0x40, 0x18, 0x00, 0x38, 0x81, 0x69, 0x64, 0x59, 0x23, 0x30, 0x60, 0x61, 0x23, 0x81, 0xA5, 
0x92, 0x27, 0x9A, 0x67, 0xA2, 0x87, 0xAA, 0xA7, 0x92, 0x05, 0x69, 0x23, 0x58, 0xE2, 0x40, 0xA1, 0x28, 0x60, 0x20, 0x40, 0x18, 0x20, 0x10, 0x20, 0x10, 0x20, 0x08, 0x00, 0x08, 0x00, 0x08, 0x00, 
0x08, 0x00, 0x08, 0x00, 0x00, 0x00, 0x00, 0x00, 0x08, 0x00, 0x08, 0x00, 0x00, 0x00, 0x00, 0x00, 0x00, 0x00, 0x00, 0x00, 0x08, 0x20, 0x08, 0x20, 0x00, 0x00, 0x00, 0x00, 0x00, 0x00, 0x00, 0x00, 
0x00, 0x00, 0x00, 0x00, 0x00, 0x00, 0x00, 0x00, 0x08, 0x00, 0x08, 0x20, 0x08, 0x20, 0x08, 0x20, 0x00, 0x00, 0x00, 0x00, 0x08, 0x00, 0x08, 0x00, 0x08, 0x00, 0x08, 0x00, 0x08, 0x00, 0x08, 0x00, 
0x00, 0x00, 0x00, 0x00, 0x00, 0x00, 0x00, 0x00, 0x00, 0x00, 0x00, 0x00, 0x00, 0x00, 0x00, 0x00, 0x00, 0x00, 0x00, 0x00, 0x00, 0x00, 0x08, 0x20, 0x00, 0x00, 0x00, 0x00, 0x00, 0x00, 0x00, 0x00, 
0x00, 0x00, 0x00, 0x00, 0x00, 0x00, 0x00, 0x00, 0x00, 0x00, 0x00, 0x00, 0x20, 0x60, 0x51, 0x42, 0x69, 0xC4, 0x82, 0x45, 0x8A, 0x85, 0x92, 0xA6, 0x92, 0xA6, 0x92, 0xA6, 0x92, 0xA5, 0x92, 0xA6, 
0x92, 0xA6, 0x9A, 0xE6, 0xA3, 0x07, 0xAB, 0x28, 0xAB, 0x28, 0xB3, 0x48, 0xB3, 0x49, 0xB3, 0x69, 0xBB, 0x69, 0xBB, 0x8A, 0xBB, 0x8A, 0xC3, 0xAA, 0xC3, 0xCB, 0xC3, 0xEB, 0xCC, 0x0C, 0xCC, 0x2C, 
0xCC, 0x2C, 0xCC, 0x2C, 0xCC, 0x2D, 0xD4, 0x4D, 0xD4, 0x4D, 0xD4, 0x4D, 0xD4, 0x4D, 0xD4, 0x2C, 0xCC, 0x2C, 0xCC, 0x2D, 0xCC, 0x2D, 0xCC, 0x2C, 0xCC, 0x0C, 0xC3, 0xEB, 0xC3, 0xAA, 0xBB, 0x48, 
0xBB, 0x28, 0xBB, 0x07, 0xC3, 0x28, 0xBA, 0xA6, 0xB2, 0x45, 0xCA, 0xA6, 0xDA, 0xA6, 0xDA, 0x85, 0xD2, 0x24, 0xC9, 0xE3, 0x80, 0xE1, 0x18, 0x00, 0x08, 0x00, 0x08, 0x00, 0x08, 0x00, 0x08, 0x00, 
0x10, 0x00, 0x20, 0x00, 0x30, 0x00, 0x28, 0x00, 0x28, 0x00, 0x48, 0x40, 0x79, 0xA4, 0x8A, 0x67, 0x7A, 0x06, 0x8A, 0xEA, 0x7A, 0xA9, 0x72, 0x68, 0x7A, 0x27, 0x9A, 0x04, 0xAA, 0x03, 0xB2, 0x44, 
0xB2, 0x85, 0xB2, 0xA6, 0xAA, 0xA6, 0xA2, 0x45, 0x89, 0x82, 0x81, 0x41, 0x81, 0x42, 0x89, 0x82, 0x91, 0xC3, 0x99, 0xE4, 0xA2, 0x25, 0xAA, 0x66, 0xAA, 0xA7, 0xB2, 0xA7, 0xB2, 0xA8, 0xBA, 0xA8, 
0xBA, 0xA9, 0xC2, 0xA9, 0xC2, 0xA8, 0xC2, 0xA8, 0xC2, 0xA8, 0xC2, 0x88, 0xC2, 0x88, 0xC2, 0x88, 0xC2, 0xA8, 0xCA, 0xA9, 0xCA, 0xA9, 0xCA, 0xA9, 0xCA, 0xA9, 0xD2, 0xC9, 0xD2, 0xA9, 0xD2, 0xA9, 
0x00, 0x00, 0x00, 0x00, 0x00, 0x00, 0x00, 0x00, 0x00, 0x00, 0x00, 0x00, 0x00, 0x00, 0x00, 0x00, 0x00, 0x00, 0x00, 0x00, 0x08, 0x20, 0x08, 0x21, 0x00, 0x00, 0x00, 0x00, 0x00, 0x00, 0x00, 0x00, 
0x00, 0x00, 0x00, 0x00, 0x00, 0x00, 0x00, 0x00, 0x00, 0x00, 0x08, 0x00, 0x08, 0x20, 0x10, 0x21, 0x10, 0x40, 0x10, 0x41, 0x10, 0x41, 0x10, 0x41, 0x10, 0x41, 0x10, 0x41, 0x10, 0x41, 0x10, 0x41, 
0x10, 0x40, 0x08, 0x20, 0x00, 0x00, 0x00, 0x00, 0x00, 0x00, 0x00, 0x00, 0x00, 0x00, 0x00, 0x00, 0x00, 0x00, 0x08, 0x00, 0x18, 0x41, 0x49, 0x44, 0x8A, 0xEA, 0xAB, 0xAD, 0xAB, 0x8C, 0xAB, 0x8C, 
0xB3, 0xAC, 0xB3, 0xAC, 0xB3, 0xAC, 0xAB, 0x4A, 0xA2, 0xE8, 0x8A, 0x26, 0x61, 0x02, 0x48, 0xC2, 0x28, 0x40, 0x18, 0x20, 0x51, 0x23, 0x59, 0x03, 0x61, 0x23, 0x59, 0x23, 0x61, 0x23, 0xA2, 0x87, 
0x9A, 0x67, 0x92, 0x27, 0xA2, 0x87, 0xAA, 0x87, 0x92, 0x06, 0x71, 0x64, 0x48, 0xA1, 0x40, 0x81, 0x28, 0x41, 0x18, 0x20, 0x10, 0x20, 0x10, 0x20, 0x08, 0x00, 0x08, 0x00, 0x08, 0x00, 0x08, 0x00, 
0x08, 0x00, 0x08, 0x00, 0x08, 0x00, 0x08, 0x00, 0x08, 0x00, 0x08, 0x00, 0x00, 0x00, 0x00, 0x00, 0x00, 0x00, 0x00, 0x00, 0x08, 0x20, 0x08, 0x00, 0x00, 0x00, 0x00, 0x00, 0x00, 0x00, 0x00, 0x00, 
0x00, 0x00, 0x00, 0x00, 0x00, 0x00, 0x00, 0x00, 0x08, 0x00, 0x08, 0x21, 0x08, 0x41, 0x08, 0x40, 0x00, 0x00, 0x00, 0x00, 0x08, 0x00, 0x08, 0x00, 0x08, 0x00, 0x08, 0x00, 0x08, 0x00, 0x08, 0x00, 
0x00, 0x00, 0x00, 0x00, 0x00, 0x00, 0x00, 0x00, 0x00, 0x00, 0x00, 0x00, 0x00, 0x00, 0x00, 0x00, 0x00, 0x00, 0x00, 0x00, 0x00, 0x00, 0x08, 0x20, 0x00, 0x00, 0x00, 0x00, 0x00, 0x00, 0x00, 0x00, 
0x00, 0x00, 0x00, 0x00, 0x00, 0x00, 0x00, 0x00, 0x00, 0x00, 0x00, 0x00, 0x18, 0x40, 0x49, 0x22, 0x69, 0xC4, 0x7A, 0x24, 0x8A, 0x65, 0x92, 0xA6, 0x9A, 0xC6, 0x9A, 0xC6, 0x9A, 0xC6, 0x92, 0xA6, 
0x9A, 0xC6, 0x9A, 0xE7, 0xA3, 0x07, 0xAB, 0x28, 0xB3, 0x49, 0xB3, 0x49, 0xB3, 0x69, 0xB3, 0x69, 0xBB, 0x89, 0xBB, 0x8A, 0xBB, 0xAA, 0xC3, 0xAA, 0xC3, 0xCB, 0xC3, 0xEB, 0xCC, 0x0C, 0xCC, 0x2C, 
0xCC, 0x2C, 0xD4, 0x4D, 0xCC, 0x4D, 0xCC, 0x4D, 0xD4, 0x6D, 0xD4, 0x6D, 0xD4, 0x6E, 0xCC, 0x4D, 0xCC, 0x4D, 0xCC, 0x4D, 0xCC, 0x4D, 0xCC, 0x2D, 0xCC, 0x0C, 0xC3, 0xEB, 0xC3, 0xCA, 0xC3, 0x69, 
0xC3, 0x69, 0xCB, 0x69, 0xCB, 0x28, 0xCB, 0x27, 0xC2, 0xC6, 0xB2, 0x24, 0xB9, 0xE4, 0xCA, 0x44, 0xD2, 0x44, 0xD2, 0x03, 0xC9, 0xE3, 0x99, 0x42, 0x38, 0x20, 0x10, 0x00, 0x08, 0x00, 0x08, 0x00, 
0x08, 0x00, 0x10, 0x00, 0x18, 0x00, 0x30, 0x00, 0x38, 0x00, 0x38, 0x20, 0x71, 0x43, 0x82, 0x26, 0x7A, 0x06, 0x8A, 0xCA, 0x7A, 0x88, 0x82, 0x26, 0x91, 0xC4, 0xAA, 0x03, 0xB2, 0x65, 0xB2, 0xA5, 
0xB2, 0xE7, 0xB2, 0xE7, 0xAA, 0xC7, 0xA2, 0x66, 0x89, 0x82, 0x81, 0x42, 0x81, 0x62, 0x89, 0x83, 0x91, 0xC4, 0x9A, 0x04, 0xA2, 0x25, 0xA2, 0x46, 0xAA, 0x66, 0xB2, 0xA8, 0xB2, 0xA8, 0xBA, 0xA8, 
0xBA, 0xA8, 0xC2, 0xA9, 0xC2, 0xA8, 0xC2, 0xA8, 0xC2, 0xA8, 0xC2, 0x88, 0xC2, 0x88, 0xC2, 0x88, 0xC2, 0xA8, 0xCA, 0xA9, 0xCA, 0xA9, 0xCA, 0xA9, 0xCA, 0xA9, 0xD2, 0xA9, 0xD2, 0xA9, 0xD2, 0xA9, 
0x00, 0x00, 0x00, 0x00, 0x00, 0x00, 0x00, 0x00, 0x00, 0x00, 0x00, 0x00, 0x00, 0x00, 0x00, 0x00, 0x00, 0x00, 0x00, 0x00, 0x00, 0x00, 0x08, 0x41, 0x00, 0x00, 0x00, 0x00, 0x00, 0x00, 0x00, 0x00, 
0x00, 0x00, 0x00, 0x00, 0x00, 0x00, 0x00, 0x00, 0x08, 0x20, 0x10, 0x20, 0x10, 0x20, 0x10, 0x41, 0x10, 0x41, 0x10, 0x41, 0x10, 0x41, 0x10, 0x41, 0x10, 0x41, 0x10, 0x41, 0x10, 0x40, 0x10, 0x20, 
0x00, 0x00, 0x00, 0x00, 0x00, 0x00, 0x00, 0x00, 0x00, 0x00, 0x00, 0x00, 0x00, 0x00, 0x08, 0x20, 0x18, 0x41, 0x49, 0x65, 0x93, 0x0A, 0xAB, 0xAC, 0xAB, 0x8C, 0xAB, 0x8C, 0xAB, 0x8B, 0xB3, 0x8C, 
0xB3, 0x8B, 0xB3, 0x6B, 0xAB, 0x4A, 0xA3, 0x09, 0x9A, 0x87, 0x82, 0x05, 0x58, 0xE2, 0x48, 0xA1, 0x20, 0x20, 0x20, 0x40, 0x59, 0x23, 0x58, 0xE3, 0x8A, 0x27, 0x81, 0xE6, 0x58, 0xE3, 0xA2, 0x88, 
0x9A, 0x47, 0x92, 0x26, 0xA2, 0x87, 0xA2, 0x67, 0x89, 0xE5, 0x69, 0x23, 0x50, 0xC2, 0x30, 0x61, 0x20, 0x40, 0x18, 0x20, 0x10, 0x20, 0x10, 0x00, 0x10, 0x00, 0x08, 0x00, 0x08, 0x00, 0x08, 0x00, 
0x08, 0x00, 0x08, 0x00, 0x08, 0x00, 0x08, 0x00, 0x08, 0x00, 0x08, 0x00, 0x00, 0x00, 0x00, 0x00, 0x00, 0x00, 0x00, 0x00, 0x08, 0x20, 0x08, 0x20, 0x00, 0x00, 0x00, 0x00, 0x00, 0x00, 0x00, 0x00, 
0x00, 0x00, 0x00, 0x00, 0x00, 0x00, 0x00, 0x00, 0x08, 0x20, 0x08, 0x41, 0x08, 0x41, 0x08, 0x20, 0x00, 0x00, 0x00, 0x00, 0x08, 0x00, 0x08, 0x00, 0x08, 0x00, 0x08, 0x00, 0x08, 0x00, 0x08, 0x00, 
0x00, 0x00, 0x00, 0x00, 0x00, 0x00, 0x00, 0x00, 0x00, 0x00, 0x08, 0x00, 0x00, 0x00, 0x00, 0x00, 0x00, 0x00, 0x00, 0x00, 0x00, 0x00, 0x00, 0x00, 0x00, 0x00, 0x00, 0x00, 0x08, 0x00, 0x00, 0x00, 
0x00, 0x00, 0x00, 0x00, 0x00, 0x00, 0x00, 0x00, 0x00, 0x00, 0x00, 0x00, 0x10, 0x20, 0x40, 0xE1, 0x69, 0xA3, 0x7A, 0x04, 0x8A, 0x65, 0x92, 0xA6, 0x9A, 0xA6, 0x9A, 0xC6, 0x9A, 0xC6, 0x9A, 0xC6, 
0x9A, 0xE6, 0xA3, 0x07, 0xAB, 0x28, 0xAB, 0x48, 0xB3, 0x69, 0xB3, 0x6A, 0xB3, 0x89, 0xB3, 0x69, 0xBB, 0x89, 0xBB, 0x8A, 0xBB, 0xAA, 0xBB, 0xCA, 0xC3, 0xEB, 0xC4, 0x0B, 0xCC, 0x2C, 0xCC, 0x2C, 
0xCC, 0x4D, 0xD4, 0x6D, 0xD4, 0x4D, 0xCC, 0x4D, 0xCC, 0x4D, 0xCC, 0x4D, 0xCC, 0x6E, 0xCC, 0x4D, 0xD4, 0x6E, 0xD4, 0x6E, 0xCC, 0x4D, 0xCC, 0x0C, 0xC3, 0xEC, 0xCB, 0xEB, 0xCB, 0xEB, 0xC3, 0x8A, 
0xCB, 0x89, 0xCB, 0x69, 0xCB, 0x48, 0xCB, 0x47, 0xCB, 0x06, 0xCA, 0xC6, 0xCA, 0xA5, 0xC2, 0x64, 0xBA, 0x03, 0xB9, 0xC2, 0xC1, 0xC2, 0xC1, 0xE3, 0xB9, 0xE3, 0x79, 0x01, 0x28, 0x00, 0x10, 0x00, 
0x10, 0x00, 0x10, 0x00, 0x10, 0x00, 0x18, 0x00, 0x28, 0x00, 0x40, 0x20, 0x50, 0x81, 0x79, 0xC5, 0x7A, 0x26, 0x82, 0xC9, 0x82, 0x67, 0x91, 0xC3, 0xA1, 0xE3, 0xAA, 0x64, 0xB2, 0xC6, 0xB2, 0xE7, 
0xB3, 0x28, 0xB3, 0x08, 0xB2, 0xE8, 0xA2, 0x86, 0x89, 0x82, 0x81, 0x62, 0x81, 0x82, 0x89, 0xA3, 0x91, 0xE4, 0x9A, 0x04, 0x9A, 0x25, 0xA2, 0x46, 0xAA, 0x66, 0xAA, 0x87, 0xB2, 0xA8, 0xBA, 0xA8, 
0xBA, 0xA8, 0xBA, 0xA8, 0xC2, 0xA8, 0xC2, 0xA8, 0xC2, 0xA8, 0xC2, 0x88, 0xC2, 0x88, 0xC2, 0xA8, 0xCA, 0xA8, 0xCA, 0xA9, 0xCA, 0xA9, 0xCA, 0xA9, 0xD2, 0xA9, 0xD2, 0xA9, 0xD2, 0xA9, 0xD2, 0xC9, 
0x00, 0x00, 0x00, 0x00, 0x00, 0x00, 0x00, 0x00, 0x00, 0x00, 0x00, 0x00, 0x00, 0x00, 0x00, 0x00, 0x00, 0x00, 0x00, 0x00, 0x00, 0x00, 0x08, 0x20, 0x00, 0x00, 0x00, 0x00, 0x00, 0x00, 0x00, 0x00, 
0x00, 0x00, 0x00, 0x00, 0x00, 0x00, 0x08, 0x20, 0x10, 0x20, 0x10, 0x20, 0x10, 0x41, 0x10, 0x41, 0x10, 0x41, 0x10, 0x41, 0x10, 0x41, 0x10, 0x40, 0x10, 0x41, 0x10, 0x20, 0x10, 0x20, 0x08, 0x00, 
0x00, 0x00, 0x00, 0x00, 0x00, 0x00, 0x00, 0x00, 0x08, 0x00, 0x10, 0x20, 0x18, 0x41, 0x49, 0x65, 0x93, 0x2B, 0xB3, 0xCD, 0xAB, 0x8C, 0xAB, 0x8B, 0xAB, 0x8B, 0xAB, 0x6B, 0xAB, 0x8B, 0xB3, 0x8B, 
0xB3, 0x8B, 0xB3, 0x6B, 0xB3, 0x6B, 0x9A, 0xC8, 0x8A, 0x26, 0x79, 0xA4, 0x71, 0x84, 0x40, 0xA1, 0x20, 0x20, 0x28, 0x40, 0x50, 0xE2, 0x69, 0x63, 0x92, 0x67, 0x9A, 0x88, 0x50, 0xE2, 0x92, 0x26, 
0xA2, 0x87, 0x92, 0x26, 0xAA, 0xC8, 0xA2, 0x87, 0x81, 0xA4, 0x71, 0x43, 0x48, 0xA1, 0x28, 0x40, 0x18, 0x20, 0x18, 0x00, 0x10, 0x20, 0x18, 0x20, 0x10, 0x00, 0x08, 0x00, 0x08, 0x00, 0x08, 0x00, 
0x08, 0x00, 0x08, 0x00, 0x08, 0x00, 0x08, 0x00, 0x08, 0x00, 0x08, 0x00, 0x00, 0x00, 0x00, 0x00, 0x00, 0x00, 0x08, 0x00, 0x08, 0x00, 0x08, 0x00, 0x00, 0x00, 0x00, 0x00, 0x00, 0x00, 0x00, 0x00, 
0x00, 0x00, 0x00, 0x00, 0x00, 0x00, 0x00, 0x00, 0x08, 0x20, 0x08, 0x41, 0x08, 0x40, 0x08, 0x20, 0x00, 0x00, 0x00, 0x00, 0x08, 0x00, 0x08, 0x00, 0x08, 0x00, 0x08, 0x00, 0x08, 0x00, 0x08, 0x00, 
0x08, 0x00, 0x00, 0x00, 0x08, 0x00, 0x00, 0x00, 0x08, 0x00, 0x08, 0x00, 0x00, 0x00, 0x00, 0x00, 0x00, 0x00, 0x00, 0x00, 0x00, 0x00, 0x08, 0x00, 0x08, 0x00, 0x08, 0x00, 0x08, 0x00, 0x00, 0x00, 
0x00, 0x00, 0x00, 0x00, 0x00, 0x00, 0x00, 0x00, 0x00, 0x00, 0x00, 0x00, 0x10, 0x20, 0x40, 0xE1, 0x61, 0x83, 0x7A, 0x04, 0x82, 0x65, 0x92, 0xA6, 0x9A, 0xC6, 0x9A, 0xE6, 0x9A, 0xE7, 0x9A, 0xE7, 
0xA2, 0xE7, 0xA3, 0x07, 0xAB, 0x48, 0xAB, 0x69, 0xB3, 0x8A, 0xB3, 0xAA, 0xBB, 0xAA, 0xBB, 0x8A, 0xBB, 0x8A, 0xBB, 0x8A, 0xBB, 0xAA, 0xC3, 0xCA, 0xC3, 0xEB, 0xCC, 0x0C, 0xCC, 0x2C, 0xCC, 0x4D, 
0xD4, 0x4D, 0xCC, 0x4D, 0xCC, 0x4D, 0xCC, 0x4D, 0xCC, 0x4D, 0xCC, 0x6D, 0xCC, 0x6E, 0xCC, 0x6E, 0xCC, 0x6E, 0xCC, 0x4E, 0xCC, 0x4D, 0xCC, 0x0D, 0xCC, 0x2C, 0xCB, 0xEC, 0xC3, 0xCB, 0xC3, 0xAA, 
0xCB, 0xCA, 0xCB, 0x89, 0xCB, 0x48, 0xCB, 0x27, 0xCB, 0x27, 0xD3, 0x47, 0xDB, 0x27, 0xD3, 0x06, 0xDB, 0x06, 0xDB, 0x05, 0xDA, 0xE5, 0xDA, 0xA5, 0xDA, 0x84, 0xD2, 0xA4, 0xC2, 0x44, 0x79, 0x02, 
0x28, 0x00, 0x18, 0x00, 0x18, 0x00, 0x10, 0x00, 0x18, 0x00, 0x20, 0x00, 0x38, 0x20, 0x61, 0x02, 0x79, 0xE6, 0x8A, 0x67, 0x91, 0xE3, 0xA1, 0xE3, 0xA2, 0x44, 0xAA, 0xA6, 0xB3, 0x07, 0xB3, 0x28, 
0xBB, 0x28, 0xB3, 0x28, 0xB3, 0x08, 0xA2, 0x86, 0x89, 0x83, 0x81, 0x62, 0x81, 0x82, 0x89, 0xA3, 0x91, 0xE4, 0x9A, 0x04, 0x9A, 0x45, 0xA2, 0x66, 0xAA, 0x66, 0xAA, 0x87, 0xB2, 0xA7, 0xB2, 0xA8, 
0xBA, 0xA8, 0xBA, 0xA8, 0xC2, 0xA8, 0xC2, 0xA8, 0xC2, 0xA8, 0xC2, 0xA8, 0xC2, 0x88, 0xC2, 0x88, 0xCA, 0xA8, 0xCA, 0xA8, 0xCA, 0xA8, 0xCA, 0xA9, 0xD2, 0xA9, 0xD2, 0xA9, 0xD2, 0xA9, 0xD2, 0xA9, 
0x00, 0x20, 0x00, 0x00, 0x00, 0x00, 0x00, 0x00, 0x00, 0x00, 0x00, 0x00, 0x00, 0x00, 0x00, 0x00, 0x00, 0x00, 0x00, 0x00, 0x00, 0x00, 0x00, 0x00, 0x08, 0x20, 0x00, 0x00, 0x00, 0x00, 0x08, 0x20, 
0x08, 0x40, 0x08, 0x20, 0x10, 0x20, 0x10, 0x20, 0x10, 0x40, 0x10, 0x41, 0x18, 0x61, 0x10, 0x61, 0x10, 0x41, 0x10, 0x41, 0x10, 0x41, 0x10, 0x40, 0x10, 0x20, 0x08, 0x20, 0x08, 0x00, 0x00, 0x00, 
0x00, 0x00, 0x00, 0x00, 0x08, 0x00, 0x10, 0x20, 0x20, 0x61, 0x49, 0x45, 0x93, 0x2B, 0xB3, 0xED, 0xB3, 0xAC, 0xAB, 0x8C, 0xAB, 0x8B, 0xAB, 0x8B, 0xAB, 0x8B, 0xB3, 0x8C, 0xAB, 0x8B, 0xAB, 0x6B, 
0xB3, 0x6B, 0xB3, 0x6B, 0x9A, 0xC8, 0x92, 0x46, 0xA2, 0xC8, 0x71, 0x84, 0x81, 0xE6, 0x40, 0x81, 0x20, 0x20, 0x30, 0x41, 0x61, 0x23, 0x81, 0xC5, 0xA2, 0x88, 0xA2, 0xC9, 0x71, 0x64, 0x71, 0x64, 
0x9A, 0x47, 0x92, 0x26, 0xAA, 0xC8, 0xA2, 0x87, 0x81, 0xC4, 0x61, 0x02, 0x38, 0x61, 0x20, 0x40, 0x18, 0x00, 0x10, 0x00, 0x10, 0x20, 0x18, 0x20, 0x10, 0x00, 0x08, 0x00, 0x08, 0x00, 0x08, 0x00, 
0x08, 0x00, 0x08, 0x00, 0x08, 0x00, 0x08, 0x00, 0x08, 0x00, 0x08, 0x00, 0x00, 0x00, 0x00, 0x00, 0x00, 0x00, 0x08, 0x00, 0x08, 0x20, 0x08, 0x00, 0x00, 0x00, 0x00, 0x00, 0x00, 0x00, 0x00, 0x00, 
0x00, 0x00, 0x00, 0x00, 0x00, 0x00, 0x00, 0x00, 0x08, 0x20, 0x10, 0x41, 0x08, 0x41, 0x08, 0x20, 0x00, 0x00, 0x08, 0x00, 0x08, 0x00, 0x08, 0x00, 0x08, 0x00, 0x08, 0x00, 0x08, 0x00, 0x08, 0x00, 
0x08, 0x00, 0x00, 0x00, 0x00, 0x00, 0x08, 0x00, 0x08, 0x00, 0x08, 0x00, 0x00, 0x00, 0x00, 0x00, 0x08, 0x00, 0x00, 0x00, 0x00, 0x00, 0x08, 0x00, 0x08, 0x00, 0x08, 0x00, 0x08, 0x00, 0x00, 0x00, 
0x00, 0x00, 0x00, 0x20, 0x00, 0x00, 0x00, 0x00, 0x00, 0x00, 0x00, 0x00, 0x18, 0x20, 0x38, 0xA1, 0x59, 0x63, 0x71, 0xE4, 0x82, 0x45, 0x8A, 0xA6, 0x92, 0xC6, 0x9A, 0xE7, 0xA3, 0x07, 0xA3, 0x07, 
0xA3, 0x08, 0xAB, 0x28, 0xAB, 0x49, 0xB3, 0x8A, 0xB3, 0x8A, 0xB3, 0xAA, 0xB3, 0xAB, 0xB3, 0x8A, 0xBB, 0x8A, 0xBB, 0x8A, 0xBB, 0xAA, 0xC3, 0xEB, 0xC4, 0x0B, 0xCC, 0x0C, 0xCC, 0x2C, 0xCC, 0x4D, 
0xCC, 0x4D, 0xCC, 0x4D, 0xCC, 0x4D, 0xCC, 0x4D, 0xCC, 0x4D, 0xCC, 0x6E, 0xCC, 0x6E, 0xCC, 0x6E, 0xCC, 0x4E, 0xCC, 0x2D, 0xCC, 0x4D, 0xCC, 0x2D, 0xCC, 0x2D, 0xCC, 0x0C, 0xCB, 0xEB, 0xCB, 0xAA, 
0xCB, 0xCA, 0xCB, 0xAA, 0xCB, 0x69, 0xCB, 0x48, 0xCB, 0x27, 0xD3, 0x47, 0xDB, 0x47, 0xDB, 0x27, 0xDB, 0x26, 0xE3, 0x26, 0xE3, 0x06, 0xE2, 0xC5, 0xDA, 0xC4, 0xDA, 0xE5, 0xE2, 0xE5, 0xE3, 0x06, 
0xD2, 0xC5, 0x99, 0xA3, 0x50, 0x81, 0x28, 0x00, 0x20, 0x00, 0x20, 0x00, 0x20, 0x00, 0x48, 0x40, 0x71, 0x63, 0x91, 0xC3, 0x99, 0xE3, 0xA2, 0x44, 0xAA, 0x86, 0xB2, 0xE7, 0xB3, 0x28, 0xBB, 0x49, 
0xBB, 0x49, 0xBB, 0x49, 0xB3, 0x28, 0xA2, 0xA7, 0x89, 0xA3, 0x81, 0x62, 0x81, 0x82, 0x89, 0xA3, 0x91, 0xE4, 0x9A, 0x24, 0x9A, 0x45, 0xA2, 0x46, 0xAA, 0x66, 0xAA, 0x87, 0xB2, 0x87, 0xB2, 0xA7, 
0xBA, 0xA8, 0xBA, 0xA8, 0xBA, 0xA8, 0xC2, 0xA8, 0xC2, 0xA8, 0xC2, 0xA8, 0xC2, 0x88, 0xC2, 0x88, 0xC2, 0x88, 0xCA, 0x88, 0xCA, 0x88, 0xCA, 0xA9, 0xD2, 0xA9, 0xD2, 0xA9, 0xD2, 0xA9, 0xD2, 0xA9, 
0x00, 0x00, 0x00, 0x00, 0x00, 0x00, 0x00, 0x00, 0x00, 0x00, 0x00, 0x00, 0x00, 0x00, 0x00, 0x00, 0x00, 0x00, 0x00, 0x00, 0x00, 0x00, 0x00, 0x00, 0x08, 0x41, 0x08, 0x20, 0x08, 0x20, 0x10, 0x20, 
0x10, 0x40, 0x10, 0x41, 0x10, 0x20, 0x10, 0x20, 0x10, 0x20, 0x10, 0x40, 0x18, 0x40, 0x10, 0x40, 0x10, 0x40, 0x10, 0x40, 0x10, 0x20, 0x10, 0x20, 0x08, 0x00, 0x08, 0x00, 0x00, 0x00, 0x08, 0x00, 
0x18, 0x41, 0x10, 0x40, 0x18, 0x41, 0x30, 0xE3, 0x8A, 0xEB, 0xB3, 0xEE, 0xB3, 0xCC, 0xAB, 0xAC, 0xAB, 0x8C, 0xAB, 0x8B, 0xAB, 0xAB, 0xB3, 0xAC, 0xB3, 0xAC, 0xB3, 0xAC, 0xB3, 0x8B, 0xAB, 0x6B, 
0xAB, 0x4A, 0xA2, 0xE8, 0xA2, 0xC8, 0xA3, 0x09, 0xA2, 0xC8, 0x79, 0xA4, 0x81, 0xE5, 0x40, 0x81, 0x20, 0x20, 0x40, 0xA2, 0x79, 0x84, 0x89, 0xE6, 0xAA, 0xE9, 0xB3, 0x2A, 0x92, 0x47, 0x58, 0xE2, 
0x81, 0xE5, 0x8A, 0x06, 0xA2, 0x87, 0x9A, 0x26, 0x81, 0xA4, 0x50, 0xC1, 0x38, 0x61, 0x20, 0x20, 0x10, 0x00, 0x18, 0x00, 0x18, 0x20, 0x18, 0x00, 0x10, 0x00, 0x08, 0x00, 0x08, 0x00, 0x08, 0x00, 
0x08, 0x00, 0x08, 0x00, 0x08, 0x00, 0x08, 0x00, 0x08, 0x00, 0x08, 0x00, 0x00, 0x00, 0x00, 0x00, 0x00, 0x00, 0x08, 0x00, 0x08, 0x00, 0x08, 0x00, 0x00, 0x00, 0x00, 0x00, 0x00, 0x00, 0x00, 0x00, 
0x00, 0x00, 0x00, 0x00, 0x00, 0x00, 0x00, 0x00, 0x08, 0x20, 0x08, 0x20, 0x08, 0x40, 0x08, 0x20, 0x08, 0x00, 0x08, 0x20, 0x08, 0x00, 0x08, 0x00, 0x00, 0x00, 0x08, 0x00, 0x10, 0x20, 0x10, 0x41, 
0x08, 0x00, 0x08, 0x00, 0x00, 0x00, 0x08, 0x00, 0x08, 0x00, 0x08, 0x00, 0x00, 0x00, 0x00, 0x00, 0x08, 0x00, 0x00, 0x00, 0x00, 0x00, 0x08, 0x00, 0x08, 0x00, 0x08, 0x20, 0x08, 0x20, 0x00, 0x00, 
0x00, 0x00, 0x08, 0x20, 0x00, 0x00, 0x00, 0x00, 0x00, 0x00, 0x08, 0x00, 0x18, 0x20, 0x38, 0xA1, 0x59, 0x42, 0x71, 0xE3, 0x82, 0x45, 0x8A, 0xA6, 0x92, 0xC6, 0x9A, 0xE7, 0xA3, 0x07, 0xA3, 0x08, 
0xA3, 0x28, 0xAB, 0x49, 0xAB, 0x69, 0xB3, 0x8A, 0xBB, 0xAB, 0xB3, 0xAB, 0xB3, 0xAA, 0xB3, 0x8A, 0xB3, 0x8A, 0xB3, 0x8A, 0xBB, 0xAA, 0xBB, 0xCA, 0xC3, 0xEA, 0xC4, 0x0B, 0xCC, 0x2C, 0xCC, 0x2C, 
0xCC, 0x4D, 0xCC, 0x4D, 0xCC, 0x6D, 0xCC, 0x4D, 0xCC, 0x4D, 0xCC, 0x6E, 0xCC, 0x6E, 0xCC, 0x8F, 0xCC, 0x6E, 0xC3, 0xEC, 0xC3, 0xEC, 0xCC, 0x4E, 0xCC, 0x2D, 0xCC, 0x0C, 0xCB, 0xEB, 0xC3, 0xAA, 
0xCB, 0xAA, 0xCB, 0x89, 0xCB, 0x49, 0xCB, 0x48, 0xD3, 0x27, 0xD3, 0x06, 0xD3, 0x27, 0xDB, 0x47, 0xDB, 0x47, 0xDB, 0x47, 0xE3, 0x26, 0xE3, 0x26, 0xE3, 0x05, 0xE3, 0x25, 0xE3, 0x26, 0xE3, 0x26, 
0xE3, 0x46, 0xE3, 0x47, 0xE3, 0x66, 0xCA, 0xC5, 0xA1, 0xE4, 0x71, 0x02, 0x50, 0x60, 0x60, 0xA1, 0x91, 0xA3, 0x99, 0xE3, 0xA2, 0x24, 0xA2, 0x85, 0xAA, 0xE7, 0xB3, 0x28, 0xB3, 0x49, 0xBB, 0x8A, 
0xBB, 0x8A, 0xBB, 0x69, 0xB3, 0x49, 0xA2, 0xC7, 0x89, 0xA3, 0x81, 0x82, 0x89, 0xA3, 0x89, 0xC3, 0x92, 0x04, 0x9A, 0x25, 0xA2, 0x45, 0xA2, 0x46, 0xAA, 0x66, 0xAA, 0x87, 0xB2, 0xA7, 0xB2, 0x88, 
0xBA, 0x88, 0xBA, 0xA8, 0xBA, 0xA8, 0xC2, 0xA8, 0xC2, 0x88, 0xC2, 0x88, 0xC2, 0x88, 0xCA, 0xA8, 0xCA, 0xA8, 0xCA, 0x88, 0xCA, 0xA8, 0xCA, 0xA9, 0xD2, 0xC9, 0xD2, 0xA9, 0xD2, 0xA9, 0xD2, 0xA9, 
0x00, 0x00, 0x00, 0x00, 0x00, 0x00, 0x00, 0x00, 0x00, 0x00, 0x00, 0x00, 0x00, 0x00, 0x00, 0x00, 0x00, 0x00, 0x00, 0x00, 0x00, 0x00, 0x08, 0x20, 0x08, 0x41, 0x08, 0x20, 0x10, 0x20, 0x10, 0x40, 
0x10, 0x40, 0x10, 0x40, 0x10, 0x20, 0x10, 0x20, 0x10, 0x20, 0x18, 0x20, 0x10, 0x20, 0x10, 0x20, 0x10, 0x20, 0x10, 0x20, 0x10, 0x20, 0x08, 0x00, 0x08, 0x00, 0x08, 0x00, 0x10, 0x41, 0x18, 0x41, 
0x10, 0x20, 0x20, 0x82, 0x62, 0x28, 0xAB, 0xEE, 0xB3, 0xED, 0xAB, 0xAC, 0xAB, 0x8B, 0xAB, 0x8B, 0xAB, 0x8C, 0xAB, 0xAC, 0xB3, 0xAC, 0xB3, 0xAC, 0xB3, 0xAC, 0xB3, 0xAC, 0xAB, 0x6B, 0xA2, 0xE9, 
0x9A, 0xC8, 0xAB, 0x2A, 0xAB, 0x09, 0xAB, 0x4A, 0x8A, 0x46, 0x8A, 0x26, 0x81, 0xC5, 0x38, 0x60, 0x18, 0x20, 0x50, 0xE2, 0x81, 0xC5, 0x8A, 0x26, 0xAA, 0xE9, 0xAA, 0xE9, 0xA2, 0xA8, 0x71, 0x85, 
0x69, 0x43, 0x9A, 0x67, 0x9A, 0x67, 0x9A, 0x46, 0x71, 0x63, 0x50, 0xC1, 0x38, 0x61, 0x18, 0x20, 0x18, 0x00, 0x18, 0x20, 0x20, 0x20, 0x18, 0x00, 0x10, 0x00, 0x08, 0x00, 0x08, 0x00, 0x08, 0x00, 
0x08, 0x00, 0x08, 0x00, 0x08, 0x00, 0x08, 0x00, 0x08, 0x00, 0x08, 0x00, 0x00, 0x00, 0x00, 0x00, 0x00, 0x00, 0x08, 0x00, 0x08, 0x00, 0x00, 0x00, 0x00, 0x00, 0x00, 0x00, 0x00, 0x00, 0x00, 0x00, 
0x00, 0x00, 0x00, 0x00, 0x00, 0x00, 0x00, 0x00, 0x08, 0x00, 0x08, 0x20, 0x08, 0x41, 0x08, 0x41, 0x08, 0x20, 0x08, 0x20, 0x08, 0x00, 0x08, 0x00, 0x00, 0x00, 0x08, 0x00, 0x10, 0x20, 0x18, 0x61, 
0x08, 0x00, 0x08, 0x00, 0x08, 0x00, 0x08, 0x00, 0x08, 0x00, 0x08, 0x00, 0x08, 0x00, 0x00, 0x00, 0x08, 0x00, 0x00, 0x00, 0x00, 0x00, 0x08, 0x00, 0x08, 0x20, 0x08, 0x20, 0x08, 0x00, 0x00, 0x00, 
0x00, 0x00, 0x00, 0x00, 0x00, 0x00, 0x00, 0x00, 0x08, 0x00, 0x18, 0x40, 0x20, 0x40, 0x30, 0xA1, 0x51, 0x42, 0x69, 0xC3, 0x7A, 0x24, 0x8A, 0x65, 0x92, 0xC6, 0x9A, 0xE6, 0xA3, 0x07, 0xA3, 0x28, 
0xAB, 0x48, 0xAB, 0x69, 0xB3, 0x6A, 0xB3, 0x8A, 0xB3, 0xAB, 0xB3, 0xAB, 0xB3, 0xAB, 0xB3, 0xAA, 0xB3, 0x8A, 0xB3, 0x8A, 0xBB, 0xAA, 0xBB, 0x89, 0xC3, 0xCA, 0xC4, 0x0B, 0xCC, 0x2C, 0xCC, 0x2C, 
0xCC, 0x4D, 0xCC, 0x4D, 0xCC, 0x4D, 0xCC, 0x4D, 0xCC, 0x6E, 0xCC, 0x6E, 0xCC, 0x8E, 0xCC, 0x8F, 0xCC, 0x6E, 0xCC, 0x2D, 0xCC, 0x0D, 0xCC, 0x2E, 0xCC, 0x2D, 0xCC, 0x0D, 0xC3, 0xEB, 0xC3, 0x8A, 
0xCB, 0x8A, 0xCB, 0xAA, 0xCB, 0x89, 0xD3, 0x89, 0xD3, 0x89, 0xDB, 0x68, 0xDB, 0x88, 0xE3, 0xA8, 0xE3, 0x88, 0xE3, 0x88, 0xE3, 0x88, 0xE3, 0x67, 0xE3, 0x46, 0xE3, 0x46, 0xE3, 0x46, 0xE3, 0x46, 
0xE3, 0x46, 0xE3, 0x46, 0xE3, 0x46, 0xE3, 0x46, 0xE3, 0x66, 0xE3, 0x67, 0xDB, 0x27, 0xA2, 0x04, 0x9A, 0x03, 0x9A, 0x24, 0xA2, 0x85, 0xAA, 0xC6, 0xB3, 0x08, 0xB3, 0x49, 0xBB, 0x8A, 0xBB, 0xAB, 
0xC3, 0xAB, 0xBB, 0x8A, 0xBB, 0x6A, 0xAA, 0xE7, 0x89, 0xC4, 0x81, 0xA3, 0x89, 0xA3, 0x91, 0xE4, 0x92, 0x04, 0x9A, 0x25, 0xA2, 0x45, 0xA2, 0x45, 0xAA, 0x66, 0xAA, 0x66, 0xB2, 0x87, 0xB2, 0x87, 
0xBA, 0xA8, 0xBA, 0x88, 0xBA, 0x88, 0xC2, 0x88, 0xC2, 0x88, 0xC2, 0x88, 0xC2, 0x88, 0xCA, 0xA8, 0xCA, 0xA8, 0xCA, 0xA8, 0xCA, 0xA8, 0xD2, 0xA8, 0xD2, 0xA9, 0xD2, 0xA9, 0xD2, 0xA9, 0xD2, 0xA9, 
0x00, 0x00, 0x00, 0x00, 0x00, 0x00, 0x00, 0x00, 0x00, 0x00, 0x00, 0x00, 0x00, 0x00, 0x00, 0x00, 0x08, 0x00, 0x08, 0x20, 0x08, 0x20, 0x08, 0x20, 0x10, 0x41, 0x10, 0x20, 0x10, 0x40, 0x18, 0x40, 
0x18, 0x40, 0x10, 0x40, 0x10, 0x20, 0x10, 0x20, 0x10, 0x20, 0x10, 0x20, 0x10, 0x00, 0x08, 0x00, 0x10, 0x20, 0x10, 0x00, 0x08, 0x00, 0x08, 0x00, 0x10, 0x21, 0x18, 0x41, 0x10, 0x20, 0x18, 0x41, 
0x39, 0x04, 0x93, 0x4C, 0xBC, 0x2F, 0xB3, 0xED, 0xB3, 0xAC, 0xAB, 0xAC, 0xAB, 0x8C, 0xAB, 0x8C, 0xAB, 0x8B, 0xAB, 0xAC, 0xB3, 0xAC, 0xB3, 0xAC, 0xB3, 0xAC, 0xAB, 0x4A, 0x9A, 0xC8, 0xA2, 0xE9, 
0xAB, 0x6B, 0xAB, 0x2A, 0xB3, 0x4A, 0xAB, 0x29, 0x81, 0xE5, 0x8A, 0x26, 0x69, 0x43, 0x38, 0x61, 0x20, 0x20, 0x50, 0xE2, 0x79, 0xA4, 0x9A, 0x88, 0xBB, 0x6B, 0xB3, 0x2A, 0xAB, 0x0A, 0x9A, 0x88, 
0x59, 0x03, 0x92, 0x47, 0x9A, 0x67, 0x92, 0x05, 0x69, 0x43, 0x50, 0xC2, 0x30, 0x41, 0x18, 0x00, 0x18, 0x20, 0x20, 0x40, 0x20, 0x20, 0x18, 0x00, 0x10, 0x00, 0x08, 0x00, 0x08, 0x00, 0x08, 0x00, 
0x08, 0x00, 0x08, 0x00, 0x08, 0x00, 0x08, 0x00, 0x08, 0x00, 0x08, 0x00, 0x00, 0x00, 0x00, 0x00, 0x00, 0x00, 0x08, 0x00, 0x08, 0x00, 0x00, 0x00, 0x00, 0x00, 0x00, 0x00, 0x00, 0x00, 0x00, 0x00, 
0x00, 0x00, 0x00, 0x00, 0x00, 0x00, 0x00, 0x00, 0x08, 0x20, 0x08, 0x20, 0x08, 0x20, 0x10, 0x41, 0x08, 0x40, 0x08, 0x41, 0x00, 0x00, 0x00, 0x00, 0x00, 0x00, 0x08, 0x00, 0x10, 0x20, 0x10, 0x41, 
0x10, 0x20, 0x08, 0x00, 0x08, 0x00, 0x08, 0x00, 0x00, 0x00, 0x08, 0x00, 0x08, 0x00, 0x00, 0x00, 0x08, 0x00, 0x08, 0x00, 0x00, 0x00, 0x08, 0x00, 0x08, 0x20, 0x08, 0x20, 0x08, 0x00, 0x00, 0x00, 
0x00, 0x00, 0x00, 0x00, 0x00, 0x00, 0x08, 0x00, 0x10, 0x00, 0x20, 0x60, 0x28, 0x80, 0x30, 0xA1, 0x51, 0x22, 0x69, 0xA3, 0x7A, 0x24, 0x8A, 0x85, 0x92, 0xA6, 0x9A, 0xE6, 0xA3, 0x28, 0xA3, 0x28, 
0xAB, 0x49, 0xAB, 0x69, 0xB3, 0x8A, 0xB3, 0x8A, 0xB3, 0xAB, 0xBB, 0xAB, 0xBB, 0xAB, 0xB3, 0xAA, 0xB3, 0x8A, 0xB3, 0x8A, 0xBB, 0x8A, 0xBB, 0xA9, 0xC3, 0xCA, 0xC3, 0xEB, 0xCC, 0x2C, 0xCC, 0x2C, 
0xCC, 0x4D, 0xCC, 0x4D, 0xCC, 0x4D, 0xCC, 0x4E, 0xCC, 0x6E, 0xCC, 0x6F, 0xCC, 0x8F, 0xCC, 0x8F, 0xCC, 0x6E, 0xCC, 0x6E, 0xCC, 0x4D, 0xCC, 0x2D, 0xCC, 0x2D, 0xC4, 0x0C, 0xC3, 0xEB, 0xCB, 0xCB, 
0xCB, 0xCB, 0xCB, 0xCB, 0xD3, 0xAA, 0xD3, 0x89, 0xD3, 0xA9, 0xDB, 0xA9, 0xDB, 0xA9, 0xE3, 0xA9, 0xE3, 0xA9, 0xE3, 0xA8, 0xE3, 0xA8, 0xE3, 0x87, 0xE3, 0x67, 0xE3, 0x46, 0xE3, 0x46, 0xE3, 0x25, 
0xE3, 0x25, 0xDB, 0x05, 0xDA, 0xE5, 0xDA, 0xE5, 0xDB, 0x47, 0xD3, 0x8A, 0xA2, 0x24, 0x99, 0xE4, 0x9A, 0x24, 0xA2, 0x65, 0xAA, 0xC7, 0xB3, 0x08, 0xB3, 0x49, 0xBB, 0x69, 0xBB, 0x8A, 0xC3, 0xCB, 
0xC3, 0xCB, 0xC3, 0xAA, 0xBB, 0x8A, 0xAA, 0xC7, 0x92, 0x04, 0x89, 0xC3, 0x89, 0xC3, 0x91, 0xE4, 0x9A, 0x24, 0x9A, 0x45, 0xA2, 0x45, 0xA2, 0x45, 0xAA, 0x65, 0xAA, 0x66, 0xAA, 0x66, 0xB2, 0x86, 
0xB2, 0x87, 0xBA, 0xA8, 0xBA, 0x87, 0xC2, 0x87, 0xC2, 0x87, 0xC2, 0x87, 0xC2, 0x88, 0xCA, 0x88, 0xCA, 0xA8, 0xCA, 0xA8, 0xD2, 0xA8, 0xD2, 0xA9, 0xD2, 0xA9, 0xD2, 0xA9, 0xD2, 0xA9, 0xD2, 0xA9, 
0x00, 0x00, 0x00, 0x00, 0x00, 0x00, 0x00, 0x00, 0x00, 0x00, 0x00, 0x00, 0x08, 0x00, 0x08, 0x00, 0x08, 0x20, 0x08, 0x20, 0x08, 0x20, 0x10, 0x20, 0x10, 0x40, 0x10, 0x20, 0x10, 0x20, 0x10, 0x40, 
0x10, 0x20, 0x10, 0x20, 0x10, 0x20, 0x10, 0x20, 0x10, 0x00, 0x10, 0x00, 0x08, 0x00, 0x08, 0x00, 0x08, 0x00, 0x08, 0x00, 0x18, 0x41, 0x18, 0x61, 0x10, 0x41, 0x10, 0x20, 0x20, 0x82, 0x62, 0x08, 
0xB4, 0x2F, 0xBC, 0x2F, 0xB4, 0x0E, 0xB3, 0xCC, 0xAB, 0xAC, 0xAB, 0xAB, 0xAB, 0xAC, 0xAB, 0xAC, 0xAB, 0x8B, 0xAB, 0x8B, 0xAB, 0x8B, 0xAB, 0x6B, 0xA3, 0x2A, 0xA3, 0x09, 0xB3, 0x8B, 0xAB, 0x6B, 
0xAB, 0x2A, 0xAB, 0x4A, 0xAB, 0x4A, 0x9A, 0xA8, 0x8A, 0x26, 0x79, 0xA5, 0x58, 0xE2, 0x59, 0x02, 0x28, 0x40, 0x51, 0x03, 0x79, 0xC5, 0x9A, 0x88, 0xBB, 0x6B, 0xB3, 0x2A, 0xB3, 0x2A, 0xAA, 0xE9, 
0x79, 0xC5, 0x69, 0x64, 0x92, 0x47, 0x89, 0xE5, 0x61, 0x02, 0x40, 0x81, 0x20, 0x20, 0x18, 0x00, 0x20, 0x20, 0x38, 0x81, 0x20, 0x20, 0x18, 0x00, 0x10, 0x00, 0x08, 0x00, 0x08, 0x00, 0x08, 0x00, 
0x08, 0x00, 0x08, 0x00, 0x08, 0x00, 0x08, 0x00, 0x08, 0x00, 0x08, 0x00, 0x00, 0x00, 0x00, 0x00, 0x00, 0x00, 0x08, 0x00, 0x08, 0x20, 0x08, 0x00, 0x00, 0x00, 0x08, 0x00, 0x00, 0x00, 0x00, 0x00, 
0x00, 0x00, 0x00, 0x00, 0x00, 0x00, 0x08, 0x00, 0x10, 0x20, 0x08, 0x20, 0x08, 0x20, 0x10, 0x41, 0x10, 0x41, 0x10, 0x41, 0x00, 0x00, 0x00, 0x00, 0x00, 0x00, 0x08, 0x00, 0x08, 0x00, 0x10, 0x20, 
0x08, 0x20, 0x08, 0x20, 0x08, 0x00, 0x08, 0x00, 0x00, 0x00, 0x00, 0x00, 0x08, 0x00, 0x00, 0x00, 0x00, 0x00, 0x08, 0x00, 0x08, 0x00, 0x08, 0x00, 0x10, 0x20, 0x08, 0x20, 0x00, 0x00, 0x08, 0x00, 
0x00, 0x00, 0x08, 0x00, 0x08, 0x00, 0x10, 0x00, 0x10, 0x20, 0x20, 0x60, 0x30, 0xA1, 0x38, 0xC1, 0x49, 0x02, 0x61, 0x83, 0x71, 0xE4, 0x8A, 0x65, 0x92, 0xA6, 0x9A, 0xE7, 0xA3, 0x08, 0xA3, 0x28, 
0xAB, 0x49, 0xB3, 0x8A, 0xB3, 0x8A, 0xB3, 0x8A, 0xBB, 0xAB, 0xBB, 0xAB, 0xB3, 0xAB, 0xB3, 0x8A, 0xB3, 0x8A, 0xB3, 0x69, 0xB3, 0x89, 0xBB, 0xA9, 0xC3, 0xCB, 0xC4, 0x0C, 0xCC, 0x2C, 0xCC, 0x4D, 
0xCC, 0x4D, 0xCC, 0x4D, 0xCC, 0x4D, 0xCC, 0x6E, 0xCC, 0x6F, 0xCC, 0x8F, 0xCC, 0x8F, 0xCC, 0x8F, 0xCC, 0x6E, 0xCC, 0x4E, 0xCC, 0x2D, 0xC4, 0x0D, 0xC3, 0xEC, 0xC3, 0xEC, 0xC3, 0xEC, 0xCB, 0xEB, 
0xCB, 0xEB, 0xD3, 0xEB, 0xD3, 0xCB, 0xD3, 0xAA, 0xD3, 0xAA, 0xDB, 0xA9, 0xDB, 0xC9, 0xDB, 0xA9, 0xE3, 0xA8, 0xE3, 0xA8, 0xE3, 0xA8, 0xE3, 0x87, 0xE3, 0x67, 0xDB, 0x46, 0xD3, 0x05, 0xD2, 0xE5, 
0xCA, 0xA3, 0xCA, 0x83, 0xC2, 0xA4, 0xCB, 0x8A, 0xCC, 0x2E, 0x9A, 0x66, 0x92, 0x03, 0x9A, 0x04, 0xA2, 0x45, 0xAA, 0xA6, 0xB3, 0x07, 0xB3, 0x49, 0xBB, 0x69, 0xBB, 0x8A, 0xC3, 0xAB, 0xC3, 0xEB, 
0xC3, 0xEC, 0xC3, 0xAB, 0xBB, 0x6A, 0xA2, 0xC7, 0x92, 0x24, 0x89, 0xE4, 0x91, 0xE4, 0x92, 0x04, 0x9A, 0x24, 0xA2, 0x45, 0xA2, 0x45, 0xA2, 0x65, 0xAA, 0x65, 0xAA, 0x66, 0xAA, 0x66, 0xB2, 0x66, 
0xB2, 0x87, 0xBA, 0x87, 0xBA, 0x87, 0xBA, 0x87, 0xC2, 0x87, 0xC2, 0x87, 0xC2, 0x87, 0xCA, 0x88, 0xCA, 0xA8, 0xCA, 0xA8, 0xD2, 0xA8, 0xD2, 0xA8, 0xD2, 0xA9, 0xD2, 0xA9, 0xDA, 0xA9, 0xD2, 0xA9, 
0x00, 0x00, 0x00, 0x00, 0x00, 0x00, 0x08, 0x00, 0x08, 0x00, 0x08, 0x00, 0x08, 0x00, 0x08, 0x20, 0x08, 0x20, 0x10, 0x20, 0x10, 0x20, 0x10, 0x20, 0x10, 0x40, 0x10, 0x20, 0x10, 0x20, 0x10, 0x20, 
0x10, 0x20, 0x10, 0x20, 0x08, 0x00, 0x08, 0x00, 0x08, 0x00, 0x00, 0x00, 0x00, 0x00, 0x00, 0x00, 0x08, 0x00, 0x08, 0x00, 0x10, 0x20, 0x10, 0x20, 0x18, 0x41, 0x39, 0x04, 0x8B, 0x4D, 0xBC, 0x70, 
0xBC, 0x2F, 0xB4, 0x0E, 0xB3, 0xED, 0xB3, 0xCC, 0xAB, 0xAC, 0xAB, 0xAC, 0xAB, 0xAB, 0xAB, 0x8B, 0xAB, 0x8B, 0xAB, 0x4A, 0xA3, 0x2A, 0xA3, 0x09, 0xA3, 0x4A, 0xB3, 0xAC, 0xB3, 0xAC, 0xB3, 0x8B, 
0xB3, 0x8B, 0xB3, 0x8B, 0xB3, 0x4A, 0x9A, 0x87, 0x92, 0x67, 0x71, 0x84, 0x59, 0x03, 0x81, 0xE6, 0x38, 0x81, 0x48, 0xC2, 0x79, 0xC5, 0xA2, 0xA8, 0xBB, 0x6B, 0xB3, 0x4B, 0xB3, 0x4B, 0xB3, 0x09, 
0xAA, 0xC9, 0x61, 0x23, 0x79, 0x84, 0x79, 0x84, 0x50, 0xA1, 0x30, 0x60, 0x18, 0x00, 0x18, 0x20, 0x20, 0x20, 0x38, 0x81, 0x20, 0x20, 0x10, 0x00, 0x10, 0x00, 0x08, 0x00, 0x08, 0x00, 0x08, 0x00, 
0x08, 0x00, 0x08, 0x00, 0x08, 0x00, 0x10, 0x00, 0x08, 0x00, 0x08, 0x00, 0x00, 0x00, 0x00, 0x00, 0x00, 0x00, 0x08, 0x00, 0x08, 0x20, 0x08, 0x20, 0x08, 0x00, 0x08, 0x00, 0x00, 0x00, 0x00, 0x00, 
0x00, 0x00, 0x00, 0x00, 0x00, 0x00, 0x08, 0x20, 0x10, 0x40, 0x10, 0x41, 0x10, 0x40, 0x10, 0x41, 0x10, 0x61, 0x10, 0x41, 0x00, 0x00, 0x00, 0x00, 0x00, 0x00, 0x00, 0x00, 0x08, 0x00, 0x10, 0x20, 
0x08, 0x20, 0x10, 0x20, 0x08, 0x20, 0x08, 0x00, 0x08, 0x00, 0x00, 0x00, 0x00, 0x00, 0x08, 0x00, 0x00, 0x00, 0x00, 0x00, 0x08, 0x00, 0x08, 0x00, 0x10, 0x20, 0x08, 0x00, 0x00, 0x00, 0x08, 0x00, 
0x08, 0x00, 0x18, 0x60, 0x18, 0x20, 0x18, 0x20, 0x18, 0x20, 0x28, 0x60, 0x40, 0xE2, 0x49, 0x22, 0x51, 0x42, 0x61, 0x83, 0x71, 0xC3, 0x82, 0x45, 0x92, 0xA6, 0x9A, 0xE7, 0xA3, 0x08, 0xA3, 0x28, 
0xAB, 0x49, 0xAB, 0x6A, 0xB3, 0x8A, 0xBB, 0xAB, 0xBB, 0xCB, 0xBB, 0xCB, 0xB3, 0xAB, 0xB3, 0x8A, 0xB3, 0x89, 0xB3, 0x69, 0xB3, 0x89, 0xBB, 0x89, 0xBB, 0xCA, 0xC4, 0x0C, 0xCC, 0x4D, 0xCC, 0x4D, 
0xCC, 0x4D, 0xCC, 0x4D, 0xCC, 0x4E, 0xCC, 0x6E, 0xCC, 0x6F, 0xCC, 0x8F, 0xCC, 0x6F, 0xCC, 0x6E, 0xC4, 0x4E, 0xC4, 0x2D, 0xC4, 0x0C, 0xC3, 0xEC, 0xC4, 0x0D, 0xCC, 0x2D, 0xC4, 0x0C, 0xC3, 0xCB, 
0xC3, 0xAA, 0xCB, 0xCA, 0xCB, 0xCA, 0xD3, 0xCA, 0xD3, 0xAA, 0xD3, 0xA9, 0xDB, 0xA9, 0xDB, 0xA8, 0xDB, 0x88, 0xDB, 0x88, 0xDB, 0x87, 0xDB, 0x46, 0xD3, 0x26, 0xCA, 0xC5, 0xC2, 0x83, 0xC2, 0x84, 
0xC2, 0xA5, 0xCB, 0x27, 0xCB, 0xCC, 0xCC, 0xB0, 0x9A, 0x86, 0x89, 0xE3, 0x92, 0x04, 0x9A, 0x45, 0xA2, 0x86, 0xAA, 0xE7, 0xB3, 0x29, 0xBB, 0x6A, 0xBB, 0xAA, 0xC3, 0xCB, 0xC3, 0xEC, 0xCB, 0xEC, 
0xCB, 0xEC, 0xC3, 0xCB, 0xBB, 0x6A, 0xAA, 0xC7, 0x92, 0x24, 0x92, 0x04, 0x92, 0x04, 0x9A, 0x24, 0x9A, 0x24, 0xA2, 0x45, 0xA2, 0x65, 0xA2, 0x65, 0xAA, 0x65, 0xAA, 0x66, 0xB2, 0x66, 0xB2, 0x66, 
0xB2, 0x66, 0xB2, 0x87, 0xBA, 0x87, 0xBA, 0x67, 0xC2, 0x67, 0xC2, 0x67, 0xC2, 0x87, 0xCA, 0x88, 0xCA, 0x88, 0xCA, 0xA8, 0xD2, 0xA8, 0xD2, 0xA8, 0xD2, 0xA9, 0xDA, 0xA9, 0xDA, 0xA9, 0xD2, 0xA9, 
0x08, 0x20, 0x08, 0x00, 0x08, 0x00, 0x08, 0x00, 0x08, 0x00, 0x08, 0x00, 0x08, 0x20, 0x08, 0x20, 0x10, 0x20, 0x10, 0x20, 0x10, 0x20, 0x08, 0x20, 0x10, 0x20, 0x10, 0x20, 0x08, 0x20, 0x08, 0x20, 
0x08, 0x00, 0x08, 0x00, 0x08, 0x00, 0x08, 0x00, 0x08, 0x00, 0x08, 0x00, 0x08, 0x00, 0x00, 0x00, 0x00, 0x00, 0x08, 0x00, 0x10, 0x41, 0x20, 0x82, 0x62, 0x28, 0xAC, 0x30, 0xBC, 0x50, 0xB4, 0x4F, 
0xB4, 0x0E, 0xB3, 0xED, 0xB3, 0xCD, 0xAB, 0xAC, 0xAB, 0xAC, 0xAB, 0x8B, 0xAB, 0x8B, 0xAB, 0x8B, 0xAB, 0x8B, 0xA3, 0x4A, 0xAB, 0x4A, 0xAB, 0xAC, 0xB3, 0xAC, 0xB3, 0xCC, 0xB3, 0xCC, 0xB3, 0xAC, 
0xB3, 0xAC, 0xB3, 0x8B, 0xAB, 0x29, 0x9A, 0x67, 0x92, 0x67, 0x71, 0x64, 0x71, 0x84, 0x92, 0x47, 0x48, 0xC2, 0x40, 0xA1, 0x8A, 0x26, 0xA2, 0xC9, 0xB3, 0x4B, 0xB3, 0x4B, 0xAB, 0x0A, 0xAA, 0xE9, 
0xAA, 0xC9, 0x89, 0xE5, 0x61, 0x03, 0x69, 0x43, 0x48, 0xA1, 0x20, 0x20, 0x18, 0x00, 0x20, 0x20, 0x20, 0x20, 0x30, 0x61, 0x20, 0x20, 0x10, 0x00, 0x10, 0x00, 0x10, 0x00, 0x10, 0x00, 0x08, 0x00, 
0x08, 0x00, 0x08, 0x00, 0x08, 0x00, 0x10, 0x00, 0x10, 0x00, 0x08, 0x00, 0x08, 0x00, 0x00, 0x00, 0x00, 0x00, 0x08, 0x00, 0x08, 0x20, 0x08, 0x20, 0x08, 0x20, 0x08, 0x00, 0x00, 0x00, 0x00, 0x00, 
0x00, 0x00, 0x00, 0x00, 0x00, 0x00, 0x08, 0x20, 0x10, 0x40, 0x10, 0x41, 0x10, 0x41, 0x10, 0x41, 0x10, 0x61, 0x08, 0x20, 0x00, 0x00, 0x00, 0x00, 0x00, 0x00, 0x00, 0x00, 0x00, 0x00, 0x10, 0x41, 
0x10, 0x41, 0x10, 0x40, 0x08, 0x20, 0x08, 0x00, 0x08, 0x00, 0x00, 0x00, 0x00, 0x00, 0x00, 0x00, 0x08, 0x20, 0x08, 0x00, 0x00, 0x00, 0x08, 0x00, 0x08, 0x00, 0x08, 0x00, 0x08, 0x00, 0x08, 0x00, 
0x18, 0x40, 0x28, 0x81, 0x18, 0x40, 0x18, 0x40, 0x20, 0x40, 0x30, 0xA1, 0x49, 0x22, 0x51, 0x42, 0x61, 0x83, 0x61, 0x83, 0x71, 0xE4, 0x82, 0x45, 0x92, 0xA6, 0x9A, 0xE7, 0xA3, 0x28, 0xAB, 0x49, 
0xAB, 0x49, 0xAB, 0x6A, 0xB3, 0xAB, 0xBB, 0xCC, 0xBB, 0xCC, 0xBB, 0xCC, 0xBB, 0xCB, 0xB3, 0xAB, 0xB3, 0x8A, 0xB3, 0x89, 0xB3, 0x89, 0xBB, 0x89, 0xBB, 0xCA, 0xC4, 0x0C, 0xCC, 0x4D, 0xCC, 0x6E, 
0xCC, 0x6E, 0xCC, 0x6E, 0xCC, 0x6E, 0xCC, 0x4E, 0xC4, 0x2E, 0xC4, 0x2E, 0xC4, 0x2D, 0xC4, 0x2E, 0xC4, 0x2D, 0xC4, 0x2D, 0xC3, 0xEC, 0xC3, 0xEC, 0xC4, 0x0C, 0xC4, 0x0C, 0xC3, 0xCB, 0xC3, 0xAA, 
0xC3, 0xAA, 0xCB, 0xAA, 0xCB, 0xAA, 0xCB, 0x89, 0xCB, 0x89, 0xD3, 0x68, 0xD3, 0x67, 0xD3, 0x47, 0xCB, 0x26, 0xCB, 0x06, 0xCB, 0x06, 0xD3, 0x06, 0xD3, 0x47, 0xDB, 0x88, 0xDB, 0xA8, 0xDB, 0xA8, 
0xD3, 0x88, 0xD3, 0xCB, 0xD5, 0x12, 0x9A, 0xC8, 0x89, 0xE4, 0x92, 0x03, 0x9A, 0x44, 0xA2, 0x86, 0xAA, 0xE7, 0xB3, 0x28, 0xBB, 0x69, 0xBB, 0xAA, 0xC3, 0xCB, 0xC3, 0xEC, 0xCB, 0xEC, 0xCC, 0x0C, 
0xCC, 0x0D, 0xC3, 0xCC, 0xBB, 0x6A, 0xAA, 0xC7, 0x9A, 0x25, 0x92, 0x24, 0x9A, 0x24, 0x9A, 0x45, 0xA2, 0x45, 0xA2, 0x65, 0xA2, 0x65, 0xA2, 0x65, 0xA2, 0x65, 0xAA, 0x66, 0xB2, 0x66, 0xB2, 0x66, 
0xB2, 0x66, 0xBA, 0x67, 0xBA, 0x87, 0xBA, 0x67, 0xC2, 0x67, 0xC2, 0x87, 0xCA, 0x87, 0xCA, 0x88, 0xCA, 0x88, 0xCA, 0x88, 0xD2, 0xA8, 0xD2, 0xA8, 0xD2, 0xA9, 0xDA, 0xA9, 0xDA, 0xA9, 0xDA, 0xA9, 
0x08, 0x20, 0x08, 0x20, 0x08, 0x20, 0x08, 0x20, 0x08, 0x00, 0x08, 0x00, 0x08, 0x20, 0x08, 0x00, 0x08, 0x20, 0x08, 0x20, 0x08, 0x20, 0x08, 0x20, 0x08, 0x00, 0x08, 0x00, 0x08, 0x00, 0x08, 0x00, 
0x08, 0x00, 0x08, 0x20, 0x08, 0x00, 0x08, 0x20, 0x10, 0x20, 0x10, 0x40, 0x08, 0x20, 0x00, 0x00, 0x08, 0x00, 0x18, 0x41, 0x39, 0x25, 0x93, 0x8E, 0xBC, 0x91, 0xBC, 0x50, 0xBC, 0x50, 0xB4, 0x2F, 
0xB4, 0x0E, 0xB3, 0xED, 0xAB, 0xCC, 0xAB, 0xAC, 0xAB, 0x8B, 0xAB, 0x8B, 0xAB, 0xAC, 0xAB, 0xAB, 0xAB, 0x6B, 0xAB, 0x6B, 0xB3, 0xAC, 0xB3, 0xCC, 0xB3, 0xCC, 0xB3, 0xCD, 0xB3, 0xCC, 0xB3, 0xAC, 
0xB3, 0xAC, 0xB3, 0x8B, 0x9A, 0xA8, 0xA2, 0xA8, 0x92, 0x46, 0x71, 0x84, 0x71, 0x64, 0x92, 0x47, 0x61, 0x44, 0x38, 0x81, 0x8A, 0x27, 0xA2, 0xC9, 0xBB, 0x6B, 0xBB, 0x8C, 0xB3, 0x4B, 0xB3, 0x2A, 
0xAA, 0xE9, 0xA2, 0xC8, 0x71, 0x64, 0x48, 0xA1, 0x38, 0x60, 0x20, 0x00, 0x20, 0x20, 0x20, 0x20, 0x28, 0x20, 0x20, 0x00, 0x18, 0x00, 0x10, 0x00, 0x10, 0x00, 0x10, 0x00, 0x10, 0x00, 0x08, 0x00, 
0x08, 0x00, 0x10, 0x00, 0x10, 0x00, 0x10, 0x00, 0x10, 0x00, 0x08, 0x00, 0x08, 0x00, 0x08, 0x00, 0x00, 0x00, 0x08, 0x00, 0x08, 0x20, 0x08, 0x20, 0x08, 0x20, 0x08, 0x20, 0x00, 0x00, 0x08, 0x00, 
0x00, 0x00, 0x00, 0x00, 0x08, 0x00, 0x08, 0x20, 0x10, 0x20, 0x10, 0x41, 0x10, 0x41, 0x10, 0x41, 0x10, 0x61, 0x08, 0x00, 0x00, 0x00, 0x00, 0x00, 0x00, 0x00, 0x00, 0x00, 0x00, 0x00, 0x08, 0x20, 
0x10, 0x61, 0x10, 0x41, 0x08, 0x20, 0x08, 0x00, 0x00, 0x00, 0x08, 0x00, 0x00, 0x00, 0x00, 0x00, 0x08, 0x00, 0x08, 0x20, 0x08, 0x00, 0x08, 0x00, 0x08, 0x00, 0x08, 0x00, 0x10, 0x00, 0x18, 0x20, 
0x20, 0x60, 0x20, 0x60, 0x20, 0x40, 0x20, 0x40, 0x20, 0x60, 0x38, 0xE1, 0x59, 0x83, 0x69, 0xC4, 0x69, 0xC3, 0x69, 0xA3, 0x71, 0xC4, 0x82, 0x25, 0x92, 0x86, 0x9A, 0xE7, 0xA3, 0x29, 0xAB, 0x49, 
0xAB, 0x6A, 0xB3, 0xAB, 0xBB, 0xCC, 0xBB, 0xEC, 0xBB, 0xED, 0xBB, 0xEC, 0xBB, 0xCC, 0xBB, 0xCB, 0xB3, 0xAB, 0xB3, 0x8A, 0xB3, 0x69, 0xB3, 0x89, 0xBB, 0xCA, 0xC4, 0x2C, 0xCC, 0x4D, 0xCC, 0x6E, 
0xCC, 0x6E, 0xCC, 0x4E, 0xC4, 0x2D, 0xC4, 0x0D, 0xC3, 0xEC, 0xC3, 0xEC, 0xC4, 0x0D, 0xC4, 0x2D, 0xC3, 0xEC, 0xBB, 0xCB, 0xBB, 0xAB, 0xBB, 0xCB, 0xBB, 0xCB, 0xBB, 0xAB, 0xBB, 0x8A, 0xBB, 0x69, 
0xBB, 0x48, 0xBB, 0x28, 0xBB, 0x07, 0xBA, 0xC6, 0xBA, 0xC5, 0xBA, 0xC5, 0xC2, 0xE6, 0xD3, 0x47, 0xDB, 0xA9, 0xDB, 0xEA, 0xE4, 0x0B, 0xE4, 0x0B, 0xE4, 0x0A, 0xDB, 0xEA, 0xDB, 0xC9, 0xCB, 0x68, 
0xCB, 0xAA, 0xDD, 0x12, 0xB3, 0xAC, 0x92, 0x24, 0x8A, 0x04, 0x92, 0x24, 0xA2, 0x86, 0xAA, 0xE7, 0xB3, 0x28, 0xBB, 0x69, 0xBB, 0x8A, 0xC3, 0xAB, 0xC3, 0xCB, 0xCB, 0xEC, 0xCC, 0x0D, 0xCC, 0x0D, 
0xCC, 0x2D, 0xCB, 0xEC, 0xBB, 0x49, 0xAA, 0xC7, 0x9A, 0x45, 0x9A, 0x25, 0x9A, 0x44, 0x9A, 0x45, 0xA2, 0x65, 0xA2, 0x86, 0xAA, 0x86, 0xAA, 0x65, 0xA2, 0x45, 0xAA, 0x65, 0xB2, 0x66, 0xB2, 0x66, 
0xB2, 0x66, 0xBA, 0x66, 0xBA, 0x87, 0xBA, 0x67, 0xC2, 0x67, 0xC2, 0x67, 0xCA, 0x67, 0xCA, 0x87, 0xCA, 0x88, 0xD2, 0x88, 0xD2, 0xA8, 0xD2, 0xA8, 0xDA, 0xA9, 0xDA, 0xA9, 0xDA, 0xA9, 0xDA, 0xA9, 
0x08, 0x00, 0x08, 0x00, 0x08, 0x00, 0x08, 0x00, 0x08, 0x00, 0x00, 0x00, 0x00, 0x00, 0x00, 0x00, 0x08, 0x00, 0x08, 0x00, 0x00, 0x00, 0x00, 0x00, 0x00, 0x00, 0x08, 0x00, 0x08, 0x20, 0x10, 0x41, 
0x10, 0x41, 0x10, 0x62, 0x10, 0x41, 0x10, 0x41, 0x10, 0x41, 0x10, 0x20, 0x00, 0x00, 0x00, 0x00, 0x18, 0x62, 0x5A, 0x29, 0xB4, 0x91, 0xBC, 0x91, 0xBC, 0x70, 0xBC, 0x70, 0xBC, 0x50, 0xBC, 0x4F, 
0xB4, 0x2F, 0xB3, 0xEE, 0xB3, 0xCD, 0xAB, 0xCC, 0xAB, 0xAC, 0xAB, 0xCC, 0xAB, 0xAC, 0xAB, 0x8B, 0xAB, 0xAC, 0xB3, 0xCC, 0xB3, 0xCC, 0xB3, 0xCC, 0xB3, 0xCC, 0xB3, 0xCC, 0xB3, 0xCC, 0xB3, 0xAC, 
0xBB, 0xCC, 0xB3, 0x6B, 0x9A, 0x87, 0xA2, 0xC8, 0x8A, 0x26, 0x71, 0x84, 0x79, 0xC5, 0x9A, 0x67, 0x82, 0x06, 0x30, 0x81, 0x82, 0x06, 0xA2, 0xC9, 0xBB, 0x8C, 0xBB, 0x8C, 0xBB, 0x6B, 0xB3, 0x4A, 
0xAB, 0x09, 0xB3, 0x09, 0x9A, 0x47, 0x48, 0xA1, 0x28, 0x20, 0x20, 0x00, 0x30, 0x60, 0x20, 0x20, 0x20, 0x20, 0x18, 0x00, 0x18, 0x00, 0x10, 0x00, 0x10, 0x00, 0x10, 0x00, 0x10, 0x00, 0x08, 0x00, 
0x08, 0x00, 0x10, 0x00, 0x10, 0x00, 0x10, 0x00, 0x08, 0x00, 0x08, 0x00, 0x08, 0x00, 0x08, 0x00, 0x08, 0x00, 0x08, 0x20, 0x08, 0x20, 0x08, 0x00, 0x08, 0x21, 0x08, 0x20, 0x00, 0x00, 0x08, 0x00, 
0x08, 0x00, 0x00, 0x00, 0x00, 0x00, 0x08, 0x00, 0x10, 0x40, 0x10, 0x61, 0x10, 0x41, 0x10, 0x41, 0x10, 0x41, 0x00, 0x00, 0x00, 0x00, 0x00, 0x00, 0x00, 0x00, 0x00, 0x00, 0x00, 0x00, 0x00, 0x00, 
0x10, 0x61, 0x10, 0x41, 0x08, 0x20, 0x08, 0x00, 0x00, 0x00, 0x00, 0x00, 0x00, 0x00, 0x00, 0x00, 0x00, 0x00, 0x10, 0x20, 0x08, 0x20, 0x08, 0x00, 0x08, 0x00, 0x08, 0x00, 0x18, 0x20, 0x20, 0x61, 
0x20, 0x60, 0x20, 0x40, 0x20, 0x40, 0x28, 0x60, 0x30, 0xA1, 0x41, 0x02, 0x61, 0xA3, 0x72, 0x04, 0x71, 0xE4, 0x71, 0xE4, 0x71, 0xE4, 0x82, 0x25, 0x92, 0xA6, 0x9A, 0xE7, 0xAB, 0x48, 0xAB, 0x69, 
0xB3, 0x8A, 0xB3, 0xAB, 0xBB, 0xCC, 0xBB, 0xED, 0xBB, 0xED, 0xBB, 0xED, 0xBB, 0xEC, 0xBB, 0xEC, 0xB3, 0xCB, 0xB3, 0xAA, 0xB3, 0x89, 0xB3, 0x89, 0xBB, 0xEB, 0xC4, 0x2C, 0xC4, 0x4D, 0xC4, 0x2D, 
0xC4, 0x0C, 0xBB, 0xEC, 0xBB, 0xCB, 0xBB, 0xAB, 0xBB, 0xAB, 0xBB, 0xAB, 0xBB, 0x8A, 0xBB, 0x8A, 0xBB, 0x8A, 0xB3, 0x69, 0xB3, 0x49, 0xB3, 0x49, 0xB3, 0x28, 0xAA, 0xE7, 0xAA, 0xA6, 0xA2, 0x85, 
0xA2, 0x65, 0xB2, 0xA5, 0xBA, 0xE6, 0xC3, 0x07, 0xD3, 0x89, 0xD3, 0xAA, 0xDB, 0xEA, 0xDC, 0x0B, 0xE4, 0x2C, 0xE4, 0x4C, 0xE4, 0x4C, 0xE4, 0x4C, 0xDC, 0x0B, 0xD3, 0xA9, 0xBA, 0xE6, 0xB3, 0x28, 
0xD4, 0xD1, 0xCC, 0xD1, 0x92, 0x45, 0x92, 0x24, 0x92, 0x45, 0x9A, 0x86, 0xA2, 0xC7, 0xB3, 0x08, 0xB3, 0x69, 0xBB, 0x8A, 0xC3, 0xAA, 0xC3, 0xEB, 0xCC, 0x0C, 0xCC, 0x0D, 0xCC, 0x2D, 0xD4, 0x2D, 
0xD4, 0x2D, 0xCC, 0x0C, 0xB3, 0x29, 0xAA, 0xC7, 0xA2, 0x65, 0xA2, 0x45, 0xA2, 0x45, 0xA2, 0x65, 0xA2, 0x86, 0xAA, 0x86, 0xAA, 0xA6, 0xAA, 0x86, 0xAA, 0x86, 0xAA, 0x65, 0xB2, 0x86, 0xB2, 0x66, 
0xB2, 0x66, 0xBA, 0x66, 0xBA, 0x66, 0xBA, 0x67, 0xC2, 0x67, 0xC2, 0x67, 0xCA, 0x87, 0xCA, 0x88, 0xD2, 0x88, 0xD2, 0x88, 0xD2, 0xA8, 0xDA, 0xA9, 0xDA, 0xA9, 0xDA, 0xA9, 0xDA, 0xA9, 0xDA, 0xA9, 
0x00, 0x00, 0x00, 0x00, 0x00, 0x00, 0x00, 0x00, 0x00, 0x00, 0x00, 0x00, 0x00, 0x00, 0x00, 0x00, 0x00, 0x00, 0x00, 0x00, 0x00, 0x00, 0x08, 0x00, 0x08, 0x00, 0x08, 0x20, 0x10, 0x41, 0x10, 0x63, 
0x18, 0xA4, 0x42, 0x2C, 0x20, 0xA3, 0x10, 0x20, 0x08, 0x00, 0x08, 0x20, 0x08, 0x00, 0x10, 0x21, 0x51, 0xC7, 0xBC, 0xD2, 0xBC, 0x91, 0xBC, 0x91, 0xBC, 0x91, 0xBC, 0x90, 0xBC, 0x70, 0xB4, 0x70, 
0xB4, 0x4F, 0xB4, 0x2E, 0xB4, 0x0D, 0xB3, 0xED, 0xB3, 0xCC, 0xB3, 0xAC, 0xB3, 0xAC, 0xB3, 0xAC, 0xB3, 0xCC, 0xB3, 0xCC, 0xB3, 0xCC, 0xB3, 0xCC, 0xB3, 0xCC, 0xB3, 0xCC, 0xB3, 0xCC, 0xB3, 0xCC, 
0xB3, 0xCC, 0xAB, 0x6A, 0xA2, 0xC8, 0x9A, 0x87, 0x8A, 0x06, 0x79, 0xC5, 0x92, 0x67, 0x9A, 0x88, 0x9A, 0x88, 0x40, 0xC2, 0x71, 0xA4, 0x9A, 0x88, 0xBB, 0x8C, 0xBB, 0x8C, 0xBB, 0x8B, 0xB3, 0x4A, 
0xAA, 0xE9, 0xAA, 0xE9, 0x92, 0x46, 0x58, 0xE2, 0x20, 0x00, 0x20, 0x20, 0x38, 0x81, 0x20, 0x20, 0x28, 0x40, 0x18, 0x00, 0x10, 0x00, 0x10, 0x00, 0x10, 0x00, 0x10, 0x00, 0x10, 0x00, 0x08, 0x00, 
0x08, 0x00, 0x10, 0x00, 0x10, 0x00, 0x10, 0x00, 0x10, 0x00, 0x08, 0x00, 0x08, 0x00, 0x08, 0x00, 0x08, 0x00, 0x08, 0x20, 0x10, 0x20, 0x08, 0x20, 0x08, 0x21, 0x10, 0x41, 0x08, 0x00, 0x08, 0x00, 
0x08, 0x00, 0x00, 0x00, 0x08, 0x00, 0x08, 0x20, 0x10, 0x20, 0x18, 0x61, 0x10, 0x61, 0x10, 0x41, 0x08, 0x20, 0x00, 0x00, 0x00, 0x00, 0x00, 0x00, 0x00, 0x00, 0x00, 0x00, 0x00, 0x00, 0x00, 0x00, 
0x08, 0x41, 0x10, 0x61, 0x08, 0x20, 0x08, 0x00, 0x00, 0x00, 0x00, 0x00, 0x00, 0x00, 0x00, 0x00, 0x00, 0x00, 0x08, 0x00, 0x08, 0x20, 0x10, 0x20, 0x10, 0x00, 0x10, 0x00, 0x18, 0x20, 0x20, 0x61, 
0x18, 0x40, 0x20, 0x40, 0x28, 0x60, 0x30, 0xA1, 0x41, 0x02, 0x51, 0x43, 0x61, 0xA3, 0x69, 0xE4, 0x71, 0xE4, 0x7A, 0x04, 0x7A, 0x04, 0x82, 0x25, 0x92, 0xA6, 0xA3, 0x08, 0xAB, 0x49, 0xB3, 0x8A, 
0xB3, 0xAB, 0xBB, 0xCB, 0xBB, 0xEC, 0xBB, 0xED, 0xBB, 0xED, 0xBB, 0xED, 0xBB, 0xED, 0xBB, 0xCC, 0xB3, 0xAB, 0xB3, 0x89, 0xAB, 0x49, 0xB3, 0x89, 0xBC, 0x0C, 0xC4, 0x2C, 0xBB, 0xEC, 0xBB, 0xAA, 
0xB3, 0x49, 0xAB, 0x28, 0xAB, 0x08, 0xAB, 0x28, 0xB3, 0x28, 0xB3, 0x28, 0xB3, 0x28, 0xB3, 0x08, 0xB3, 0x08, 0xAB, 0x07, 0xAA, 0xE7, 0xAA, 0xC6, 0xA2, 0xA6, 0xAA, 0xA6, 0xAA, 0xC6, 0xB2, 0xE7, 
0xBB, 0x28, 0xC3, 0x8A, 0xCB, 0xCA, 0xD3, 0xEB, 0xDC, 0x0C, 0xDC, 0x2C, 0xDC, 0x2C, 0xDC, 0x4D, 0xDC, 0x6D, 0xDC, 0x6D, 0xDC, 0x4D, 0xD4, 0x0B, 0xC3, 0x88, 0xAA, 0xA6, 0xA2, 0xC7, 0xCC, 0x8F, 
0xD5, 0x53, 0xA2, 0xE8, 0x92, 0x25, 0x9A, 0x45, 0x9A, 0x86, 0xA2, 0xC7, 0xAB, 0x08, 0xB3, 0x49, 0xBB, 0x8A, 0xBB, 0xAA, 0xC3, 0xCB, 0xCC, 0x0C, 0xCC, 0x0D, 0xCC, 0x2D, 0xD4, 0x2D, 0xD4, 0x2D, 
0xCC, 0x0D, 0xCB, 0xEC, 0xB3, 0x29, 0xAA, 0xC7, 0xAA, 0xA6, 0xA2, 0x85, 0xA2, 0x85, 0xA2, 0x85, 0xAA, 0x86, 0xAA, 0xA6, 0xAA, 0xA6, 0xAA, 0xA6, 0xAA, 0x86, 0xAA, 0x86, 0xB2, 0x66, 0xB2, 0x66, 
0xB2, 0x66, 0xBA, 0x66, 0xBA, 0x66, 0xBA, 0x67, 0xC2, 0x67, 0xC2, 0x67, 0xCA, 0x87, 0xD2, 0x88, 0xD2, 0x88, 0xD2, 0x88, 0xD2, 0xA8, 0xDA, 0xA8, 0xDA, 0xA9, 0xDA, 0xA9, 0xE2, 0xA9, 0xE2, 0xA9, 
0x00, 0x00, 0x00, 0x00, 0x00, 0x00, 0x00, 0x00, 0x00, 0x00, 0x00, 0x00, 0x00, 0x00, 0x00, 0x00, 0x00, 0x00, 0x08, 0x00, 0x08, 0x20, 0x08, 0x20, 0x08, 0x20, 0x08, 0x20, 0x10, 0x41, 0x18, 0xA3, 
0x29, 0x26, 0x63, 0x0F, 0x20, 0xA3, 0x10, 0x40, 0x08, 0x00, 0x10, 0x20, 0x00, 0x00, 0x10, 0x20, 0x72, 0xAB, 0xBC, 0xB2, 0xBC, 0xB1, 0xBC, 0xB1, 0xBC, 0xB1, 0xBC, 0xB1, 0xBC, 0x91, 0xBC, 0x70, 
0xBC, 0x6F, 0xB4, 0x4F, 0xB4, 0x0E, 0xB3, 0xED, 0xB3, 0xCC, 0xB3, 0xCC, 0xB3, 0xCC, 0xB3, 0xCC, 0xB3, 0xCC, 0xB3, 0xCC, 0xB3, 0xCC, 0xB3, 0xCC, 0xB3, 0xCC, 0xB3, 0xCC, 0xB3, 0xCC, 0xB3, 0xCC, 
0xB3, 0xAC, 0xA3, 0x09, 0xA2, 0xE8, 0x92, 0x67, 0x82, 0x05, 0x82, 0x05, 0x9A, 0x87, 0xAA, 0xE9, 0xA2, 0xE9, 0x61, 0x43, 0x51, 0x03, 0x9A, 0x68, 0xB3, 0x6B, 0xBB, 0x6B, 0xBB, 0x8B, 0xAB, 0x09, 
0xAB, 0x09, 0x9A, 0x67, 0x81, 0xA5, 0x40, 0x81, 0x20, 0x00, 0x28, 0x20, 0x30, 0x60, 0x20, 0x20, 0x28, 0x40, 0x20, 0x00, 0x10, 0x00, 0x10, 0x00, 0x18, 0x00, 0x18, 0x20, 0x10, 0x00, 0x08, 0x00, 
0x08, 0x00, 0x10, 0x00, 0x10, 0x00, 0x10, 0x00, 0x10, 0x00, 0x08, 0x00, 0x08, 0x00, 0x08, 0x00, 0x08, 0x00, 0x08, 0x20, 0x10, 0x41, 0x08, 0x20, 0x08, 0x20, 0x08, 0x40, 0x08, 0x20, 0x08, 0x20, 
0x08, 0x00, 0x08, 0x00, 0x08, 0x20, 0x10, 0x20, 0x08, 0x20, 0x18, 0x61, 0x18, 0x61, 0x10, 0x61, 0x00, 0x00, 0x00, 0x00, 0x00, 0x00, 0x00, 0x00, 0x00, 0x00, 0x00, 0x00, 0x00, 0x00, 0x00, 0x00, 
0x00, 0x00, 0x18, 0x82, 0x08, 0x20, 0x08, 0x00, 0x00, 0x00, 0x00, 0x00, 0x00, 0x00, 0x00, 0x00, 0x00, 0x00, 0x00, 0x00, 0x08, 0x00, 0x10, 0x00, 0x10, 0x00, 0x10, 0x00, 0x10, 0x20, 0x18, 0x00, 
0x18, 0x20, 0x20, 0x40, 0x28, 0x80, 0x30, 0xA1, 0x41, 0x02, 0x49, 0x22, 0x59, 0x43, 0x61, 0x83, 0x69, 0xA3, 0x7A, 0x04, 0x82, 0x25, 0x8A, 0x45, 0x92, 0xA6, 0xA3, 0x07, 0xAB, 0x49, 0xB3, 0x8A, 
0xB3, 0xAB, 0xBB, 0xEC, 0xBC, 0x0D, 0xBC, 0x0D, 0xBB, 0xED, 0xBC, 0x0D, 0xBC, 0x0D, 0xBB, 0xCC, 0xB3, 0xAA, 0xAB, 0x49, 0xAB, 0x28, 0xB3, 0x89, 0xB3, 0xAA, 0xAB, 0x49, 0xA3, 0x07, 0xA2, 0xE7, 
0xA2, 0xE7, 0xAA, 0xE7, 0xAB, 0x28, 0xB3, 0x28, 0xB3, 0x28, 0xB3, 0x08, 0xB3, 0x08, 0xB3, 0x07, 0xB3, 0x07, 0xAB, 0x07, 0xAA, 0xE7, 0xB3, 0x07, 0xB3, 0x28, 0xBB, 0x49, 0xBB, 0x69, 0xC3, 0x8A, 
0xC3, 0xCB, 0xCC, 0x0C, 0xD4, 0x2D, 0xD4, 0x2D, 0xDC, 0x4D, 0xDC, 0x4E, 0xDC, 0x6D, 0xDC, 0x4D, 0xDC, 0x4D, 0xD4, 0x2C, 0xCB, 0xEA, 0xBB, 0x48, 0xAA, 0x85, 0x9A, 0x66, 0xC4, 0x6F, 0xCC, 0xF2, 
0xBC, 0x6F, 0x92, 0x65, 0x9A, 0x65, 0xA2, 0x86, 0xA2, 0xC7, 0xAB, 0x08, 0xB3, 0x49, 0xBB, 0x8A, 0xC3, 0xAB, 0xC3, 0xCB, 0xCB, 0xEC, 0xCC, 0x0D, 0xCC, 0x0D, 0xD4, 0x2D, 0xD4, 0x4E, 0xD4, 0x2D, 
0xCC, 0x0D, 0xCB, 0xCC, 0xBB, 0x49, 0xB2, 0xE7, 0xAA, 0xC6, 0xAA, 0xA6, 0xAA, 0xC6, 0xAA, 0xA6, 0xAA, 0xA6, 0xB2, 0xC6, 0xB2, 0xC6, 0xB2, 0xA6, 0xB2, 0xA6, 0xB2, 0x86, 0xB2, 0x66, 0xB2, 0x66, 
0xB2, 0x66, 0xBA, 0x66, 0xBA, 0x66, 0xC2, 0x66, 0xC2, 0x66, 0xC2, 0x67, 0xCA, 0x87, 0xD2, 0x87, 0xD2, 0x88, 0xD2, 0xA8, 0xDA, 0xA8, 0xDA, 0xA9, 0xDA, 0xC9, 0xDA, 0xC9, 0xE2, 0xA8, 0xE2, 0xA8, 
0x10, 0x40, 0x10, 0x20, 0x10, 0x20, 0x08, 0x20, 0x08, 0x20, 0x08, 0x00, 0x00, 0x00, 0x00, 0x00, 0x00, 0x00, 0x00, 0x00, 0x08, 0x20, 0x08, 0x20, 0x08, 0x20, 0x08, 0x20, 0x10, 0x41, 0x18, 0x83, 
0x18, 0xC4, 0x4A, 0x2B, 0x29, 0x05, 0x10, 0x41, 0x08, 0x00, 0x10, 0x41, 0x00, 0x00, 0x08, 0x00, 0x5A, 0x29, 0xBC, 0xB2, 0xBC, 0xB2, 0xBC, 0xD2, 0xBC, 0xD2, 0xBC, 0xB1, 0xBC, 0xB1, 0xBC, 0x90, 
0xBC, 0x70, 0xB4, 0x4F, 0xB4, 0x0E, 0xB3, 0xED, 0xB3, 0xCC, 0xB3, 0xEC, 0xB3, 0xCD, 0xB3, 0xCC, 0xB3, 0xCC, 0xB3, 0xAC, 0xB3, 0xCC, 0xB3, 0xCC, 0xB3, 0xCC, 0xB3, 0xCC, 0xB3, 0xCC, 0xB3, 0xCC, 
0xB3, 0x8B, 0xA2, 0xE8, 0xAB, 0x09, 0x92, 0x87, 0x82, 0x06, 0x9A, 0xA8, 0x9A, 0xC8, 0xAB, 0x2A, 0xB3, 0x4A, 0x8A, 0x46, 0x40, 0xA2, 0x82, 0x06, 0xB3, 0x6B, 0xBB, 0x6B, 0xBB, 0x6B, 0xAA, 0xE8, 
0xAA, 0xE9, 0x92, 0x06, 0x61, 0x23, 0x28, 0x20, 0x28, 0x40, 0x30, 0x40, 0x28, 0x20, 0x28, 0x20, 0x20, 0x20, 0x18, 0x00, 0x10, 0x00, 0x18, 0x00, 0x18, 0x00, 0x20, 0x40, 0x10, 0x00, 0x08, 0x00, 
0x10, 0x00, 0x10, 0x00, 0x10, 0x00, 0x10, 0x00, 0x10, 0x00, 0x08, 0x00, 0x08, 0x20, 0x08, 0x20, 0x08, 0x20, 0x10, 0x21, 0x10, 0x41, 0x10, 0x41, 0x08, 0x20, 0x08, 0x20, 0x10, 0x40, 0x08, 0x20, 
0x08, 0x20, 0x08, 0x20, 0x10, 0x20, 0x08, 0x00, 0x08, 0x00, 0x10, 0x61, 0x18, 0x62, 0x10, 0x41, 0x00, 0x00, 0x00, 0x00, 0x00, 0x00, 0x00, 0x00, 0x00, 0x00, 0x00, 0x00, 0x00, 0x00, 0x00, 0x00, 
0x00, 0x00, 0x10, 0x61, 0x10, 0x41, 0x08, 0x00, 0x00, 0x00, 0x00, 0x00, 0x00, 0x00, 0x00, 0x00, 0x00, 0x00, 0x08, 0x00, 0x10, 0x00, 0x10, 0x00, 0x10, 0x00, 0x10, 0x00, 0x18, 0x20, 0x18, 0x20, 
0x20, 0x40, 0x28, 0x81, 0x30, 0xA1, 0x38, 0xC1, 0x48, 0xE1, 0x51, 0x22, 0x61, 0x83, 0x71, 0xE4, 0x82, 0x05, 0x8A, 0x66, 0x92, 0xA6, 0x92, 0xA6, 0x9A, 0xC7, 0xA3, 0x28, 0xAB, 0x49, 0xB3, 0x8A, 
0xB3, 0xCB, 0xBB, 0xED, 0xBC, 0x0D, 0xBC, 0x0D, 0xBC, 0x0D, 0xBB, 0xED, 0xB3, 0xCC, 0xB3, 0xAB, 0xAB, 0x69, 0xA3, 0x07, 0xA3, 0x07, 0xA3, 0x07, 0x9A, 0xA6, 0xA2, 0xC7, 0xAB, 0x08, 0xB3, 0x28, 
0xB3, 0x49, 0xB3, 0x69, 0xB3, 0x8A, 0xB3, 0x6A, 0xB3, 0x69, 0xB3, 0x49, 0xB3, 0x48, 0xB3, 0x28, 0xB3, 0x27, 0xB3, 0x28, 0xBB, 0x69, 0xBB, 0x8A, 0xBB, 0x8A, 0xC3, 0xCB, 0xC3, 0xCC, 0xCC, 0x0D, 
0xCC, 0x2D, 0xD4, 0x4E, 0xD4, 0x4E, 0xD4, 0x4E, 0xD4, 0x4E, 0xD4, 0x4E, 0xD4, 0x4D, 0xD4, 0x2C, 0xCB, 0xEB, 0xC3, 0x89, 0xB3, 0x07, 0xAA, 0xA5, 0xA2, 0x85, 0xBC, 0x0D, 0xC4, 0xB0, 0xD5, 0x95, 
0x9A, 0xC8, 0x9A, 0x65, 0x9A, 0x86, 0xA2, 0xC7, 0xAB, 0x08, 0xB3, 0x49, 0xBB, 0x8A, 0xBB, 0xAA, 0xC3, 0xCB, 0xCB, 0xEC, 0xCC, 0x0C, 0xCC, 0x0C, 0xCC, 0x2D, 0xD4, 0x2D, 0xD4, 0x4E, 0xD4, 0x2D, 
0xCB, 0xEC, 0xC3, 0xCB, 0xBB, 0x49, 0xB2, 0xE7, 0xB2, 0xE6, 0xAA, 0xC6, 0xB2, 0xE7, 0xB2, 0xE7, 0xB2, 0xE6, 0xB2, 0xE6, 0xB2, 0xE7, 0xB2, 0xC6, 0xB2, 0xA6, 0xB2, 0x86, 0xB2, 0x66, 0xB2, 0x66, 
0xB2, 0x66, 0xBA, 0x66, 0xBA, 0x66, 0xC2, 0x66, 0xC2, 0x66, 0xCA, 0x67, 0xCA, 0x87, 0xD2, 0x87, 0xD2, 0x87, 0xD2, 0x88, 0xDA, 0xA8, 0xDA, 0xA9, 0xDA, 0xA9, 0xE2, 0xA8, 0xE2, 0x88, 0xE2, 0x88, 
0x18, 0x61, 0x18, 0x61, 0x18, 0x61, 0x18, 0x62, 0x18, 0x82, 0x18, 0x61, 0x08, 0x00, 0x00, 0x00, 0x00, 0x00, 0x00, 0x00, 0x08, 0x20, 0x08, 0x20, 0x08, 0x20, 0x08, 0x20, 0x08, 0x41, 0x18, 0x83, 
0x20, 0xE5, 0x52, 0x8D, 0x52, 0x4B, 0x18, 0x61, 0x08, 0x00, 0x10, 0x41, 0x08, 0x00, 0x00, 0x00, 0x18, 0x82, 0xAC, 0x51, 0xBC, 0xD3, 0xBC, 0xD2, 0xBC, 0xD2, 0xBC, 0xD2, 0xBC, 0xB1, 0xBC, 0x91, 
0xBC, 0x70, 0xBC, 0x4F, 0xB4, 0x2E, 0xB4, 0x0D, 0xB3, 0xED, 0xB3, 0xED, 0xB3, 0xED, 0xB3, 0xCC, 0xB3, 0xCC, 0xB3, 0xCC, 0xB3, 0xCC, 0xB3, 0xCC, 0xB3, 0xCC, 0xB3, 0xCC, 0xB3, 0xCC, 0xB3, 0xCC, 
0xAB, 0x6B, 0xA3, 0x2A, 0xB3, 0x6B, 0x92, 0x88, 0x8A, 0x26, 0xA3, 0x09, 0xA3, 0x09, 0xAB, 0x0A, 0xB3, 0x6B, 0xA2, 0xE9, 0x59, 0x03, 0x61, 0x44, 0xAB, 0x4B, 0xB3, 0x2A, 0xAB, 0x09, 0xA2, 0xA8, 
0x9A, 0x46, 0x89, 0xE5, 0x40, 0xA1, 0x20, 0x20, 0x40, 0x81, 0x48, 0xA1, 0x28, 0x20, 0x28, 0x40, 0x20, 0x20, 0x18, 0x00, 0x18, 0x00, 0x18, 0x00, 0x20, 0x20, 0x18, 0x20, 0x10, 0x00, 0x10, 0x00, 
0x10, 0x00, 0x10, 0x00, 0x10, 0x00, 0x10, 0x00, 0x10, 0x00, 0x08, 0x00, 0x08, 0x20, 0x08, 0x20, 0x08, 0x20, 0x10, 0x41, 0x10, 0x61, 0x10, 0x41, 0x08, 0x20, 0x00, 0x00, 0x08, 0x00, 0x08, 0x20, 
0x08, 0x20, 0x08, 0x20, 0x10, 0x20, 0x08, 0x00, 0x08, 0x00, 0x10, 0x41, 0x18, 0x82, 0x08, 0x20, 0x00, 0x00, 0x00, 0x00, 0x00, 0x00, 0x00, 0x00, 0x00, 0x00, 0x00, 0x00, 0x00, 0x00, 0x00, 0x00, 
0x00, 0x00, 0x00, 0x00, 0x10, 0x61, 0x08, 0x00, 0x00, 0x00, 0x00, 0x00, 0x00, 0x00, 0x08, 0x00, 0x10, 0x20, 0x18, 0x20, 0x20, 0x20, 0x20, 0x40, 0x18, 0x20, 0x18, 0x20, 0x20, 0x20, 0x28, 0x60, 
0x40, 0xC2, 0x48, 0xE2, 0x51, 0x02, 0x59, 0x43, 0x61, 0x83, 0x69, 0xA4, 0x7A, 0x05, 0x8A, 0x86, 0x92, 0xA7, 0x9A, 0xC7, 0xA3, 0x08, 0xA3, 0x28, 0xA3, 0x28, 0xAB, 0x69, 0xAB, 0x8A, 0xB3, 0xAB, 
0xBB, 0xEC, 0xBB, 0xED, 0xBB, 0xED, 0xBC, 0x0D, 0xBC, 0x0D, 0xB3, 0xCC, 0xAB, 0xAB, 0xAB, 0x49, 0xA3, 0x08, 0x9A, 0xA6, 0x92, 0x66, 0x92, 0x65, 0xA2, 0xE7, 0xB3, 0x49, 0xB3, 0x8A, 0xBB, 0x8A, 
0xBB, 0xAB, 0xBB, 0xAB, 0xBB, 0xCB, 0xBB, 0xAB, 0xBB, 0x8A, 0xBB, 0x6A, 0xBB, 0x69, 0xBB, 0x69, 0xBB, 0xAA, 0xBB, 0xAA, 0xC3, 0xEC, 0xC4, 0x0D, 0xC4, 0x0C, 0xCC, 0x0D, 0xCC, 0x2E, 0xCC, 0x4E, 
0xD4, 0x6E, 0xD4, 0x6E, 0xD4, 0x6E, 0xD4, 0x4E, 0xD4, 0x4E, 0xCC, 0x2D, 0xCB, 0xEB, 0xC3, 0xAA, 0xBB, 0x48, 0xB2, 0xE6, 0xAA, 0xC6, 0xAA, 0xC6, 0xAB, 0x8B, 0xC4, 0xB1, 0xCD, 0x33, 0xBC, 0xB1, 
0x92, 0x66, 0x9A, 0x86, 0xA2, 0xC7, 0xAB, 0x08, 0xB3, 0x49, 0xBB, 0x69, 0xBB, 0x8A, 0xC3, 0xCB, 0xCB, 0xEC, 0xCC, 0x0C, 0xCC, 0x0D, 0xCC, 0x0D, 0xD4, 0x2D, 0xD4, 0x4E, 0xD4, 0x4E, 0xD4, 0x2D, 
0xCB, 0xEC, 0xC3, 0xAB, 0xBB, 0x49, 0xB2, 0xE7, 0xB3, 0x08, 0xB3, 0x07, 0xBB, 0x07, 0xB3, 0x07, 0xB2, 0xE7, 0xB2, 0xE7, 0xBA, 0xE7, 0xB2, 0xC7, 0xB2, 0xA6, 0xB2, 0x86, 0xB2, 0x66, 0xB2, 0x66, 
0xBA, 0x66, 0xBA, 0x66, 0xBA, 0x66, 0xC2, 0x66, 0xC2, 0x66, 0xCA, 0x67, 0xCA, 0x87, 0xD2, 0x87, 0xD2, 0x87, 0xDA, 0x88, 0xDA, 0x88, 0xDA, 0x88, 0xE2, 0xA8, 0xE2, 0xA8, 0xEA, 0x88, 0xEA, 0x87, 
0x52, 0x4A, 0x41, 0xC7, 0x39, 0x65, 0x31, 0x45, 0x29, 0x04, 0x18, 0x82, 0x10, 0x41, 0x00, 0x00, 0x00, 0x00, 0x00, 0x00, 0x00, 0x00, 0x08, 0x20, 0x08, 0x20, 0x08, 0x20, 0x10, 0x21, 0x10, 0x63, 
0x20, 0xC5, 0x31, 0xAA, 0x7B, 0xB2, 0x28, 0xC3, 0x08, 0x20, 0x08, 0x20, 0x08, 0x20, 0x00, 0x00, 0x08, 0x00, 0x28, 0xC3, 0xA4, 0x30, 0xBC, 0xF3, 0xBC, 0xF2, 0xC4, 0xD2, 0xBC, 0xD1, 0xBC, 0xB1, 
0xBC, 0x90, 0xB4, 0x4F, 0xB4, 0x2E, 0xB4, 0x0E, 0xB3, 0xED, 0xB3, 0xED, 0xB3, 0xCD, 0xB3, 0xCC, 0xB3, 0xCC, 0xB3, 0xAC, 0xB3, 0xCC, 0xB3, 0xCC, 0xB3, 0xCC, 0xB3, 0xCC, 0xB3, 0xAC, 0xAB, 0x8B, 
0xAB, 0x6A, 0xAB, 0x4A, 0xB3, 0x8B, 0x92, 0x67, 0x92, 0x67, 0xA3, 0x09, 0xAB, 0x4A, 0xAB, 0x09, 0xB3, 0x6B, 0xAB, 0x29, 0x79, 0xE5, 0x48, 0xE2, 0x9A, 0x88, 0xB3, 0x4A, 0xB3, 0x2A, 0xAA, 0xC8, 
0x92, 0x26, 0x69, 0x43, 0x28, 0x20, 0x30, 0x60, 0x59, 0x02, 0x48, 0xA1, 0x30, 0x40, 0x38, 0x81, 0x18, 0x20, 0x10, 0x00, 0x18, 0x00, 0x18, 0x00, 0x28, 0x41, 0x18, 0x20, 0x10, 0x00, 0x10, 0x00, 
0x10, 0x00, 0x10, 0x00, 0x10, 0x00, 0x10, 0x00, 0x10, 0x00, 0x08, 0x20, 0x10, 0x20, 0x08, 0x20, 0x08, 0x20, 0x10, 0x41, 0x18, 0x62, 0x10, 0x41, 0x08, 0x20, 0x08, 0x20, 0x08, 0x00, 0x08, 0x20, 
0x08, 0x20, 0x08, 0x20, 0x08, 0x20, 0x08, 0x00, 0x08, 0x20, 0x10, 0x41, 0x18, 0x61, 0x00, 0x00, 0x00, 0x00, 0x00, 0x00, 0x00, 0x00, 0x00, 0x00, 0x00, 0x00, 0x00, 0x00, 0x00, 0x00, 0x00, 0x00, 
0x00, 0x00, 0x00, 0x00, 0x08, 0x20, 0x10, 0x20, 0x08, 0x00, 0x00, 0x00, 0x08, 0x00, 0x18, 0x20, 0x28, 0x60, 0x28, 0x61, 0x30, 0x81, 0x38, 0xA1, 0x20, 0x40, 0x20, 0x41, 0x28, 0x61, 0x51, 0x23, 
0x61, 0xA4, 0x61, 0x84, 0x61, 0x83, 0x71, 0xC4, 0x7A, 0x05, 0x82, 0x05, 0x8A, 0x45, 0x92, 0x86, 0x9A, 0xC8, 0xA3, 0x08, 0xAB, 0x49, 0xB3, 0x6A, 0xB3, 0x8A, 0xB3, 0xAA, 0xB3, 0xCB, 0xBB, 0xCC, 
0xBB, 0xEC, 0xBB, 0xCC, 0xBB, 0xCC, 0xB3, 0xEC, 0xB3, 0xCC, 0xAB, 0x8B, 0xA3, 0x49, 0x9A, 0xE8, 0x92, 0x86, 0x8A, 0x45, 0x92, 0x65, 0xAB, 0x08, 0xB3, 0x8A, 0xBB, 0xAB, 0xBB, 0xCB, 0xBB, 0xEC, 
0xC3, 0xEC, 0xC3, 0xEC, 0xBB, 0xCB, 0xBB, 0xCB, 0xBB, 0xCB, 0xBB, 0xCB, 0xC3, 0xCB, 0xC3, 0xEC, 0xC3, 0xEC, 0xC4, 0x0C, 0xCC, 0x2D, 0xCC, 0x2E, 0xCC, 0x2D, 0xCC, 0x4E, 0xCC, 0x4E, 0xCC, 0x6F, 
0xD4, 0x6E, 0xD4, 0x6E, 0xD4, 0x4E, 0xCC, 0x2C, 0xCB, 0xEB, 0xC3, 0xCA, 0xBB, 0x89, 0xB3, 0x48, 0xB3, 0x07, 0xB3, 0x07, 0xB3, 0x28, 0xAB, 0x08, 0xC4, 0xD1, 0xC4, 0xD1, 0xDD, 0xF7, 0xA3, 0x2A, 
0x9A, 0x86, 0xA2, 0xC7, 0xAB, 0x08, 0xB3, 0x49, 0xB3, 0x69, 0xBB, 0x8A, 0xC3, 0xAA, 0xC3, 0xEB, 0xCC, 0x0C, 0xCC, 0x0D, 0xCC, 0x2D, 0xD4, 0x2D, 0xD4, 0x2D, 0xD4, 0x4D, 0xD4, 0x2E, 0xD4, 0x2D, 
0xCB, 0xEC, 0xC3, 0xAB, 0xBB, 0x49, 0xB3, 0x07, 0xBB, 0x07, 0xBB, 0x28, 0xBB, 0x28, 0xBB, 0x27, 0xBB, 0x07, 0xBB, 0x07, 0xBB, 0x07, 0xBA, 0xE7, 0xB2, 0xA6, 0xBA, 0x86, 0xB2, 0x65, 0xBA, 0x65, 
0xBA, 0x65, 0xBA, 0x66, 0xC2, 0x66, 0xC2, 0x66, 0xCA, 0x66, 0xCA, 0x87, 0xD2, 0x67, 0xD2, 0x87, 0xDA, 0x87, 0xDA, 0x88, 0xDA, 0x88, 0xE2, 0x88, 0xE2, 0x88, 0xE2, 0x88, 0xEA, 0x88, 0xEA, 0x88, 
0xBD, 0x75, 0xBD, 0x55, 0xBD, 0x55, 0xBD, 0x55, 0xBD, 0x35, 0x9C, 0x52, 0x28, 0xE3, 0x08, 0x20, 0x00, 0x00, 0x00, 0x00, 0x08, 0x20, 0x30, 0xC2, 0x51, 0x64, 0x59, 0x84, 0x41, 0x03, 0x30, 0xC2, 
0x28, 0xC4, 0x29, 0x47, 0x7C, 0x14, 0x39, 0x67, 0x10, 0x41, 0x08, 0x00, 0x10, 0x41, 0x00, 0x00, 0x00, 0x00, 0x10, 0x41, 0xAC, 0x71, 0xBC, 0xF3, 0xBC, 0xF3, 0xC4, 0xF2, 0xC4, 0xD2, 0xBC, 0xB1, 
0xBC, 0x90, 0xB4, 0x6F, 0xB4, 0x2E, 0xB4, 0x0D, 0xB3, 0xED, 0xB3, 0xCC, 0xB3, 0xCC, 0xB3, 0xCC, 0xB3, 0xAC, 0xAB, 0xAC, 0xAB, 0xAC, 0xAB, 0xAC, 0xAB, 0xAC, 0xAB, 0x8B, 0xAB, 0x6B, 0xAB, 0x8B, 
0xA3, 0x4A, 0xAB, 0x4A, 0xAB, 0x6A, 0x8A, 0x46, 0x9A, 0xC8, 0xA3, 0x09, 0xB3, 0x6A, 0xAB, 0x2A, 0xAB, 0x4A, 0xA3, 0x09, 0x92, 0x46, 0x59, 0x23, 0x82, 0x26, 0xAA, 0xE9, 0xAB, 0x09, 0xA2, 0x88, 
0x92, 0x06, 0x40, 0x81, 0x28, 0x40, 0x51, 0x02, 0x79, 0xA4, 0x50, 0xC2, 0x30, 0x40, 0x30, 0x40, 0x20, 0x20, 0x18, 0x00, 0x18, 0x00, 0x18, 0x00, 0x18, 0x20, 0x18, 0x20, 0x10, 0x00, 0x08, 0x00, 
0x10, 0x00, 0x10, 0x00, 0x10, 0x00, 0x10, 0x00, 0x10, 0x00, 0x08, 0x20, 0x10, 0x41, 0x08, 0x20, 0x08, 0x20, 0x10, 0x41, 0x18, 0x82, 0x10, 0x61, 0x08, 0x20, 0x08, 0x20, 0x08, 0x00, 0x08, 0x20, 
0x08, 0x20, 0x00, 0x00, 0x10, 0x20, 0x08, 0x20, 0x08, 0x20, 0x10, 0x61, 0x10, 0x41, 0x00, 0x00, 0x00, 0x00, 0x00, 0x00, 0x00, 0x00, 0x00, 0x00, 0x00, 0x00, 0x00, 0x00, 0x00, 0x00, 0x00, 0x00, 
0x00, 0x00, 0x00, 0x00, 0x00, 0x00, 0x10, 0x20, 0x08, 0x00, 0x08, 0x00, 0x10, 0x20, 0x20, 0x60, 0x38, 0xC2, 0x40, 0xE2, 0x51, 0x63, 0x40, 0xE2, 0x28, 0x61, 0x28, 0x61, 0x40, 0xE2, 0x72, 0x06, 
0x7A, 0x05, 0x7A, 0x06, 0x7A, 0x05, 0x82, 0x26, 0x8A, 0x66, 0x8A, 0x66, 0x92, 0x86, 0x9A, 0xA7, 0xA3, 0x08, 0xAB, 0x49, 0xB3, 0x8A, 0xBB, 0xCB, 0xBB, 0xEC, 0xBB, 0xEC, 0xBB, 0xCC, 0xBB, 0xCC, 
0xB3, 0xCC, 0xB3, 0xCC, 0xB3, 0xCC, 0xB3, 0xAB, 0xAB, 0x8B, 0xAB, 0x49, 0x9A, 0xE7, 0x92, 0x86, 0x8A, 0x45, 0x8A, 0x45, 0xA2, 0xE8, 0xB3, 0x6A, 0xBB, 0xCB, 0xC4, 0x0C, 0xC4, 0x2D, 0xC4, 0x2D, 
0xC4, 0x0D, 0xC4, 0x0C, 0xC3, 0xEC, 0xC3, 0xEC, 0xC3, 0xEC, 0xC3, 0xEC, 0xC4, 0x0D, 0xCC, 0x2D, 0xCC, 0x2E, 0xCC, 0x4E, 0xCC, 0x4E, 0xCC, 0x4E, 0xCC, 0x4E, 0xCC, 0x4E, 0xCC, 0x4E, 0xCC, 0x4E, 
0xCC, 0x4E, 0xCC, 0x2D, 0xCC, 0x0C, 0xC3, 0xCB, 0xC3, 0xAB, 0xBB, 0x8A, 0xB3, 0x48, 0xB3, 0x28, 0xB3, 0x48, 0xBB, 0x69, 0xB3, 0x28, 0xBC, 0x4F, 0xCD, 0x12, 0xCD, 0x54, 0xCD, 0x95, 0x9A, 0xA7, 
0xA2, 0xC7, 0xAB, 0x08, 0xB3, 0x49, 0xB3, 0x69, 0xBB, 0x8A, 0xBB, 0xAA, 0xC3, 0xCB, 0xCB, 0xEC, 0xCC, 0x0D, 0xCC, 0x2D, 0xD4, 0x2D, 0xD4, 0x2D, 0xD4, 0x4D, 0xD4, 0x2E, 0xD4, 0x2D, 0xCB, 0xEC, 
0xCB, 0xEC, 0xC3, 0xAB, 0xC3, 0x69, 0xBB, 0x28, 0xBB, 0x28, 0xBB, 0x28, 0xBB, 0x48, 0xBB, 0x28, 0xBB, 0x28, 0xBB, 0x07, 0xBB, 0x07, 0xBA, 0xE7, 0xBA, 0xC6, 0xBA, 0xA6, 0xBA, 0x65, 0xBA, 0x65, 
0xBA, 0x45, 0xBA, 0x45, 0xC2, 0x66, 0xCA, 0x66, 0xCA, 0x86, 0xD2, 0x87, 0xD2, 0x87, 0xDA, 0x87, 0xDA, 0x88, 0xDA, 0x88, 0xE2, 0x88, 0xE2, 0xA8, 0xE2, 0x88, 0xEA, 0x88, 0xEA, 0x87, 0xEA, 0x87, 
0xBD, 0x55, 0xBD, 0x55, 0xBD, 0x35, 0xBD, 0x35, 0xBD, 0x34, 0xBD, 0x14, 0x8B, 0xAF, 0x18, 0x61, 0x00, 0x00, 0x20, 0x81, 0x72, 0x05, 0x9A, 0xE8, 0xA3, 0x09, 0xA3, 0x09, 0xA3, 0x29, 0xAB, 0x2A, 
0xA3, 0x2A, 0x8A, 0xC9, 0x8B, 0x4E, 0x72, 0xEC, 0x28, 0x82, 0x10, 0x20, 0x10, 0x21, 0x08, 0x00, 0x08, 0x00, 0x18, 0x82, 0xC5, 0x34, 0xBC, 0xF3, 0xBC, 0xF3, 0xBC, 0xF3, 0xBC, 0xD2, 0xBC, 0xB1, 
0xBC, 0x90, 0xB4, 0x4F, 0xB4, 0x2E, 0xB3, 0xED, 0xB3, 0xCC, 0xAB, 0xCC, 0xAB, 0xCC, 0xAB, 0xAC, 0xAB, 0xAB, 0xAB, 0x8B, 0xAB, 0x8B, 0xAB, 0x6B, 0xA3, 0x6A, 0xA3, 0x6A, 0xAB, 0x8B, 0xAB, 0x6B, 
0xAB, 0x6B, 0xA3, 0x4A, 0xAB, 0x2A, 0x8A, 0x46, 0x9A, 0xA8, 0xA3, 0x09, 0xAB, 0x4A, 0xAB, 0x2A, 0xAB, 0x4A, 0xA3, 0x09, 0x92, 0x47, 0x82, 0x06, 0x79, 0xC5, 0xAA, 0xE9, 0xA2, 0xC8, 0x9A, 0x67, 
0x71, 0x84, 0x28, 0x40, 0x30, 0x60, 0x79, 0xC5, 0x79, 0xC5, 0x59, 0x02, 0x38, 0x81, 0x38, 0x81, 0x18, 0x20, 0x20, 0x40, 0x18, 0x20, 0x18, 0x00, 0x18, 0x00, 0x18, 0x20, 0x10, 0x00, 0x08, 0x00, 
0x10, 0x00, 0x10, 0x20, 0x10, 0x20, 0x10, 0x00, 0x10, 0x00, 0x08, 0x00, 0x10, 0x20, 0x10, 0x21, 0x08, 0x20, 0x10, 0x41, 0x18, 0x82, 0x18, 0x82, 0x08, 0x20, 0x08, 0x00, 0x08, 0x00, 0x08, 0x20, 
0x08, 0x00, 0x00, 0x00, 0x10, 0x20, 0x10, 0x20, 0x10, 0x20, 0x10, 0x61, 0x08, 0x20, 0x00, 0x00, 0x00, 0x00, 0x00, 0x00, 0x00, 0x00, 0x00, 0x00, 0x00, 0x00, 0x00, 0x00, 0x00, 0x00, 0x00, 0x00, 
0x00, 0x00, 0x00, 0x00, 0x00, 0x00, 0x08, 0x00, 0x10, 0x20, 0x10, 0x20, 0x18, 0x40, 0x38, 0xC2, 0x49, 0x02, 0x59, 0x63, 0x61, 0xC5, 0x40, 0xE2, 0x20, 0x61, 0x20, 0x61, 0x61, 0x84, 0x82, 0x46, 
0x82, 0x46, 0x8A, 0x87, 0x8A, 0x66, 0x8A, 0x66, 0x92, 0xA7, 0x92, 0x86, 0x92, 0x87, 0x9A, 0xC7, 0xAB, 0x29, 0xB3, 0x8A, 0xBB, 0xCB, 0xBB, 0xEC, 0xBC, 0x0C, 0xBC, 0x0C, 0xBB, 0xEC, 0xBB, 0xEC, 
0xB3, 0xCB, 0xB3, 0xAB, 0xB3, 0xAB, 0xAB, 0x6A, 0xA3, 0x29, 0x9A, 0xE8, 0x92, 0xA6, 0x92, 0x86, 0x8A, 0x45, 0x92, 0x86, 0xAB, 0x29, 0xB3, 0xAB, 0xBB, 0xEC, 0xC4, 0x2E, 0xC4, 0x4E, 0xC4, 0x4E, 
0xC4, 0x4E, 0xC4, 0x4E, 0xC4, 0x2D, 0xC4, 0x0D, 0xC4, 0x0D, 0xC4, 0x2D, 0xCC, 0x4E, 0xCC, 0x4E, 0xCC, 0x4E, 0xCC, 0x4E, 0xCC, 0x4E, 0xCC, 0x4E, 0xCC, 0x4E, 0xCC, 0x4E, 0xCC, 0x4E, 0xCC, 0x4D, 
0xCC, 0x2D, 0xC3, 0xEC, 0xC3, 0xCB, 0xC3, 0xAA, 0xBB, 0x8A, 0xBB, 0x69, 0xB3, 0x48, 0xBB, 0x69, 0xBB, 0x8A, 0xBB, 0x8A, 0xAB, 0x4A, 0xD5, 0x95, 0xCD, 0x33, 0xDE, 0x17, 0xB4, 0x2F, 0xA2, 0xC7, 
0xAB, 0x08, 0xAB, 0x29, 0xB3, 0x49, 0xBB, 0x8A, 0xBB, 0xAA, 0xC3, 0xCB, 0xCC, 0x0C, 0xCC, 0x0C, 0xD4, 0x2D, 0xD4, 0x4E, 0xD4, 0x4E, 0xD4, 0x2D, 0xD4, 0x4E, 0xD4, 0x2E, 0xD4, 0x0D, 0xCB, 0xEC, 
0xCB, 0xCB, 0xC3, 0x8A, 0xC3, 0x69, 0xBB, 0x48, 0xC3, 0x69, 0xC3, 0x68, 0xC3, 0x48, 0xC3, 0x48, 0xC3, 0x28, 0xC3, 0x28, 0xBB, 0x07, 0xBB, 0x07, 0xBA, 0xE7, 0xBA, 0x86, 0xBA, 0x65, 0xBA, 0x65, 
0xBA, 0x65, 0xC2, 0x65, 0xC2, 0x66, 0xCA, 0x66, 0xCA, 0x87, 0xD2, 0x87, 0xD2, 0x87, 0xDA, 0x87, 0xDA, 0xA8, 0xDA, 0xA8, 0xE2, 0xA8, 0xE2, 0x88, 0xEA, 0x88, 0xEA, 0x88, 0xEA, 0x67, 0xEA, 0x67, 
0xBD, 0x55, 0xBD, 0x55, 0xBD, 0x35, 0xBD, 0x35, 0xBD, 0x35, 0xBD, 0x35, 0xBD, 0x14, 0x39, 0x65, 0x30, 0xA1, 0x7A, 0x05, 0x9A, 0xE8, 0xAB, 0x6A, 0xB3, 0xAB, 0xB3, 0xAB, 0xB3, 0x8B, 0xBB, 0xAC, 
0xBB, 0xCC, 0xBB, 0xAC, 0xBB, 0xAC, 0xB3, 0x6B, 0xA2, 0xE9, 0x79, 0xE5, 0x48, 0xE2, 0x18, 0x20, 0x08, 0x00, 0x10, 0x41, 0xBD, 0x14, 0xBD, 0x14, 0xBC, 0xF3, 0xBC, 0xF3, 0xBC, 0xD2, 0xBC, 0xB1, 
0xB4, 0x70, 0xB4, 0x2F, 0xAB, 0xED, 0xAB, 0xCC, 0xAB, 0x8B, 0xA3, 0x8B, 0xA3, 0x6B, 0xA3, 0x6B, 0xAB, 0x6B, 0xA3, 0x6A, 0xAB, 0x6A, 0xAB, 0x6A, 0xAB, 0x8B, 0xB3, 0xAC, 0xB3, 0xAC, 0xAB, 0x8B, 
0xAB, 0x6B, 0xAB, 0x6A, 0xA3, 0x09, 0x92, 0x67, 0x9A, 0xC8, 0xA3, 0x09, 0xAB, 0x4A, 0xAB, 0x4A, 0xAB, 0x4A, 0xAB, 0x29, 0x92, 0x87, 0x92, 0x67, 0x69, 0x64, 0x9A, 0x67, 0xA2, 0x87, 0x89, 0xE5, 
0x48, 0xC1, 0x20, 0x20, 0x50, 0xE2, 0x8A, 0x05, 0x79, 0xA4, 0x59, 0x02, 0x40, 0xA1, 0x38, 0x60, 0x18, 0x20, 0x28, 0x40, 0x18, 0x20, 0x18, 0x20, 0x18, 0x20, 0x18, 0x20, 0x10, 0x00, 0x08, 0x00, 
0x10, 0x00, 0x18, 0x20, 0x18, 0x20, 0x10, 0x20, 0x10, 0x20, 0x08, 0x00, 0x10, 0x20, 0x10, 0x20, 0x08, 0x20, 0x10, 0x41, 0x18, 0x62, 0x10, 0x41, 0x08, 0x20, 0x00, 0x00, 0x08, 0x00, 0x08, 0x20, 
0x00, 0x00, 0x00, 0x00, 0x10, 0x40, 0x10, 0x40, 0x10, 0x20, 0x10, 0x61, 0x00, 0x00, 0x00, 0x00, 0x00, 0x00, 0x08, 0x00, 0x00, 0x00, 0x00, 0x00, 0x00, 0x00, 0x00, 0x00, 0x00, 0x00, 0x00, 0x00, 
0x00, 0x00, 0x00, 0x00, 0x00, 0x00, 0x00, 0x00, 0x10, 0x20, 0x18, 0x40, 0x28, 0x81, 0x38, 0xE2, 0x49, 0x02, 0x59, 0x63, 0x51, 0x43, 0x40, 0xE2, 0x20, 0x61, 0x20, 0x61, 0x69, 0xC5, 0x82, 0x67, 
0x8A, 0xA8, 0x92, 0xA8, 0x8A, 0x87, 0x9A, 0xE8, 0x9A, 0xC8, 0x9A, 0xA7, 0x9A, 0xA7, 0xA2, 0xE8, 0xAB, 0x49, 0xBB, 0xCB, 0xC4, 0x2D, 0xC4, 0x0D, 0xBC, 0x0C, 0xBB, 0xEC, 0xBB, 0xEC, 0xBB, 0xCB, 
0xB3, 0xAB, 0xB3, 0x8A, 0xAB, 0x6A, 0xAB, 0x29, 0xA3, 0x08, 0x9A, 0xC7, 0x9A, 0xC7, 0x9A, 0xA7, 0x92, 0xA7, 0x9A, 0xE8, 0xAB, 0x49, 0xBB, 0xAB, 0xC4, 0x0D, 0xC4, 0x4E, 0xC4, 0x4E, 0xCC, 0x6F, 
0xC4, 0x4E, 0xC4, 0x4E, 0xC4, 0x2D, 0xC4, 0x4E, 0xC4, 0x4E, 0xCC, 0x4E, 0xCC, 0x6E, 0xCC, 0x6F, 0xCC, 0x6F, 0xCC, 0x4E, 0xCC, 0x6E, 0xCC, 0x6E, 0xCC, 0x4E, 0xCC, 0x2D, 0xCC, 0x0D, 0xCC, 0x0D, 
0xC3, 0xEC, 0xC3, 0xCB, 0xBB, 0xAA, 0xBB, 0x8A, 0xBB, 0x69, 0xBB, 0x69, 0xBB, 0x89, 0xC3, 0xCA, 0xC3, 0xCB, 0xB3, 0x6A, 0xC4, 0xD1, 0xD5, 0x95, 0xCD, 0x74, 0xE6, 0x59, 0xA3, 0x09, 0xA2, 0xE8, 
0xAB, 0x08, 0xB3, 0x49, 0xBB, 0x6A, 0xBB, 0xAB, 0xC3, 0xCB, 0xCC, 0x0C, 0xCC, 0x0D, 0xCC, 0x2D, 0xD4, 0x4D, 0xD4, 0x4E, 0xD4, 0x4E, 0xD4, 0x4E, 0xD4, 0x4E, 0xD4, 0x2D, 0xD4, 0x0D, 0xCB, 0xEC, 
0xCB, 0xAB, 0xCB, 0x8A, 0xC3, 0x69, 0xC3, 0x48, 0xC3, 0x69, 0xC3, 0x69, 0xC3, 0x68, 0xC3, 0x69, 0xC3, 0x48, 0xC3, 0x48, 0xC3, 0x07, 0xC3, 0x07, 0xBA, 0xE7, 0xBA, 0xA6, 0xBA, 0x86, 0xC2, 0x66, 
0xC2, 0x65, 0xC2, 0x66, 0xCA, 0x66, 0xCA, 0x86, 0xD2, 0x87, 0xD2, 0x87, 0xDA, 0x87, 0xDA, 0x87, 0xDA, 0x88, 0xE2, 0xA8, 0xE2, 0xA8, 0xEA, 0x88, 0xEA, 0x67, 0xEA, 0x67, 0xEA, 0x67, 0xEA, 0x67, 
0xBD, 0x35, 0xBD, 0x55, 0xBD, 0x55, 0xBD, 0x55, 0xBD, 0x55, 0xBD, 0x35, 0xBD, 0x35, 0x7A, 0xCA, 0x71, 0xE5, 0x8A, 0x87, 0xA3, 0x29, 0xB3, 0xAC, 0xBC, 0x0D, 0xC4, 0x0D, 0xBB, 0xED, 0xC3, 0xED, 
0xC3, 0xED, 0xC3, 0xCD, 0xBB, 0xCC, 0xBB, 0xCC, 0xBB, 0xCC, 0xBB, 0xAB, 0xBB, 0x8A, 0xAB, 0x09, 0x69, 0xC5, 0x18, 0x41, 0x49, 0xC7, 0xAC, 0x92, 0xBD, 0x13, 0xBC, 0xF3, 0xBC, 0xD1, 0xBC, 0x91, 
0xB4, 0x50, 0xB4, 0x0E, 0xAB, 0xED, 0xAB, 0xAC, 0xAB, 0xAB, 0xA3, 0x8B, 0xAB, 0x8B, 0xAB, 0xAB, 0xAB, 0x8B, 0xAB, 0x6B, 0xA3, 0x4A, 0xAB, 0x8B, 0xB3, 0xAC, 0xB3, 0xCC, 0xB3, 0xAC, 0xAB, 0x8B, 
0xAB, 0x8B, 0xB3, 0x8B, 0xA3, 0x09, 0x9A, 0xA8, 0xA3, 0x2A, 0xAB, 0x4A, 0xAB, 0x6A, 0xB3, 0x8B, 0xAB, 0x4A, 0xAB, 0x2A, 0x9A, 0xA8, 0x8A, 0x46, 0x61, 0x43, 0x82, 0x05, 0x9A, 0x46, 0x8A, 0x05, 
0x30, 0x61, 0x20, 0x40, 0x71, 0xA4, 0x92, 0x47, 0x81, 0xE5, 0x61, 0x23, 0x51, 0x02, 0x38, 0x81, 0x18, 0x20, 0x20, 0x40, 0x18, 0x20, 0x18, 0x20, 0x20, 0x40, 0x20, 0x40, 0x10, 0x00, 0x08, 0x00, 
0x10, 0x00, 0x18, 0x20, 0x18, 0x20, 0x10, 0x20, 0x10, 0x20, 0x10, 0x20, 0x10, 0x20, 0x10, 0x21, 0x08, 0x20, 0x10, 0x41, 0x10, 0x61, 0x08, 0x20, 0x08, 0x20, 0x08, 0x00, 0x08, 0x20, 0x08, 0x20, 
0x00, 0x00, 0x00, 0x00, 0x10, 0x40, 0x10, 0x41, 0x10, 0x20, 0x10, 0x41, 0x08, 0x00, 0x08, 0x20, 0x08, 0x20, 0x00, 0x00, 0x00, 0x00, 0x00, 0x00, 0x00, 0x00, 0x00, 0x00, 0x00, 0x00, 0x00, 0x00, 
0x00, 0x00, 0x00, 0x00, 0x00, 0x00, 0x00, 0x00, 0x10, 0x20, 0x28, 0x81, 0x38, 0xE2, 0x49, 0x23, 0x49, 0x23, 0x51, 0x43, 0x49, 0x02, 0x40, 0xE2, 0x20, 0x61, 0x28, 0x81, 0x72, 0x06, 0x8A, 0xA8, 
0x92, 0xC8, 0x92, 0xA8, 0x9A, 0xE8, 0x9A, 0xE8, 0x9A, 0xE8, 0x9A, 0xC7, 0x9A, 0xC7, 0xA2, 0xE8, 0xAB, 0x6A, 0xBB, 0xEC, 0xC4, 0x2D, 0xC4, 0x0D, 0xBB, 0xEC, 0xBB, 0xCB, 0xB3, 0xAB, 0xB3, 0x8A, 
0xB3, 0x6A, 0xAB, 0x6A, 0xAB, 0x49, 0xAB, 0x29, 0xA3, 0x28, 0xA3, 0x08, 0xA3, 0x08, 0xA3, 0x08, 0xA3, 0x08, 0xAB, 0x29, 0xB3, 0x8A, 0xBB, 0xAB, 0xC4, 0x0D, 0xC4, 0x2E, 0xC4, 0x4E, 0xCC, 0x6F, 
0xCC, 0x6E, 0xCC, 0x6E, 0xCC, 0x4E, 0xC4, 0x4F, 0xCC, 0x4F, 0xCC, 0x6F, 0xCC, 0x6F, 0xCC, 0x6F, 0xCC, 0x6E, 0xCC, 0x4E, 0xCC, 0x4E, 0xCC, 0x4E, 0xCC, 0x2D, 0xC4, 0x0D, 0xC4, 0x0C, 0xC4, 0x0C, 
0xC3, 0xEB, 0xC3, 0xCB, 0xBB, 0xAA, 0xBB, 0x8A, 0xBB, 0x8A, 0xBB, 0xAA, 0xC3, 0xCB, 0xC4, 0x0C, 0xC3, 0xEC, 0xAB, 0x6A, 0xDD, 0xF7, 0xCD, 0x95, 0xDD, 0xF7, 0xD5, 0xD6, 0x9A, 0xA7, 0xAA, 0xE8, 
0xB3, 0x49, 0xB3, 0x69, 0xBB, 0x8A, 0xC3, 0xCB, 0xCB, 0xEC, 0xCC, 0x0D, 0xCC, 0x0D, 0xD4, 0x2D, 0xD4, 0x4E, 0xD4, 0x6E, 0xD4, 0x6E, 0xD4, 0x6E, 0xD4, 0x4E, 0xD4, 0x4E, 0xD4, 0x0D, 0xCB, 0xEC, 
0xCB, 0xAB, 0xCB, 0x8A, 0xC3, 0x89, 0xC3, 0x69, 0xC3, 0x69, 0xC3, 0x89, 0xC3, 0x69, 0xC3, 0x69, 0xC3, 0x69, 0xC3, 0x48, 0xC3, 0x28, 0xC3, 0x08, 0xC3, 0x07, 0xC2, 0xE7, 0xC2, 0xA6, 0xC2, 0x86, 
0xC2, 0x66, 0xC2, 0x66, 0xCA, 0x86, 0xD2, 0x86, 0xD2, 0x87, 0xD2, 0x87, 0xDA, 0x87, 0xDA, 0x87, 0xDA, 0x87, 0xE2, 0x87, 0xE2, 0xA8, 0xEA, 0x88, 0xEA, 0x68, 0xF2, 0x67, 0xF2, 0x67, 0xF2, 0x87, 
0xBD, 0x55, 0xBD, 0x55, 0xBD, 0x55, 0xBD, 0x55, 0xBD, 0x55, 0xBD, 0x55, 0xAC, 0x91, 0x7A, 0x26, 0x82, 0x46, 0x92, 0xA7, 0xAB, 0x49, 0xBB, 0xCC, 0xC4, 0x2E, 0xC4, 0x2E, 0xC4, 0x2D, 0xC4, 0x2E, 
0xC4, 0x2E, 0xC4, 0x2E, 0xC4, 0x2E, 0xC4, 0x0D, 0xC4, 0x0D, 0xC4, 0x0D, 0xC3, 0xEC, 0xC3, 0xAC, 0xC3, 0x8A, 0xAA, 0xE8, 0x38, 0xE2, 0x8B, 0xAF, 0xBC, 0xB2, 0xAB, 0x6C, 0xAA, 0xC9, 0xB2, 0xE9, 
0xB3, 0xAD, 0xB4, 0x0E, 0xAB, 0xED, 0xAB, 0xCD, 0xAB, 0xCC, 0xAB, 0xAC, 0xAB, 0xAC, 0xAB, 0xAC, 0xAB, 0x8B, 0xA3, 0x4A, 0xAB, 0x8B, 0xAB, 0xAC, 0xB3, 0xAC, 0xB3, 0xCC, 0xB3, 0xCC, 0xAB, 0xAB, 
0xAB, 0xAC, 0xB3, 0xAB, 0xAB, 0x4A, 0x9A, 0xE8, 0xAB, 0x4A, 0xAB, 0x6B, 0xAB, 0x6B, 0xB3, 0xAC, 0xAB, 0x6A, 0xAB, 0x29, 0xA2, 0xE8, 0x92, 0x87, 0x61, 0x43, 0x8A, 0x26, 0x92, 0x25, 0x61, 0x23, 
0x20, 0x20, 0x48, 0xE2, 0x9A, 0x87, 0x92, 0x46, 0x82, 0x05, 0x69, 0x43, 0x50, 0xE2, 0x38, 0x81, 0x20, 0x20, 0x18, 0x20, 0x18, 0x20, 0x18, 0x20, 0x18, 0x20, 0x18, 0x20, 0x10, 0x00, 0x08, 0x00, 
0x10, 0x20, 0x18, 0x20, 0x18, 0x40, 0x10, 0x41, 0x10, 0x40, 0x10, 0x40, 0x10, 0x41, 0x10, 0x41, 0x08, 0x20, 0x10, 0x41, 0x10, 0x62, 0x10, 0x40, 0x08, 0x20, 0x08, 0x20, 0x10, 0x41, 0x08, 0x20, 
0x00, 0x00, 0x00, 0x00, 0x10, 0x41, 0x10, 0x41, 0x10, 0x20, 0x10, 0x41, 0x10, 0x20, 0x08, 0x20, 0x00, 0x00, 0x00, 0x00, 0x00, 0x00, 0x00, 0x00, 0x00, 0x00, 0x00, 0x00, 0x00, 0x00, 0x00, 0x00, 
0x00, 0x00, 0x00, 0x00, 0x00, 0x00, 0x00, 0x00, 0x10, 0x20, 0x20, 0x81, 0x38, 0xE2, 0x41, 0x02, 0x49, 0x43, 0x49, 0x03, 0x41, 0x02, 0x30, 0xA1, 0x20, 0x40, 0x38, 0xE2, 0x7A, 0x26, 0x92, 0xC8, 
0x92, 0xC8, 0x92, 0xA8, 0x9A, 0xE9, 0x9A, 0xE8, 0x9A, 0xE8, 0x9A, 0xE8, 0xA2, 0xE8, 0xAB, 0x29, 0xB3, 0x8A, 0xBB, 0xCB, 0xBB, 0xEC, 0xBB, 0xCC, 0xB3, 0xAB, 0xB3, 0x8A, 0xB3, 0x8A, 0xB3, 0x6A, 
0xB3, 0x6A, 0xAB, 0x6A, 0xAB, 0x6A, 0xAB, 0x6A, 0xAB, 0x49, 0xAB, 0x49, 0xAB, 0x29, 0xA3, 0x08, 0xAB, 0x49, 0xAB, 0x6A, 0xB3, 0x8A, 0xBB, 0xAB, 0xBB, 0xEC, 0xC4, 0x4E, 0xC4, 0x4E, 0xC4, 0x6F, 
0xC4, 0x6F, 0xCC, 0x6F, 0xCC, 0x6F, 0xCC, 0x8F, 0xCC, 0x8F, 0xCC, 0x6F, 0xCC, 0x4E, 0xCC, 0x6E, 0xCC, 0x4E, 0xCC, 0x4E, 0xCC, 0x4E, 0xCC, 0x4E, 0xCC, 0x2D, 0xC4, 0x0D, 0xC3, 0xEC, 0xC3, 0xEB, 
0xC3, 0xCB, 0xBB, 0xCB, 0xBB, 0xAA, 0xBB, 0xAA, 0xC3, 0xCB, 0xC3, 0xEB, 0xC4, 0x0C, 0xCC, 0x2D, 0xBB, 0xCC, 0xBC, 0x90, 0xDE, 0x17, 0xD5, 0x95, 0xDE, 0x59, 0xC4, 0xD2, 0xA2, 0xE8, 0xAB, 0x29, 
0xB3, 0x69, 0xBB, 0xAA, 0xC3, 0xCB, 0xC3, 0xEC, 0xCC, 0x0D, 0xD4, 0x2D, 0xD4, 0x2D, 0xD4, 0x4E, 0xD4, 0x4E, 0xD4, 0x6E, 0xDC, 0x6E, 0xD4, 0x6E, 0xD4, 0x4E, 0xD4, 0x2D, 0xD4, 0x0C, 0xD3, 0xEC, 
0xCB, 0xCB, 0xCB, 0xAA, 0xCB, 0xAA, 0xC3, 0x69, 0xC3, 0x69, 0xC3, 0x8A, 0xCB, 0x8A, 0xC3, 0x89, 0xC3, 0x69, 0xC3, 0x49, 0xC3, 0x28, 0xC3, 0x28, 0xC3, 0x28, 0xC3, 0x07, 0xC2, 0xA6, 0xC2, 0x86, 
0xCA, 0x86, 0xCA, 0x86, 0xCA, 0x86, 0xD2, 0x86, 0xD2, 0x87, 0xDA, 0x87, 0xDA, 0x87, 0xDA, 0x87, 0xE2, 0x46, 0xE2, 0x46, 0xEA, 0x88, 0xEA, 0x88, 0xF2, 0x87, 0xF2, 0x67, 0xF2, 0x67, 0xF2, 0x87, 
0xBD, 0x55, 0xC5, 0x55, 0xC5, 0x55, 0xC5, 0x55, 0xC5, 0x55, 0xB4, 0xF2, 0x7A, 0x67, 0x82, 0x46, 0x8A, 0x86, 0x9A, 0xC8, 0xAB, 0x29, 0xB3, 0xAB, 0xBB, 0xEC, 0xBB, 0xED, 0xC4, 0x0D, 0xC4, 0x2D, 
0xC4, 0x2E, 0xC4, 0x4E, 0xC4, 0x4F, 0xC4, 0x4F, 0xCC, 0x4E, 0xCC, 0x4E, 0xCC, 0x2E, 0xC4, 0x0D, 0xC3, 0xCC, 0xC3, 0x8A, 0xB3, 0x09, 0x61, 0xC6, 0x81, 0xA4, 0xAA, 0x46, 0xBA, 0xC9, 0xC2, 0xC9, 
0xC2, 0xC9, 0xC3, 0x2B, 0xBB, 0x8C, 0xB3, 0xCD, 0xAB, 0xCC, 0xAB, 0xAC, 0xAB, 0xAC, 0xAB, 0xAB, 0xAB, 0x8B, 0xAB, 0xAB, 0xAB, 0xAC, 0xB3, 0xAC, 0xB3, 0xCC, 0xB3, 0xCC, 0xB3, 0xCC, 0xAB, 0xAC, 
0xB3, 0xAC, 0xB3, 0xAC, 0xAB, 0x6A, 0xA3, 0x29, 0xAB, 0x6A, 0xAB, 0x8B, 0xAB, 0x8B, 0xB3, 0x8B, 0xB3, 0x8B, 0xAB, 0x4A, 0xAB, 0x2A, 0xA2, 0xE8, 0x69, 0x64, 0x82, 0x06, 0x92, 0x46, 0x40, 0xA1, 
0x20, 0x40, 0x79, 0xE5, 0xA2, 0xC8, 0x92, 0x46, 0x81, 0xE5, 0x79, 0xA4, 0x48, 0xC2, 0x30, 0x60, 0x18, 0x20, 0x18, 0x20, 0x18, 0x40, 0x18, 0x20, 0x18, 0x20, 0x10, 0x20, 0x08, 0x00, 0x08, 0x20, 
0x10, 0x20, 0x18, 0x40, 0x18, 0x41, 0x10, 0x41, 0x10, 0x41, 0x10, 0x41, 0x10, 0x41, 0x10, 0x41, 0x08, 0x00, 0x10, 0x41, 0x10, 0x61, 0x08, 0x20, 0x08, 0x20, 0x08, 0x20, 0x08, 0x20, 0x08, 0x00, 
0x00, 0x00, 0x00, 0x00, 0x10, 0x40, 0x10, 0x41, 0x10, 0x20, 0x08, 0x20, 0x00, 0x00, 0x00, 0x00, 0x00, 0x00, 0x00, 0x00, 0x00, 0x00, 0x00, 0x00, 0x00, 0x00, 0x00, 0x00, 0x00, 0x00, 0x00, 0x00, 
0x00, 0x00, 0x00, 0x00, 0x00, 0x00, 0x08, 0x00, 0x08, 0x00, 0x20, 0x60, 0x38, 0xE3, 0x41, 0x02, 0x49, 0x23, 0x40, 0xE2, 0x40, 0xE2, 0x28, 0x81, 0x20, 0x40, 0x51, 0x64, 0x82, 0x47, 0x8A, 0xA8, 
0x92, 0xA8, 0x92, 0xA8, 0x9A, 0xE8, 0x9A, 0xE8, 0x9A, 0xE8, 0xA3, 0x09, 0xA3, 0x29, 0xAB, 0x6A, 0xB3, 0xAB, 0xBB, 0xCB, 0xBB, 0xCB, 0xB3, 0xAB, 0xB3, 0xAB, 0xB3, 0x8B, 0xB3, 0x8A, 0xB3, 0x8A, 
0xB3, 0x8A, 0xB3, 0x8B, 0xB3, 0x8A, 0xB3, 0x8A, 0xB3, 0x8A, 0xAB, 0x6A, 0xAB, 0x6A, 0xAB, 0x6A, 0xB3, 0x8A, 0xB3, 0x8B, 0xBB, 0xAB, 0xBB, 0xEC, 0xC4, 0x2D, 0xC4, 0x4E, 0xC4, 0x4F, 0xC4, 0x6F, 
0xCC, 0x6F, 0xCC, 0x6F, 0xCC, 0x8F, 0xCC, 0x90, 0xCC, 0x6F, 0xC4, 0x4E, 0xC4, 0x4E, 0xC4, 0x4E, 0xCC, 0x2D, 0xCC, 0x4D, 0xCC, 0x2D, 0xC4, 0x2D, 0xC3, 0xEC, 0xC3, 0xEC, 0xC3, 0xEB, 0xC3, 0xCB, 
0xBB, 0xAB, 0xBB, 0xAA, 0xBB, 0xAA, 0xC3, 0xCB, 0xC3, 0xEB, 0xC4, 0x0C, 0xCC, 0x2D, 0xCC, 0x2D, 0xAB, 0x4A, 0xDD, 0xF7, 0xDD, 0xF6, 0xD5, 0xD6, 0xE6, 0x9A, 0xB4, 0x2E, 0xAB, 0x29, 0xB3, 0x6A, 
0xBB, 0x8A, 0xBB, 0xAB, 0xC3, 0xEC, 0xCC, 0x0C, 0xCC, 0x2D, 0xD4, 0x2D, 0xD4, 0x4E, 0xD4, 0x4E, 0xD4, 0x6E, 0xDC, 0x6E, 0xDC, 0x6E, 0xD4, 0x6E, 0xD4, 0x4E, 0xD4, 0x0C, 0xD4, 0x0D, 0xD4, 0x0C, 
0xCB, 0xEC, 0xCB, 0xAB, 0xCB, 0xAA, 0xC3, 0x8A, 0xC3, 0x69, 0xCB, 0x8A, 0xCB, 0x8A, 0xC3, 0x8A, 0xC3, 0x69, 0xC3, 0x8A, 0xC3, 0x49, 0xC3, 0x28, 0xC3, 0x08, 0xC3, 0x08, 0xC2, 0xC6, 0xCA, 0xA6, 
0xCA, 0x86, 0xCA, 0x86, 0xD2, 0x86, 0xD2, 0x87, 0xDA, 0x87, 0xDA, 0x87, 0xE2, 0x87, 0xE2, 0x87, 0xE2, 0x67, 0xEA, 0x88, 0xEA, 0x88, 0xF2, 0x88, 0xF2, 0x88, 0xF2, 0x87, 0xF2, 0x67, 0xF2, 0x87, 
0xBD, 0x54, 0xC5, 0x55, 0xC5, 0x55, 0xC5, 0x55, 0xBD, 0x14, 0x82, 0x88, 0x82, 0x46, 0x8A, 0x66, 0x92, 0xA7, 0x9A, 0xE8, 0xA3, 0x29, 0xAB, 0x6A, 0xB3, 0x6A, 0xB3, 0x8A, 0xB3, 0x8A, 0xBB, 0xCB, 
0xBB, 0xED, 0xC4, 0x0D, 0xC4, 0x2E, 0xC4, 0x4E, 0xCC, 0x6F, 0xCC, 0x6F, 0xCC, 0x6F, 0xCC, 0x4E, 0xCC, 0x0D, 0xC3, 0xCC, 0xC3, 0x8A, 0xA2, 0x67, 0x91, 0x83, 0xB2, 0x46, 0xC2, 0xE9, 0xCB, 0x4B, 
0xD3, 0xAC, 0xD3, 0x8C, 0xCB, 0x2B, 0xBB, 0x2A, 0xB3, 0xCC, 0xAB, 0xAC, 0xAB, 0xAC, 0xAB, 0xAB, 0xAB, 0xAC, 0xAB, 0xAC, 0xB3, 0xAC, 0xB3, 0xCC, 0xB3, 0xCC, 0xB3, 0xCC, 0xB3, 0xAC, 0xAB, 0xAC, 
0xAB, 0xAC, 0xB3, 0xAB, 0xAB, 0x4A, 0xA3, 0x2A, 0xAB, 0x6B, 0xB3, 0x8B, 0xB3, 0xAB, 0xB3, 0x8B, 0xB3, 0x8B, 0xAB, 0x6B, 0xAB, 0x4A, 0xAB, 0x29, 0x71, 0xC5, 0x61, 0x64, 0x81, 0xE5, 0x30, 0x61, 
0x38, 0xA1, 0x9A, 0x87, 0x9A, 0xA8, 0x92, 0x66, 0x81, 0xC4, 0x82, 0x05, 0x50, 0xE2, 0x28, 0x60, 0x18, 0x20, 0x18, 0x20, 0x18, 0x41, 0x18, 0x40, 0x10, 0x20, 0x10, 0x20, 0x08, 0x00, 0x08, 0x00, 
0x10, 0x20, 0x18, 0x61, 0x18, 0x61, 0x10, 0x41, 0x10, 0x41, 0x10, 0x41, 0x10, 0x41, 0x10, 0x20, 0x08, 0x00, 0x10, 0x41, 0x10, 0x41, 0x08, 0x20, 0x08, 0x00, 0x08, 0x20, 0x08, 0x00, 0x00, 0x00, 
0x00, 0x00, 0x00, 0x00, 0x10, 0x20, 0x10, 0x41, 0x10, 0x20, 0x08, 0x00, 0x00, 0x00, 0x00, 0x00, 0x00, 0x00, 0x00, 0x00, 0x00, 0x00, 0x00, 0x00, 0x00, 0x00, 0x00, 0x00, 0x00, 0x00, 0x00, 0x00, 
0x00, 0x00, 0x00, 0x00, 0x08, 0x00, 0x08, 0x00, 0x08, 0x00, 0x18, 0x40, 0x38, 0xC2, 0x40, 0xE2, 0x40, 0xE2, 0x40, 0xE2, 0x40, 0xE2, 0x28, 0x81, 0x28, 0x81, 0x71, 0xE5, 0x7A, 0x46, 0x8A, 0x87, 
0x8A, 0x87, 0x92, 0xC8, 0x9A, 0xE8, 0x9A, 0xE8, 0xA2, 0xE8, 0xA3, 0x29, 0xAB, 0x4A, 0xAB, 0x8A, 0xB3, 0x8B, 0xB3, 0xAB, 0xB3, 0xAB, 0xB3, 0x8B, 0xB3, 0x8A, 0xB3, 0x8B, 0xB3, 0xAB, 0xB3, 0xAB, 
0xB3, 0xAB, 0xB3, 0xAB, 0xB3, 0xAB, 0xB3, 0xAB, 0xB3, 0xAB, 0xB3, 0x8B, 0xB3, 0x8B, 0xB3, 0x8B, 0xB3, 0xAB, 0xBB, 0xCB, 0xBB, 0xEC, 0xC4, 0x0D, 0xC4, 0x2E, 0xC4, 0x4E, 0xC4, 0x6F, 0xC4, 0x6F, 
0xC4, 0x6F, 0xC4, 0x6F, 0xC4, 0x4F, 0xC4, 0x2E, 0xC4, 0x4E, 0xC4, 0x4E, 0xC4, 0x2E, 0xC4, 0x2D, 0xC4, 0x0C, 0xC4, 0x0D, 0xC4, 0x0C, 0xC3, 0xEC, 0xBB, 0xCB, 0xC3, 0xEC, 0xC3, 0xCB, 0xBB, 0xAB, 
0xBB, 0xCB, 0xBB, 0xCB, 0xC3, 0xCB, 0xC3, 0xEB, 0xC4, 0x0C, 0xCC, 0x4D, 0xCC, 0x4D, 0xC4, 0x2D, 0xB3, 0xED, 0xDE, 0x58, 0xD5, 0xD6, 0xDE, 0x17, 0xE6, 0x9A, 0xB3, 0xAC, 0xB3, 0x6A, 0xBB, 0x8A, 
0xBB, 0xAA, 0xC3, 0xEC, 0xCC, 0x0C, 0xCC, 0x0D, 0xD4, 0x2D, 0xD4, 0x4E, 0xD4, 0x4E, 0xD4, 0x6E, 0xDC, 0x6E, 0xDC, 0x8F, 0xDC, 0x8F, 0xDC, 0x8F, 0xDC, 0x6E, 0xD4, 0x2C, 0xD4, 0x0C, 0xD4, 0x0C, 
0xD3, 0xEC, 0xCB, 0xCB, 0xCB, 0xCB, 0xCB, 0xAB, 0xCB, 0x8A, 0xCB, 0x8A, 0xCB, 0x8A, 0xCB, 0x8A, 0xCB, 0x8A, 0xCB, 0x8A, 0xC3, 0x69, 0xC3, 0x28, 0xC3, 0x08, 0xCB, 0x07, 0xCA, 0xE7, 0xCA, 0xA6, 
0xCA, 0xA6, 0xCA, 0x86, 0xD2, 0xA7, 0xD2, 0xA7, 0xDA, 0xA7, 0xE2, 0xA7, 0xE2, 0xA7, 0xE2, 0xA8, 0xEA, 0xA8, 0xEA, 0xA8, 0xF2, 0xA8, 0xF2, 0x88, 0xF2, 0x88, 0xF2, 0x87, 0xF2, 0x87, 0xF2, 0x87, 
0xBD, 0x55, 0xC5, 0x55, 0xC5, 0x55, 0xC5, 0x34, 0x8A, 0xE9, 0x82, 0x45, 0x8A, 0x66, 0x92, 0xA7, 0x9A, 0xC8, 0xA3, 0x09, 0xA3, 0x29, 0xAB, 0x29, 0xAB, 0x29, 0xAB, 0x08, 0xAB, 0x29, 0xB3, 0x49, 
0xB3, 0x6A, 0xB3, 0x8B, 0xBB, 0xAB, 0xBB, 0xEC, 0xC4, 0x0D, 0xC4, 0x2E, 0xCC, 0x4E, 0xCC, 0x2E, 0xCC, 0x0D, 0xCB, 0xED, 0xC3, 0xAB, 0xBB, 0x49, 0xA1, 0xC4, 0xA9, 0xE5, 0xBA, 0x87, 0xC2, 0xEA, 
0xCB, 0x4B, 0xD3, 0x8C, 0xD3, 0x6B, 0xCB, 0x09, 0xB3, 0x6B, 0xAB, 0xAC, 0xAB, 0xAC, 0xAB, 0xAB, 0xAB, 0xAC, 0xAB, 0xAC, 0xB3, 0xCC, 0xB3, 0xCC, 0xB3, 0xCC, 0xB3, 0xAC, 0xAB, 0xAB, 0xAB, 0xAC, 
0xB3, 0xAC, 0xAB, 0xAB, 0xAB, 0x6A, 0xAB, 0x6A, 0xAB, 0x6A, 0xB3, 0xAB, 0xB3, 0xAC, 0xB3, 0xAB, 0xB3, 0xAB, 0xB3, 0x8B, 0xAB, 0x4A, 0xAB, 0x6A, 0x8A, 0x46, 0x59, 0x43, 0x61, 0x64, 0x20, 0x40, 
0x59, 0x63, 0xAB, 0x09, 0xAB, 0x09, 0x9A, 0xC7, 0x82, 0x05, 0x71, 0x84, 0x40, 0xA1, 0x20, 0x40, 0x18, 0x20, 0x18, 0x20, 0x18, 0x40, 0x18, 0x20, 0x10, 0x20, 0x08, 0x20, 0x08, 0x00, 0x00, 0x00, 
0x08, 0x20, 0x18, 0x61, 0x18, 0x61, 0x10, 0x41, 0x10, 0x41, 0x10, 0x41, 0x10, 0x40, 0x08, 0x20, 0x08, 0x00, 0x10, 0x41, 0x10, 0x41, 0x08, 0x20, 0x08, 0x00, 0x08, 0x20, 0x00, 0x00, 0x00, 0x00, 
0x00, 0x00, 0x00, 0x00, 0x10, 0x41, 0x10, 0x41, 0x08, 0x20, 0x00, 0x00, 0x00, 0x00, 0x00, 0x00, 0x00, 0x00, 0x00, 0x00, 0x00, 0x00, 0x00, 0x00, 0x08, 0x00, 0x08, 0x20, 0x08, 0x20, 0x08, 0x00, 
0x08, 0x00, 0x10, 0x20, 0x18, 0x40, 0x18, 0x20, 0x08, 0x00, 0x18, 0x20, 0x30, 0xA1, 0x41, 0x03, 0x41, 0x02, 0x40, 0xE2, 0x40, 0xE2, 0x20, 0x40, 0x51, 0x44, 0x7A, 0x26, 0x7A, 0x05, 0x82, 0x66, 
0x8A, 0x87, 0x92, 0xC8, 0x9A, 0xE9, 0x9B, 0x09, 0xA3, 0x09, 0xA3, 0x29, 0xAB, 0x6A, 0xB3, 0x8B, 0xB3, 0x8B, 0xB3, 0x8A, 0xB3, 0x8A, 0xB3, 0x8B, 0xB3, 0x8B, 0xB3, 0xAB, 0xB3, 0xAB, 0xBB, 0xCB, 
0xBB, 0xCB, 0xBB, 0xCB, 0xBB, 0xCB, 0xBB, 0xCB, 0xBB, 0xAB, 0xB3, 0xAB, 0xB3, 0xAB, 0xB3, 0xCB, 0xBB, 0xCC, 0xBB, 0xEC, 0xBC, 0x0D, 0xC4, 0x2D, 0xC4, 0x4E, 0xC4, 0x4E, 0xC4, 0x6F, 0xC4, 0x4E, 
0xC4, 0x4E, 0xC4, 0x6F, 0xC4, 0x6F, 0xC4, 0x4E, 0xC4, 0x4E, 0xC4, 0x2E, 0xC4, 0x0D, 0xC4, 0x0C, 0xC4, 0x0C, 0xC3, 0xEC, 0xC3, 0xEB, 0xBB, 0xEB, 0xBB, 0xEB, 0xBB, 0xCB, 0xBB, 0xAB, 0xC3, 0xCB, 
0xC3, 0xCB, 0xC3, 0xEB, 0xC3, 0xEC, 0xC4, 0x0C, 0xCC, 0x2D, 0xCC, 0x4D, 0xCC, 0x4D, 0xB3, 0xAB, 0xCD, 0x33, 0xDE, 0x38, 0xD5, 0xD5, 0xE6, 0x58, 0xE6, 0x59, 0xB3, 0x4A, 0xB3, 0x8A, 0xBB, 0x8A, 
0xC3, 0xCB, 0xC4, 0x0C, 0xCC, 0x0C, 0xCC, 0x2D, 0xD4, 0x4E, 0xD4, 0x4E, 0xD4, 0x6E, 0xDC, 0x6E, 0xDC, 0x6F, 0xDC, 0x8F, 0xDC, 0x8F, 0xDC, 0x8F, 0xDC, 0x6F, 0xD4, 0x2D, 0xD4, 0x0C, 0xD4, 0x2C, 
0xD4, 0x0C, 0xCB, 0xEC, 0xCB, 0xCB, 0xCB, 0xCB, 0xCB, 0xAB, 0xCB, 0xAB, 0xCB, 0xAB, 0xCB, 0x8A, 0xC3, 0x6A, 0xCB, 0x8A, 0xCB, 0x6A, 0xCB, 0x69, 0xCB, 0x49, 0xCB, 0x08, 0xCA, 0xE7, 0xCA, 0xC6, 
0xCA, 0xA6, 0xCA, 0xA6, 0xD2, 0xA7, 0xDA, 0xA7, 0xE2, 0xA7, 0xE2, 0xA7, 0xE2, 0xA8, 0xEA, 0xA8, 0xEA, 0xA8, 0xF2, 0xA8, 0xF2, 0xA8, 0xF2, 0x88, 0xF2, 0x87, 0xFA, 0x87, 0xFA, 0x87, 0xF2, 0xA7, 
0xBD, 0x55, 0xC5, 0x55, 0xC5, 0x54, 0x9B, 0x6C, 0x7A, 0x26, 0x8A, 0x66, 0x92, 0xA7, 0x92, 0xC8, 0x9A, 0xE8, 0x9B, 0x08, 0xA3, 0x08, 0x9A, 0xC7, 0x9A, 0xA7, 0x8A, 0x25, 0x92, 0x66, 0xA2, 0xC7, 
0xA3, 0x08, 0xAB, 0x29, 0xAB, 0x29, 0xB3, 0x49, 0xB3, 0x6A, 0xBB, 0x6A, 0xBB, 0x8B, 0xBB, 0xAB, 0xC3, 0xAC, 0xC3, 0xEC, 0xCB, 0xCC, 0xC3, 0x6A, 0xA2, 0x05, 0x99, 0x63, 0xAA, 0x05, 0xBA, 0x67, 
0xC2, 0xA8, 0xCA, 0xE9, 0xCB, 0x09, 0xCA, 0xE9, 0xBB, 0x09, 0xAB, 0xAC, 0xAB, 0xAC, 0xAB, 0xAC, 0xAB, 0xAC, 0xAB, 0xAC, 0xB3, 0xCC, 0xB3, 0xCC, 0xB3, 0xAC, 0xAB, 0xAC, 0xAB, 0xAC, 0xB3, 0xAC, 
0xAB, 0xAC, 0xAB, 0x8B, 0xB3, 0xAB, 0xB3, 0x8B, 0xAB, 0x4A, 0xB3, 0xAC, 0xB3, 0xCC, 0xB3, 0xAC, 0xB3, 0xAB, 0xB3, 0x8B, 0xAB, 0x4A, 0xAB, 0x29, 0x92, 0x67, 0x51, 0x23, 0x38, 0xA1, 0x28, 0x40, 
0x7A, 0x26, 0xA3, 0x09, 0xAB, 0x29, 0x9A, 0x87, 0x82, 0x05, 0x61, 0x42, 0x30, 0x60, 0x18, 0x20, 0x18, 0x00, 0x18, 0x20, 0x18, 0x40, 0x18, 0x20, 0x10, 0x20, 0x08, 0x20, 0x08, 0x00, 0x00, 0x00, 
0x08, 0x00, 0x18, 0x61, 0x20, 0x61, 0x18, 0x41, 0x10, 0x41, 0x18, 0x62, 0x10, 0x41, 0x08, 0x20, 0x08, 0x00, 0x10, 0x41, 0x10, 0x41, 0x08, 0x20, 0x08, 0x20, 0x00, 0x00, 0x00, 0x00, 0x00, 0x00, 
0x00, 0x00, 0x00, 0x00, 0x10, 0x41, 0x10, 0x61, 0x08, 0x00, 0x00, 0x00, 0x08, 0x00, 0x08, 0x00, 0x00, 0x00, 0x00, 0x00, 0x00, 0x00, 0x08, 0x20, 0x10, 0x41, 0x10, 0x40, 0x08, 0x20, 0x08, 0x00, 
0x10, 0x20, 0x20, 0x61, 0x28, 0x61, 0x20, 0x60, 0x10, 0x00, 0x18, 0x20, 0x38, 0xC2, 0x49, 0x03, 0x49, 0x43, 0x49, 0x03, 0x30, 0x81, 0x28, 0x81, 0x72, 0x06, 0x7A, 0x26, 0x82, 0x46, 0x82, 0x67, 
0x92, 0xA8, 0x92, 0xC8, 0x9A, 0xE8, 0xA3, 0x09, 0xA3, 0x29, 0xA3, 0x29, 0xAB, 0x4A, 0xAB, 0x6A, 0xAB, 0x6A, 0xB3, 0x6A, 0xB3, 0x8B, 0xB3, 0x8B, 0xB3, 0xAC, 0xB3, 0xCC, 0xBB, 0xCC, 0xBB, 0xCC, 
0xBB, 0xCC, 0xBB, 0xCC, 0xBB, 0xCC, 0xBB, 0xCB, 0xBB, 0xCB, 0xBB, 0xCC, 0xBB, 0xEC, 0xBB, 0xEC, 0xBC, 0x0D, 0xC4, 0x0D, 0xC4, 0x2D, 0xC4, 0x2E, 0xC4, 0x4E, 0xC4, 0x6E, 0xC4, 0x4F, 0xC4, 0x4E, 
0xC4, 0x4E, 0xC4, 0x4E, 0xC4, 0x4E, 0xC4, 0x4E, 0xC4, 0x2E, 0xBC, 0x0D, 0xBB, 0xEC, 0xC3, 0xEC, 0xC3, 0xEC, 0xC3, 0xEC, 0xBB, 0xEB, 0xBB, 0xCB, 0xBB, 0xCB, 0xBB, 0xCB, 0xC3, 0xCB, 0xC3, 0xEB, 
0xC3, 0xEB, 0xC3, 0xEC, 0xC4, 0x0C, 0xCC, 0x2D, 0xCC, 0x4D, 0xCC, 0x4E, 0xCC, 0x4D, 0xAB, 0x8B, 0xDE, 0x38, 0xDE, 0x17, 0xD5, 0xF6, 0xE6, 0x9A, 0xD5, 0xD6, 0xB3, 0x6A, 0xBB, 0x8A, 0xBB, 0xAA, 
0xC3, 0xEB, 0xCC, 0x0C, 0xCC, 0x2D, 0xD4, 0x2D, 0xD4, 0x4E, 0xD4, 0x4E, 0xD4, 0x6F, 0xDC, 0x8F, 0xDC, 0x6F, 0xDC, 0x6F, 0xDC, 0x8F, 0xDC, 0x8F, 0xDC, 0x6F, 0xDC, 0x4E, 0xDC, 0x0C, 0xD4, 0x0C, 
0xD4, 0x0C, 0xD3, 0xEC, 0xCB, 0xEC, 0xCB, 0xEC, 0xCB, 0xCB, 0xCB, 0xCB, 0xCB, 0xAB, 0xCB, 0x8A, 0xCB, 0x8A, 0xCB, 0x8A, 0xCB, 0x8A, 0xCB, 0x49, 0xCB, 0x49, 0xCB, 0x28, 0xCB, 0x08, 0xCA, 0xC6, 
0xCA, 0xA6, 0xD2, 0xA6, 0xDA, 0xA7, 0xDA, 0xA7, 0xE2, 0xA7, 0xE2, 0xA7, 0xEA, 0xA8, 0xEA, 0xC8, 0xEA, 0xC8, 0xF2, 0xA8, 0xF2, 0x88, 0xF2, 0x88, 0xFA, 0x88, 0xFA, 0x87, 0xFA, 0x87, 0xFA, 0xA7, 
0xC5, 0x54, 0xBD, 0x34, 0x9B, 0x8C, 0x7A, 0x25, 0x82, 0x67, 0x8A, 0x87, 0x92, 0xC8, 0x9A, 0xE8, 0x9B, 0x08, 0x9A, 0xE8, 0x9A, 0xC7, 0x92, 0x86, 0x8A, 0x25, 0x79, 0xC4, 0x40, 0xA1, 0x59, 0x43, 
0x82, 0x05, 0x92, 0x66, 0x9A, 0x87, 0x9A, 0x86, 0xA2, 0x86, 0xA2, 0x86, 0xA2, 0x87, 0xB2, 0xE8, 0xBB, 0x4A, 0xC3, 0xAC, 0xC3, 0xCC, 0xC3, 0x8B, 0xBA, 0xC8, 0x88, 0xE1, 0x99, 0x63, 0xA9, 0xE4, 
0xB2, 0x26, 0xBA, 0x46, 0xC2, 0x67, 0xC2, 0x87, 0xB2, 0xC9, 0xAB, 0xCC, 0xAB, 0xAC, 0xAB, 0xCC, 0xAB, 0xAC, 0xAB, 0xAC, 0xB3, 0xCC, 0xB3, 0xCC, 0xB3, 0xCC, 0xAB, 0xAC, 0xAB, 0xAB, 0xB3, 0xAC, 
0xAB, 0x8B, 0xAB, 0x8B, 0xB3, 0xAC, 0xB3, 0xAC, 0xAB, 0x6A, 0xB3, 0xAB, 0xB3, 0xCC, 0xB3, 0xCC, 0xB3, 0x8B, 0xAB, 0x6B, 0xAB, 0x6A, 0xA3, 0x09, 0x92, 0x87, 0x69, 0x84, 0x30, 0x61, 0x38, 0x81, 
0x8A, 0x67, 0xA3, 0x29, 0xAB, 0x4A, 0x92, 0x46, 0x71, 0x83, 0x50, 0xE1, 0x20, 0x20, 0x18, 0x20, 0x18, 0x00, 0x18, 0x20, 0x18, 0x40, 0x18, 0x20, 0x10, 0x20, 0x08, 0x20, 0x08, 0x00, 0x00, 0x00, 
0x00, 0x00, 0x18, 0x81, 0x20, 0x61, 0x20, 0x81, 0x10, 0x41, 0x10, 0x41, 0x10, 0x41, 0x10, 0x20, 0x08, 0x20, 0x10, 0x61, 0x10, 0x41, 0x08, 0x20, 0x08, 0x00, 0x00, 0x00, 0x00, 0x00, 0x00, 0x00, 
0x00, 0x00, 0x00, 0x00, 0x10, 0x41, 0x10, 0x61, 0x08, 0x00, 0x00, 0x00, 0x08, 0x00, 0x08, 0x00, 0x08, 0x00, 0x00, 0x00, 0x08, 0x20, 0x18, 0x61, 0x10, 0x41, 0x08, 0x20, 0x08, 0x00, 0x10, 0x20, 
0x20, 0x61, 0x38, 0xC2, 0x30, 0xA1, 0x20, 0x61, 0x10, 0x20, 0x20, 0x60, 0x51, 0x43, 0x40, 0xE2, 0x51, 0x63, 0x40, 0xE2, 0x20, 0x61, 0x61, 0xA4, 0x82, 0x46, 0x7A, 0x05, 0x8A, 0x87, 0x8A, 0x67, 
0x92, 0xC8, 0x9A, 0xE8, 0x9A, 0xE8, 0xA3, 0x09, 0xA3, 0x09, 0xA3, 0x29, 0xAB, 0x4A, 0xAB, 0x4A, 0xAB, 0x4A, 0xAB, 0x6A, 0xB3, 0x8B, 0xB3, 0xAB, 0xB3, 0xCC, 0xBB, 0xCC, 0xBB, 0xCB, 0xBB, 0xCC, 
0xBB, 0xCC, 0xBB, 0xCC, 0xBB, 0xCC, 0xBB, 0xCC, 0xBB, 0xEC, 0xBB, 0xEC, 0xC4, 0x0D, 0xC4, 0x0D, 0xC4, 0x0D, 0xC4, 0x2E, 0xC4, 0x2E, 0xC4, 0x4E, 0xC4, 0x4E, 0xC4, 0x6E, 0xC4, 0x4E, 0xC4, 0x4E, 
0xC4, 0x4E, 0xC4, 0x4E, 0xC4, 0x2E, 0xBC, 0x0D, 0xBC, 0x0D, 0xBB, 0xEC, 0xBB, 0xEC, 0xBB, 0xEB, 0xBB, 0xCB, 0xBB, 0xCB, 0xBB, 0xCB, 0xBB, 0xAA, 0xBB, 0xCB, 0xC3, 0xEB, 0xC3, 0xEC, 0xC4, 0x0C, 
0xC4, 0x0C, 0xC4, 0x2C, 0xCC, 0x2D, 0xCC, 0x4D, 0xCC, 0x6E, 0xCC, 0x6E, 0xC4, 0x0D, 0xBC, 0x90, 0xDE, 0x58, 0xDE, 0x17, 0xDE, 0x17, 0xE6, 0x9A, 0xCD, 0x12, 0xBB, 0x8A, 0xBB, 0xAA, 0xC3, 0xCB, 
0xCC, 0x0C, 0xCC, 0x2D, 0xD4, 0x4D, 0xD4, 0x4E, 0xD4, 0x4E, 0xD4, 0x6E, 0xD4, 0x6F, 0xDC, 0x6F, 0xDC, 0x8F, 0xDC, 0x8F, 0xDC, 0x8F, 0xDC, 0x8F, 0xDC, 0x6E, 0xDC, 0x4E, 0xD4, 0x0D, 0xD4, 0x0C, 
0xD4, 0x0C, 0xD4, 0x0C, 0xCB, 0xEC, 0xCB, 0xEC, 0xCB, 0xEC, 0xCB, 0xCB, 0xCB, 0xAB, 0xCB, 0x8A, 0xCB, 0x8A, 0xCB, 0x8A, 0xCB, 0x6A, 0xC3, 0x28, 0xCB, 0x48, 0xCB, 0x28, 0xCB, 0x08, 0xD2, 0xC6, 
0xD2, 0xA6, 0xD2, 0xA6, 0xDA, 0xA7, 0xE2, 0xA7, 0xE2, 0xA7, 0xEA, 0xA7, 0xEA, 0xA8, 0xF2, 0xC8, 0xF2, 0xC9, 0xF2, 0xC8, 0xFA, 0xA8, 0xFA, 0x88, 0xFA, 0x88, 0xFA, 0x87, 0xFA, 0x87, 0xFA, 0xA8, 
0xBD, 0x34, 0x9B, 0x8C, 0x7A, 0x26, 0x82, 0x46, 0x8A, 0x87, 0x92, 0xA8, 0x92, 0xE8, 0x9A, 0xE8, 0x9B, 0x08, 0x9A, 0xE8, 0x9A, 0xA7, 0x92, 0xA7, 0x8A, 0x25, 0x79, 0xC4, 0x48, 0xC2, 0x08, 0x00, 
0x10, 0x20, 0x28, 0x60, 0x30, 0x81, 0x40, 0xA1, 0x61, 0x23, 0x79, 0x83, 0x81, 0xA3, 0x9A, 0x25, 0xAA, 0xC7, 0xBB, 0x4A, 0xC3, 0x8B, 0xC3, 0x6B, 0xBB, 0x0A, 0xAA, 0x26, 0x78, 0xA1, 0x91, 0x42, 
0xA1, 0xA4, 0xA9, 0xE5, 0xB1, 0xE5, 0xB1, 0xE5, 0xAA, 0xE9, 0xAB, 0xCC, 0xAB, 0xCC, 0xAB, 0xCC, 0xAB, 0xCC, 0xB3, 0xAC, 0xB3, 0xCC, 0xB3, 0xCC, 0xB3, 0xCC, 0xB3, 0xAC, 0xAB, 0xAC, 0xAB, 0xAB, 
0xAB, 0x6B, 0xB3, 0xAB, 0xB3, 0xAC, 0xB3, 0xAC, 0xAB, 0x8B, 0xAB, 0x8B, 0xB3, 0xCC, 0xB3, 0xAC, 0xAB, 0x6A, 0xAB, 0x6A, 0xAB, 0x6A, 0xAB, 0x29, 0x92, 0x87, 0x69, 0x84, 0x28, 0x60, 0x49, 0x03, 
0x92, 0xA8, 0x9A, 0xC8, 0xA2, 0xE8, 0x82, 0x05, 0x71, 0x63, 0x38, 0x60, 0x18, 0x20, 0x18, 0x00, 0x10, 0x00, 0x18, 0x20, 0x18, 0x40, 0x10, 0x20, 0x10, 0x20, 0x08, 0x20, 0x08, 0x00, 0x00, 0x00, 
0x00, 0x00, 0x18, 0x61, 0x18, 0x61, 0x28, 0xA2, 0x18, 0x41, 0x10, 0x41, 0x18, 0x61, 0x08, 0x20, 0x08, 0x21, 0x10, 0x41, 0x08, 0x41, 0x08, 0x20, 0x00, 0x00, 0x00, 0x00, 0x00, 0x00, 0x00, 0x00, 
0x00, 0x00, 0x00, 0x00, 0x10, 0x61, 0x10, 0x40, 0x08, 0x00, 0x08, 0x40, 0x08, 0x20, 0x08, 0x20, 0x08, 0x20, 0x10, 0x41, 0x10, 0x62, 0x10, 0x62, 0x10, 0x41, 0x08, 0x00, 0x10, 0x20, 0x28, 0x81, 
0x40, 0xE2, 0x40, 0xE2, 0x38, 0xC2, 0x28, 0x81, 0x18, 0x20, 0x28, 0xA1, 0x51, 0x43, 0x38, 0xC2, 0x41, 0x03, 0x28, 0x61, 0x41, 0x02, 0x82, 0x67, 0x82, 0x46, 0x7A, 0x05, 0x82, 0x67, 0x92, 0xA8, 
0x92, 0xC8, 0x9A, 0xC8, 0x9A, 0xE8, 0x9A, 0xE9, 0xA3, 0x09, 0xA3, 0x29, 0xAB, 0x4A, 0xAB, 0x4A, 0xAB, 0x6A, 0xB3, 0x8B, 0xB3, 0xAB, 0xB3, 0xAC, 0xBB, 0xCC, 0xBB, 0xCC, 0xBB, 0xCC, 0xBB, 0xCC, 
0xBB, 0xEC, 0xBB, 0xEC, 0xBB, 0xCC, 0xBB, 0xEC, 0xBB, 0xED, 0xBC, 0x0D, 0xC4, 0x0D, 0xC4, 0x0D, 0xC4, 0x0D, 0xC4, 0x2E, 0xC4, 0x2E, 0xC4, 0x4E, 0xC4, 0x4E, 0xC4, 0x4E, 0xC4, 0x4E, 0xC4, 0x4E, 
0xC4, 0x2E, 0xC4, 0x2D, 0xBB, 0xED, 0xBB, 0xCB, 0xBB, 0xCB, 0xBB, 0xCB, 0xBB, 0xCB, 0xBB, 0xCB, 0xBB, 0xCB, 0xBB, 0xCB, 0xB3, 0x8A, 0xBB, 0xAA, 0xC3, 0xEB, 0xC4, 0x0C, 0xC4, 0x0C, 0xC4, 0x2D, 
0xC4, 0x2D, 0xCC, 0x4D, 0xCC, 0x4E, 0xCC, 0x6E, 0xCC, 0x6E, 0xCC, 0x6E, 0xAB, 0x8B, 0xD5, 0xD6, 0xDE, 0x58, 0xDE, 0x17, 0xDE, 0x38, 0xE6, 0xBA, 0xC4, 0x6F, 0xBB, 0xAB, 0xBB, 0xAB, 0xC3, 0xEC, 
0xCC, 0x0C, 0xD4, 0x2D, 0xD4, 0x4E, 0xD4, 0x4E, 0xD4, 0x6E, 0xDC, 0x6F, 0xDC, 0x6E, 0xDC, 0x6F, 0xDC, 0x8F, 0xDC, 0x8F, 0xDC, 0x8F, 0xDC, 0x8F, 0xDC, 0x6E, 0xD4, 0x4E, 0xD4, 0x2D, 0xD4, 0x0C, 
0xD4, 0x2D, 0xD4, 0x0D, 0xD3, 0xEC, 0xD3, 0xEC, 0xD3, 0xEC, 0xCB, 0xCB, 0xCB, 0xCB, 0xCB, 0x8B, 0xCB, 0x8B, 0xCB, 0x8A, 0xCB, 0x8A, 0xC3, 0x08, 0xCB, 0x08, 0xCB, 0x08, 0xCB, 0x07, 0xD2, 0xE7, 
0xD2, 0xA6, 0xDA, 0xA6, 0xDA, 0xA7, 0xE2, 0xA7, 0xE2, 0xA7, 0xEA, 0xA7, 0xEA, 0xC8, 0xF2, 0xC9, 0xF2, 0xC9, 0xF2, 0xA8, 0xFA, 0xA8, 0xFA, 0x88, 0xFA, 0x88, 0xFA, 0x88, 0xFA, 0x88, 0xFA, 0xA8, 
0x93, 0x0A, 0x82, 0x25, 0x82, 0x66, 0x8A, 0x87, 0x92, 0xA7, 0x92, 0xC8, 0x9A, 0xE8, 0x9A, 0xE8, 0x9A, 0xE8, 0x9A, 0xC7, 0x92, 0x66, 0x82, 0x25, 0x71, 0xA4, 0x49, 0x02, 0x18, 0x20, 0x00, 0x00, 
0x00, 0x00, 0x18, 0x20, 0x49, 0x02, 0x82, 0x05, 0xA3, 0x08, 0xB3, 0x6A, 0xB3, 0x4A, 0xA2, 0xA7, 0xA2, 0x45, 0xAA, 0x86, 0xBB, 0x29, 0xBB, 0x4A, 0xBB, 0x09, 0xBB, 0x0A, 0x71, 0x03, 0x58, 0x60, 
0x78, 0xE1, 0x91, 0x22, 0x99, 0x83, 0xA1, 0xA4, 0xAB, 0x8C, 0xAB, 0xCC, 0xAB, 0xCC, 0xAB, 0xCC, 0xB3, 0xCC, 0xB3, 0xCC, 0xB3, 0xCC, 0xB3, 0xCC, 0xB3, 0xCC, 0xB3, 0xAC, 0xAB, 0xAC, 0xAB, 0x6A, 
0xAB, 0x8B, 0xB3, 0xAB, 0xB3, 0xAB, 0xB3, 0xAC, 0xB3, 0xAB, 0xAB, 0x8B, 0xB3, 0xCC, 0xB3, 0xAB, 0xAB, 0x8B, 0xAB, 0x6A, 0xB3, 0x8B, 0xAB, 0x49, 0x92, 0x87, 0x51, 0x02, 0x28, 0x40, 0x61, 0x64, 
0x92, 0xA7, 0xA2, 0xE8, 0xA2, 0xE8, 0x82, 0x05, 0x50, 0xC1, 0x20, 0x20, 0x10, 0x00, 0x10, 0x00, 0x10, 0x00, 0x10, 0x20, 0x18, 0x40, 0x10, 0x20, 0x10, 0x20, 0x08, 0x00, 0x08, 0x00, 0x00, 0x00, 
0x08, 0x20, 0x10, 0x41, 0x18, 0x61, 0x28, 0xA2, 0x18, 0x41, 0x18, 0x61, 0x18, 0x61, 0x08, 0x20, 0x10, 0x40, 0x10, 0x41, 0x08, 0x20, 0x00, 0x00, 0x00, 0x00, 0x00, 0x00, 0x00, 0x00, 0x00, 0x00, 
0x00, 0x00, 0x00, 0x00, 0x18, 0x82, 0x08, 0x20, 0x08, 0x20, 0x10, 0x41, 0x08, 0x40, 0x08, 0x20, 0x10, 0x41, 0x10, 0x61, 0x10, 0x41, 0x08, 0x20, 0x08, 0x00, 0x10, 0x20, 0x28, 0x81, 0x38, 0xC2, 
0x51, 0x43, 0x49, 0x23, 0x41, 0x02, 0x28, 0x81, 0x20, 0x61, 0x30, 0xC2, 0x49, 0x23, 0x38, 0xE2, 0x30, 0xA1, 0x30, 0xA1, 0x7A, 0x26, 0x82, 0x67, 0x82, 0x46, 0x7A, 0x26, 0x8A, 0xA8, 0x92, 0xC8, 
0x9A, 0xE8, 0x9A, 0xC8, 0x9A, 0xE8, 0x9A, 0xE8, 0xA3, 0x09, 0xA3, 0x29, 0xA3, 0x29, 0xAB, 0x4A, 0xAB, 0x6A, 0xB3, 0x8B, 0xB3, 0xAC, 0xB3, 0xCB, 0xBB, 0xCC, 0xBB, 0xCC, 0xBB, 0xCC, 0xBB, 0xEC, 
0xBB, 0xEC, 0xBB, 0xEC, 0xBB, 0xEC, 0xC3, 0xED, 0xC4, 0x0D, 0xC4, 0x2D, 0xC4, 0x0D, 0xC4, 0x0D, 0xC4, 0x2D, 0xC4, 0x2E, 0xC4, 0x4E, 0xC4, 0x4E, 0xC4, 0x4E, 0xC4, 0x4E, 0xC4, 0x2E, 0xC4, 0x0D, 
0xBC, 0x0D, 0xBB, 0xED, 0xBB, 0xCB, 0xBB, 0xAB, 0xBB, 0xAB, 0xBB, 0xAB, 0xBB, 0xAA, 0xBB, 0xCA, 0xBB, 0xCB, 0xBB, 0xCB, 0xBB, 0xCB, 0xC3, 0xEC, 0xC4, 0x0C, 0xC4, 0x2D, 0xC4, 0x2D, 0xCC, 0x4D, 
0xCC, 0x4D, 0xCC, 0x4D, 0xCC, 0x6E, 0xCC, 0x6E, 0xCC, 0x6E, 0xCC, 0x6E, 0xAB, 0xCD, 0xE6, 0x78, 0xE6, 0x58, 0xDE, 0x17, 0xDE, 0x58, 0xE6, 0x9A, 0xBB, 0xED, 0xBB, 0xCB, 0xC3, 0xCB, 0xCC, 0x0C, 
0xCC, 0x2D, 0xD4, 0x4D, 0xD4, 0x4E, 0xD4, 0x4E, 0xDC, 0x6E, 0xDC, 0x8F, 0xDC, 0x8F, 0xDC, 0x8F, 0xDC, 0x8F, 0xDC, 0xAF, 0xDC, 0xAF, 0xDC, 0x8F, 0xDC, 0x6E, 0xD4, 0x4E, 0xD4, 0x0D, 0xD4, 0x0C, 
0xD4, 0x0D, 0xD4, 0x2D, 0xD4, 0x0D, 0xD4, 0x0D, 0xD3, 0xEC, 0xCB, 0xCC, 0xCB, 0xAB, 0xCB, 0xAB, 0xD3, 0xCC, 0xCB, 0x8A, 0xCB, 0x8B, 0xCB, 0x49, 0xCB, 0x08, 0xCB, 0x08, 0xD2, 0xE7, 0xD2, 0xE7, 
0xDA, 0xC7, 0xDA, 0xC7, 0xE2, 0xA7, 0xE2, 0xA7, 0xEA, 0xA7, 0xEA, 0xA8, 0xF2, 0xC8, 0xF2, 0xC8, 0xF2, 0xA8, 0xFA, 0xA8, 0xFA, 0xA8, 0xFA, 0xA8, 0xFA, 0x88, 0xFA, 0x88, 0xFA, 0xA8, 0xFA, 0x87, 
0x82, 0x45, 0x8A, 0x66, 0x8A, 0x87, 0x92, 0xA7, 0x92, 0xC7, 0x92, 0xC8, 0x92, 0xE8, 0x92, 0xA7, 0x8A, 0x67, 0x8A, 0x46, 0x79, 0xE5, 0x61, 0x43, 0x30, 0x81, 0x10, 0x00, 0x10, 0x20, 0x38, 0xE2, 
0x69, 0xC4, 0x92, 0x66, 0x9A, 0x86, 0xA2, 0xC7, 0xAB, 0x29, 0xB3, 0x8B, 0xBB, 0xAB, 0xBB, 0x8B, 0xBB, 0x8B, 0xBB, 0x6A, 0xBB, 0x4A, 0xB2, 0xE8, 0xB2, 0x87, 0xA2, 0x67, 0x58, 0xC2, 0x40, 0x40, 
0x68, 0xC2, 0x89, 0x63, 0xA1, 0xC5, 0xAA, 0x88, 0xAB, 0xED, 0xAB, 0xCD, 0xAB, 0xCC, 0xB3, 0xCC, 0xB3, 0xCC, 0xB3, 0xCC, 0xB3, 0xCC, 0xB3, 0xCC, 0xB3, 0xCC, 0xAB, 0xAC, 0xAB, 0x8B, 0xAB, 0x6B, 
0xB3, 0xAC, 0xB3, 0xAC, 0xB3, 0xAC, 0xB3, 0xAC, 0xB3, 0xAC, 0xB3, 0xAC, 0xB3, 0xAB, 0xB3, 0xCC, 0xB3, 0xAC, 0xAB, 0x8B, 0xAB, 0x8B, 0xAB, 0x6A, 0x92, 0xA7, 0x48, 0xE2, 0x30, 0x60, 0x8A, 0x87, 
0x9A, 0xE8, 0xAB, 0x4A, 0xA3, 0x09, 0x71, 0xA3, 0x30, 0x40, 0x18, 0x00, 0x10, 0x00, 0x10, 0x20, 0x08, 0x00, 0x08, 0x00, 0x18, 0x40, 0x18, 0x20, 0x10, 0x20, 0x08, 0x00, 0x08, 0x00, 0x00, 0x00, 
0x08, 0x20, 0x10, 0x40, 0x18, 0x40, 0x20, 0x81, 0x18, 0x41, 0x18, 0x61, 0x10, 0x61, 0x08, 0x20, 0x10, 0x41, 0x10, 0x41, 0x08, 0x00, 0x00, 0x00, 0x00, 0x00, 0x00, 0x00, 0x00, 0x00, 0x00, 0x00, 
0x00, 0x00, 0x08, 0x20, 0x10, 0x61, 0x08, 0x00, 0x08, 0x00, 0x10, 0x41, 0x10, 0x41, 0x10, 0x61, 0x10, 0x20, 0x08, 0x20, 0x08, 0x00, 0x10, 0x00, 0x10, 0x20, 0x20, 0x61, 0x40, 0xE2, 0x49, 0x02, 
0x59, 0x43, 0x51, 0x23, 0x40, 0xE2, 0x28, 0x61, 0x38, 0xC1, 0x38, 0xC2, 0x40, 0xE2, 0x30, 0x81, 0x28, 0x81, 0x69, 0xC5, 0x82, 0x46, 0x82, 0x46, 0x7A, 0x25, 0x8A, 0x67, 0x92, 0xC8, 0x92, 0xC8, 
0x9A, 0xE8, 0x9A, 0xC8, 0x9A, 0xC8, 0x9A, 0xE8, 0x9A, 0xE8, 0xA3, 0x08, 0xA3, 0x29, 0xAB, 0x4A, 0xAB, 0x6A, 0xB3, 0x8B, 0xB3, 0xAB, 0xBB, 0xAB, 0xBB, 0xCB, 0xBB, 0xCC, 0xBB, 0xEC, 0xBB, 0xEC, 
0xBB, 0xEC, 0xBB, 0xEC, 0xC4, 0x0D, 0xC4, 0x0D, 0xC4, 0x0D, 0xC4, 0x2D, 0xC4, 0x2D, 0xC4, 0x2D, 0xC4, 0x0D, 0xC4, 0x2D, 0xC4, 0x2E, 0xC4, 0x4E, 0xC4, 0x0D, 0xBC, 0x0D, 0xBC, 0x0D, 0xBC, 0x0C, 
0xBB, 0xEC, 0xBB, 0xCB, 0xBB, 0xAA, 0xBB, 0xAA, 0xBB, 0xAB, 0xBB, 0xAB, 0xBB, 0xCB, 0xBB, 0xCB, 0xC3, 0xEB, 0xC3, 0xEC, 0xC4, 0x0C, 0xC4, 0x0D, 0xC4, 0x2D, 0xC4, 0x2D, 0xCC, 0x4D, 0xCC, 0x4D, 
0xCC, 0x4E, 0xCC, 0x6E, 0xCC, 0x6E, 0xCC, 0x8E, 0xCC, 0x8F, 0xC4, 0x0D, 0xBC, 0xB1, 0xE6, 0x79, 0xE6, 0x78, 0xDE, 0x37, 0xE6, 0x79, 0xDE, 0x38, 0xBB, 0xCC, 0xC3, 0xCC, 0xC3, 0xEC, 0xCC, 0x0C, 
0xD4, 0x2D, 0xD4, 0x4E, 0xDC, 0x6E, 0xDC, 0x6E, 0xDC, 0x6F, 0xDC, 0x8F, 0xDC, 0xAF, 0xDC, 0x8F, 0xDC, 0xAF, 0xDC, 0xB0, 0xDC, 0x8F, 0xDC, 0x6E, 0xDC, 0x6E, 0xDC, 0x4E, 0xD4, 0x0D, 0xD4, 0x0C, 
0xD4, 0x0D, 0xD4, 0x4E, 0xD4, 0x0D, 0xD4, 0x0D, 0xD3, 0xEC, 0xD3, 0xEC, 0xCB, 0xAB, 0xD3, 0xCC, 0xD3, 0xCC, 0xCB, 0x8B, 0xCB, 0x6A, 0xCB, 0x6A, 0xCB, 0x29, 0xD3, 0x08, 0xD2, 0xE8, 0xD2, 0xC7, 
0xDA, 0xC7, 0xE2, 0xA7, 0xE2, 0xA7, 0xEA, 0xA7, 0xEA, 0xA7, 0xF2, 0xA8, 0xF2, 0xA8, 0xF2, 0xA8, 0xFA, 0xA8, 0xFA, 0xA8, 0xFA, 0xA8, 0xFA, 0xA8, 0xFA, 0xA8, 0xFA, 0xA8, 0xFA, 0xA8, 0xD9, 0xC5, 
0x8A, 0x86, 0x92, 0xA7, 0x92, 0xC7, 0x92, 0xC8, 0x92, 0xC8, 0x92, 0xE8, 0x92, 0xC8, 0x8A, 0x87, 0x82, 0x05, 0x69, 0x43, 0x50, 0xE2, 0x40, 0xA1, 0x38, 0xC2, 0x61, 0xC4, 0x8A, 0x87, 0x9A, 0xC7, 
0x9A, 0xC7, 0xA2, 0xC7, 0xA2, 0xC7, 0xAB, 0x08, 0xB3, 0x6A, 0xBB, 0xED, 0xC4, 0x0D, 0xC3, 0xEC, 0xC3, 0xCC, 0xC3, 0xEC, 0xCC, 0x0D, 0xCC, 0x0D, 0xBB, 0x6B, 0xA2, 0x67, 0x58, 0xE2, 0x61, 0x03, 
0x89, 0xC6, 0xAA, 0x47, 0xB2, 0xA8, 0xB3, 0x2B, 0xAB, 0xED, 0xAB, 0xCD, 0xAB, 0xCD, 0xB3, 0xCC, 0xB3, 0xCC, 0xB3, 0xCC, 0xB3, 0xCC, 0xB3, 0xCC, 0xB3, 0xCC, 0xAB, 0xAC, 0xAB, 0x6B, 0xAB, 0xAC, 
0xB3, 0xAC, 0xB3, 0xAC, 0xB3, 0xAC, 0xB3, 0xAC, 0xB3, 0xAC, 0xB3, 0xAC, 0xB3, 0xAC, 0xB3, 0xAC, 0xB3, 0xAC, 0xAB, 0x8B, 0xAB, 0x6B, 0xAB, 0x6A, 0x92, 0xA8, 0x40, 0xA1, 0x38, 0xA1, 0xA3, 0x09, 
0xAB, 0x2A, 0xA3, 0x2A, 0x8A, 0x66, 0x48, 0xC1, 0x18, 0x20, 0x10, 0x00, 0x10, 0x00, 0x10, 0x20, 0x08, 0x00, 0x08, 0x00, 0x18, 0x40, 0x18, 0x20, 0x10, 0x20, 0x08, 0x00, 0x00, 0x00, 0x00, 0x00, 
0x08, 0x20, 0x10, 0x40, 0x18, 0x40, 0x20, 0x61, 0x18, 0x41, 0x18, 0x41, 0x10, 0x20, 0x10, 0x20, 0x10, 0x41, 0x10, 0x21, 0x00, 0x00, 0x00, 0x00, 0x00, 0x00, 0x00, 0x00, 0x00, 0x00, 0x00, 0x00, 
0x00, 0x00, 0x10, 0x61, 0x08, 0x20, 0x08, 0x00, 0x08, 0x00, 0x08, 0x00, 0x10, 0x40, 0x10, 0x40, 0x08, 0x20, 0x08, 0x00, 0x10, 0x00, 0x18, 0x20, 0x28, 0x61, 0x38, 0xC1, 0x49, 0x23, 0x51, 0x23, 
0x59, 0x43, 0x49, 0x03, 0x30, 0xA1, 0x28, 0x61, 0x40, 0xE2, 0x30, 0xC2, 0x28, 0x81, 0x28, 0x61, 0x61, 0xC5, 0x82, 0x46, 0x7A, 0x26, 0x7A, 0x05, 0x8A, 0x67, 0x92, 0xA8, 0x92, 0xC8, 0x9A, 0xC8, 
0x9A, 0xC8, 0x9A, 0xC7, 0x9A, 0xC8, 0x9A, 0xC8, 0x9A, 0xE8, 0xA3, 0x29, 0xAB, 0x4A, 0xAB, 0x4A, 0xAB, 0x6A, 0xB3, 0x8B, 0xB3, 0xAB, 0xBB, 0xAB, 0xB3, 0x6A, 0xAB, 0x49, 0xBB, 0xEC, 0xBB, 0xEC, 
0xBB, 0xED, 0xC4, 0x0D, 0xC4, 0x0D, 0xC4, 0x2D, 0xC4, 0x2D, 0xBC, 0x2D, 0xBC, 0x2D, 0xBC, 0x2D, 0xC4, 0x0D, 0xBC, 0x0D, 0xBC, 0x0D, 0xBC, 0x0D, 0xBB, 0xED, 0xBB, 0xEC, 0xBB, 0xCC, 0xBB, 0xCB, 
0xBB, 0xAB, 0xB3, 0x8A, 0xBB, 0xAA, 0xBB, 0xAB, 0xBB, 0xCA, 0xBB, 0xCB, 0xBB, 0xCB, 0xC3, 0xEC, 0xC4, 0x0C, 0xC4, 0x0D, 0xC4, 0x2D, 0xC4, 0x2D, 0xC4, 0x4D, 0xCC, 0x4D, 0xCC, 0x4D, 0xCC, 0x4E, 
0xCC, 0x6E, 0xCC, 0x6E, 0xCC, 0x8F, 0xCC, 0x8F, 0xCC, 0x8F, 0xAB, 0x8B, 0xD5, 0xB5, 0xE6, 0x99, 0xE6, 0x79, 0xDE, 0x58, 0xE6, 0x99, 0xDD, 0xD6, 0xC3, 0xEC, 0xCC, 0x0C, 0xCC, 0x0C, 0xCC, 0x2D, 
0xD4, 0x4D, 0xD4, 0x6E, 0xDC, 0x6E, 0xDC, 0x8F, 0xDC, 0x8F, 0xDC, 0xAF, 0xE4, 0xB0, 0xE4, 0xAF, 0xE4, 0xAF, 0xDC, 0x8F, 0xDC, 0x8F, 0xDC, 0x6F, 0xDC, 0x6E, 0xDC, 0x4E, 0xD4, 0x0D, 0xD4, 0x0C, 
0xD4, 0x0D, 0xD4, 0x2E, 0xD4, 0x0D, 0xCB, 0xEC, 0xD3, 0xED, 0xD4, 0x0D, 0xD3, 0xED, 0xD3, 0xCC, 0xD3, 0xCC, 0xD3, 0xAC, 0xCB, 0x6B, 0xCB, 0x4A, 0xD3, 0x29, 0xD3, 0x08, 0xD3, 0x08, 0xDA, 0xC7, 
0xDA, 0xC7, 0xE2, 0xA7, 0xEA, 0xA7, 0xEA, 0xA8, 0xF2, 0xA8, 0xF2, 0xA8, 0xF2, 0xA8, 0xFA, 0xA8, 0xFA, 0xA8, 0xFA, 0xA8, 0xFA, 0xA8, 0xFA, 0x88, 0xFA, 0x88, 0xFA, 0xA8, 0xFA, 0x87, 0xA9, 0x03, 
0x92, 0xC7, 0x9A, 0xE8, 0x9B, 0x08, 0x9B, 0x09, 0x9B, 0x09, 0x9A, 0xC8, 0x92, 0x87, 0x8A, 0x66, 0x82, 0x25, 0x79, 0xE5, 0x69, 0x84, 0x82, 0x26, 0x92, 0xA7, 0x9A, 0xC8, 0x9B, 0x08, 0xA3, 0x08, 
0xA3, 0x29, 0xA3, 0x08, 0xAB, 0x08, 0xAB, 0x29, 0xB3, 0xAB, 0xC4, 0x2D, 0xC4, 0x6F, 0xC4, 0x2D, 0xC4, 0x0D, 0xCC, 0x0D, 0xCC, 0x2E, 0xCC, 0x2E, 0xCC, 0x2D, 0xCC, 0x0D, 0xBB, 0x8B, 0x9A, 0x88, 
0xA2, 0x67, 0xBA, 0xC9, 0xBA, 0xE9, 0xB3, 0x6C, 0xAB, 0xED, 0xAB, 0xCC, 0xAB, 0xCC, 0xB3, 0xCC, 0xAB, 0xCC, 0xB3, 0xCC, 0xB3, 0xCC, 0xB3, 0xCC, 0xAB, 0xAC, 0xAB, 0xAB, 0xAB, 0xAC, 0xB3, 0xAC, 
0xB3, 0xAC, 0xB3, 0xCC, 0xB3, 0xAC, 0xB3, 0xAC, 0xB3, 0xAC, 0xB3, 0xAC, 0xB3, 0xAB, 0xB3, 0xAB, 0xB3, 0xAB, 0xB3, 0x8B, 0xAB, 0x6B, 0xA3, 0x29, 0x8A, 0x67, 0x38, 0x81, 0x48, 0xE2, 0xA2, 0xE8, 
0xA3, 0x29, 0x9A, 0xC8, 0x59, 0x22, 0x18, 0x20, 0x10, 0x00, 0x10, 0x00, 0x10, 0x00, 0x08, 0x00, 0x00, 0x00, 0x08, 0x00, 0x18, 0x40, 0x10, 0x20, 0x10, 0x20, 0x08, 0x20, 0x00, 0x00, 0x00, 0x00, 
0x08, 0x00, 0x10, 0x20, 0x18, 0x40, 0x20, 0x61, 0x18, 0x41, 0x10, 0x40, 0x08, 0x20, 0x10, 0x40, 0x10, 0x41, 0x08, 0x20, 0x00, 0x00, 0x00, 0x00, 0x00, 0x00, 0x00, 0x00, 0x08, 0x20, 0x08, 0x20, 
0x08, 0x20, 0x18, 0x82, 0x08, 0x00, 0x08, 0x00, 0x08, 0x00, 0x08, 0x00, 0x08, 0x00, 0x08, 0x00, 0x08, 0x00, 0x10, 0x00, 0x18, 0x20, 0x28, 0x81, 0x38, 0xC2, 0x49, 0x02, 0x51, 0x43, 0x51, 0x43, 
0x51, 0x23, 0x38, 0xC2, 0x28, 0x61, 0x38, 0xE2, 0x40, 0xE2, 0x30, 0xA1, 0x28, 0x81, 0x61, 0xA4, 0x82, 0x46, 0x8A, 0x87, 0x8A, 0x87, 0x8A, 0x87, 0x92, 0xA7, 0x92, 0xA7, 0x92, 0xC7, 0x9A, 0xC7, 
0x9A, 0xE8, 0x9A, 0xC8, 0x9A, 0xE8, 0xA3, 0x08, 0xA3, 0x08, 0xA3, 0x09, 0xA3, 0x49, 0xAB, 0x69, 0xB3, 0x6A, 0xB3, 0x8A, 0xB3, 0xAB, 0xBB, 0xAB, 0xBB, 0xAB, 0xBB, 0xCC, 0xBB, 0xEC, 0xBB, 0xEC, 
0xC4, 0x0D, 0xC4, 0x0D, 0xC4, 0x0D, 0xC4, 0x0D, 0xC4, 0x0D, 0xBC, 0x0D, 0xC4, 0x0D, 0xBC, 0x0D, 0xBC, 0x0C, 0xBB, 0xEC, 0xBB, 0xEC, 0xBB, 0xEC, 0xBB, 0xEC, 0xBB, 0xCB, 0xB3, 0xAB, 0xB3, 0x8A, 
0xB3, 0x8A, 0xB3, 0x8A, 0xBB, 0xAA, 0xBB, 0xCB, 0xBB, 0xCB, 0xBB, 0xCB, 0xC3, 0xEC, 0xC4, 0x0C, 0xC4, 0x2D, 0xC4, 0x2D, 0xCC, 0x4D, 0xCC, 0x4E, 0xCC, 0x4D, 0xCC, 0x4D, 0xCC, 0x4E, 0xCC, 0x6E, 
0xCC, 0x8E, 0xCC, 0x8F, 0xD4, 0xAF, 0xCC, 0xAF, 0xCC, 0x8F, 0x9B, 0x2A, 0xE6, 0x58, 0xE6, 0x99, 0xE6, 0x99, 0xE6, 0x58, 0xE6, 0x99, 0xD5, 0x54, 0xCC, 0x0D, 0xCC, 0x2D, 0xD4, 0x2D, 0xD4, 0x4D, 
0xD4, 0x4E, 0xD4, 0x6F, 0xDC, 0x8F, 0xDC, 0x8F, 0xDC, 0xAF, 0xE4, 0xAF, 0xE4, 0xB0, 0xE4, 0xB0, 0xE4, 0xB0, 0xDC, 0x8F, 0xDC, 0x8F, 0xDC, 0x6E, 0xDC, 0x4D, 0xDC, 0x4D, 0xD4, 0x2D, 0xD4, 0x0C, 
0xD4, 0x0D, 0xD4, 0x2D, 0xD4, 0x2D, 0xCB, 0xCB, 0xD3, 0xEC, 0xD4, 0x0D, 0xD4, 0x2E, 0xD4, 0x0D, 0xD3, 0xCC, 0xD3, 0x8B, 0xD3, 0x8B, 0xD3, 0x4A, 0xCA, 0xE8, 0xD2, 0xC7, 0xDA, 0xE7, 0xDA, 0xC7, 
0xE2, 0xA7, 0xE2, 0xA7, 0xEA, 0xA7, 0xF2, 0xA8, 0xF2, 0xA8, 0xF2, 0xA8, 0xFA, 0xA8, 0xFA, 0xA8, 0xFA, 0xA8, 0xFA, 0xA8, 0xFA, 0xA8, 0xFA, 0x87, 0xFA, 0x87, 0xFA, 0x87, 0xD9, 0xC5, 0x88, 0xE2, 
0x92, 0xC7, 0x9A, 0xE8, 0x9B, 0x29, 0xA3, 0x4A, 0x9B, 0x4A, 0x9A, 0xE8, 0x92, 0x87, 0x8A, 0x46, 0x82, 0x26, 0x8A, 0x66, 0x92, 0xA7, 0x9A, 0xC7, 0x9B, 0x08, 0xA3, 0x29, 0xA3, 0x49, 0xAB, 0x49, 
0xAB, 0x4A, 0xAB, 0x6A, 0xAB, 0x49, 0xB3, 0x6A, 0xBB, 0xAB, 0xBB, 0xED, 0xC4, 0x4E, 0xC4, 0x4E, 0xCC, 0x4E, 0xCC, 0x6F, 0xCC, 0x6F, 0xD4, 0x6E, 0xD4, 0x4E, 0xCC, 0x2D, 0xCC, 0x0D, 0xCB, 0xEC, 
0xC3, 0x8A, 0xC3, 0x09, 0xBA, 0xE9, 0xAB, 0x8C, 0xAB, 0xCD, 0xAB, 0xCD, 0xAB, 0xCC, 0xAB, 0xCC, 0xAB, 0xCC, 0xAB, 0xCC, 0xAB, 0xCC, 0xAB, 0xAC, 0xAB, 0xAC, 0xB3, 0xCC, 0xB3, 0xAC, 0xB3, 0xCC, 
0xB3, 0xAC, 0xB3, 0xCC, 0xB3, 0xAB, 0xB3, 0xAC, 0xB3, 0xAC, 0xB3, 0xAB, 0xAB, 0xAB, 0xB3, 0xAB, 0xB3, 0xAC, 0xB3, 0xAB, 0xAB, 0x8B, 0xA3, 0x29, 0x82, 0x26, 0x38, 0x81, 0x59, 0x43, 0x92, 0x87, 
0x9A, 0xE8, 0x7A, 0x05, 0x28, 0x40, 0x18, 0x00, 0x10, 0x00, 0x10, 0x00, 0x08, 0x00, 0x00, 0x00, 0x00, 0x00, 0x00, 0x00, 0x10, 0x20, 0x10, 0x20, 0x10, 0x20, 0x08, 0x20, 0x00, 0x00, 0x00, 0x00, 
0x08, 0x00, 0x08, 0x00, 0x18, 0x20, 0x18, 0x40, 0x18, 0x40, 0x10, 0x20, 0x08, 0x20, 0x10, 0x40, 0x10, 0x40, 0x08, 0x00, 0x00, 0x00, 0x00, 0x00, 0x08, 0x00, 0x10, 0x41, 0x08, 0x20, 0x08, 0x20, 
0x10, 0x61, 0x08, 0x20, 0x08, 0x00, 0x08, 0x00, 0x08, 0x00, 0x08, 0x00, 0x10, 0x20, 0x18, 0x41, 0x10, 0x20, 0x18, 0x41, 0x30, 0xA2, 0x49, 0x02, 0x51, 0x23, 0x61, 0x84, 0x59, 0x64, 0x51, 0x43, 
0x40, 0xC2, 0x38, 0xC2, 0x20, 0x61, 0x38, 0xE2, 0x28, 0x81, 0x30, 0xA2, 0x61, 0x84, 0x8A, 0x67, 0x92, 0x87, 0x92, 0x87, 0x8A, 0x86, 0x92, 0xA7, 0x9A, 0xC8, 0x9A, 0xE8, 0x9A, 0xE8, 0x9A, 0xE8, 
0x9A, 0xE8, 0x9A, 0xE8, 0xA2, 0xE8, 0xA3, 0x08, 0xA3, 0x08, 0xA3, 0x08, 0xA3, 0x28, 0xAB, 0x6A, 0xB3, 0x6A, 0xB3, 0x8A, 0xB3, 0xAB, 0xBB, 0xAB, 0xBB, 0xCB, 0xBB, 0xCB, 0xBB, 0xCC, 0xBB, 0xEC, 
0xC3, 0xED, 0xC4, 0x0D, 0xBC, 0x0D, 0xBC, 0x0D, 0xC4, 0x0D, 0xC4, 0x0D, 0xC4, 0x0D, 0xBC, 0x0D, 0xBB, 0xCC, 0xBB, 0xCB, 0xBB, 0xCB, 0xBB, 0xAB, 0xB3, 0x8A, 0xB3, 0x6A, 0xB3, 0x6A, 0xB3, 0x89, 
0xB3, 0x8A, 0xBB, 0xAA, 0xBB, 0xAB, 0xBB, 0xCB, 0xBB, 0xEC, 0xC3, 0xEC, 0xC4, 0x0C, 0xC4, 0x0D, 0xC4, 0x2D, 0xCC, 0x4D, 0xCC, 0x4E, 0xCC, 0x6E, 0xCC, 0x6E, 0xCC, 0x6E, 0xCC, 0x6E, 0xCC, 0x8F, 
0xCC, 0xAF, 0xD4, 0xB0, 0xD4, 0xD0, 0xCC, 0xB0, 0xC4, 0x4E, 0xBC, 0xD1, 0xE6, 0x79, 0xE6, 0xBA, 0xE6, 0x99, 0xE6, 0x58, 0xE6, 0x99, 0xD5, 0x74, 0xCC, 0x2D, 0xD4, 0x2D, 0xD4, 0x4E, 0xD4, 0x4E, 
0xD4, 0x6E, 0xDC, 0x8F, 0xDC, 0x8F, 0xDC, 0x8F, 0xDC, 0xAF, 0xE4, 0xAF, 0xE4, 0xB0, 0xE4, 0xD0, 0xE4, 0xB0, 0xE4, 0xAF, 0xDC, 0x8F, 0xDC, 0x6E, 0xDC, 0x4D, 0xDC, 0x4D, 0xD4, 0x2D, 0xD4, 0x0C, 
0xD4, 0x0D, 0xD4, 0x2D, 0xD4, 0x2D, 0xCB, 0xEC, 0xCB, 0xCC, 0xD4, 0x0D, 0xD4, 0x2E, 0xD4, 0x2E, 0xD3, 0xED, 0xD3, 0x8B, 0xD3, 0x8B, 0xD3, 0x4A, 0xD2, 0xE8, 0xD2, 0xA7, 0xDA, 0xC7, 0xDA, 0xA7, 
0xE2, 0xA7, 0xEA, 0x87, 0xF2, 0x87, 0xF2, 0xA7, 0xF2, 0xA8, 0xFA, 0xA8, 0xFA, 0xA8, 0xFA, 0xA8, 0xFA, 0xA8, 0xFA, 0xA8, 0xFA, 0x87, 0xFA, 0x67, 0xFA, 0x67, 0xFA, 0x47, 0xA1, 0x03, 0x88, 0xE2, 
0x92, 0xC7, 0x9A, 0xE8, 0x9B, 0x09, 0x9B, 0x29, 0x9B, 0x29, 0x9B, 0x08, 0x92, 0xA7, 0x92, 0xA7, 0x9A, 0xC7, 0x9A, 0xC7, 0x9A, 0xE8, 0xA3, 0x29, 0xA3, 0x29, 0xAB, 0x4A, 0xAB, 0x6A, 0xAB, 0x8A, 
0xB3, 0x8B, 0xB3, 0xAB, 0xB3, 0xAB, 0xBB, 0xAB, 0xBB, 0xCC, 0xBC, 0x0D, 0xC4, 0x2D, 0xC4, 0x4E, 0xCC, 0x4E, 0xCC, 0x8F, 0xD4, 0xB0, 0xD4, 0xB0, 0xD4, 0xB0, 0xD4, 0x6F, 0xD4, 0x4E, 0xD4, 0x2D, 
0xCB, 0xEC, 0xCB, 0xAB, 0xC3, 0x29, 0xAB, 0xCD, 0xAB, 0xCC, 0xAB, 0xCC, 0xAB, 0xCC, 0xAB, 0xCC, 0xAB, 0xCC, 0xAB, 0xCC, 0xAB, 0xAB, 0xAB, 0xAB, 0xB3, 0xCC, 0xB3, 0xCC, 0xB3, 0xCC, 0xB3, 0xCC, 
0xB3, 0xAC, 0xB3, 0xAB, 0xB3, 0xAB, 0xAB, 0xAB, 0xAB, 0xAB, 0xAB, 0x8B, 0xAB, 0x8B, 0xB3, 0xAC, 0xB3, 0xCC, 0xB3, 0xAC, 0xAB, 0x8B, 0xA3, 0x29, 0x8A, 0x67, 0x38, 0xA1, 0x69, 0xA4, 0x92, 0x86, 
0x8A, 0x46, 0x40, 0xC1, 0x18, 0x20, 0x18, 0x20, 0x10, 0x00, 0x10, 0x00, 0x00, 0x00, 0x00, 0x00, 0x00, 0x00, 0x00, 0x00, 0x10, 0x20, 0x10, 0x20, 0x10, 0x20, 0x08, 0x00, 0x00, 0x00, 0x00, 0x00, 
0x00, 0x00, 0x08, 0x00, 0x18, 0x20, 0x18, 0x20, 0x10, 0x20, 0x08, 0x00, 0x10, 0x20, 0x10, 0x40, 0x10, 0x20, 0x00, 0x00, 0x00, 0x00, 0x08, 0x20, 0x08, 0x20, 0x08, 0x20, 0x08, 0x20, 0x08, 0x20, 
0x08, 0x20, 0x08, 0x00, 0x08, 0x00, 0x08, 0x20, 0x08, 0x20, 0x10, 0x40, 0x41, 0x44, 0x31, 0x03, 0x20, 0x61, 0x30, 0xC2, 0x51, 0x43, 0x59, 0x63, 0x61, 0x84, 0x59, 0x64, 0x51, 0x43, 0x40, 0xE2, 
0x49, 0x23, 0x28, 0x81, 0x28, 0x81, 0x28, 0x81, 0x38, 0xC2, 0x59, 0x64, 0x79, 0xE5, 0x8A, 0x66, 0x92, 0xA8, 0x92, 0xA7, 0x92, 0xC8, 0x9A, 0xE8, 0xA2, 0xE8, 0xA2, 0xE8, 0xA2, 0xE8, 0xA2, 0xE8, 
0xA2, 0xE8, 0x9A, 0xE8, 0xA3, 0x08, 0xA3, 0x08, 0xA3, 0x08, 0xA3, 0x08, 0xA3, 0x08, 0xB3, 0x69, 0xB3, 0x8A, 0xBB, 0xAB, 0xBB, 0xAB, 0xBB, 0xCB, 0xBB, 0xAB, 0xB3, 0x69, 0xBB, 0xEC, 0xBB, 0xEC, 
0xC3, 0xEC, 0xC4, 0x0C, 0xC3, 0xED, 0xBB, 0xEC, 0xBB, 0xED, 0xBB, 0xEC, 0xBB, 0xCC, 0xBB, 0xEC, 0xBB, 0xCB, 0xBB, 0xCB, 0xBB, 0xAB, 0xB3, 0x8A, 0xB3, 0x6A, 0xB3, 0x8A, 0xB3, 0x8A, 0xB3, 0xAA, 
0xBB, 0xAA, 0xBB, 0xCB, 0xBB, 0xCB, 0xBB, 0xEC, 0xC4, 0x0C, 0xC4, 0x0C, 0xC4, 0x2D, 0xC4, 0x2D, 0xCC, 0x4D, 0xCC, 0x4E, 0xCC, 0x6E, 0xCC, 0x6E, 0xCC, 0x8F, 0xCC, 0x8F, 0xCC, 0x8F, 0xCC, 0xAF, 
0xD4, 0xB0, 0xD4, 0xD0, 0xD4, 0xB0, 0xC4, 0xB0, 0xDD, 0xF6, 0xE6, 0x58, 0xE6, 0x78, 0xEE, 0xBA, 0xEE, 0xDA, 0xE6, 0x99, 0xE6, 0x79, 0xEE, 0x99, 0xCC, 0x6F, 0xD4, 0x4E, 0xD4, 0x4E, 0xD4, 0x6E, 
0xDC, 0x8F, 0xDC, 0x8F, 0xDC, 0x90, 0xDC, 0x8F, 0xDC, 0xAF, 0xE4, 0xAF, 0xE4, 0xD0, 0xE4, 0xD0, 0xE4, 0xB0, 0xE4, 0xAF, 0xDC, 0x8F, 0xDC, 0x6E, 0xDC, 0x4E, 0xDC, 0x4D, 0xD4, 0x2D, 0xD4, 0x0D, 
0xD4, 0x0D, 0xD4, 0x2D, 0xD4, 0x2D, 0xD4, 0x0D, 0xD3, 0xEC, 0xD4, 0x0E, 0xD4, 0x0E, 0xD4, 0x2E, 0xDC, 0x0E, 0xD3, 0x8B, 0xD3, 0x4A, 0xD3, 0x4A, 0xDB, 0x29, 0xDA, 0xC7, 0xDA, 0xA7, 0xE2, 0xA7, 
0xEA, 0x87, 0xEA, 0x87, 0xF2, 0x87, 0xF2, 0x88, 0xFA, 0x87, 0xFA, 0x88, 0xFA, 0xA8, 0xFA, 0xA8, 0xFA, 0x88, 0xFA, 0x87, 0xFA, 0x67, 0xFA, 0x67, 0xFA, 0x47, 0xC9, 0x64, 0x88, 0xE2, 0x80, 0xE2, 
0x92, 0xA7, 0x92, 0xC7, 0x9A, 0xE8, 0x9A, 0xE8, 0x9A, 0xE8, 0x9A, 0xE8, 0x9A, 0xC7, 0xA3, 0x08, 0xA3, 0x09, 0xA3, 0x29, 0xA3, 0x49, 0xA3, 0x6A, 0xAB, 0x6A, 0xAB, 0x8B, 0xAB, 0xAB, 0xB3, 0xCC, 
0xB3, 0xCC, 0xB3, 0xEC, 0xBB, 0xCC, 0xBB, 0xCC, 0xBB, 0xCC, 0xBB, 0xEC, 0xBB, 0xEC, 0xC4, 0x0D, 0xC4, 0x4E, 0xCC, 0x8F, 0xD4, 0xD0, 0xD4, 0xD1, 0xD4, 0xD1, 0xD4, 0xB0, 0xD4, 0x8F, 0xD4, 0x6F, 
0xD4, 0x2D, 0xD3, 0xEC, 0xCB, 0xAB, 0xBB, 0xAC, 0xAB, 0xCC, 0xAB, 0xCC, 0xAB, 0xCC, 0xAB, 0xCC, 0xAB, 0xCC, 0xAB, 0xAB, 0xAB, 0xAB, 0xAB, 0xAC, 0xAB, 0xCC, 0xB3, 0xAC, 0xB3, 0xCC, 0xB3, 0xCC, 
0xB3, 0xAC, 0xAB, 0xAB, 0xAB, 0xAB, 0xAB, 0xAB, 0xAB, 0xAB, 0xB3, 0xAC, 0xB3, 0xAC, 0xAB, 0xAB, 0xB3, 0xAC, 0xB3, 0xAB, 0xAB, 0x8B, 0xA3, 0x29, 0x8A, 0x67, 0x38, 0xA1, 0x71, 0xE5, 0x92, 0x66, 
0x59, 0x02, 0x20, 0x20, 0x18, 0x20, 0x18, 0x20, 0x10, 0x00, 0x08, 0x00, 0x00, 0x00, 0x00, 0x00, 0x00, 0x00, 0x00, 0x00, 0x08, 0x20, 0x10, 0x20, 0x08, 0x20, 0x00, 0x00, 0x00, 0x00, 0x00, 0x00, 
0x00, 0x00, 0x00, 0x00, 0x18, 0x20, 0x10, 0x20, 0x10, 0x20, 0x08, 0x00, 0x10, 0x40, 0x10, 0x40, 0x08, 0x20, 0x00, 0x00, 0x08, 0x20, 0x08, 0x20, 0x08, 0x20, 0x08, 0x20, 0x08, 0x00, 0x08, 0x00, 
0x08, 0x00, 0x08, 0x00, 0x08, 0x20, 0x10, 0x20, 0x10, 0x41, 0x41, 0x85, 0x62, 0x89, 0x28, 0xA1, 0x30, 0xC2, 0x49, 0x23, 0x61, 0xA4, 0x61, 0x84, 0x49, 0x23, 0x40, 0xE2, 0x49, 0x02, 0x59, 0x43, 
0x30, 0xA1, 0x18, 0x40, 0x20, 0x61, 0x38, 0xE2, 0x69, 0xA5, 0x82, 0x06, 0x8A, 0x26, 0x92, 0x66, 0x9A, 0xC8, 0x9A, 0xE8, 0xA3, 0x08, 0xA2, 0xE8, 0xA3, 0x08, 0xA3, 0x08, 0xA3, 0x08, 0xA3, 0x08, 
0xA3, 0x08, 0xA2, 0xE8, 0xA2, 0xE8, 0xA3, 0x08, 0xA3, 0x09, 0xAB, 0x29, 0xAB, 0x49, 0xB3, 0x6A, 0xBB, 0xAB, 0xBB, 0xAB, 0xBB, 0xCB, 0xBB, 0xCB, 0xBB, 0xCC, 0xBB, 0xEC, 0xBB, 0xEC, 0xBB, 0xEC, 
0xBB, 0xEC, 0xC3, 0xEC, 0xBB, 0xEC, 0xBB, 0xEC, 0xBB, 0xCB, 0xBB, 0xAB, 0xBB, 0xCB, 0xBB, 0xCB, 0xBB, 0xAB, 0xBB, 0xAB, 0xBB, 0xAA, 0xB3, 0xAA, 0xB3, 0xAA, 0xBB, 0xAB, 0xBB, 0xAB, 0xBB, 0xCB, 
0xBB, 0xCC, 0xBB, 0xEC, 0xBC, 0x0C, 0xC4, 0x0C, 0xC4, 0x0D, 0xC4, 0x2D, 0xC4, 0x4D, 0xCC, 0x4E, 0xCC, 0x4E, 0xCC, 0x4E, 0xCC, 0x6E, 0xCC, 0x8E, 0xCC, 0x8F, 0xCC, 0xAF, 0xD4, 0xB0, 0xD4, 0xD0, 
0xD4, 0xD0, 0xD4, 0xD0, 0xC4, 0xB0, 0xE6, 0x37, 0xE6, 0x99, 0xE6, 0x99, 0xEE, 0x99, 0xEE, 0xBA, 0xEE, 0xDA, 0xEE, 0xDA, 0xE6, 0x99, 0xEE, 0xDB, 0xD4, 0xF1, 0xD4, 0x6E, 0xD4, 0x6E, 0xDC, 0x6E, 
0xDC, 0x8F, 0xDC, 0x8F, 0xDC, 0xAF, 0xDC, 0xAF, 0xDC, 0x8F, 0xE4, 0xAF, 0xE4, 0xD0, 0xE4, 0xD0, 0xE4, 0xAF, 0xE4, 0x8F, 0xE4, 0x8F, 0xDC, 0x6E, 0xDC, 0x4E, 0xD4, 0x2D, 0xD4, 0x2D, 0xD4, 0x2D, 
0xD4, 0x0D, 0xD4, 0x0D, 0xD4, 0x0D, 0xD4, 0x2E, 0xD4, 0x0D, 0xD4, 0x0E, 0xD4, 0x0E, 0xD4, 0x2E, 0xDC, 0x0E, 0xD3, 0xAC, 0xD3, 0x4A, 0xDB, 0x4A, 0xDB, 0x4A, 0xDB, 0x09, 0xE2, 0xA7, 0xEA, 0x87, 
0xEA, 0x87, 0xF2, 0x87, 0xF2, 0x87, 0xFA, 0x88, 0xFA, 0xA8, 0xFA, 0x88, 0xFA, 0x88, 0xFA, 0x88, 0xFA, 0x87, 0xFA, 0x67, 0xFA, 0x47, 0xFA, 0x46, 0xE9, 0xE5, 0x91, 0x03, 0x88, 0xE2, 0x80, 0xE2, 
0x92, 0x66, 0x92, 0xA7, 0x9A, 0xC7, 0xA3, 0x08, 0xA3, 0x28, 0xA3, 0x29, 0xA3, 0x29, 0xA3, 0x4A, 0xA3, 0x49, 0xA3, 0x49, 0xA3, 0x6A, 0xAB, 0x6A, 0xAB, 0x8B, 0xAB, 0xAB, 0xB3, 0xCC, 0xB3, 0xEC, 
0xB3, 0xEC, 0xB3, 0xEC, 0xB3, 0xCB, 0xB3, 0x8A, 0xB3, 0x6A, 0xAB, 0x49, 0xB3, 0x49, 0xBB, 0x8B, 0xBB, 0xEC, 0xC4, 0x2D, 0xCC, 0x8F, 0xCC, 0xB0, 0xD4, 0xD0, 0xD4, 0xB0, 0xCC, 0xB0, 0xD4, 0x90, 
0xD4, 0x6F, 0xD4, 0x2E, 0xD4, 0x0C, 0xCB, 0xAB, 0xAB, 0xCC, 0xAB, 0xCC, 0xAB, 0xCC, 0xAB, 0xCC, 0xAB, 0xAB, 0xAB, 0xAC, 0xAB, 0xAC, 0xAB, 0xAC, 0xAB, 0xCC, 0xB3, 0xAC, 0xB3, 0xCC, 0xB3, 0xCC, 
0xB3, 0xAC, 0xAB, 0xAB, 0xAB, 0xAB, 0xAB, 0x8B, 0xAB, 0xAB, 0xB3, 0xCC, 0xAB, 0xAB, 0xAB, 0xAB, 0xB3, 0xAB, 0xB3, 0xAB, 0xB3, 0x8B, 0xAB, 0x49, 0x92, 0x87, 0x38, 0xA1, 0x71, 0xC5, 0x71, 0xA3, 
0x28, 0x40, 0x18, 0x20, 0x18, 0x20, 0x10, 0x00, 0x10, 0x00, 0x08, 0x00, 0x00, 0x00, 0x00, 0x00, 0x00, 0x00, 0x00, 0x00, 0x08, 0x00, 0x10, 0x20, 0x08, 0x00, 0x00, 0x00, 0x00, 0x00, 0x00, 0x00, 
0x00, 0x00, 0x00, 0x00, 0x10, 0x20, 0x10, 0x20, 0x08, 0x00, 0x10, 0x20, 0x10, 0x20, 0x10, 0x20, 0x08, 0x20, 0x08, 0x00, 0x08, 0x40, 0x10, 0x61, 0x08, 0x20, 0x08, 0x00, 0x08, 0x00, 0x08, 0x00, 
0x08, 0x00, 0x08, 0x20, 0x08, 0x20, 0x10, 0x40, 0x31, 0x03, 0x51, 0xE7, 0x41, 0x65, 0x30, 0xC2, 0x30, 0xC2, 0x40, 0xE2, 0x49, 0x02, 0x40, 0xE1, 0x49, 0x02, 0x51, 0x43, 0x51, 0x03, 0x30, 0xA1, 
0x18, 0x20, 0x20, 0x61, 0x49, 0x02, 0x71, 0xC5, 0x82, 0x26, 0x8A, 0x46, 0x92, 0x67, 0x92, 0xA7, 0x9A, 0xC7, 0x9A, 0xC8, 0xA2, 0xE8, 0xA3, 0x08, 0xA3, 0x08, 0xA3, 0x08, 0xA3, 0x08, 0xA3, 0x09, 
0xA3, 0x08, 0x9A, 0xC7, 0xA2, 0xE8, 0xA3, 0x28, 0xAB, 0x49, 0xAB, 0x6A, 0xB3, 0x8A, 0xB3, 0xAB, 0xBB, 0xAB, 0xBB, 0xCB, 0xBB, 0xCC, 0xBB, 0xCC, 0xBB, 0xEC, 0xC3, 0xEC, 0xC4, 0x0C, 0xC4, 0x0C, 
0xC3, 0xEC, 0xBB, 0xEC, 0xBB, 0xEC, 0xBB, 0xEC, 0xBB, 0xEC, 0xBB, 0xCB, 0xBB, 0xCB, 0xBB, 0xCB, 0xBB, 0xAB, 0xBB, 0xAB, 0xBB, 0xAB, 0xBB, 0xCB, 0xBB, 0xCB, 0xBB, 0xCC, 0xBB, 0xEC, 0xBB, 0xEC, 
0xBB, 0xEC, 0xBC, 0x0C, 0xBC, 0x0D, 0xC4, 0x0D, 0xC4, 0x2D, 0xC4, 0x2D, 0xC4, 0x4E, 0xCC, 0x4E, 0xCC, 0x4E, 0xCC, 0x6E, 0xCC, 0x8E, 0xCC, 0x8F, 0xCC, 0xAF, 0xD4, 0xB0, 0xD4, 0xD0, 0xD4, 0xD0, 
0xCC, 0xB0, 0xC4, 0xB0, 0xE6, 0x58, 0xEE, 0x99, 0xEE, 0xBA, 0xEE, 0xBA, 0xEE, 0xBA, 0xEE, 0xDA, 0xEE, 0xDA, 0xEE, 0xDA, 0xE6, 0x99, 0xEE, 0xDB, 0xDD, 0xB5, 0xD4, 0x8F, 0xD4, 0x6F, 0xDC, 0x8F, 
0xDC, 0x8F, 0xDC, 0xAF, 0xDC, 0xAF, 0xE4, 0xAF, 0xE4, 0xAF, 0xE4, 0xD0, 0xE4, 0xD0, 0xE4, 0xD0, 0xE4, 0xB0, 0xE4, 0x8F, 0xDC, 0x8F, 0xDC, 0x6E, 0xDC, 0x4E, 0xD4, 0x2C, 0xD4, 0x2D, 0xD4, 0x2D, 
0xD4, 0x0D, 0xD4, 0x0C, 0xD4, 0x0D, 0xD4, 0x4E, 0xD4, 0x2E, 0xD3, 0xED, 0xD3, 0xED, 0xDC, 0x0E, 0xDC, 0x0E, 0xDB, 0xCD, 0xDB, 0x8B, 0xDB, 0x4B, 0xE3, 0x4A, 0xE3, 0x09, 0xEA, 0xC8, 0xEA, 0x87, 
0xEA, 0x87, 0xF2, 0x87, 0xF2, 0x87, 0xFA, 0x88, 0xFA, 0x88, 0xFA, 0x88, 0xFA, 0x87, 0xFA, 0x67, 0xFA, 0x67, 0xFA, 0x47, 0xFA, 0x46, 0xFA, 0x26, 0xA9, 0x23, 0x89, 0x03, 0x88, 0xE2, 0x80, 0xE2, 
0x92, 0x86, 0xA2, 0xE8, 0xAB, 0x49, 0xAB, 0x6A, 0xAB, 0x6A, 0xAB, 0x6A, 0xAB, 0x6A, 0xA3, 0x6A, 0xA3, 0x29, 0xA3, 0x08, 0xA3, 0x49, 0xAB, 0x8B, 0xAB, 0xAB, 0xAB, 0xAB, 0xB3, 0xCC, 0xB3, 0xCC, 
0xB3, 0xAB, 0xAB, 0x6A, 0xA3, 0x29, 0x9A, 0xA7, 0x92, 0x46, 0x79, 0xC4, 0x81, 0xE4, 0x9A, 0x86, 0xAA, 0xE8, 0xB3, 0x29, 0xBB, 0xAB, 0xC4, 0x2D, 0xCC, 0x6F, 0xCC, 0x8F, 0xCC, 0x8F, 0xD4, 0x8F, 
0xD4, 0x8F, 0xD4, 0x4E, 0xD4, 0x2C, 0xD3, 0xAB, 0xB3, 0x6A, 0xAB, 0xCC, 0xAB, 0xAC, 0xAB, 0xAC, 0xAB, 0xAB, 0xAB, 0xAC, 0xAB, 0xAC, 0xAB, 0xAC, 0xAB, 0xCC, 0xAB, 0xCC, 0xAB, 0xAC, 0xB3, 0xAB, 
0xB3, 0xAC, 0xB3, 0xAB, 0xAB, 0xAB, 0xAB, 0x8B, 0xAB, 0xAB, 0xB3, 0xAC, 0xAB, 0xAB, 0xAB, 0xAC, 0xB3, 0xCC, 0xB3, 0xAB, 0xAB, 0x8B, 0xA3, 0x29, 0x92, 0x87, 0x38, 0xA1, 0x48, 0xE2, 0x30, 0x60, 
0x18, 0x20, 0x10, 0x00, 0x18, 0x00, 0x10, 0x00, 0x10, 0x00, 0x10, 0x00, 0x08, 0x00, 0x00, 0x00, 0x00, 0x00, 0x00, 0x00, 0x08, 0x00, 0x10, 0x20, 0x08, 0x00, 0x00, 0x00, 0x00, 0x00, 0x00, 0x00, 
0x00, 0x00, 0x00, 0x00, 0x10, 0x20, 0x10, 0x20, 0x08, 0x20, 0x10, 0x20, 0x10, 0x20, 0x10, 0x20, 0x08, 0x00, 0x08, 0x20, 0x10, 0x62, 0x18, 0x82, 0x08, 0x20, 0x08, 0x00, 0x08, 0x00, 0x08, 0x00, 
0x08, 0x00, 0x08, 0x20, 0x10, 0x40, 0x20, 0xA2, 0x41, 0x65, 0x7B, 0x4C, 0x59, 0xE6, 0x41, 0x02, 0x30, 0xA1, 0x51, 0x23, 0x51, 0x23, 0x59, 0x43, 0x59, 0x63, 0x49, 0x02, 0x28, 0x81, 0x18, 0x40, 
0x38, 0xC2, 0x69, 0xC5, 0x8A, 0x67, 0x8A, 0x46, 0x92, 0x66, 0x92, 0xA7, 0x9A, 0xC8, 0x92, 0x87, 0x9A, 0xE8, 0x92, 0xA7, 0xA3, 0x08, 0xA3, 0x08, 0xA3, 0x29, 0xA3, 0x29, 0xA3, 0x29, 0xA3, 0x08, 
0xA3, 0x08, 0x9A, 0xE8, 0xA3, 0x29, 0xAB, 0x6A, 0xB3, 0x8A, 0xB3, 0x8B, 0xB3, 0xAB, 0xBB, 0xCB, 0xBB, 0xCC, 0xBB, 0xEC, 0xBB, 0xEC, 0xC3, 0xEC, 0xC3, 0xEC, 0xC4, 0x0D, 0xC4, 0x0D, 0xC4, 0x0D, 
0xC4, 0x0C, 0xC4, 0x0C, 0xBB, 0xEC, 0xBB, 0xEC, 0xBB, 0xEC, 0xBB, 0xCC, 0xBB, 0xCC, 0xBB, 0xCB, 0xBB, 0xCB, 0xBB, 0xCC, 0xBB, 0xEC, 0xBB, 0xEC, 0xBC, 0x0C, 0xBC, 0x0C, 0xBB, 0xED, 0xBB, 0xEC, 
0xBB, 0xED, 0xBC, 0x0C, 0xC4, 0x0D, 0xC4, 0x0D, 0xC4, 0x2D, 0xCC, 0x4E, 0xCC, 0x4E, 0xCC, 0x6E, 0xCC, 0x6E, 0xCC, 0x8E, 0xCC, 0xAF, 0xD4, 0xB0, 0xD4, 0xD0, 0xD4, 0xD0, 0xD4, 0xD0, 0xCC, 0xAF, 
0xC4, 0xB0, 0xEE, 0x58, 0xEE, 0xBA, 0xEE, 0xBA, 0xEE, 0xBA, 0xEE, 0xDA, 0xEE, 0xDA, 0xEE, 0xBA, 0xEE, 0xDA, 0xEE, 0xDA, 0xEE, 0xBA, 0xEE, 0xDA, 0xE6, 0x79, 0xD4, 0x8F, 0xDC, 0x8F, 0xDC, 0x8F, 
0xDC, 0xAF, 0xDC, 0xAF, 0xDC, 0xAF, 0xE4, 0xB0, 0xE4, 0xD0, 0xE4, 0xD0, 0xE4, 0xD0, 0xE4, 0xB0, 0xE4, 0xB0, 0xE4, 0x8F, 0xDC, 0x8F, 0xDC, 0x6E, 0xDC, 0x4D, 0xD4, 0x2C, 0xD4, 0x0C, 0xD4, 0x2D, 
0xD4, 0x0D, 0xD4, 0x0C, 0xD4, 0x0D, 0xD4, 0x0D, 0xD4, 0x2D, 0xD3, 0xED, 0xDB, 0xED, 0xDC, 0x0E, 0xDC, 0x0E, 0xDB, 0xED, 0xE3, 0xAC, 0xE3, 0x6B, 0xE3, 0x2A, 0xE3, 0x09, 0xEA, 0xC8, 0xF2, 0xA8, 
0xF2, 0x87, 0xF2, 0x87, 0xFA, 0x67, 0xFA, 0x87, 0xFA, 0x88, 0xFA, 0x87, 0xFA, 0x67, 0xFA, 0x47, 0xFA, 0x46, 0xFA, 0x26, 0xFA, 0x26, 0xC9, 0x64, 0x91, 0x03, 0x89, 0x03, 0x89, 0x02, 0x80, 0xE2, 
0xB3, 0xCB, 0xBB, 0xEC, 0xB3, 0xCC, 0xB3, 0xCB, 0xB3, 0xAB, 0xAB, 0x8B, 0xAB, 0x8B, 0xA3, 0x4A, 0xA3, 0x29, 0xA3, 0x29, 0xA3, 0x6B, 0xAB, 0x8B, 0xAB, 0x8B, 0xAB, 0x8B, 0xAB, 0x6B, 0xAB, 0x6A, 
0xA3, 0x29, 0x9A, 0xE8, 0x92, 0x67, 0x79, 0xC4, 0x59, 0x02, 0x59, 0x43, 0x92, 0x87, 0xB3, 0x6A, 0xBB, 0xAB, 0xBB, 0x8A, 0xB3, 0x29, 0xB3, 0x29, 0xBB, 0x6A, 0xC3, 0xCC, 0xCC, 0x2D, 0xCC, 0x4F, 
0xD4, 0x6E, 0xD4, 0x4E, 0xD4, 0x0D, 0xD3, 0x8A, 0xB3, 0x4A, 0xA3, 0xAC, 0xAB, 0xAC, 0xAB, 0xAC, 0xAB, 0xAC, 0xAB, 0xAC, 0xAB, 0xAC, 0xAB, 0xAC, 0xAB, 0xAC, 0xAB, 0xAC, 0xAB, 0xAC, 0xAB, 0xAC, 
0xAB, 0xAC, 0xAB, 0xAB, 0xAB, 0x8B, 0xAB, 0x8B, 0xAB, 0xAB, 0xB3, 0xAC, 0xAB, 0xAB, 0xB3, 0xAB, 0xB3, 0xCC, 0xAB, 0x6A, 0xA3, 0x49, 0xA3, 0x29, 0x8A, 0x87, 0x40, 0xC2, 0x20, 0x20, 0x20, 0x40, 
0x18, 0x00, 0x10, 0x00, 0x10, 0x00, 0x10, 0x00, 0x10, 0x00, 0x10, 0x00, 0x08, 0x00, 0x00, 0x00, 0x00, 0x00, 0x00, 0x00, 0x08, 0x00, 0x08, 0x20, 0x08, 0x00, 0x00, 0x00, 0x00, 0x00, 0x00, 0x00, 
0x00, 0x00, 0x00, 0x00, 0x10, 0x20, 0x10, 0x20, 0x10, 0x20, 0x10, 0x20, 0x10, 0x20, 0x08, 0x00, 0x00, 0x00, 0x08, 0x20, 0x10, 0x41, 0x08, 0x20, 0x08, 0x20, 0x08, 0x20, 0x08, 0x20, 0x08, 0x20, 
0x10, 0x40, 0x20, 0xC2, 0x28, 0xC2, 0x49, 0xC6, 0x72, 0xEB, 0x7B, 0x4C, 0x51, 0x63, 0x40, 0xE2, 0x41, 0x02, 0x51, 0x43, 0x59, 0x43, 0x49, 0x02, 0x30, 0xA2, 0x20, 0x41, 0x28, 0x81, 0x51, 0x23, 
0x7A, 0x26, 0x92, 0xA7, 0x92, 0xA7, 0x92, 0x87, 0x92, 0xA7, 0x9A, 0xA7, 0x9A, 0xE8, 0x92, 0x87, 0x9A, 0xC7, 0x9A, 0xA7, 0xA3, 0x29, 0xAB, 0x29, 0xAB, 0x29, 0xAB, 0x29, 0xA3, 0x29, 0xA3, 0x29, 
0xAB, 0x49, 0xAB, 0x6A, 0xB3, 0x8A, 0xB3, 0x8B, 0xB3, 0xAB, 0xBB, 0xCC, 0xBB, 0xEC, 0xBB, 0xEC, 0xBB, 0xED, 0xBB, 0xEC, 0xBB, 0xEC, 0xC4, 0x0D, 0xC4, 0x0D, 0xC4, 0x0D, 0xC4, 0x2D, 0xC4, 0x2D, 
0xC4, 0x0D, 0xC4, 0x0C, 0xC4, 0x0C, 0xBB, 0xEC, 0xBB, 0xEC, 0xBB, 0xEC, 0xBB, 0xEC, 0xBB, 0xEC, 0xBB, 0xEC, 0xBB, 0xEC, 0xBB, 0xEC, 0xBC, 0x0C, 0xBC, 0x0D, 0xBC, 0x0D, 0xBC, 0x0D, 0xBB, 0xEC, 
0xB3, 0xCB, 0xBC, 0x0D, 0xC4, 0x0D, 0xC4, 0x2D, 0xCC, 0x4E, 0xCC, 0x6E, 0xCC, 0x8E, 0xCC, 0x8E, 0xCC, 0x8F, 0xCC, 0xAF, 0xD4, 0xB0, 0xD4, 0xB0, 0xD4, 0xD0, 0xD4, 0xD0, 0xCC, 0xAF, 0xC4, 0xB0, 
0xE6, 0x58, 0xEE, 0xBA, 0xEE, 0xBA, 0xEE, 0xDA, 0xEE, 0xDA, 0xEE, 0xDA, 0xE6, 0xBA, 0xEE, 0xBA, 0xEE, 0xDA, 0xEE, 0xDB, 0xEE, 0xDA, 0xEE, 0xDA, 0xEE, 0xFB, 0xD4, 0xD1, 0xDC, 0xAF, 0xDC, 0xAF, 
0xDC, 0xAF, 0xDC, 0xB0, 0xDC, 0xD0, 0xE4, 0xD0, 0xE4, 0xD0, 0xE4, 0xD0, 0xE4, 0xD0, 0xE4, 0xB0, 0xE4, 0xAF, 0xDC, 0x8F, 0xDC, 0x6E, 0xDC, 0x4D, 0xDC, 0x4D, 0xD4, 0x2D, 0xD4, 0x0C, 0xD4, 0x2C, 
0xD4, 0x0D, 0xCB, 0xCC, 0xD4, 0x0D, 0xD3, 0xED, 0xD4, 0x2D, 0xDC, 0x0D, 0xDB, 0xED, 0xDB, 0xED, 0xE3, 0xCD, 0xE3, 0xED, 0xE3, 0xCD, 0xE3, 0x6B, 0xEB, 0x2A, 0xEA, 0xE9, 0xF2, 0xC8, 0xF2, 0xA8, 
0xF2, 0x87, 0xFA, 0x87, 0xFA, 0x67, 0xFA, 0x67, 0xFA, 0x87, 0xFA, 0x67, 0xFA, 0x46, 0xFA, 0x46, 0xFA, 0x26, 0xFA, 0x06, 0xE9, 0xC5, 0x99, 0x03, 0x91, 0x03, 0x89, 0x03, 0x89, 0x02, 0x81, 0x02, 
0xBC, 0x4E, 0xBC, 0x0D, 0xB3, 0xEC, 0xB3, 0xCB, 0xAB, 0xAB, 0xAB, 0x8B, 0xAB, 0x8A, 0xAB, 0x6A, 0xA3, 0x6A, 0xA3, 0x6B, 0xA3, 0x8B, 0xA3, 0x6A, 0xA3, 0x4A, 0xA3, 0x2A, 0x9B, 0x09, 0x92, 0xA8, 
0x82, 0x26, 0x71, 0xA4, 0x79, 0xC4, 0x8A, 0x46, 0xA2, 0xE8, 0xAB, 0x29, 0xB3, 0x49, 0xBB, 0x8A, 0xC3, 0xEC, 0xC3, 0xEC, 0xC3, 0xCC, 0xC3, 0xCC, 0xC3, 0xEC, 0xC3, 0xAB, 0xC3, 0x8A, 0xC3, 0xAB, 
0xCB, 0xEB, 0xD3, 0xCC, 0xD3, 0x8A, 0xCB, 0x29, 0xAB, 0x6B, 0xA3, 0xCD, 0xAB, 0xCC, 0xAB, 0xAC, 0xAB, 0xAC, 0xAB, 0xAC, 0xAB, 0xAC, 0xAB, 0xAC, 0xAB, 0xAC, 0xAB, 0xAC, 0xAB, 0xAC, 0xAB, 0xAC, 
0xAB, 0xAB, 0xAB, 0x8B, 0xAB, 0x8B, 0xAB, 0x8B, 0xAB, 0xAB, 0xAB, 0xAB, 0xAB, 0xAB, 0xAB, 0xAB, 0xAB, 0x8B, 0xAB, 0x4A, 0xA3, 0x09, 0x8A, 0x67, 0x59, 0x43, 0x20, 0x40, 0x20, 0x20, 0x20, 0x20, 
0x10, 0x00, 0x10, 0x00, 0x18, 0x20, 0x10, 0x00, 0x10, 0x00, 0x10, 0x00, 0x10, 0x00, 0x08, 0x00, 0x08, 0x00, 0x00, 0x00, 0x08, 0x00, 0x08, 0x00, 0x08, 0x00, 0x00, 0x00, 0x00, 0x00, 0x00, 0x00, 
0x00, 0x00, 0x00, 0x00, 0x10, 0x20, 0x10, 0x20, 0x10, 0x20, 0x10, 0x20, 0x08, 0x20, 0x08, 0x00, 0x08, 0x20, 0x08, 0x20, 0x08, 0x20, 0x10, 0x40, 0x10, 0x20, 0x08, 0x20, 0x10, 0x20, 0x10, 0x41, 
0x39, 0x85, 0x5A, 0x28, 0x41, 0x65, 0x73, 0x0B, 0x8B, 0xCE, 0x83, 0x6D, 0x51, 0x64, 0x41, 0x02, 0x51, 0x43, 0x41, 0x02, 0x38, 0xE2, 0x20, 0x61, 0x20, 0x61, 0x40, 0xE2, 0x71, 0xC5, 0x82, 0x25, 
0x92, 0xC8, 0x9A, 0xE8, 0x9A, 0xC8, 0x9A, 0xC8, 0x9A, 0xC8, 0x9A, 0xC7, 0x9A, 0xC8, 0x9A, 0xA7, 0x9A, 0xC7, 0x9A, 0xE8, 0xA3, 0x29, 0xAB, 0x49, 0xAB, 0x49, 0xAB, 0x49, 0xAB, 0x49, 0xAB, 0x8A, 
0xB3, 0x8B, 0xB3, 0xAB, 0xB3, 0xAB, 0xB3, 0xCB, 0xBB, 0xCC, 0xBC, 0x0D, 0xC4, 0x0D, 0xC4, 0x0D, 0xC4, 0x0D, 0xC4, 0x0D, 0xC4, 0x0D, 0xC4, 0x0D, 0xC4, 0x2D, 0xC4, 0x2E, 0xC4, 0x2E, 0xC4, 0x2E, 
0xC4, 0x2D, 0xC4, 0x0C, 0xBB, 0xEC, 0xBB, 0xEC, 0xC4, 0x0C, 0xBC, 0x0D, 0xBC, 0x0D, 0xBC, 0x0C, 0xBC, 0x0C, 0xC4, 0x0C, 0xBB, 0xEC, 0xC4, 0x0D, 0xC4, 0x0D, 0xBC, 0x0D, 0xBC, 0x0D, 0xBC, 0x0D, 
0xBC, 0x0D, 0xC4, 0x2D, 0xC4, 0x2E, 0xC4, 0x4E, 0xCC, 0x6F, 0xCC, 0x8F, 0xCC, 0x8F, 0xCC, 0x8F, 0xD4, 0xB0, 0xD4, 0xB0, 0xD4, 0xD0, 0xD4, 0xD0, 0xD4, 0xD0, 0xCC, 0xAF, 0xCC, 0xB0, 0xEE, 0x58, 
0xEE, 0xBA, 0xEE, 0xBA, 0xEE, 0xBA, 0xF6, 0xDA, 0xF6, 0xDB, 0xEE, 0xBA, 0xEE, 0xBA, 0xEE, 0xBA, 0xEE, 0xDB, 0xEE, 0xDB, 0xEE, 0xFB, 0xEE, 0xDA, 0xEE, 0xFB, 0xE5, 0x95, 0xDC, 0xAF, 0xDC, 0xD0, 
0xDC, 0xD0, 0xDC, 0xD0, 0xDC, 0xD0, 0xE4, 0xD0, 0xE4, 0xD0, 0xE4, 0xD0, 0xE4, 0xD0, 0xE4, 0xB0, 0xE4, 0xAF, 0xE4, 0x8F, 0xDC, 0x6E, 0xDC, 0x4D, 0xDC, 0x2D, 0xD4, 0x2C, 0xD4, 0x0C, 0xD4, 0x0C, 
0xD4, 0x2C, 0xCB, 0xCC, 0xD4, 0x0C, 0xD4, 0x0D, 0xDC, 0x2D, 0xDC, 0x0D, 0xE3, 0xCC, 0xE3, 0xAC, 0xE3, 0xAC, 0xE3, 0xAC, 0xEB, 0xAD, 0xEB, 0x8C, 0xEB, 0x4B, 0xF3, 0x2A, 0xF2, 0xE9, 0xF2, 0xC8, 
0xFA, 0x88, 0xFA, 0x87, 0xFA, 0x67, 0xFA, 0x87, 0xFA, 0x67, 0xFA, 0x46, 0xFA, 0x26, 0xFA, 0x26, 0xFA, 0x06, 0xF9, 0xE5, 0xA9, 0x23, 0x91, 0x03, 0x89, 0x23, 0x89, 0x03, 0x89, 0x02, 0x81, 0x02, 
0xB3, 0xEC, 0xB3, 0xCC, 0xB3, 0xAB, 0xAB, 0x8B, 0xAB, 0xAB, 0xAB, 0x8B, 0xAB, 0x8B, 0xAB, 0x8B, 0xAB, 0x8B, 0xA3, 0x6B, 0xA3, 0x4A, 0x9B, 0x09, 0x92, 0xA8, 0x8A, 0x26, 0x79, 0xC4, 0x79, 0xC4, 
0x8A, 0x67, 0xA3, 0x09, 0xAB, 0x49, 0xAB, 0x49, 0xAB, 0x49, 0xB3, 0x49, 0xB3, 0x49, 0xBB, 0xAB, 0xC4, 0x0D, 0xC4, 0x0C, 0xC3, 0xCC, 0xC3, 0xEC, 0xCC, 0x0D, 0xCC, 0x2D, 0xCC, 0x0D, 0xCC, 0x0C, 
0xCB, 0xCB, 0xCB, 0x6A, 0xCA, 0xE8, 0xBA, 0xE8, 0xA3, 0xCD, 0xAB, 0xCD, 0xAB, 0xCC, 0xAB, 0xCC, 0xAB, 0xCC, 0xAB, 0xCC, 0xAB, 0xAC, 0xAB, 0xAC, 0xAB, 0xAC, 0xAB, 0xAC, 0xAB, 0xAC, 0xAB, 0xAB, 
0xAB, 0x8B, 0xAB, 0x8B, 0xAB, 0x8B, 0xAB, 0x8B, 0xAB, 0x8B, 0xAB, 0x8A, 0xAB, 0x8A, 0xAB, 0x8A, 0xAB, 0x6A, 0xA3, 0x29, 0x82, 0x46, 0x48, 0xE2, 0x28, 0x40, 0x20, 0x20, 0x20, 0x20, 0x18, 0x20, 
0x10, 0x00, 0x18, 0x20, 0x18, 0x20, 0x10, 0x00, 0x10, 0x00, 0x10, 0x00, 0x10, 0x20, 0x10, 0x20, 0x08, 0x00, 0x08, 0x00, 0x08, 0x00, 0x08, 0x00, 0x00, 0x00, 0x00, 0x00, 0x00, 0x00, 0x00, 0x00, 
0x00, 0x00, 0x08, 0x20, 0x10, 0x20, 0x10, 0x20, 0x10, 0x40, 0x10, 0x20, 0x08, 0x20, 0x08, 0x20, 0x10, 0x41, 0x08, 0x20, 0x08, 0x20, 0x10, 0x41, 0x10, 0x20, 0x10, 0x20, 0x10, 0x41, 0x39, 0x65, 
0x6A, 0xCA, 0x49, 0xC6, 0x62, 0x89, 0x93, 0xEF, 0x9C, 0x0F, 0x7B, 0x0B, 0x51, 0x43, 0x49, 0x43, 0x30, 0xA2, 0x20, 0x61, 0x28, 0x81, 0x40, 0xE2, 0x59, 0x64, 0x82, 0x26, 0x82, 0x46, 0x92, 0xA7, 
0x9A, 0xE8, 0x9A, 0xE8, 0x9A, 0xC7, 0xA3, 0x08, 0xA3, 0x08, 0xA3, 0x08, 0x9A, 0xE8, 0x92, 0x87, 0x9A, 0xC7, 0xA3, 0x29, 0xAB, 0x49, 0xAB, 0x6A, 0xB3, 0x8A, 0xB3, 0x8A, 0xB3, 0x8A, 0xB3, 0xAB, 
0xB3, 0xCC, 0xB3, 0xCC, 0xBB, 0xCC, 0xBB, 0xEC, 0xBC, 0x0D, 0xBC, 0x2E, 0xC4, 0x0D, 0xC4, 0x0D, 0xC4, 0x2D, 0xC4, 0x2D, 0xC4, 0x2D, 0xC4, 0x2E, 0xC4, 0x2E, 0xC4, 0x4E, 0xC4, 0x4E, 0xC4, 0x2E, 
0xC4, 0x2D, 0xC4, 0x0D, 0xC4, 0x0C, 0xC4, 0x0D, 0xC4, 0x2D, 0xC4, 0x0D, 0xC4, 0x0D, 0xBC, 0x0D, 0xC4, 0x0D, 0xC4, 0x0D, 0xC4, 0x0D, 0xC4, 0x0D, 0xC4, 0x0C, 0xC4, 0x0D, 0xC4, 0x0D, 0xC4, 0x0D, 
0xC4, 0x2D, 0xC4, 0x2D, 0xC4, 0x4E, 0xCC, 0x6E, 0xCC, 0x8F, 0xCC, 0x8F, 0xCC, 0xAF, 0xCC, 0xB0, 0xD4, 0xD0, 0xD4, 0xD0, 0xD4, 0xD0, 0xD4, 0xD0, 0xCC, 0x8F, 0xCC, 0xF1, 0xEE, 0x99, 0xF6, 0xDA, 
0xEE, 0xDA, 0xEE, 0xB9, 0xF6, 0xDA, 0xF6, 0xDA, 0xEE, 0xDB, 0xE6, 0x79, 0xEE, 0xBA, 0xEE, 0xBA, 0xEE, 0xDB, 0xEE, 0xFB, 0xF6, 0xFB, 0xEE, 0xFB, 0xEE, 0xFB, 0xEE, 0x58, 0xDC, 0xB0, 0xDC, 0xD0, 
0xDC, 0xD0, 0xDC, 0xD0, 0xDC, 0xD0, 0xE4, 0xD0, 0xE4, 0xD0, 0xE4, 0xD0, 0xE4, 0xD0, 0xE4, 0xB0, 0xE4, 0xAF, 0xDC, 0x6E, 0xDC, 0x6E, 0xDC, 0x4D, 0xDC, 0x4D, 0xD4, 0x2C, 0xD4, 0x0C, 0xD4, 0x0C, 
0xD4, 0x0C, 0xD4, 0x0C, 0xD4, 0x0C, 0xD4, 0x2D, 0xDC, 0x2D, 0xDB, 0xED, 0xE3, 0xCC, 0xE3, 0xAC, 0xEB, 0xAC, 0xEB, 0x8B, 0xEB, 0x8B, 0xEB, 0x6B, 0xF3, 0x4B, 0xF3, 0x2A, 0xF3, 0x0A, 0xFA, 0xE9, 
0xFA, 0xA8, 0xFA, 0x88, 0xFA, 0x67, 0xFA, 0x67, 0xFA, 0x47, 0xFA, 0x46, 0xFA, 0x26, 0xFA, 0x05, 0xF9, 0xE6, 0xC9, 0x43, 0x91, 0x03, 0x89, 0x23, 0x89, 0x23, 0x89, 0x23, 0x89, 0x23, 0x89, 0x03, 
0xAB, 0x6A, 0xAB, 0x6A, 0xAB, 0x6B, 0xAB, 0x8B, 0xB3, 0xAC, 0xB3, 0xCC, 0xB3, 0xCC, 0xAB, 0xAC, 0xA3, 0x6B, 0x9A, 0xE8, 0x8A, 0x66, 0x82, 0x05, 0x82, 0x05, 0x92, 0x86, 0xA3, 0x08, 0xAB, 0x49, 
0xAB, 0x4A, 0xB3, 0x6A, 0xB3, 0x6A, 0xB3, 0x6A, 0xB3, 0x6A, 0xB3, 0x6A, 0xBB, 0x8A, 0xBB, 0xCB, 0xC4, 0x2E, 0xC4, 0x4E, 0xC4, 0x0D, 0xC3, 0xEC, 0xCC, 0x0D, 0xCC, 0x2E, 0xCC, 0x4E, 0xD4, 0x2D, 
0xD4, 0x0D, 0xD3, 0xEC, 0xD3, 0xAA, 0xC3, 0x29, 0xAB, 0xAC, 0xAB, 0xCD, 0xAB, 0xCC, 0xAB, 0xCC, 0xAB, 0xCC, 0xAB, 0xAC, 0xAB, 0xAC, 0xAB, 0xAC, 0xAB, 0xAC, 0xAB, 0xAC, 0xAB, 0xAB, 0xAB, 0x8B, 
0xAB, 0x8B, 0xAB, 0x6B, 0xAB, 0x6B, 0xAB, 0x6B, 0xAB, 0x8B, 0xAB, 0x8B, 0xAB, 0x6A, 0xA3, 0x49, 0x92, 0xC8, 0x71, 0xE5, 0x40, 0xA1, 0x28, 0x40, 0x40, 0xC1, 0x51, 0x02, 0x20, 0x20, 0x10, 0x00, 
0x18, 0x20, 0x20, 0x40, 0x18, 0x00, 0x10, 0x00, 0x10, 0x00, 0x18, 0x20, 0x18, 0x20, 0x10, 0x00, 0x08, 0x00, 0x08, 0x00, 0x08, 0x00, 0x08, 0x00, 0x00, 0x00, 0x00, 0x00, 0x00, 0x00, 0x00, 0x00, 
0x00, 0x00, 0x10, 0x20, 0x10, 0x20, 0x10, 0x40, 0x10, 0x40, 0x10, 0x20, 0x08, 0x20, 0x10, 0x61, 0x10, 0x41, 0x08, 0x00, 0x08, 0x20, 0x08, 0x20, 0x10, 0x20, 0x18, 0x61, 0x41, 0x65, 0x72, 0xEB, 
0x8B, 0xAE, 0x39, 0x44, 0x8B, 0xAE, 0x94, 0x0F, 0x94, 0x0F, 0x62, 0x48, 0x30, 0xA1, 0x30, 0xA2, 0x38, 0xE2, 0x51, 0x43, 0x61, 0x84, 0x71, 0xE5, 0x8A, 0x87, 0x92, 0xA7, 0x8A, 0x66, 0x9A, 0xC7, 
0x9A, 0xE8, 0x9A, 0xE8, 0xA3, 0x08, 0xAB, 0x29, 0xA3, 0x29, 0xA3, 0x08, 0xA3, 0x29, 0x9A, 0xE8, 0x9A, 0xC7, 0xAB, 0x49, 0xB3, 0x6A, 0xB3, 0x8B, 0xB3, 0xAB, 0xB3, 0xAB, 0xB3, 0xAB, 0xB3, 0xCB, 
0xBB, 0xCC, 0xBB, 0xEC, 0xBB, 0xED, 0xBC, 0x0D, 0xC4, 0x0D, 0xC4, 0x2E, 0xC4, 0x0D, 0xC3, 0xEC, 0xC4, 0x0D, 0xC4, 0x2E, 0xC4, 0x2E, 0xC4, 0x4E, 0xC4, 0x4E, 0xC4, 0x4E, 0xC4, 0x4E, 0xC4, 0x2E, 
0xC4, 0x2E, 0xC4, 0x2E, 0xC4, 0x2D, 0xC4, 0x2D, 0xC4, 0x2E, 0xBC, 0x0D, 0xC4, 0x0D, 0xC4, 0x0D, 0xBC, 0x0D, 0xC4, 0x0D, 0xC4, 0x0D, 0xC4, 0x0C, 0xC4, 0x0C, 0xC4, 0x0D, 0xC4, 0x2D, 0xC4, 0x2D, 
0xC4, 0x2E, 0xC4, 0x4E, 0xC4, 0x6E, 0xCC, 0x6F, 0xCC, 0x8F, 0xCC, 0xB0, 0xCC, 0xB0, 0xD4, 0xD0, 0xD4, 0xD0, 0xD4, 0xD0, 0xD4, 0xB0, 0xC4, 0x6F, 0xD5, 0x53, 0xEE, 0xBA, 0xF6, 0xFB, 0xEE, 0xBA, 
0xEE, 0xBA, 0xF6, 0xDA, 0xF6, 0xDA, 0xF6, 0xFB, 0xEE, 0xDA, 0xDE, 0x59, 0xEE, 0xBA, 0xEE, 0xBA, 0xEE, 0xBA, 0xEE, 0xFB, 0xF6, 0xFB, 0xF6, 0xFB, 0xF6, 0xFB, 0xEE, 0xBA, 0xDC, 0xD1, 0xDC, 0xD0, 
0xDC, 0xD0, 0xE4, 0xD0, 0xE4, 0xD0, 0xE4, 0xD0, 0xE4, 0xD0, 0xE4, 0xD0, 0xE4, 0xD0, 0xE4, 0xB0, 0xE4, 0x8F, 0xDC, 0x6E, 0xDC, 0x6D, 0xDC, 0x4D, 0xDC, 0x4D, 0xD4, 0x0C, 0xD4, 0x0C, 0xD4, 0x0C, 
0xD4, 0x0C, 0xD4, 0x2C, 0xD4, 0x2D, 0xD4, 0x2D, 0xDC, 0x0D, 0xDB, 0xEC, 0xE3, 0xEC, 0xEB, 0xAC, 0xF3, 0xAC, 0xF3, 0x8B, 0xF3, 0x8C, 0xF3, 0x6B, 0xF3, 0x4B, 0xF3, 0x0A, 0xFB, 0x0A, 0xFA, 0xE9, 
0xFA, 0xA8, 0xFA, 0x88, 0xFA, 0x67, 0xFA, 0x67, 0xFA, 0x47, 0xFA, 0x26, 0xFA, 0x05, 0xF9, 0xE5, 0xE1, 0x85, 0x90, 0xE2, 0x89, 0x02, 0x91, 0x23, 0x91, 0x43, 0x89, 0x23, 0x89, 0x23, 0x89, 0x23, 
0xA3, 0x29, 0xA3, 0x49, 0xAB, 0x4A, 0xAB, 0x6A, 0xAB, 0x8B, 0xAB, 0xAC, 0xB3, 0xCC, 0xB3, 0xEC, 0xB3, 0xAB, 0xAB, 0x6A, 0xAB, 0x29, 0xA3, 0x08, 0xA3, 0x08, 0xAB, 0x49, 0xAB, 0x6A, 0xB3, 0x6A, 
0xB3, 0x8A, 0xB3, 0x8A, 0xB3, 0x8B, 0xB3, 0x8A, 0xB3, 0x8A, 0xB3, 0x8A, 0xBB, 0xAB, 0xBB, 0xCC, 0xC4, 0x0E, 0xC4, 0x4E, 0xC4, 0x2E, 0xCC, 0x2D, 0xCC, 0x2E, 0xCC, 0x4E, 0xCC, 0x4E, 0xD4, 0x4E, 
0xD4, 0x2D, 0xD4, 0x0C, 0xD3, 0xEC, 0xD3, 0xAB, 0xC3, 0x6A, 0xAB, 0xAC, 0xAB, 0xCC, 0xAB, 0xAC, 0xAB, 0xAC, 0xAB, 0xAC, 0xAB, 0xAC, 0xAB, 0xAC, 0xAB, 0xAC, 0xAB, 0xAC, 0xAB, 0xAB, 0xAB, 0xAB, 
0xAB, 0x8B, 0xAB, 0x8B, 0xAB, 0x8B, 0xAB, 0x6B, 0xAB, 0x6A, 0xA3, 0x6A, 0x9A, 0xE8, 0x7A, 0x25, 0x51, 0x02, 0x38, 0x61, 0x30, 0x61, 0x51, 0x23, 0x82, 0x67, 0x69, 0xA4, 0x20, 0x20, 0x10, 0x00, 
0x20, 0x40, 0x28, 0x40, 0x10, 0x00, 0x10, 0x00, 0x10, 0x00, 0x18, 0x20, 0x18, 0x20, 0x08, 0x00, 0x08, 0x00, 0x00, 0x00, 0x00, 0x00, 0x08, 0x00, 0x00, 0x00, 0x00, 0x00, 0x00, 0x00, 0x00, 0x00, 
0x08, 0x00, 0x10, 0x40, 0x10, 0x40, 0x10, 0x40, 0x10, 0x20, 0x08, 0x20, 0x10, 0x41, 0x08, 0x20, 0x08, 0x20, 0x08, 0x20, 0x08, 0x20, 0x08, 0x20, 0x18, 0x81, 0x49, 0xA6, 0x62, 0x48, 0x62, 0x69, 
0x5A, 0x28, 0x52, 0x07, 0x9C, 0x50, 0x6A, 0xCA, 0x41, 0x65, 0x39, 0x23, 0x38, 0xE2, 0x51, 0x63, 0x69, 0xE5, 0x71, 0xE5, 0x82, 0x46, 0x9A, 0xC7, 0x9A, 0xE8, 0x9A, 0xC8, 0x9A, 0xE8, 0x9A, 0xC7, 
0x9A, 0xC7, 0xA3, 0x08, 0xAB, 0x49, 0xAB, 0x49, 0xAB, 0x49, 0xAB, 0x49, 0xAB, 0x49, 0xA3, 0x08, 0xA3, 0x08, 0xAB, 0x49, 0xB3, 0x8A, 0xB3, 0xAB, 0xB3, 0xAB, 0xBB, 0xCB, 0xB3, 0xCB, 0xBB, 0xEC, 
0xBB, 0xEC, 0xBC, 0x0D, 0xBC, 0x0D, 0xC4, 0x2D, 0xC4, 0x2E, 0xC4, 0x2E, 0xC4, 0x2D, 0xC4, 0x2D, 0xC4, 0x2E, 0xC4, 0x2E, 0xC4, 0x4E, 0xC4, 0x4E, 0xC4, 0x4E, 0xC4, 0x4E, 0xC4, 0x4E, 0xC4, 0x2E, 
0xC4, 0x2E, 0xC4, 0x2E, 0xC4, 0x2D, 0xBC, 0x0D, 0xBC, 0x0D, 0xBC, 0x0D, 0xBC, 0x0D, 0xBB, 0xEC, 0xC4, 0x0D, 0xC4, 0x0C, 0xC4, 0x0D, 0xC4, 0x0C, 0xC4, 0x0D, 0xC4, 0x2D, 0xC4, 0x2D, 0xC4, 0x4E, 
0xC4, 0x4E, 0xC4, 0x6E, 0xCC, 0x6F, 0xCC, 0x8F, 0xCC, 0x8F, 0xCC, 0xB0, 0xD4, 0xD0, 0xD4, 0xD0, 0xD4, 0xD0, 0xD4, 0xB0, 0xC4, 0x6F, 0xDD, 0x94, 0xF6, 0xDA, 0xF6, 0xFA, 0xEE, 0xB9, 0xEE, 0xBA, 
0xF6, 0xDA, 0xF6, 0xDA, 0xF6, 0xFB, 0xF6, 0xFB, 0xE6, 0x9A, 0xE6, 0x59, 0xEE, 0xBA, 0xEE, 0xBA, 0xEE, 0xBA, 0xEE, 0xFB, 0xF6, 0xFB, 0xF6, 0xFB, 0xF6, 0xFB, 0xEE, 0xFB, 0xDD, 0x73, 0xDC, 0xF1, 
0xDC, 0xF1, 0xE4, 0xF0, 0xE4, 0xF0, 0xE4, 0xF0, 0xE4, 0xD0, 0xE4, 0xD1, 0xE4, 0xD0, 0xE4, 0xD0, 0xE4, 0x8F, 0xDC, 0x8E, 0xDC, 0x6E, 0xDC, 0x4D, 0xD4, 0x4D, 0xD4, 0x0C, 0xD4, 0x2C, 0xD4, 0x0C, 
0xD4, 0x0C, 0xD4, 0x2C, 0xD4, 0x2D, 0xDC, 0x2D, 0xDC, 0x2D, 0xE3, 0xEC, 0xEC, 0x0E, 0xEB, 0xCC, 0xF3, 0xCC, 0xF3, 0x8C, 0xF3, 0x8C, 0xF3, 0x6B, 0xF3, 0x4B, 0xFB, 0x0A, 0xFA, 0xE9, 0xFA, 0xC9, 
0xFA, 0xA8, 0xFA, 0x88, 0xFA, 0x88, 0xFA, 0x67, 0xFA, 0x47, 0xFA, 0x06, 0xF9, 0xE5, 0xF9, 0xC6, 0xB1, 0x45, 0x88, 0xE2, 0x91, 0x03, 0x91, 0x23, 0x91, 0x43, 0x89, 0x43, 0x89, 0x23, 0x89, 0x43, 
0xA3, 0x08, 0xA3, 0x09, 0xA3, 0x29, 0xA3, 0x29, 0xA3, 0x4A, 0xAB, 0x6A, 0xAB, 0x8A, 0xAB, 0x8A, 0xAB, 0x6A, 0xAB, 0x49, 0xAB, 0x49, 0xAB, 0x49, 0xAB, 0x49, 0xAB, 0x6A, 0xB3, 0x8A, 0xB3, 0x8A, 
0xB3, 0x8B, 0xB3, 0xAB, 0xB3, 0xAC, 0xB3, 0xCC, 0xB3, 0xAC, 0xB3, 0xAB, 0xBB, 0xCC, 0xBB, 0xCC, 0xBB, 0xCC, 0xC3, 0xED, 0xC4, 0x0E, 0xCC, 0x4E, 0xCC, 0x4F, 0xCC, 0x6F, 0xCC, 0x6F, 0xD4, 0x6F, 
0xD4, 0x4E, 0xD4, 0x2D, 0xD4, 0x0C, 0xD3, 0xCB, 0xD3, 0xAB, 0xBB, 0x6B, 0xAB, 0xAC, 0xAB, 0xAC, 0xAB, 0xAC, 0xAB, 0xAC, 0xAB, 0xAC, 0xAB, 0xAC, 0xAB, 0xAC, 0xAB, 0xAC, 0xAB, 0xAC, 0xAB, 0x8B, 
0xAB, 0x8B, 0xA3, 0x4A, 0xA3, 0x4A, 0x9B, 0x09, 0x8A, 0xA7, 0x7A, 0x06, 0x59, 0x43, 0x40, 0xA1, 0x38, 0x81, 0x48, 0xC2, 0x69, 0xC5, 0x92, 0xE9, 0x92, 0xE9, 0x61, 0x63, 0x18, 0x20, 0x10, 0x00, 
0x28, 0x80, 0x20, 0x20, 0x18, 0x20, 0x20, 0x40, 0x10, 0x00, 0x18, 0x20, 0x10, 0x00, 0x10, 0x00, 0x08, 0x00, 0x00, 0x00, 0x00, 0x00, 0x00, 0x00, 0x00, 0x00, 0x00, 0x00, 0x00, 0x00, 0x00, 0x00, 
0x10, 0x40, 0x10, 0x41, 0x10, 0x40, 0x10, 0x20, 0x08, 0x20, 0x08, 0x20, 0x10, 0x41, 0x08, 0x20, 0x08, 0x20, 0x08, 0x20, 0x08, 0x20, 0x18, 0x61, 0x5A, 0x28, 0x6A, 0xA9, 0x7B, 0x6C, 0x73, 0x0B, 
0x41, 0x64, 0x41, 0x85, 0x41, 0x65, 0x51, 0xE7, 0x7B, 0x0B, 0x7A, 0xEA, 0x61, 0xA5, 0x71, 0xE5, 0x8A, 0x87, 0x82, 0x66, 0x9A, 0xC8, 0x9A, 0xE8, 0xA3, 0x08, 0xAB, 0x49, 0xAB, 0x49, 0xAB, 0x49, 
0xA3, 0x28, 0xAB, 0x49, 0xAB, 0x6A, 0xB3, 0x8A, 0xAB, 0x6A, 0xAB, 0x69, 0xAB, 0x49, 0xAB, 0x49, 0xAB, 0x49, 0xB3, 0x8A, 0xB3, 0x8A, 0xB3, 0xAB, 0xB3, 0xCB, 0xBB, 0xCB, 0xBB, 0xCB, 0xBB, 0xCC, 
0xBB, 0xEC, 0xBC, 0x0D, 0xC4, 0x2D, 0xC4, 0x2D, 0xC4, 0x2E, 0xC4, 0x2E, 0xC4, 0x2E, 0xC4, 0x4E, 0xC4, 0x4E, 0xC4, 0x4E, 0xC4, 0x4E, 0xC4, 0x4F, 0xC4, 0x4E, 0xC4, 0x4E, 0xC4, 0x2E, 0xBC, 0x2E, 
0xC4, 0x2D, 0xC4, 0x0D, 0xBC, 0x0D, 0xBC, 0x0D, 0xBB, 0xEC, 0xBB, 0xEC, 0xBB, 0xEC, 0xBB, 0xEC, 0xC4, 0x0C, 0xC4, 0x0C, 0xC4, 0x0C, 0xC4, 0x2D, 0xC4, 0x2D, 0xC4, 0x4E, 0xC4, 0x4E, 0xC4, 0x4E, 
0xCC, 0x6E, 0xCC, 0x6E, 0xCC, 0x8F, 0xCC, 0x8F, 0xCC, 0x8F, 0xD4, 0xB0, 0xD4, 0xD0, 0xD4, 0xB0, 0xCC, 0xAF, 0xC4, 0x6F, 0xE5, 0xF6, 0xF6, 0xDA, 0xF6, 0xFA, 0xEE, 0x99, 0xEE, 0xB9, 0xF6, 0xDA, 
0xF6, 0xDB, 0xF6, 0xFB, 0xF6, 0xFB, 0xF6, 0xFB, 0xE6, 0x7A, 0xE6, 0x79, 0xEE, 0xBA, 0xEE, 0xBA, 0xEE, 0x9A, 0xEE, 0xFB, 0xF6, 0xFB, 0xF6, 0xFB, 0xF6, 0xFB, 0xF6, 0xFB, 0xE5, 0xF6, 0xDC, 0xF1, 
0xE5, 0x11, 0xE4, 0xF1, 0xE4, 0xF0, 0xE4, 0xF1, 0xE4, 0xD0, 0xE4, 0xF0, 0xE4, 0xD0, 0xE4, 0xD0, 0xDC, 0xAF, 0xDC, 0x8E, 0xDC, 0x6E, 0xDC, 0x4D, 0xD4, 0x2D, 0xD4, 0x2C, 0xD4, 0x2C, 0xD4, 0x2C, 
0xD4, 0x0C, 0xD4, 0x2D, 0xDC, 0x2D, 0xDC, 0x2D, 0xE4, 0x2E, 0xE4, 0x2E, 0xEB, 0xED, 0xEB, 0xED, 0xEB, 0xED, 0xF3, 0xAC, 0xF3, 0x8C, 0xF3, 0x6C, 0xF3, 0x4B, 0xFB, 0x0A, 0xFA, 0xE9, 0xFA, 0xC8, 
0xFA, 0xA8, 0xFA, 0x88, 0xFA, 0x87, 0xFA, 0x47, 0xFA, 0x46, 0xFA, 0x06, 0xF9, 0xC5, 0xE2, 0x29, 0x99, 0x66, 0x88, 0xE2, 0x91, 0x23, 0x91, 0x43, 0x91, 0x44, 0x89, 0x43, 0x89, 0x43, 0x89, 0x43, 
0x9A, 0xC7, 0xA2, 0xE8, 0xA3, 0x08, 0xA3, 0x29, 0xAB, 0x49, 0xAB, 0x6A, 0xAB, 0x6A, 0xAB, 0x8A, 0xB3, 0x8A, 0xB3, 0x8A, 0xAB, 0x8A, 0xAB, 0x8A, 0xAB, 0x8A, 0xB3, 0x8B, 0xB3, 0xAB, 0xB3, 0xAB, 
0xB3, 0xCC, 0xB3, 0xCC, 0xB3, 0xCC, 0xB3, 0xCC, 0xB3, 0xCC, 0xB3, 0xCC, 0xBB, 0xCC, 0xBB, 0xAC, 0xBB, 0xAB, 0xC3, 0xCC, 0xC4, 0x0D, 0xC4, 0x2E, 0xCC, 0x4E, 0xCC, 0x6F, 0xCC, 0x8F, 0xD4, 0x6F, 
0xD4, 0x6F, 0xD4, 0x4E, 0xD4, 0x2D, 0xD4, 0x0C, 0xD3, 0xCC, 0xC3, 0x4A, 0xAB, 0xAC, 0xAB, 0xAC, 0xAB, 0xAC, 0xAB, 0xAC, 0xAB, 0xAC, 0xAB, 0xAC, 0xAB, 0xAC, 0xAB, 0xAB, 0xAB, 0x8B, 0xA3, 0x6A, 
0xA3, 0x4A, 0x9B, 0x09, 0x8A, 0x87, 0x82, 0x46, 0x71, 0xC5, 0x61, 0x63, 0x59, 0x43, 0x61, 0x64, 0x61, 0x43, 0x82, 0x67, 0xA3, 0x4A, 0xA3, 0x4A, 0x8A, 0xA8, 0x51, 0x02, 0x10, 0x00, 0x18, 0x20, 
0x40, 0xE1, 0x18, 0x20, 0x20, 0x40, 0x28, 0x60, 0x18, 0x00, 0x18, 0x00, 0x10, 0x00, 0x10, 0x00, 0x08, 0x00, 0x00, 0x00, 0x00, 0x00, 0x00, 0x00, 0x00, 0x00, 0x00, 0x00, 0x00, 0x00, 0x10, 0x40, 
0x18, 0x61, 0x10, 0x40, 0x08, 0x20, 0x08, 0x20, 0x08, 0x20, 0x08, 0x20, 0x08, 0x20, 0x08, 0x20, 0x08, 0x20, 0x10, 0x20, 0x18, 0x61, 0x62, 0x89, 0x8B, 0xAE, 0x7B, 0x4D, 0x83, 0xAE, 0x39, 0x65, 
0x18, 0x81, 0x5A, 0x48, 0x83, 0x6C, 0x94, 0x0F, 0xA4, 0x50, 0xBD, 0x34, 0x8B, 0x09, 0x8A, 0x66, 0x92, 0xA7, 0x9A, 0xE8, 0xA3, 0x08, 0xA3, 0x08, 0xAB, 0x4A, 0xAB, 0x49, 0xAB, 0x6A, 0xA3, 0x29, 
0xAB, 0x69, 0xB3, 0x8A, 0xB3, 0x8A, 0xB3, 0x8A, 0xB3, 0x8A, 0xB3, 0x69, 0xAB, 0x49, 0xB3, 0x8A, 0xAB, 0x49, 0xB3, 0xAB, 0xB3, 0xAB, 0xB3, 0xAB, 0xBB, 0xCB, 0xBB, 0xEC, 0xBB, 0xEC, 0xBB, 0xEC, 
0xBB, 0xEC, 0xBC, 0x0D, 0xBC, 0x2D, 0xC4, 0x2E, 0xC4, 0x4E, 0xC4, 0x4E, 0xC4, 0x4E, 0xC4, 0x6F, 0xC4, 0x4E, 0xC4, 0x4E, 0xC4, 0x4E, 0xC4, 0x4E, 0xC4, 0x4E, 0xC4, 0x2E, 0xBC, 0x2D, 0xBC, 0x0D, 
0xBC, 0x0D, 0xBC, 0x0D, 0xBC, 0x0D, 0xBB, 0xEC, 0xBB, 0xCB, 0xBB, 0xCB, 0xBB, 0xEC, 0xBC, 0x0C, 0xC4, 0x0C, 0xC4, 0x0C, 0xC4, 0x0C, 0xC4, 0x2D, 0xC4, 0x4E, 0xC4, 0x4E, 0xC4, 0x6E, 0xCC, 0x6F, 
0xCC, 0x6E, 0xCC, 0x8F, 0xCC, 0x8F, 0xCC, 0x8F, 0xCC, 0xB0, 0xCC, 0xB0, 0xCC, 0xB0, 0xCC, 0x8F, 0xC4, 0xB0, 0xEE, 0x58, 0xEE, 0xDA, 0xEE, 0xDA, 0xEE, 0xB9, 0xEE, 0xBA, 0xEE, 0xDA, 0xF6, 0xDA, 
0xEE, 0xDB, 0xF6, 0xFB, 0xF6, 0xFB, 0xEE, 0xFB, 0xE6, 0x59, 0xE6, 0x79, 0xEE, 0xBA, 0xEE, 0xDA, 0xEE, 0xBA, 0xEE, 0xDA, 0xF6, 0xFB, 0xF6, 0xFB, 0xF6, 0xFB, 0xF6, 0xFB, 0xEE, 0x99, 0xDD, 0x11, 
0xE5, 0x11, 0xE5, 0x11, 0xE4, 0xF0, 0xE4, 0xF0, 0xE4, 0xD0, 0xE4, 0xD0, 0xE4, 0xD0, 0xE4, 0xD0, 0xE4, 0xAF, 0xDC, 0x8E, 0xDC, 0x6D, 0xDC, 0x4D, 0xD4, 0x2D, 0xD4, 0x2C, 0xD4, 0x2C, 0xD4, 0x2C, 
0xDC, 0x2D, 0xDC, 0x2D, 0xDC, 0x2D, 0xDC, 0x4D, 0xE4, 0x4E, 0xEC, 0x2E, 0xEC, 0x0D, 0xEB, 0xED, 0xF3, 0xED, 0xF3, 0xCD, 0xF3, 0xAC, 0xF3, 0x8C, 0xFB, 0x4B, 0xFB, 0x0A, 0xFA, 0xE9, 0xFA, 0xA8, 
0xFA, 0xA8, 0xFA, 0x87, 0xFA, 0x67, 0xFA, 0x46, 0xFA, 0x26, 0xFA, 0x05, 0xF2, 0x28, 0xC2, 0xCD, 0x91, 0x65, 0x91, 0x02, 0x91, 0x23, 0x91, 0x43, 0x91, 0x44, 0x91, 0x44, 0x89, 0x43, 0x89, 0x44, 
0x8A, 0x46, 0x9A, 0xA7, 0xA3, 0x28, 0xAB, 0x6A, 0xB3, 0x8A, 0xB3, 0xAB, 0xB3, 0xCC, 0xB3, 0xCB, 0xB3, 0xAB, 0xB3, 0xAB, 0xAB, 0x8B, 0xAB, 0x8A, 0xAB, 0x8B, 0xB3, 0xAB, 0xB3, 0xCC, 0xB3, 0xCC, 
0xB3, 0xEC, 0xB3, 0xEC, 0xB3, 0xED, 0xB3, 0xEC, 0xB3, 0xCC, 0xB3, 0xAB, 0xB3, 0x6A, 0xB3, 0x29, 0xB3, 0x08, 0xB3, 0x09, 0xBB, 0x6A, 0xC3, 0xCC, 0xC3, 0xED, 0xCC, 0x2E, 0xCC, 0x4E, 0xCC, 0x4E, 
0xCC, 0x2E, 0xD4, 0x2D, 0xD4, 0x0D, 0xD4, 0x0C, 0xD3, 0xCC, 0xCB, 0x6A, 0xAB, 0x8C, 0xAB, 0xAC, 0xAB, 0xAC, 0xAB, 0xAC, 0xAB, 0xAC, 0xAB, 0xAC, 0xAB, 0xAB, 0xAB, 0x8B, 0xA3, 0x6A, 0x9B, 0x2A, 
0x9B, 0x09, 0x92, 0xA8, 0x8A, 0x87, 0x82, 0x67, 0x82, 0x67, 0x82, 0x47, 0x71, 0xE5, 0x71, 0xC5, 0x92, 0xC8, 0xA3, 0x4A, 0xAB, 0x8B, 0x9B, 0x29, 0x8A, 0xA7, 0x49, 0x02, 0x10, 0x00, 0x20, 0x40, 
0x41, 0x02, 0x18, 0x20, 0x28, 0x80, 0x28, 0x40, 0x18, 0x20, 0x10, 0x00, 0x10, 0x00, 0x08, 0x00, 0x00, 0x00, 0x00, 0x00, 0x00, 0x00, 0x00, 0x00, 0x00, 0x00, 0x00, 0x00, 0x10, 0x61, 0x10, 0x40, 
0x18, 0x61, 0x10, 0x20, 0x08, 0x20, 0x08, 0x20, 0x08, 0x20, 0x08, 0x20, 0x08, 0x00, 0x08, 0x20, 0x10, 0x20, 0x18, 0x61, 0x62, 0x8A, 0x93, 0xEF, 0x8B, 0xAE, 0x6A, 0xCA, 0x39, 0x44, 0x51, 0xE6, 
0x41, 0x85, 0x7B, 0x0B, 0x93, 0xEF, 0xB5, 0x13, 0xC5, 0x74, 0xCD, 0xD7, 0xA4, 0x0E, 0x92, 0xC7, 0xA3, 0x29, 0xAB, 0x6A, 0xAB, 0x49, 0xA3, 0x28, 0xAB, 0x6A, 0xB3, 0xAB, 0xB3, 0x8A, 0xAB, 0x8A, 
0xB3, 0xAA, 0xB3, 0xAA, 0xB3, 0xAA, 0xB3, 0xAA, 0xB3, 0x8A, 0xAB, 0x49, 0xB3, 0x8A, 0xB3, 0x8A, 0xB3, 0x8A, 0xBB, 0xCB, 0xBB, 0xCB, 0xBB, 0xCB, 0xBB, 0xEC, 0xBB, 0xEC, 0xBC, 0x0C, 0xBC, 0x0D, 
0xC4, 0x2D, 0xC4, 0x2E, 0xC4, 0x4E, 0xC4, 0x4F, 0xC4, 0x4E, 0xC4, 0x4E, 0xC4, 0x6F, 0xC4, 0x6F, 0xC4, 0x4E, 0xC4, 0x4E, 0xC4, 0x4E, 0xC4, 0x4E, 0xC4, 0x4E, 0xBC, 0x2D, 0xBC, 0x0C, 0xBC, 0x0D, 
0xBC, 0x0D, 0xBB, 0xEC, 0xBB, 0xEC, 0xBB, 0xCB, 0xBB, 0xCB, 0xBB, 0xEB, 0xBB, 0xEC, 0xBC, 0x0C, 0xC4, 0x0C, 0xBC, 0x0C, 0xC4, 0x2D, 0xC4, 0x4E, 0xCC, 0x4E, 0xCC, 0x6E, 0xCC, 0x6F, 0xCC, 0x8F, 
0xCC, 0x8F, 0xCC, 0xB0, 0xCC, 0xB0, 0xCC, 0xB0, 0xD4, 0xB0, 0xCC, 0xB0, 0xC4, 0x8F, 0xD5, 0x73, 0xEE, 0x99, 0xEE, 0xBA, 0xEE, 0xDA, 0xEE, 0xBA, 0xEE, 0xBA, 0xEE, 0xBA, 0xF6, 0xBA, 0xF6, 0xDA, 
0xF6, 0xFB, 0xF6, 0xFB, 0xF6, 0xFB, 0xEE, 0xDB, 0xE6, 0x59, 0xE6, 0x99, 0xEE, 0xBA, 0xEE, 0xDA, 0xEE, 0xDA, 0xEE, 0xBA, 0xF6, 0xFB, 0xF6, 0xFB, 0xF6, 0xFB, 0xF6, 0xFB, 0xF6, 0xFB, 0xE5, 0x74, 
0xE5, 0x11, 0xE5, 0x11, 0xE4, 0xF0, 0xE4, 0xF0, 0xE4, 0xF0, 0xE4, 0xD0, 0xE4, 0xF0, 0xE4, 0xD0, 0xE4, 0xAF, 0xDC, 0x8F, 0xDC, 0x6E, 0xDC, 0x6D, 0xD4, 0x2D, 0xD4, 0x4D, 0xD4, 0x2D, 0xDC, 0x4D, 
0xDC, 0x4D, 0xDC, 0x4D, 0xDC, 0x2D, 0xE4, 0x4E, 0xE4, 0x2D, 0xEC, 0x2E, 0xEC, 0x0D, 0xF3, 0xED, 0xF3, 0xCD, 0xF3, 0xED, 0xF3, 0xCD, 0xF3, 0x8B, 0xFB, 0x4A, 0xFB, 0x0A, 0xFA, 0xE9, 0xFA, 0xA8, 
0xFA, 0xA8, 0xFA, 0x88, 0xFA, 0x67, 0xFA, 0x46, 0xFA, 0x26, 0xFA, 0x06, 0xD2, 0xED, 0xB2, 0xAC, 0x91, 0x24, 0x91, 0x03, 0x91, 0x23, 0x91, 0x43, 0x91, 0x43, 0x89, 0x44, 0x89, 0x43, 0x89, 0x43, 
0x92, 0x86, 0xAB, 0x6A, 0xBB, 0xEC, 0xBC, 0x0D, 0xBC, 0x0D, 0xBC, 0x0D, 0xBC, 0x0D, 0xB3, 0xCC, 0xB3, 0xCC, 0xB3, 0xAB, 0xAB, 0x8A, 0xAB, 0x8A, 0xAB, 0x8B, 0xB3, 0xAC, 0xB3, 0xCC, 0xB3, 0xCC, 
0xB3, 0xCC, 0xB3, 0xCC, 0xB3, 0xCC, 0xAB, 0x8B, 0xAB, 0x4A, 0xA2, 0xE9, 0x9A, 0x87, 0x89, 0xC5, 0x81, 0xA3, 0x92, 0x05, 0x91, 0xE5, 0xA2, 0x86, 0xB3, 0x09, 0xBB, 0x49, 0xBB, 0x4A, 0xC3, 0x4A, 
0xC3, 0x49, 0xC3, 0x6A, 0xCB, 0x6A, 0xD3, 0x8A, 0xCB, 0x8A, 0xC3, 0x29, 0xAB, 0x6B, 0xA3, 0xAC, 0xAB, 0xAC, 0xAB, 0xAC, 0xAB, 0xAC, 0xAB, 0xAC, 0xAB, 0xAB, 0xAB, 0x8B, 0xA3, 0x8B, 0xA3, 0x6B, 
0xA3, 0x4A, 0xA3, 0x2A, 0x9B, 0x09, 0x92, 0xC8, 0x8A, 0x87, 0x7A, 0x06, 0x8A, 0x67, 0x9B, 0x09, 0xA3, 0x4A, 0xA3, 0x8B, 0xA3, 0x6B, 0xA3, 0x2A, 0x92, 0xE8, 0x38, 0xC1, 0x10, 0x00, 0x20, 0x60, 
0x28, 0x81, 0x20, 0x20, 0x28, 0x60, 0x20, 0x40, 0x18, 0x20, 0x10, 0x00, 0x10, 0x00, 0x00, 0x00, 0x00, 0x00, 0x00, 0x00, 0x00, 0x00, 0x00, 0x00, 0x00, 0x00, 0x10, 0x61, 0x08, 0x20, 0x10, 0x41, 
0x18, 0x61, 0x10, 0x20, 0x08, 0x20, 0x08, 0x00, 0x08, 0x20, 0x08, 0x20, 0x10, 0x20, 0x10, 0x20, 0x10, 0x41, 0x51, 0xE7, 0x94, 0x10, 0x8B, 0xEF, 0x52, 0x07, 0x39, 0x65, 0x5A, 0x48, 0x72, 0xEB, 
0x5A, 0x08, 0x9C, 0x0F, 0xAC, 0xB2, 0xAC, 0xD2, 0xB5, 0x13, 0xB4, 0xF3, 0xC5, 0x75, 0xAB, 0xED, 0xAB, 0x6A, 0xAB, 0x69, 0xAB, 0x49, 0xAB, 0x49, 0xB3, 0xAB, 0xB3, 0x8A, 0xAB, 0x69, 0xB3, 0xAA, 
0xB3, 0xAA, 0xB3, 0xAA, 0xB3, 0xCB, 0xB3, 0xAA, 0xB3, 0x6A, 0xB3, 0x8A, 0xB3, 0x8A, 0xAB, 0x69, 0xB3, 0xAA, 0xBB, 0xEC, 0xBB, 0xCB, 0xBB, 0xEB, 0xBB, 0xEC, 0xC4, 0x0D, 0xC4, 0x0D, 0xC4, 0x2D, 
0xC4, 0x4E, 0xC4, 0x4E, 0xC4, 0x6F, 0xC4, 0x6F, 0xC4, 0x6F, 0xC4, 0x6F, 0xC4, 0x6F, 0xC4, 0x6F, 0xC4, 0x6F, 0xC4, 0x4E, 0xC4, 0x4E, 0xC4, 0x4E, 0xC4, 0x2E, 0xBC, 0x0D, 0xBC, 0x0C, 0xBB, 0xEC, 
0xBB, 0xEC, 0xBB, 0xCC, 0xBB, 0xCB, 0xBB, 0xCB, 0xBB, 0xCB, 0xBB, 0xEC, 0xBC, 0x0C, 0xC4, 0x0C, 0xC4, 0x2D, 0xC4, 0x2D, 0xC4, 0x4E, 0xCC, 0x6E, 0xCC, 0x6F, 0xCC, 0x6F, 0xCC, 0x8F, 0xCC, 0x8F, 
0xCC, 0xB0, 0xCC, 0xB0, 0xCC, 0xB0, 0xCC, 0xB0, 0xCC, 0xAF, 0xCC, 0xF1, 0xE6, 0x37, 0xEE, 0xB9, 0xEE, 0xBA, 0xEE, 0xDA, 0xEE, 0xDA, 0xEE, 0xDA, 0xEE, 0x99, 0xEE, 0x79, 0xF6, 0xBA, 0xF6, 0xDB, 
0xF6, 0xFB, 0xF6, 0xFB, 0xF6, 0xFB, 0xEE, 0xBA, 0xE6, 0x59, 0xE6, 0x9A, 0xEE, 0xDA, 0xEE, 0xDB, 0xEE, 0xDA, 0xEE, 0xBA, 0xEE, 0xDB, 0xF6, 0xFB, 0xF6, 0xFB, 0xF6, 0xFB, 0xF6, 0xFB, 0xEE, 0x17, 
0xE5, 0x11, 0xE5, 0x11, 0xE4, 0xF1, 0xE4, 0xF0, 0xE4, 0xF0, 0xE4, 0xD0, 0xE4, 0xD0, 0xE4, 0xD0, 0xDC, 0xB0, 0xDC, 0x8F, 0xDC, 0x6E, 0xDC, 0x6E, 0xDC, 0x4D, 0xD4, 0x4D, 0xD4, 0x4D, 0xDC, 0x4D, 
0xDC, 0x4D, 0xE4, 0x4E, 0xE4, 0x4D, 0xE4, 0x2D, 0xE4, 0x2D, 0xEC, 0x2E, 0xEC, 0x0D, 0xF3, 0xED, 0xF3, 0xCD, 0xF3, 0xCC, 0xF3, 0xAC, 0xFB, 0x6B, 0xFB, 0x4B, 0xFB, 0x0A, 0xFA, 0xE9, 0xFA, 0xC9, 
0xFA, 0xA8, 0xFA, 0x88, 0xFA, 0x67, 0xFA, 0x47, 0xFA, 0x26, 0xEA, 0x49, 0xBA, 0xED, 0xAA, 0x8B, 0x91, 0x03, 0x91, 0x03, 0x91, 0x43, 0x91, 0x43, 0x91, 0x44, 0x89, 0x44, 0x89, 0x44, 0x89, 0x43, 
0xAB, 0x6A, 0xC4, 0x2D, 0xC4, 0x4D, 0xBC, 0x2D, 0xBC, 0x2D, 0xBC, 0x0D, 0xB3, 0xED, 0xB3, 0xCC, 0xB3, 0xCC, 0xB3, 0xCC, 0xB3, 0xCC, 0xB3, 0xAB, 0xB3, 0xCB, 0xB3, 0xCC, 0xB3, 0xCC, 0xAB, 0xAB, 
0xAB, 0x8B, 0xAB, 0x6B, 0xA3, 0x2A, 0x9A, 0xC8, 0x92, 0x46, 0x81, 0xE5, 0x8A, 0x05, 0x9A, 0x87, 0xB3, 0x6A, 0xC3, 0xAB, 0xBB, 0x6B, 0xC3, 0x8B, 0xC3, 0xCC, 0xCC, 0x0D, 0xCC, 0x0D, 0xCB, 0xEC, 
0xCB, 0xAB, 0xCB, 0xAB, 0xCB, 0x8A, 0xCB, 0x29, 0xC3, 0x08, 0xBA, 0xE8, 0xAB, 0xAC, 0xAB, 0xAC, 0xAB, 0xCC, 0xAB, 0xAC, 0xAB, 0xAC, 0xAB, 0xAC, 0xAB, 0x8B, 0xAB, 0x8B, 0xA3, 0x8B, 0xAB, 0x8B, 
0xAB, 0x8B, 0xA3, 0x4A, 0x9B, 0x09, 0x8A, 0x67, 0x7A, 0x06, 0x92, 0xE9, 0xA3, 0x4A, 0xA3, 0x4A, 0xAB, 0x8B, 0xAB, 0x8B, 0xAB, 0x8B, 0xA3, 0x6A, 0x8A, 0x87, 0x28, 0x60, 0x10, 0x00, 0x28, 0x80, 
0x20, 0x40, 0x20, 0x40, 0x20, 0x40, 0x20, 0x20, 0x10, 0x00, 0x10, 0x00, 0x08, 0x00, 0x00, 0x00, 0x00, 0x00, 0x00, 0x00, 0x00, 0x00, 0x00, 0x00, 0x10, 0x61, 0x08, 0x20, 0x08, 0x20, 0x10, 0x61, 
0x10, 0x61, 0x10, 0x20, 0x08, 0x20, 0x08, 0x20, 0x08, 0x20, 0x18, 0x82, 0x10, 0x41, 0x10, 0x41, 0x28, 0xE3, 0x7B, 0x2C, 0x6A, 0xAA, 0x31, 0x24, 0x39, 0x44, 0x7B, 0x4C, 0x83, 0x6D, 0x93, 0xEF, 
0x83, 0x4D, 0x8B, 0xAD, 0xAC, 0xB2, 0xBD, 0x34, 0xCD, 0xD6, 0xCD, 0xD6, 0xCD, 0xB6, 0xCD, 0x95, 0xB3, 0xED, 0xAB, 0x6A, 0xAB, 0x8A, 0xB3, 0x8A, 0xB3, 0xAB, 0xBB, 0xCB, 0xB3, 0xAA, 0xB3, 0xAA, 
0xB3, 0xAA, 0xB3, 0x8A, 0xB3, 0x8A, 0xB3, 0x8A, 0xB3, 0xAA, 0xB3, 0x8A, 0xB3, 0x8A, 0xAB, 0x69, 0xBB, 0xEC, 0xBC, 0x0C, 0xBB, 0xEC, 0xC4, 0x0D, 0xC4, 0x2D, 0xC4, 0x2E, 0xC4, 0x4E, 0xC4, 0x4F, 
0xC4, 0x6F, 0xC4, 0x6F, 0xCC, 0x8F, 0xCC, 0x8F, 0xCC, 0x8F, 0xCC, 0x8F, 0xCC, 0x8F, 0xC4, 0x8F, 0xC4, 0x6F, 0xC4, 0x4E, 0xC4, 0x4E, 0xBC, 0x2E, 0xBC, 0x0D, 0xBB, 0xEC, 0xBB, 0xEB, 0xB3, 0xCC, 
0xB3, 0xCB, 0xB3, 0xCB, 0xB3, 0xAB, 0xBB, 0xCB, 0xBB, 0xCB, 0xBB, 0xEC, 0xC4, 0x0C, 0xC4, 0x2D, 0xC4, 0x4D, 0xC4, 0x4E, 0xC4, 0x6E, 0xCC, 0x6F, 0xCC, 0x6F, 0xCC, 0x8F, 0xCC, 0x90, 0xCC, 0xB0, 
0xCC, 0xB0, 0xCC, 0xB0, 0xCC, 0xB0, 0xCC, 0xF1, 0xDD, 0xD5, 0xE6, 0x99, 0xEE, 0xBA, 0xEE, 0xDA, 0xEE, 0xDA, 0xEE, 0xDA, 0xEE, 0xDA, 0xEE, 0x9A, 0xE6, 0x38, 0xEE, 0x9A, 0xF6, 0xBA, 0xF6, 0xDB, 
0xF6, 0xFB, 0xF6, 0xFB, 0xF6, 0xDB, 0xE6, 0x9A, 0xE6, 0x79, 0xEE, 0xBA, 0xEE, 0xDA, 0xEE, 0xDB, 0xEE, 0xDB, 0xEE, 0xDB, 0xEE, 0xBA, 0xF6, 0xFB, 0xF6, 0xFA, 0xF6, 0xFB, 0xF6, 0xFB, 0xF6, 0xB9, 
0xE5, 0x12, 0xE4, 0xF1, 0xE4, 0xF1, 0xE4, 0xF1, 0xE4, 0xD0, 0xE4, 0xD0, 0xE4, 0xD0, 0xE4, 0xD0, 0xDC, 0xAF, 0xDC, 0x8F, 0xDC, 0x8E, 0xDC, 0x8E, 0xDC, 0x6D, 0xD4, 0x6D, 0xDC, 0x6E, 0xDC, 0x4D, 
0xE4, 0x4E, 0xE4, 0x4E, 0xE4, 0x4E, 0xE4, 0x4D, 0xEC, 0x2D, 0xEC, 0x2D, 0xEC, 0x0D, 0xF3, 0xEC, 0xF3, 0xCC, 0xF3, 0xAC, 0xF3, 0x8C, 0xFB, 0x6B, 0xFB, 0x4A, 0xFB, 0x09, 0xFA, 0xE9, 0xFA, 0xC9, 
0xFA, 0xA8, 0xFA, 0x87, 0xFA, 0x67, 0xFA, 0x46, 0xF9, 0xE6, 0xCA, 0x6B, 0xB2, 0xCD, 0xA2, 0x6B, 0x91, 0x23, 0x91, 0x23, 0x91, 0x43, 0x91, 0x43, 0x91, 0x43, 0x89, 0x43, 0x89, 0x43, 0x89, 0x43, 
0xB3, 0xCB, 0xBC, 0x2D, 0xBC, 0x2D, 0xBC, 0x0D, 0xBC, 0x0D, 0xBC, 0x0D, 0xBB, 0xED, 0xBB, 0xED, 0xBB, 0xED, 0xBB, 0xEC, 0xBC, 0x0D, 0xBC, 0x0D, 0xB3, 0xCC, 0xB3, 0xAC, 0xAB, 0x6B, 0xA3, 0x2A, 
0x9A, 0xC8, 0x8A, 0x47, 0x8A, 0x46, 0x9A, 0x88, 0xA3, 0x09, 0xB3, 0x4A, 0xB3, 0x4A, 0xB3, 0x49, 0xBB, 0x8B, 0xC3, 0xEC, 0xC3, 0xCC, 0xCB, 0xCC, 0xCC, 0x0D, 0xD4, 0x4E, 0xD4, 0x6F, 0xD4, 0x4E, 
0xD4, 0x4E, 0xD4, 0x0D, 0xD4, 0x0D, 0xD3, 0xEC, 0xC2, 0xE7, 0xB3, 0x09, 0xAB, 0xCD, 0xAB, 0xAC, 0xAB, 0xAC, 0xAB, 0xAC, 0xAB, 0xAC, 0xAB, 0xAC, 0xAB, 0xAB, 0xAB, 0x8B, 0xA3, 0x8B, 0xA3, 0x6B, 
0xA3, 0x4A, 0x9A, 0xE9, 0x8A, 0x87, 0x8A, 0x67, 0x9B, 0x2A, 0xA3, 0x6B, 0xA3, 0x6A, 0xA3, 0x6A, 0xA3, 0x8B, 0xAB, 0xAB, 0xAB, 0x8B, 0xA3, 0x4A, 0x7A, 0x46, 0x20, 0x40, 0x18, 0x20, 0x20, 0x60, 
0x20, 0x40, 0x30, 0x80, 0x28, 0x40, 0x20, 0x20, 0x10, 0x00, 0x08, 0x00, 0x08, 0x00, 0x00, 0x00, 0x00, 0x00, 0x00, 0x00, 0x00, 0x00, 0x10, 0x41, 0x08, 0x20, 0x08, 0x20, 0x10, 0x20, 0x18, 0x61, 
0x08, 0x20, 0x10, 0x20, 0x10, 0x20, 0x08, 0x20, 0x10, 0x20, 0x10, 0x61, 0x10, 0x61, 0x18, 0x82, 0x28, 0xC3, 0x31, 0x03, 0x41, 0x85, 0x5A, 0x07, 0x7B, 0x2C, 0x93, 0xEF, 0x94, 0x10, 0x93, 0xEF, 
0x83, 0x6D, 0x8B, 0xCE, 0xB5, 0x13, 0xBD, 0x54, 0xCD, 0xF7, 0xCD, 0xD6, 0xCD, 0xB6, 0xCD, 0xD6, 0xCD, 0xB5, 0xB4, 0x0E, 0xB3, 0xCB, 0xB3, 0xCB, 0xBB, 0xCB, 0xBB, 0xCB, 0xB3, 0xCB, 0xAB, 0x49, 
0xAB, 0x28, 0xAB, 0x69, 0xBB, 0xCB, 0xBB, 0xCB, 0xB3, 0x8A, 0xB3, 0x8A, 0xB3, 0x8A, 0xBB, 0xCB, 0xC4, 0x0C, 0xC4, 0x0C, 0xC4, 0x0C, 0xC4, 0x2D, 0xC4, 0x4E, 0xC4, 0x6E, 0xCC, 0x6F, 0xCC, 0x8F, 
0xCC, 0x90, 0xCC, 0x8F, 0xC4, 0x6F, 0xCC, 0x90, 0xCC, 0xB0, 0xCC, 0xB0, 0xCC, 0x90, 0xCC, 0x90, 0xC4, 0x6F, 0xC4, 0x4E, 0xC4, 0x4E, 0xBC, 0x0D, 0xBC, 0x0C, 0xBB, 0xEB, 0xB3, 0xCB, 0xB3, 0xCB, 
0xB3, 0xAB, 0xB3, 0xAB, 0xB3, 0xAB, 0xBB, 0xCB, 0xBB, 0xEC, 0xBC, 0x0C, 0xC4, 0x2D, 0xC4, 0x4D, 0xC4, 0x4E, 0xCC, 0x6E, 0xCC, 0x6F, 0xCC, 0x6F, 0xCC, 0x8F, 0xCC, 0x8F, 0xCC, 0xAF, 0xCC, 0xB0, 
0xCC, 0xB0, 0xCC, 0xF1, 0xDD, 0xD6, 0xEE, 0x99, 0xEE, 0xB9, 0xEE, 0xBA, 0xEE, 0xBA, 0xEE, 0xDA, 0xEE, 0xFB, 0xEE, 0xDB, 0xEE, 0xBA, 0xDE, 0x18, 0xE6, 0x59, 0xEE, 0xBA, 0xF6, 0xDB, 0xF6, 0xDB, 
0xF6, 0xFB, 0xF6, 0xFB, 0xF6, 0xDB, 0xE6, 0x7A, 0xE6, 0x7A, 0xEE, 0xBA, 0xEE, 0xDA, 0xF6, 0xDB, 0xF6, 0xFB, 0xF6, 0xFB, 0xEE, 0xBA, 0xF6, 0xDB, 0xF6, 0xDA, 0xF6, 0xFB, 0xF6, 0xFB, 0xF6, 0xFB, 
0xE5, 0x74, 0xE4, 0xF1, 0xE4, 0xF1, 0xE4, 0xF1, 0xE4, 0xF0, 0xE4, 0xF1, 0xE4, 0xD0, 0xE4, 0xD0, 0xDC, 0xAF, 0xDC, 0x8F, 0xDC, 0x8E, 0xDC, 0x8E, 0xDC, 0x4D, 0xDC, 0x6E, 0xDC, 0x6E, 0xDC, 0x6E, 
0xE4, 0x4E, 0xE4, 0x4E, 0xE4, 0x4E, 0xE4, 0x4E, 0xEC, 0x4E, 0xEC, 0x0D, 0xF3, 0xED, 0xF3, 0xCD, 0xF3, 0xCC, 0xF3, 0xAC, 0xFB, 0x8C, 0xFB, 0x6B, 0xFB, 0x4B, 0xFB, 0x0A, 0xFB, 0x09, 0xFA, 0xC8, 
0xFA, 0xA8, 0xFA, 0x87, 0xFA, 0x47, 0xFA, 0x26, 0xC9, 0x85, 0xB2, 0x6B, 0xAA, 0xAC, 0x9A, 0x2A, 0x91, 0x23, 0x91, 0x43, 0x91, 0x43, 0x91, 0x43, 0x89, 0x44, 0x89, 0x43, 0x89, 0x43, 0x89, 0x44, 
0xAB, 0x8A, 0xB3, 0xCB, 0xB3, 0xAB, 0xB3, 0xCC, 0xB3, 0xEC, 0xBB, 0xED, 0xBB, 0xED, 0xBC, 0x0D, 0xBC, 0x0D, 0xBC, 0x0D, 0xBC, 0x0D, 0xB3, 0xCC, 0xAB, 0x4A, 0x9A, 0xA8, 0x8A, 0x26, 0x82, 0x06, 
0x92, 0x87, 0xAB, 0x4A, 0xB3, 0xAB, 0xB3, 0xAB, 0xB3, 0x8B, 0xB3, 0x8B, 0xB3, 0x6A, 0xBB, 0x6A, 0xBB, 0xAB, 0xC4, 0x0D, 0xC4, 0x0D, 0xCB, 0xED, 0xCC, 0x2E, 0xD4, 0x6F, 0xD4, 0x6F, 0xD4, 0x6F, 
0xD4, 0x4E, 0xD4, 0x2D, 0xD4, 0x0D, 0xD4, 0x0C, 0xD3, 0x8B, 0xBB, 0x6B, 0xAB, 0xCD, 0xAB, 0xCC, 0xAB, 0xCC, 0xAB, 0xAC, 0xAB, 0xAC, 0xAB, 0xAC, 0xAB, 0xAB, 0xAB, 0x8B, 0xA3, 0x6A, 0xA3, 0x4A, 
0xA3, 0x4A, 0x9B, 0x09, 0x9B, 0x09, 0xA3, 0x4A, 0xA3, 0x6B, 0xAB, 0x8B, 0xA3, 0x6A, 0xA3, 0x6B, 0xA3, 0x6B, 0xAB, 0xCC, 0xAB, 0x8B, 0x9B, 0x29, 0x69, 0xE5, 0x18, 0x20, 0x18, 0x20, 0x20, 0x40, 
0x20, 0x40, 0x30, 0x81, 0x28, 0x40, 0x18, 0x20, 0x10, 0x00, 0x08, 0x00, 0x00, 0x00, 0x00, 0x00, 0x00, 0x00, 0x00, 0x00, 0x00, 0x00, 0x08, 0x00, 0x08, 0x20, 0x10, 0x20, 0x10, 0x41, 0x10, 0x20, 
0x08, 0x20, 0x10, 0x40, 0x08, 0x00, 0x08, 0x00, 0x08, 0x20, 0x10, 0x41, 0x10, 0x41, 0x20, 0xC3, 0x5A, 0x69, 0x8B, 0xEF, 0x8B, 0xCF, 0x8B, 0xCF, 0xA4, 0x92, 0xAC, 0xD3, 0xAC, 0xD3, 0x9C, 0x30, 
0x9C, 0x30, 0x8B, 0xAE, 0xBD, 0x33, 0xC5, 0x75, 0xD6, 0x17, 0xD5, 0xF7, 0xC5, 0x95, 0xCD, 0xB6, 0xD5, 0xF7, 0xD5, 0xF6, 0xC4, 0xB1, 0xB3, 0xEC, 0xBB, 0xCB, 0xB3, 0xAA, 0xB3, 0x69, 0xB3, 0x6A, 
0xBB, 0xCB, 0xBB, 0xEB, 0xBB, 0xEB, 0xB3, 0xAB, 0xB3, 0x8A, 0xB3, 0xAB, 0xBB, 0xCB, 0xC4, 0x0C, 0xC4, 0x2D, 0xC4, 0x0D, 0xC4, 0x2D, 0xC4, 0x4E, 0xC4, 0x6F, 0xCC, 0x6F, 0xCC, 0x8F, 0xCC, 0xB0, 
0xCC, 0xB0, 0xCC, 0xB0, 0xAB, 0x8B, 0xCC, 0x90, 0xCC, 0xB0, 0xCC, 0xB0, 0xCC, 0xB0, 0xCC, 0x8F, 0xC4, 0x6F, 0xC4, 0x4E, 0xBC, 0x2D, 0xBC, 0x0D, 0xBB, 0xEC, 0xB3, 0xCB, 0xB3, 0xAB, 0xB3, 0xAA, 
0xB3, 0x8A, 0xB3, 0x8A, 0xB3, 0xCB, 0xBB, 0xEC, 0xBC, 0x0C, 0xC4, 0x2D, 0xC4, 0x4D, 0xC4, 0x6E, 0xCC, 0x6F, 0xCC, 0x8F, 0xCC, 0x8F, 0xCC, 0x8F, 0xCC, 0x8F, 0xCC, 0x8F, 0xC4, 0x8F, 0xCC, 0xF1, 
0xDD, 0xD6, 0xE6, 0x99, 0xEE, 0xB9, 0xEE, 0xBA, 0xEE, 0xBA, 0xEE, 0xDA, 0xEE, 0xDA, 0xEE, 0xFA, 0xF6, 0xFB, 0xEE, 0xDB, 0xE6, 0x59, 0xDD, 0xF8, 0xEE, 0x7A, 0xF6, 0xBB, 0xF6, 0xDB, 0xF6, 0xFB, 
0xF6, 0xFB, 0xF6, 0xFB, 0xEE, 0xDB, 0xE6, 0x7A, 0xE6, 0x7A, 0xEE, 0xBA, 0xEE, 0xDA, 0xF6, 0xFB, 0xF6, 0xFB, 0xF6, 0xFB, 0xEE, 0xDB, 0xEE, 0xDB, 0xF6, 0xDB, 0xF6, 0xFB, 0xF6, 0xFB, 0xF6, 0xFB, 
0xEE, 0x17, 0xE5, 0x11, 0xE5, 0x11, 0xE4, 0xF1, 0xE4, 0xF0, 0xE4, 0xF0, 0xE4, 0xD0, 0xE4, 0xD0, 0xDC, 0xAF, 0xDC, 0xAF, 0xDC, 0x8F, 0xDC, 0x8E, 0xDC, 0x6E, 0xDC, 0x6E, 0xE4, 0x8F, 0xE4, 0x8F, 
0xE4, 0x6E, 0xE4, 0x6E, 0xE4, 0x4E, 0xEC, 0x4E, 0xEC, 0x4E, 0xEC, 0x0D, 0xF3, 0xED, 0xF3, 0xCD, 0xF3, 0xCC, 0xFB, 0xAC, 0xFB, 0x8B, 0xFB, 0x6B, 0xFB, 0x4B, 0xFB, 0x2A, 0xFA, 0xE9, 0xFA, 0xC8, 
0xFA, 0xA8, 0xFA, 0x87, 0xFA, 0x47, 0xE9, 0xE6, 0x99, 0x24, 0xAA, 0x6B, 0xA2, 0x8C, 0x91, 0xC8, 0x91, 0x23, 0x91, 0x43, 0x91, 0x64, 0x91, 0x64, 0x91, 0x64, 0x89, 0x64, 0x89, 0x64, 0x89, 0x64, 
0x8A, 0xA7, 0xA3, 0x09, 0xA3, 0x4A, 0xAB, 0x8B, 0xAB, 0xAB, 0xB3, 0xAC, 0xBB, 0xEC, 0xBC, 0x0D, 0xBC, 0x0D, 0xBC, 0x0C, 0xBB, 0xCC, 0xB3, 0x6A, 0xA3, 0x29, 0xA3, 0x29, 0xB3, 0x6A, 0xB3, 0x8A, 
0xB3, 0xAB, 0xB3, 0xAB, 0xB3, 0xAB, 0xB3, 0xAB, 0xB3, 0xAB, 0xBB, 0xAB, 0xBB, 0x8B, 0xBB, 0x8A, 0xBB, 0xAB, 0xC4, 0x0D, 0xCC, 0x2E, 0xCC, 0x2E, 0xCC, 0x4E, 0xD4, 0x6F, 0xD4, 0x8F, 0xD4, 0x6F, 
0xD4, 0x4E, 0xD4, 0x2D, 0xD4, 0x0C, 0xD3, 0xEC, 0xD3, 0x8B, 0xC3, 0x4A, 0xB3, 0x6B, 0xAB, 0xCC, 0xAB, 0xCC, 0xAB, 0xCC, 0xAB, 0xAC, 0xAB, 0xAC, 0xAB, 0xAC, 0xAB, 0x8B, 0xAB, 0x8B, 0xA3, 0x8B, 
0xA3, 0x4A, 0xA3, 0x2A, 0xA3, 0x4A, 0xA3, 0x6A, 0xAB, 0x8B, 0xAB, 0x8B, 0xA3, 0x6A, 0xA3, 0x4A, 0xAB, 0x8B, 0xAB, 0xAB, 0xA3, 0x8A, 0x92, 0xC8, 0x49, 0x22, 0x18, 0x20, 0x18, 0x40, 0x20, 0x60, 
0x28, 0x60, 0x28, 0x60, 0x28, 0x40, 0x18, 0x20, 0x08, 0x00, 0x08, 0x00, 0x00, 0x00, 0x00, 0x00, 0x00, 0x00, 0x00, 0x00, 0x08, 0x00, 0x08, 0x00, 0x08, 0x20, 0x10, 0x20, 0x10, 0x40, 0x08, 0x00, 
0x08, 0x20, 0x08, 0x20, 0x08, 0x00, 0x08, 0x00, 0x10, 0x40, 0x18, 0x81, 0x49, 0xC7, 0x8C, 0x10, 0xA4, 0xB3, 0xA4, 0x72, 0xA4, 0x92, 0xB5, 0x15, 0xBD, 0x56, 0xBD, 0x55, 0xB4, 0xF3, 0x9C, 0x2F, 
0xB4, 0xF3, 0xAC, 0xD2, 0x9C, 0x30, 0xCD, 0xB6, 0xCD, 0xF7, 0xC5, 0x96, 0xCD, 0x96, 0xCD, 0xD6, 0xD6, 0x18, 0xD6, 0x17, 0xCD, 0xF7, 0xC4, 0xF2, 0xBC, 0x4E, 0xB3, 0xCB, 0xBB, 0xCB, 0xBB, 0xEC, 
0xBB, 0xEB, 0xBB, 0xCB, 0xBB, 0xCB, 0xBB, 0xEC, 0xBC, 0x0C, 0xBB, 0xEC, 0xC4, 0x0D, 0xC4, 0x2D, 0xC4, 0x4D, 0xC4, 0x2D, 0xC4, 0x4E, 0xCC, 0x6E, 0xCC, 0x8F, 0xCC, 0x8F, 0xCC, 0xB0, 0xCC, 0xB0, 
0xCC, 0xD0, 0xCC, 0xD1, 0xCC, 0xD1, 0xCC, 0xD1, 0xCC, 0xB1, 0xCC, 0xB0, 0xCC, 0x90, 0xC4, 0x6F, 0xC4, 0x6F, 0xC4, 0x4E, 0xBC, 0x0D, 0xB3, 0xEC, 0xB3, 0xCB, 0xB3, 0xAA, 0xAB, 0x8A, 0xAB, 0x6A, 
0xAB, 0x69, 0xB3, 0xAA, 0xBB, 0xCB, 0xBB, 0xEC, 0xBB, 0xEC, 0xC4, 0x2D, 0xC4, 0x6F, 0xCC, 0x8F, 0xCC, 0x8F, 0xCC, 0x8F, 0xCC, 0xAF, 0xCC, 0x8F, 0xCC, 0xB0, 0xD5, 0x53, 0xDE, 0x17, 0xE6, 0x79, 
0xE6, 0xBA, 0xEE, 0xDA, 0xEE, 0xDA, 0xEE, 0xDA, 0xEE, 0xDA, 0xEE, 0xDA, 0xEE, 0xDA, 0xF6, 0xFB, 0xF6, 0xFB, 0xEE, 0xBA, 0xDD, 0xF8, 0xE6, 0x39, 0xEE, 0x9A, 0xF6, 0xDB, 0xF6, 0xFB, 0xF6, 0xFC, 
0xF6, 0xFC, 0xF6, 0xFC, 0xEE, 0xDB, 0xE6, 0x7A, 0xE6, 0x9A, 0xEE, 0xBA, 0xEE, 0xDA, 0xF6, 0xFB, 0xF6, 0xFB, 0xF6, 0xFB, 0xF6, 0xFB, 0xEE, 0xDA, 0xF6, 0xFB, 0xF6, 0xFB, 0xF6, 0xFB, 0xF6, 0xFB, 
0xF6, 0xBA, 0xE5, 0x12, 0xE5, 0x12, 0xE4, 0xF1, 0xE4, 0xF1, 0xE4, 0xF0, 0xE4, 0xD0, 0xDC, 0xAF, 0xDC, 0xAF, 0xDC, 0xAF, 0xDC, 0x8F, 0xDC, 0x8F, 0xDC, 0x8F, 0xDC, 0x6E, 0xE4, 0x8F, 0xE4, 0x8F, 
0xE4, 0x8F, 0xEC, 0x6F, 0xEC, 0x6F, 0xEC, 0x4E, 0xEC, 0x2E, 0xF4, 0x0D, 0xF3, 0xED, 0xF3, 0xED, 0xFB, 0xCC, 0xFB, 0xAC, 0xFB, 0x8B, 0xFB, 0x6B, 0xFB, 0x6B, 0xFB, 0x2A, 0xFB, 0x09, 0xFA, 0xC9, 
0xFA, 0xA8, 0xFA, 0x87, 0xFA, 0x47, 0xB9, 0x23, 0x89, 0x46, 0xA2, 0x6B, 0x9A, 0x6B, 0x89, 0xA6, 0x91, 0x43, 0x91, 0x44, 0x91, 0x64, 0x91, 0x64, 0x91, 0x64, 0x89, 0x64, 0x89, 0x64, 0x89, 0x64, 
0x7A, 0x26, 0x7A, 0x25, 0x92, 0xA7, 0xA3, 0x29, 0xA3, 0x6A, 0xB3, 0xAB, 0xBB, 0xEC, 0xBC, 0x0C, 0xC4, 0x2D, 0xC4, 0x0D, 0xC4, 0x0C, 0xBB, 0xEC, 0xBB, 0xCB, 0xB3, 0xAB, 0xB3, 0x8B, 0xB3, 0x8A, 
0xB3, 0x8B, 0xB3, 0xAB, 0xBB, 0xAB, 0xBB, 0xAB, 0xBB, 0xCB, 0xBB, 0xCC, 0xBB, 0xAC, 0xBB, 0xAC, 0xBB, 0xAB, 0xBB, 0xCC, 0xC3, 0xED, 0xCC, 0x0D, 0xCC, 0x2E, 0xCC, 0x4E, 0xD4, 0x4E, 0xD4, 0x4E, 
0xCC, 0x2E, 0xCB, 0xEC, 0xCB, 0xCC, 0xD3, 0xCC, 0xCB, 0x8B, 0xCB, 0x4A, 0xBB, 0x29, 0xAB, 0xCC, 0xAB, 0xCC, 0xAB, 0xAC, 0xAB, 0xAC, 0xAB, 0xAC, 0xAB, 0xAC, 0xAB, 0xAC, 0xAB, 0xAB, 0xAB, 0x8B, 
0xA3, 0x6B, 0xA3, 0x6B, 0xA3, 0x6A, 0xA3, 0x6B, 0xAB, 0x8B, 0xA3, 0x6A, 0xA3, 0x4A, 0xA3, 0x4A, 0xAB, 0xAB, 0xAB, 0x8B, 0x9B, 0x09, 0x72, 0x05, 0x38, 0xC1, 0x18, 0x40, 0x20, 0x40, 0x30, 0xA1, 
0x30, 0xA1, 0x28, 0x40, 0x20, 0x20, 0x10, 0x00, 0x08, 0x00, 0x00, 0x00, 0x00, 0x00, 0x00, 0x00, 0x08, 0x20, 0x10, 0x20, 0x10, 0x20, 0x10, 0x20, 0x08, 0x20, 0x08, 0x20, 0x08, 0x20, 0x08, 0x00, 
0x08, 0x00, 0x08, 0x00, 0x08, 0x00, 0x10, 0x40, 0x28, 0xE3, 0x5A, 0x6A, 0xA4, 0xB2, 0xAC, 0xD3, 0xAC, 0xD3, 0xB5, 0x14, 0xB5, 0x35, 0xBD, 0x55, 0xBD, 0x76, 0xBD, 0x76, 0xB5, 0x14, 0xAC, 0xD3, 
0xC5, 0x96, 0xBD, 0x75, 0xBD, 0x34, 0xAC, 0xB2, 0xBD, 0x33, 0xC5, 0x75, 0xC5, 0x75, 0xBD, 0x54, 0xC5, 0x75, 0xCD, 0xB6, 0xCD, 0xD6, 0xCD, 0xD6, 0xCD, 0xD6, 0xCD, 0x74, 0xC4, 0x8F, 0xBC, 0x0C, 
0xBB, 0xEC, 0xBB, 0xEC, 0xBB, 0xEC, 0xBC, 0x0C, 0xBC, 0x0C, 0xBC, 0x0C, 0xC4, 0x4E, 0xC4, 0x4E, 0xC4, 0x4E, 0xC4, 0x6E, 0xCC, 0x6F, 0xCC, 0x8F, 0xCC, 0xAF, 0xCC, 0xAF, 0xCC, 0xD0, 0xCC, 0xD1, 
0xCC, 0xF1, 0xCC, 0xF1, 0xCC, 0xF1, 0xCC, 0xF1, 0xCC, 0xD1, 0xCC, 0xB0, 0xC4, 0x6F, 0xC4, 0x6F, 0xC4, 0x4F, 0xBC, 0x2D, 0xBB, 0xEC, 0xB3, 0xCB, 0xB3, 0xAA, 0xAB, 0x8A, 0xAB, 0x69, 0xAB, 0x69, 
0xB3, 0xAA, 0xBB, 0xCC, 0xBB, 0xED, 0xBC, 0x0D, 0xC4, 0x0D, 0xC4, 0x4E, 0xC4, 0x6E, 0xCC, 0x8F, 0xCC, 0x8F, 0xCC, 0xB0, 0xD5, 0x53, 0xDD, 0xF6, 0xE6, 0x79, 0xE6, 0x99, 0xE6, 0x99, 0xE6, 0xBA, 
0xEE, 0xDA, 0xEE, 0xDA, 0xEE, 0xDA, 0xEE, 0xDB, 0xEE, 0xBA, 0xEE, 0x99, 0xEE, 0xDA, 0xF6, 0xFB, 0xEE, 0xDB, 0xE6, 0x7A, 0xDD, 0xF8, 0xE6, 0x59, 0xEE, 0xBB, 0xF6, 0xDB, 0xF6, 0xFB, 0xF6, 0xFC, 
0xF6, 0xFC, 0xF6, 0xFB, 0xEE, 0xBB, 0xE6, 0x9A, 0xE6, 0x9A, 0xEE, 0xBA, 0xEE, 0xDB, 0xF6, 0xFB, 0xF6, 0xFB, 0xF7, 0x1B, 0xF6, 0xFB, 0xEE, 0xDB, 0xF6, 0xFB, 0xF6, 0xFB, 0xF6, 0xFB, 0xF6, 0xFB, 
0xF6, 0xFB, 0xE5, 0x74, 0xE5, 0x12, 0xE5, 0x12, 0xE4, 0xF1, 0xE4, 0xF1, 0xDC, 0xAF, 0xDC, 0xAF, 0xE4, 0xAF, 0xE4, 0xAF, 0xDC, 0xAF, 0xE4, 0xAF, 0xE4, 0xAF, 0xE4, 0x8F, 0xE4, 0x8F, 0xE4, 0x8F, 
0xE4, 0x8F, 0xE4, 0x6F, 0xEC, 0x6E, 0xEC, 0x4E, 0xEC, 0x2D, 0xF4, 0x0D, 0xF4, 0x0D, 0xF3, 0xED, 0xFB, 0xCD, 0xFB, 0xAC, 0xFB, 0x8B, 0xFB, 0x6B, 0xFB, 0x4B, 0xFB, 0x2A, 0xFB, 0x09, 0xFA, 0xC9, 
0xFA, 0xA8, 0xFA, 0x67, 0xE9, 0xE6, 0x88, 0xC2, 0x89, 0x87, 0x9A, 0x4B, 0x92, 0x4A, 0x89, 0x65, 0x89, 0x44, 0x91, 0x64, 0x91, 0x64, 0x91, 0x84, 0x91, 0x64, 0x89, 0x64, 0x89, 0x64, 0x89, 0x64, 
0xB4, 0xB2, 0x69, 0xA5, 0x71, 0xE5, 0x92, 0xA7, 0xA3, 0x49, 0xB3, 0xAB, 0xBB, 0xEC, 0xBB, 0xEC, 0xC4, 0x0C, 0xC4, 0x0C, 0xBB, 0xEC, 0xBB, 0xCC, 0xBB, 0xCB, 0xB3, 0xAB, 0xB3, 0xAB, 0xB3, 0xAB, 
0xB3, 0x8B, 0xBB, 0xAB, 0xBB, 0xCC, 0xBB, 0xCC, 0xBB, 0xEC, 0xBB, 0xEC, 0xBB, 0xCC, 0xBB, 0xAC, 0xBB, 0xAB, 0xBB, 0xAC, 0xBB, 0xAC, 0xC3, 0xCC, 0xC3, 0xEC, 0xC3, 0xEC, 0xC3, 0xEC, 0xC3, 0xCC, 
0xC3, 0xAB, 0xBB, 0x4A, 0xC3, 0x29, 0xC3, 0x4A, 0xC3, 0x4A, 0xC3, 0x09, 0xB3, 0x2A, 0xAB, 0xAC, 0xAB, 0xAC, 0xAB, 0xAC, 0xAB, 0xAC, 0xAB, 0xAC, 0xAB, 0xAC, 0xAB, 0xAC, 0xAB, 0xAB, 0xAB, 0x8B, 
0xAB, 0x6B, 0xAB, 0x6B, 0xA3, 0x6B, 0xA3, 0x6B, 0xAB, 0x8B, 0xAB, 0x6B, 0xA3, 0x6A, 0xAB, 0x6B, 0xAB, 0x8B, 0x9B, 0x29, 0x82, 0x66, 0x69, 0xC4, 0x40, 0xE2, 0x18, 0x40, 0x20, 0x60, 0x28, 0x81, 
0x38, 0xC1, 0x28, 0x60, 0x10, 0x20, 0x08, 0x00, 0x08, 0x00, 0x00, 0x00, 0x00, 0x00, 0x10, 0x20, 0x18, 0x40, 0x10, 0x20, 0x10, 0x20, 0x10, 0x20, 0x08, 0x20, 0x10, 0x40, 0x08, 0x20, 0x08, 0x20, 
0x08, 0x00, 0x08, 0x00, 0x10, 0x20, 0x29, 0x03, 0x73, 0x4C, 0x7B, 0x6D, 0xAD, 0x14, 0xAD, 0x14, 0xB5, 0x35, 0xBD, 0x55, 0xBD, 0x55, 0xBD, 0x55, 0xBD, 0x55, 0xB4, 0xF4, 0xAC, 0x92, 0xB5, 0x14, 
0xC5, 0xB6, 0xBD, 0x96, 0xBD, 0x55, 0xBD, 0x75, 0xAC, 0xB2, 0xB4, 0xD1, 0xC5, 0x95, 0xD5, 0xF6, 0xD5, 0xF7, 0xCD, 0xF7, 0xCD, 0xD6, 0xD5, 0xF6, 0xDE, 0x38, 0xDE, 0x58, 0xDE, 0x58, 0xD5, 0xF6, 
0xCC, 0xF1, 0xC4, 0x2D, 0xBC, 0x0C, 0xBC, 0x0C, 0xBC, 0x2D, 0xC4, 0x4E, 0xC4, 0x4E, 0xC4, 0x2D, 0xC4, 0x2D, 0xCC, 0x8F, 0xCC, 0x8F, 0xCC, 0xB0, 0xCC, 0xB0, 0xCC, 0xB0, 0xCC, 0xD1, 0xD4, 0xF1, 
0xD4, 0xF2, 0xCC, 0xF2, 0xCC, 0xF2, 0xCC, 0xF1, 0xCC, 0xD1, 0xCC, 0xB0, 0xC4, 0x6F, 0xC4, 0x6F, 0xBC, 0x2E, 0xBC, 0x0C, 0xB3, 0xCB, 0xB3, 0xAA, 0xAB, 0x6A, 0xAB, 0x49, 0xAB, 0x69, 0xB3, 0x8A, 
0xB3, 0xCB, 0xBB, 0xEC, 0xBC, 0x0D, 0xBC, 0x2D, 0xC4, 0x2D, 0xBC, 0x2E, 0xC4, 0x90, 0xCD, 0x53, 0xDD, 0xF6, 0xE6, 0x79, 0xE6, 0x99, 0xE6, 0x99, 0xE6, 0xB9, 0xEE, 0xBA, 0xEE, 0xBA, 0xEE, 0xBA, 
0xEE, 0xDB, 0xEE, 0xDA, 0xEE, 0xBA, 0xE6, 0x79, 0xE6, 0x79, 0xEE, 0xDA, 0xF6, 0xFB, 0xF6, 0xFB, 0xEE, 0xBB, 0xDE, 0x39, 0xDE, 0x18, 0xEE, 0x9A, 0xF6, 0xDB, 0xF6, 0xDB, 0xF6, 0xFB, 0xF6, 0xFC, 
0xF6, 0xFC, 0xF6, 0xFB, 0xEE, 0xBB, 0xE6, 0x9A, 0xEE, 0x9A, 0xEE, 0xBA, 0xEE, 0xDB, 0xF6, 0xFB, 0xF6, 0xFB, 0xF6, 0xFC, 0xF6, 0xFB, 0xF6, 0xFB, 0xF6, 0xFB, 0xF6, 0xFB, 0xF6, 0xFB, 0xF6, 0xFB, 
0xF6, 0xFB, 0xEE, 0x17, 0xE5, 0x12, 0xE5, 0x12, 0xE5, 0x11, 0xE4, 0xF1, 0xE4, 0xF0, 0xE4, 0xD0, 0xDC, 0xB0, 0xE4, 0xAF, 0xE4, 0xAF, 0xE4, 0xAF, 0xE4, 0xD0, 0xE4, 0xAF, 0xE4, 0x8F, 0xE4, 0x8F, 
0xE4, 0x8F, 0xEC, 0x6F, 0xEC, 0x6E, 0xEC, 0x4E, 0xEC, 0x2D, 0xF4, 0x0D, 0xF4, 0x0D, 0xF3, 0xED, 0xFB, 0xCC, 0xFB, 0xCC, 0xFB, 0x8C, 0xFB, 0x6B, 0xFB, 0x4A, 0xFB, 0x2A, 0xFA, 0xE9, 0xFA, 0xC8, 
0xFA, 0xA8, 0xFA, 0x67, 0xB1, 0x23, 0x80, 0xC2, 0x89, 0xA8, 0x92, 0x2A, 0x8A, 0x09, 0x89, 0x44, 0x89, 0x44, 0x91, 0x64, 0x91, 0x64, 0x91, 0x84, 0x89, 0x84, 0x89, 0x64, 0x89, 0x64, 0x89, 0x64, 
0xC5, 0x75, 0xA4, 0x0F, 0x61, 0x84, 0x7A, 0x25, 0x9B, 0x09, 0xB3, 0xAB, 0xBC, 0x0C, 0xC4, 0x2D, 0xC4, 0x2D, 0xC4, 0x0C, 0xBB, 0xEC, 0xBB, 0xCB, 0xB3, 0xAB, 0xB3, 0xAB, 0xB3, 0xAB, 0xB3, 0xCC, 
0xB3, 0xCC, 0xB3, 0xCC, 0xB3, 0xCC, 0xB3, 0xCC, 0xB3, 0xCC, 0xBB, 0xED, 0xB3, 0xCC, 0xB3, 0xAC, 0xB3, 0x8B, 0xB3, 0x6A, 0xB3, 0x6A, 0xB3, 0x6A, 0xB3, 0x4A, 0xAB, 0x29, 0xA2, 0xC8, 0x8A, 0x26, 
0x71, 0x84, 0x69, 0x23, 0xA2, 0x26, 0xB2, 0x87, 0xB2, 0xA8, 0xAB, 0x2A, 0xAB, 0xAC, 0xAB, 0xAC, 0xAB, 0xAC, 0xAB, 0xAC, 0xAB, 0xAC, 0xAB, 0xAC, 0xAB, 0xAB, 0xAB, 0xAB, 0xAB, 0x8B, 0xAB, 0x8B, 
0xAB, 0x6B, 0xAB, 0x6B, 0xA3, 0x6A, 0xA3, 0x6B, 0xA3, 0x8B, 0xA3, 0x6B, 0xA3, 0x4A, 0xA3, 0x8B, 0x9B, 0x29, 0x82, 0x66, 0x82, 0x46, 0x8A, 0xA7, 0x49, 0x02, 0x20, 0x40, 0x38, 0xC1, 0x30, 0x81, 
0x30, 0xA1, 0x18, 0x20, 0x10, 0x00, 0x08, 0x00, 0x08, 0x00, 0x00, 0x00, 0x08, 0x00, 0x10, 0x20, 0x10, 0x20, 0x18, 0x20, 0x10, 0x20, 0x08, 0x20, 0x08, 0x20, 0x10, 0x41, 0x08, 0x00, 0x08, 0x00, 
0x08, 0x00, 0x08, 0x20, 0x20, 0xA2, 0x7B, 0x6D, 0x8C, 0x30, 0x73, 0x4D, 0x94, 0x51, 0xA4, 0xD3, 0xB5, 0x14, 0xB5, 0x14, 0xB4, 0xF3, 0xAC, 0xB2, 0xA4, 0x71, 0xA4, 0x51, 0xAC, 0x92, 0xBD, 0x55, 
0xBD, 0x76, 0xBD, 0x75, 0xBD, 0x55, 0xBD, 0x55, 0xBD, 0x75, 0xBD, 0x34, 0xB4, 0xD2, 0xC5, 0x74, 0xD6, 0x17, 0xDE, 0x38, 0xDE, 0x58, 0xDE, 0x58, 0xDE, 0x58, 0xDE, 0x58, 0xDE, 0x58, 0xDE, 0x37, 
0xCD, 0xD6, 0xCD, 0x95, 0xCD, 0x74, 0xC4, 0xF1, 0xC4, 0xD1, 0xC4, 0x8F, 0xC4, 0x4E, 0xC4, 0x4E, 0xC4, 0x8F, 0xCC, 0x8F, 0xCC, 0xB0, 0xCC, 0xB0, 0xCC, 0xD0, 0xCC, 0xD0, 0xCC, 0xF1, 0xD4, 0xF1, 
0xD5, 0x12, 0xD5, 0x12, 0xD5, 0x12, 0xCC, 0xF2, 0xCC, 0xD1, 0xCC, 0x90, 0xC4, 0x6F, 0xC4, 0x4E, 0xBC, 0x0D, 0xB3, 0xEC, 0xB3, 0xAB, 0xAB, 0x8A, 0xAB, 0x69, 0xAB, 0x69, 0xAB, 0x8A, 0xB3, 0xCB, 
0xB3, 0xEC, 0xBC, 0x0D, 0xBC, 0x6F, 0xCD, 0x12, 0xD5, 0x95, 0xDE, 0x38, 0xE6, 0xBA, 0xE6, 0xBA, 0xE6, 0xBA, 0xE6, 0xBA, 0xE6, 0xBA, 0xEE, 0xBA, 0xEE, 0xDA, 0xEE, 0xDA, 0xEE, 0xDB, 0xEE, 0xDB, 
0xE6, 0xBA, 0xE6, 0x9A, 0xE6, 0x59, 0xE6, 0x79, 0xEE, 0xBA, 0xF6, 0xFB, 0xF6, 0xFB, 0xEE, 0xFB, 0xE6, 0x9A, 0xDE, 0x39, 0xE6, 0x59, 0xEE, 0xBB, 0xF6, 0xDB, 0xF6, 0xFB, 0xF6, 0xFB, 0xF6, 0xFC, 
0xF6, 0xFC, 0xEE, 0xDB, 0xEE, 0xBA, 0xE6, 0x9A, 0xEE, 0x9A, 0xEE, 0xDA, 0xF6, 0xDB, 0xF6, 0xFB, 0xF6, 0xFB, 0xF6, 0xFB, 0xF6, 0xFB, 0xF6, 0xFB, 0xF6, 0xFB, 0xF6, 0xFB, 0xF7, 0x1B, 0xF6, 0xFB, 
0xF6, 0xFB, 0xF6, 0xBA, 0xE5, 0x12, 0xE5, 0x12, 0xE4, 0xF2, 0xE4, 0xF1, 0xE4, 0xF1, 0xE4, 0xF1, 0xE4, 0xD0, 0xE4, 0xD0, 0xE4, 0xCF, 0xE4, 0xAF, 0xE4, 0xD0, 0xE4, 0xD0, 0xE4, 0xB0, 0xE4, 0x8F, 
0xE4, 0x8F, 0xEC, 0x6F, 0xEC, 0x4E, 0xEC, 0x4E, 0xEC, 0x2E, 0xF4, 0x0D, 0xF3, 0xED, 0xFB, 0xCD, 0xFB, 0xCC, 0xFB, 0xCC, 0xFB, 0x8C, 0xFB, 0x6B, 0xFB, 0x4A, 0xFB, 0x2A, 0xFB, 0x09, 0xFA, 0xC9, 
0xFA, 0xA8, 0xEA, 0x06, 0x88, 0xC2, 0x78, 0xC2, 0x89, 0xC8, 0x8A, 0x09, 0x89, 0xC8, 0x89, 0x44, 0x91, 0x64, 0x91, 0x64, 0x91, 0x84, 0x91, 0x64, 0x89, 0x84, 0x89, 0x84, 0x89, 0x84, 0x89, 0x84, 
0xC5, 0x75, 0xC5, 0x75, 0x82, 0xC9, 0x71, 0xE5, 0x9B, 0x08, 0xBB, 0xEC, 0xC4, 0x2D, 0xC4, 0x2D, 0xC4, 0x2D, 0xC4, 0x0C, 0xBB, 0xEC, 0xBB, 0xCC, 0xB3, 0xCB, 0xB3, 0xCB, 0xB3, 0xCC, 0xBB, 0xED, 
0xBB, 0xED, 0xBB, 0xED, 0xB3, 0xEC, 0xB3, 0xCC, 0xB3, 0xCC, 0xB3, 0xCC, 0xAB, 0x8B, 0xAB, 0x6A, 0xA3, 0x09, 0x9A, 0x87, 0x7A, 0x06, 0x7A, 0x28, 0x69, 0xE7, 0x49, 0x03, 0x28, 0x40, 0x10, 0x00, 
0x10, 0x00, 0x10, 0x00, 0x28, 0x20, 0x70, 0x81, 0xA2, 0x88, 0xAB, 0xAC, 0xAB, 0xAC, 0xAB, 0xAC, 0xAB, 0xCC, 0xAB, 0xAC, 0xAB, 0xAC, 0xAB, 0xAC, 0xAB, 0xAC, 0xAB, 0xAB, 0xAB, 0x8B, 0xAB, 0x8B, 
0xAB, 0x8B, 0xA3, 0x6B, 0xA3, 0x6A, 0xA3, 0x6A, 0xA3, 0x6A, 0x9B, 0x29, 0x9B, 0x09, 0x92, 0xE8, 0x8A, 0xA7, 0x92, 0xE9, 0x8A, 0xC8, 0x8A, 0xC8, 0x49, 0x02, 0x20, 0x60, 0x30, 0xA1, 0x30, 0x81, 
0x28, 0x61, 0x18, 0x20, 0x08, 0x00, 0x08, 0x00, 0x08, 0x00, 0x08, 0x00, 0x10, 0x20, 0x18, 0x20, 0x18, 0x20, 0x18, 0x20, 0x10, 0x20, 0x08, 0x00, 0x10, 0x20, 0x08, 0x20, 0x08, 0x00, 0x08, 0x00, 
0x08, 0x20, 0x10, 0x41, 0x41, 0xA6, 0x8C, 0x10, 0x7B, 0x6D, 0x7B, 0x6D, 0x8B, 0xEF, 0x8B, 0xEF, 0x93, 0xEF, 0x94, 0x10, 0x94, 0x0F, 0x9C, 0x51, 0xAC, 0xB2, 0x9C, 0x30, 0xB5, 0x14, 0xB5, 0x35, 
0xBD, 0x55, 0xC5, 0x96, 0xCD, 0xD7, 0xCD, 0xF8, 0xCD, 0xF8, 0xD6, 0x18, 0xD6, 0x59, 0xD6, 0x59, 0xD6, 0x38, 0xDE, 0x58, 0xDE, 0x78, 0xDE, 0x58, 0xDE, 0x58, 0xDE, 0x78, 0xDE, 0x37, 0xD6, 0x17, 
0xDE, 0x58, 0xDE, 0x57, 0xD5, 0xF6, 0xDE, 0x37, 0xDE, 0x78, 0xDE, 0x78, 0xDE, 0x17, 0xD5, 0xB5, 0xD5, 0x53, 0xCC, 0xF1, 0xCC, 0xB0, 0xCC, 0xD0, 0xCC, 0xD1, 0xCC, 0xF1, 0xCC, 0xF1, 0xD4, 0xF1, 
0xD5, 0x12, 0xD5, 0x12, 0xD5, 0x12, 0xCD, 0x12, 0xCC, 0xD1, 0xCC, 0xB0, 0xC4, 0x6F, 0xC4, 0x2E, 0xBB, 0xEC, 0xB3, 0xAB, 0xAB, 0x8A, 0xAB, 0x8A, 0xAB, 0x8B, 0xAB, 0xCC, 0xBC, 0x6F, 0xCD, 0x32, 
0xD5, 0xB5, 0xDE, 0x38, 0xE6, 0x99, 0xE6, 0x99, 0xE6, 0x99, 0xE6, 0xBA, 0xE6, 0xBA, 0xE6, 0xBA, 0xE6, 0xBA, 0xE6, 0xDB, 0xE6, 0xDA, 0xEE, 0xDB, 0xEE, 0xDB, 0xE6, 0xDB, 0xE6, 0x9A, 0xE6, 0x9A, 
0xE6, 0x9A, 0xE6, 0x59, 0xDE, 0x59, 0xEE, 0x9A, 0xEE, 0xFB, 0xF6, 0xFB, 0xF6, 0xFB, 0xEE, 0xBB, 0xE6, 0x5A, 0xDE, 0x39, 0xE6, 0x9A, 0xEE, 0xDB, 0xF6, 0xDB, 0xF6, 0xFB, 0xF6, 0xFC, 0xF6, 0xFC, 
0xF6, 0xFB, 0xEE, 0xDB, 0xEE, 0x9A, 0xEE, 0x9A, 0xEE, 0xBA, 0xEE, 0xDA, 0xF6, 0xFB, 0xF6, 0xFB, 0xF6, 0xFB, 0xF6, 0xFC, 0xF6, 0xFC, 0xF6, 0xFC, 0xF6, 0xFB, 0xF7, 0x1C, 0xF7, 0x1B, 0xF7, 0x1C, 
0xF6, 0xFB, 0xF6, 0xFB, 0xE5, 0x74, 0xE5, 0x12, 0xE5, 0x11, 0xE4, 0xF1, 0xE4, 0xF1, 0xE4, 0xF1, 0xE4, 0xF0, 0xE4, 0xD0, 0xE4, 0xB0, 0xE4, 0xAF, 0xE4, 0xD0, 0xE4, 0xD0, 0xE4, 0xD0, 0xE4, 0xAF, 
0xE4, 0x8F, 0xEC, 0x6F, 0xEC, 0x4E, 0xEC, 0x2E, 0xF4, 0x2E, 0xF4, 0x0D, 0xF3, 0xED, 0xFB, 0xED, 0xFB, 0xCC, 0xFB, 0xAC, 0xFB, 0x8B, 0xFB, 0x6B, 0xFB, 0x4A, 0xFB, 0x2A, 0xFB, 0x09, 0xFA, 0xC8, 
0xFA, 0x88, 0xB9, 0x44, 0x80, 0xC2, 0x78, 0xE3, 0x81, 0xC8, 0x81, 0xC9, 0x81, 0x86, 0x89, 0x44, 0x91, 0x64, 0x91, 0x84, 0x91, 0x84, 0x91, 0x84, 0x89, 0x84, 0x89, 0x64, 0x89, 0x84, 0x89, 0x84, 
0xC5, 0x75, 0xC5, 0x75, 0xB4, 0xB2, 0x71, 0xE5, 0xA3, 0x6A, 0xBC, 0x2D, 0xC4, 0x4E, 0xC4, 0x4E, 0xC4, 0x0D, 0xBC, 0x0D, 0xBC, 0x0D, 0xBB, 0xED, 0xBB, 0xEC, 0xBB, 0xEC, 0xBB, 0xED, 0xBC, 0x0D, 
0xBC, 0x0D, 0xB3, 0xED, 0xB3, 0xEC, 0xB3, 0xCC, 0xAB, 0xAB, 0xAB, 0x6A, 0xA3, 0x29, 0x8A, 0x67, 0x51, 0x23, 0x20, 0x41, 0x18, 0x42, 0x7B, 0xB2, 0x94, 0x33, 0x51, 0x88, 0x28, 0x82, 0x18, 0x20, 
0x20, 0x40, 0x20, 0x20, 0x18, 0x00, 0x90, 0x62, 0xC1, 0xC7, 0xAB, 0xAC, 0xAB, 0xAC, 0xAB, 0xAC, 0xAB, 0xCC, 0xAB, 0xAC, 0xAB, 0xAC, 0xAB, 0xAC, 0xAB, 0xAC, 0xAB, 0xAB, 0xAB, 0xAB, 0xAB, 0x8B, 
0xAB, 0x8B, 0xA3, 0x6B, 0xA3, 0x6A, 0xA3, 0x6A, 0xA3, 0x6A, 0x9B, 0x29, 0x9B, 0x09, 0x92, 0xE8, 0x9B, 0x2A, 0x9B, 0x09, 0x9B, 0x29, 0x92, 0xC8, 0x59, 0x63, 0x28, 0x60, 0x38, 0xC1, 0x28, 0x81, 
0x28, 0x60, 0x18, 0x20, 0x08, 0x00, 0x08, 0x00, 0x08, 0x00, 0x10, 0x20, 0x10, 0x20, 0x18, 0x20, 0x18, 0x20, 0x18, 0x20, 0x08, 0x20, 0x08, 0x20, 0x10, 0x40, 0x08, 0x00, 0x08, 0x00, 0x10, 0x20, 
0x10, 0x20, 0x18, 0x81, 0x41, 0xA6, 0x62, 0xCB, 0x62, 0xCA, 0x73, 0x0B, 0x73, 0x0B, 0x93, 0xEF, 0xA4, 0xB2, 0xBD, 0x35, 0xBD, 0x56, 0xBD, 0x55, 0xAC, 0xF3, 0xBD, 0x34, 0xC5, 0xB7, 0xCD, 0xF8, 
0xD6, 0x39, 0xD6, 0x39, 0xD6, 0x39, 0xD6, 0x39, 0xD6, 0x59, 0xD6, 0x39, 0xD6, 0x59, 0xDE, 0x59, 0xDE, 0x79, 0xDE, 0x79, 0xDE, 0x58, 0xD6, 0x37, 0xDE, 0x78, 0xDE, 0x58, 0xDE, 0x38, 0xDE, 0x78, 
0xDE, 0x58, 0xD6, 0x16, 0xDE, 0x58, 0xDE, 0x78, 0xDE, 0x99, 0xE6, 0xB9, 0xE6, 0xB9, 0xE6, 0xBA, 0xE6, 0xBA, 0xE6, 0x99, 0xDE, 0x58, 0xDD, 0xF6, 0xD5, 0x94, 0xD5, 0x74, 0xD5, 0x74, 0xD5, 0x53, 
0xD5, 0x33, 0xD5, 0x12, 0xD5, 0x32, 0xD5, 0x12, 0xCD, 0x12, 0xCC, 0xD1, 0xC4, 0x90, 0xC4, 0x90, 0xBC, 0x90, 0xC4, 0xD1, 0xCD, 0x54, 0xD5, 0xD6, 0xDE, 0x37, 0xDE, 0x79, 0xDE, 0x79, 0xDE, 0x79, 
0xE6, 0x99, 0xE6, 0x99, 0xE6, 0xBA, 0xE6, 0xBA, 0xE6, 0xBA, 0xE6, 0xBA, 0xE6, 0xBA, 0xE6, 0xDB, 0xE6, 0xDB, 0xE6, 0xDB, 0xE6, 0xDB, 0xE6, 0xDB, 0xE6, 0xDB, 0xE6, 0x9A, 0xE6, 0x79, 0xE6, 0x79, 
0xDE, 0x59, 0xE6, 0x38, 0xE6, 0x99, 0xEE, 0xDA, 0xF6, 0xFB, 0xF6, 0xFC, 0xEE, 0xDB, 0xE6, 0x9B, 0xDE, 0x59, 0xE6, 0x59, 0xEE, 0xBA, 0xEE, 0xDB, 0xF6, 0xFB, 0xF6, 0xFB, 0xF6, 0xFC, 0xF6, 0xFC, 
0xF6, 0xFB, 0xEE, 0xBB, 0xEE, 0x9A, 0xEE, 0x9A, 0xEE, 0xBA, 0xEE, 0xDA, 0xF6, 0xFB, 0xF6, 0xFB, 0xF6, 0xFC, 0xF6, 0xFC, 0xF6, 0xFC, 0xF6, 0xFC, 0xF6, 0xFC, 0xF6, 0xFB, 0xF6, 0xFB, 0xF6, 0xFB, 
0xF6, 0xFB, 0xF6, 0xFB, 0xEE, 0x17, 0xE4, 0xF1, 0xE4, 0xF1, 0xE5, 0x11, 0xE4, 0xF1, 0xE4, 0xF1, 0xE4, 0xF0, 0xE4, 0xD0, 0xE4, 0xAF, 0xE4, 0xB0, 0xE4, 0xB0, 0xE4, 0xD0, 0xE4, 0xB0, 0xE4, 0x8F, 
0xEC, 0x6F, 0xEC, 0x6E, 0xEC, 0x4E, 0xEC, 0x4E, 0xF4, 0x2D, 0xF4, 0x0D, 0xF3, 0xED, 0xFB, 0xCC, 0xFB, 0xCC, 0xFB, 0xAC, 0xFB, 0x8B, 0xFB, 0x4B, 0xFB, 0x2A, 0xFB, 0x09, 0xFA, 0xE9, 0xFA, 0xC8, 
0xF2, 0x47, 0x98, 0xE3, 0x80, 0xC2, 0x79, 0x04, 0x8A, 0x0A, 0x8A, 0x09, 0x81, 0x86, 0x89, 0x43, 0x91, 0x64, 0x91, 0x84, 0x91, 0x84, 0x91, 0x84, 0x89, 0x84, 0x89, 0x84, 0x89, 0x84, 0x89, 0x84, 
0xC5, 0x75, 0xC5, 0x75, 0xC5, 0x75, 0x82, 0x67, 0xA3, 0x29, 0xBB, 0xEC, 0xBC, 0x0D, 0xBC, 0x0D, 0xBB, 0xED, 0xBB, 0xEC, 0xBC, 0x0D, 0xBC, 0x0D, 0xBC, 0x0D, 0xBC, 0x0D, 0xBC, 0x0D, 0xBC, 0x0D, 
0xB3, 0xED, 0xB3, 0xCC, 0xAB, 0xAB, 0xAB, 0x6A, 0x92, 0xE8, 0x69, 0xC5, 0x40, 0xE2, 0x18, 0x20, 0x08, 0x20, 0x10, 0x41, 0x10, 0x62, 0x42, 0x0B, 0xBD, 0x9A, 0x5A, 0x0A, 0x30, 0xE4, 0x18, 0x41, 
0x18, 0x20, 0x38, 0x61, 0x18, 0x00, 0x80, 0x41, 0xC9, 0x24, 0xB3, 0x4B, 0xAB, 0xAC, 0xAB, 0xAC, 0xAB, 0xCC, 0xAB, 0xCC, 0xAB, 0xAC, 0xAB, 0xAC, 0xAB, 0xAB, 0xAB, 0xAC, 0xAB, 0xAC, 0xAB, 0x8B, 
0xAB, 0x8B, 0xA3, 0x6A, 0xA3, 0x6A, 0xA3, 0x6A, 0xA3, 0x6A, 0xA3, 0x4A, 0x9B, 0x29, 0xA3, 0x4A, 0xA3, 0x6B, 0x9B, 0x4A, 0xA3, 0x4A, 0x92, 0xC8, 0x61, 0xA4, 0x28, 0x60, 0x49, 0x22, 0x30, 0x81, 
0x18, 0x20, 0x18, 0x20, 0x10, 0x20, 0x10, 0x20, 0x10, 0x20, 0x10, 0x20, 0x18, 0x20, 0x18, 0x20, 0x10, 0x20, 0x18, 0x20, 0x08, 0x00, 0x08, 0x20, 0x08, 0x00, 0x08, 0x00, 0x08, 0x00, 0x08, 0x20, 
0x10, 0x40, 0x18, 0xA2, 0x31, 0x24, 0x41, 0xC6, 0x5A, 0x68, 0x73, 0x0B, 0x9C, 0x71, 0xBD, 0x76, 0xBD, 0x97, 0xC5, 0x97, 0xBD, 0x96, 0xBD, 0x35, 0xBD, 0x35, 0xCD, 0xD7, 0xD6, 0x19, 0xD6, 0x39, 
0xD6, 0x39, 0xD6, 0x59, 0xD6, 0x39, 0xD6, 0x39, 0xD6, 0x18, 0xD6, 0x39, 0xDE, 0x7A, 0xDE, 0x7A, 0xDE, 0x9A, 0xDE, 0x79, 0xDE, 0x58, 0xDE, 0x38, 0xDE, 0x79, 0xDE, 0x38, 0xDE, 0x38, 0xDE, 0x58, 
0xDE, 0x58, 0xDE, 0x78, 0xDE, 0x99, 0xE6, 0x99, 0xE6, 0xBA, 0xE6, 0xBA, 0xE6, 0xBA, 0xE6, 0xBA, 0xE6, 0xBA, 0xE6, 0xBA, 0xE6, 0xBA, 0xE6, 0xBA, 0xE6, 0xBA, 0xE6, 0xDA, 0xE6, 0xDA, 0xE6, 0xBA, 
0xDE, 0x79, 0xDE, 0x37, 0xDE, 0x58, 0xDE, 0x37, 0xDE, 0x38, 0xDE, 0x58, 0xDE, 0x37, 0xDE, 0x58, 0xDE, 0x79, 0xDE, 0x79, 0xDE, 0x79, 0xDE, 0x79, 0xDE, 0x79, 0xDE, 0x79, 0xDE, 0x79, 0xE6, 0x99, 
0xE6, 0xB9, 0xE6, 0xBA, 0xE6, 0xDA, 0xEE, 0xDB, 0xE6, 0xDA, 0xE6, 0xBA, 0xE6, 0xBA, 0xE6, 0xBA, 0xE6, 0xBA, 0xE6, 0xDB, 0xE6, 0xDB, 0xE6, 0xDB, 0xE6, 0x9A, 0xDE, 0x59, 0xE6, 0x7A, 0xDE, 0x59, 
0xDE, 0x58, 0xE6, 0x79, 0xEE, 0xBA, 0xEE, 0xFB, 0xF6, 0xFB, 0xF6, 0xFC, 0xEE, 0xDB, 0xE6, 0x7A, 0xDE, 0x59, 0xE6, 0x7A, 0xEE, 0xBB, 0xEE, 0xDB, 0xF6, 0xFB, 0xF6, 0xFC, 0xF6, 0xFC, 0xF6, 0xFC, 
0xF6, 0xDB, 0xEE, 0xBB, 0xEE, 0x9A, 0xEE, 0x9A, 0xEE, 0xBA, 0xEE, 0xDB, 0xF6, 0xFB, 0xF6, 0xFB, 0xF6, 0xFC, 0xF6, 0xFC, 0xF6, 0xFC, 0xF6, 0xFC, 0xF6, 0xFC, 0xF6, 0xDB, 0xF6, 0xFB, 0xF6, 0xFC, 
0xF6, 0xFB, 0xF6, 0xFB, 0xF6, 0xBA, 0xE4, 0xF1, 0xE4, 0xF1, 0xE4, 0xF1, 0xE4, 0xF1, 0xE4, 0xF1, 0xE4, 0xD0, 0xE4, 0xD0, 0xE4, 0xD0, 0xE4, 0xB0, 0xE4, 0xB0, 0xE4, 0xB0, 0xE4, 0xB0, 0xE4, 0x8F, 
0xEC, 0x8F, 0xEC, 0x6E, 0xEC, 0x4E, 0xEC, 0x4E, 0xF4, 0x0E, 0xF3, 0xED, 0xF3, 0xED, 0xFB, 0xCC, 0xFB, 0xAC, 0xFB, 0x8C, 0xFB, 0x6B, 0xFB, 0x4A, 0xFB, 0x2A, 0xFB, 0x09, 0xFA, 0xE9, 0xFA, 0xA8, 
0xC9, 0x85, 0x89, 0x03, 0x78, 0xC2, 0x79, 0x45, 0x8A, 0x09, 0x8A, 0x09, 0x89, 0x65, 0x89, 0x43, 0x91, 0x64, 0x91, 0x84, 0x91, 0x64, 0x89, 0x64, 0x89, 0x64, 0x89, 0x64, 0x89, 0x84, 0x89, 0x84, 
0xC5, 0x76, 0xC5, 0x75, 0xC5, 0x75, 0x9B, 0x8D, 0x82, 0x66, 0xA3, 0x29, 0xAB, 0x8A, 0xB3, 0xAB, 0xB3, 0xCC, 0xB3, 0xCC, 0xB3, 0xEC, 0xBC, 0x0D, 0xB4, 0x0D, 0xBC, 0x0D, 0xB4, 0x0D, 0xB3, 0xEC, 
0xAB, 0x8B, 0x9B, 0x09, 0x8A, 0x87, 0x69, 0xA4, 0x20, 0x61, 0x00, 0x00, 0x00, 0x00, 0x08, 0x00, 0x08, 0x00, 0x10, 0x41, 0x10, 0x62, 0x20, 0xE7, 0xBD, 0xFB, 0x6A, 0xCE, 0x39, 0x46, 0x20, 0x61, 
0x18, 0x20, 0x38, 0x81, 0x18, 0x00, 0x40, 0x20, 0xC0, 0xE3, 0xB2, 0xA9, 0xAB, 0xAC, 0xAB, 0xCC, 0xAB, 0xCC, 0xAB, 0xCC, 0xAB, 0xAC, 0xAB, 0xAC, 0xAB, 0xAC, 0xAB, 0xAC, 0xAB, 0xAB, 0xAB, 0xAB, 
0xAB, 0x8B, 0xAB, 0x6A, 0xA3, 0x6A, 0xA3, 0x6A, 0xA3, 0x6A, 0x9B, 0x29, 0xA3, 0x4A, 0xA3, 0x6A, 0xA3, 0x4A, 0xA3, 0x6A, 0xA3, 0x4A, 0x92, 0xE9, 0x69, 0xE5, 0x28, 0x81, 0x51, 0x43, 0x30, 0x81, 
0x18, 0x20, 0x20, 0x60, 0x18, 0x20, 0x10, 0x00, 0x10, 0x00, 0x18, 0x20, 0x18, 0x20, 0x10, 0x20, 0x10, 0x20, 0x18, 0x20, 0x08, 0x00, 0x08, 0x20, 0x08, 0x00, 0x08, 0x00, 0x08, 0x20, 0x08, 0x20, 
0x10, 0x41, 0x20, 0xA2, 0x20, 0xE3, 0x41, 0xC6, 0x83, 0x8D, 0x9C, 0x30, 0xBD, 0x96, 0xC5, 0xB7, 0xC5, 0xB7, 0xC5, 0xB7, 0xBD, 0x55, 0xC5, 0x96, 0xCE, 0x19, 0xD6, 0x39, 0xD6, 0x5A, 0xD6, 0x59, 
0xD6, 0x5A, 0xD6, 0x5A, 0xD6, 0x59, 0xD6, 0x38, 0xD6, 0x18, 0xD6, 0x59, 0xDE, 0x7A, 0xDE, 0x7A, 0xDE, 0x79, 0xD6, 0x18, 0xD6, 0x18, 0xDE, 0x79, 0xDE, 0x79, 0xDE, 0x79, 0xDE, 0x79, 0xD5, 0xF7, 
0xDE, 0x78, 0xDE, 0x78, 0xDE, 0x79, 0xDE, 0x99, 0xE6, 0xBA, 0xE6, 0xBA, 0xE6, 0xDA, 0xE6, 0xBA, 0xE6, 0xBA, 0xE6, 0xBA, 0xE6, 0xBA, 0xE6, 0xBA, 0xE6, 0xBA, 0xE6, 0xFA, 0xEE, 0xFB, 0xE6, 0xDA, 
0xE6, 0x99, 0xDE, 0x99, 0xDE, 0x99, 0xDE, 0x79, 0xDE, 0x79, 0xDE, 0x79, 0xDE, 0x78, 0xDE, 0x79, 0xDE, 0x99, 0xDE, 0x79, 0xDE, 0x79, 0xDE, 0x99, 0xDE, 0x9A, 0xE6, 0xBA, 0xE6, 0xDA, 0xE6, 0xDA, 
0xE6, 0xDA, 0xE6, 0xDA, 0xE6, 0xBA, 0xE6, 0xBA, 0xE6, 0x9A, 0xDE, 0x9A, 0xE6, 0x9A, 0xE6, 0xBA, 0xE6, 0xDB, 0xEE, 0xFB, 0xE6, 0xDB, 0xE6, 0xBA, 0xDE, 0x38, 0xDE, 0x59, 0xDE, 0x79, 0xDE, 0x59, 
0xE6, 0x79, 0xEE, 0x9A, 0xEE, 0xDB, 0xEE, 0xFB, 0xF6, 0xFC, 0xEE, 0xFB, 0xEE, 0xBB, 0xE6, 0x7A, 0xE6, 0x7A, 0xE6, 0x9A, 0xEE, 0xDB, 0xF6, 0xFB, 0xF6, 0xFB, 0xF6, 0xFB, 0xF6, 0xFB, 0xF6, 0xFC, 
0xF6, 0xDB, 0xEE, 0xBB, 0xEE, 0x9A, 0xEE, 0x9A, 0xEE, 0xBB, 0xEE, 0xDB, 0xF6, 0xFB, 0xF6, 0xFB, 0xF6, 0xFC, 0xF6, 0xFC, 0xF6, 0xFB, 0xF6, 0xFC, 0xF6, 0xFC, 0xF6, 0xDB, 0xF6, 0xDB, 0xF6, 0xFB, 
0xF6, 0xFB, 0xF6, 0xFB, 0xF6, 0xFB, 0xE5, 0x74, 0xE4, 0xF1, 0xE4, 0xF0, 0xE4, 0xF0, 0xE4, 0xF1, 0xE4, 0xD0, 0xE4, 0xD0, 0xE4, 0xCF, 0xE4, 0xAF, 0xE4, 0xAF, 0xE4, 0xB0, 0xE4, 0xB0, 0xEC, 0x8F, 
0xEC, 0x8F, 0xEC, 0x6F, 0xEC, 0x4E, 0xEC, 0x2E, 0xF4, 0x0D, 0xF3, 0xED, 0xF3, 0xCD, 0xFB, 0xCD, 0xFB, 0xAC, 0xFB, 0x8C, 0xFB, 0x6B, 0xFB, 0x4A, 0xFB, 0x29, 0xFA, 0xE9, 0xFA, 0xA8, 0xF2, 0x47, 
0xA1, 0x24, 0x88, 0xE3, 0x78, 0xC2, 0x81, 0x66, 0x8A, 0x09, 0x89, 0xE8, 0x89, 0x44, 0x89, 0x44, 0x91, 0x64, 0x91, 0x64, 0x91, 0x64, 0x89, 0x64, 0x89, 0x64, 0x89, 0x64, 0x89, 0x64, 0x89, 0x84, 
0xC5, 0x76, 0xC5, 0x76, 0xC5, 0x75, 0xB4, 0xB2, 0x71, 0xE5, 0x8A, 0x86, 0xA3, 0x08, 0xAB, 0x49, 0xAB, 0x6A, 0xAB, 0x8B, 0xB3, 0xCC, 0xB3, 0xED, 0xB3, 0xED, 0xB3, 0xED, 0xB3, 0xCC, 0xAB, 0x6B, 
0x9B, 0x09, 0x9A, 0xC8, 0x8A, 0x67, 0x30, 0xA1, 0x00, 0x00, 0x00, 0x00, 0x00, 0x00, 0x08, 0x00, 0x08, 0x00, 0x08, 0x20, 0x10, 0x62, 0x18, 0xA4, 0x8C, 0x34, 0x94, 0x34, 0x49, 0x87, 0x20, 0x82, 
0x18, 0x20, 0x30, 0x61, 0x20, 0x20, 0x18, 0x00, 0x89, 0x85, 0xAB, 0x8C, 0xAB, 0xCC, 0xAB, 0xCC, 0xAB, 0xCC, 0xAB, 0xAC, 0xAB, 0xAC, 0xAB, 0xAC, 0xAB, 0xAC, 0xAB, 0xAC, 0xAB, 0xAC, 0xAB, 0xAB, 
0xAB, 0x8B, 0xA3, 0x6A, 0xA3, 0x6A, 0xA3, 0x6B, 0xA3, 0x4A, 0xA3, 0x4A, 0xA3, 0x8B, 0xA3, 0x6B, 0xA3, 0x6B, 0xA3, 0x8B, 0xA3, 0x6A, 0xA3, 0x4A, 0x72, 0x26, 0x30, 0x80, 0x51, 0x43, 0x30, 0x81, 
0x20, 0x20, 0x20, 0x40, 0x10, 0x00, 0x10, 0x00, 0x10, 0x20, 0x18, 0x20, 0x18, 0x20, 0x10, 0x00, 0x10, 0x20, 0x10, 0x20, 0x08, 0x20, 0x08, 0x20, 0x08, 0x00, 0x08, 0x00, 0x08, 0x20, 0x08, 0x20, 
0x10, 0x41, 0x20, 0xC3, 0x52, 0x48, 0x94, 0x10, 0x9C, 0x50, 0x9C, 0x92, 0xB5, 0x56, 0xBD, 0x97, 0xC5, 0x97, 0xBD, 0x35, 0xBD, 0x35, 0xCE, 0x19, 0xD6, 0x39, 0xD6, 0x39, 0xD6, 0x5A, 0xD6, 0x5A, 
0xD6, 0x5A, 0xD6, 0x5A, 0xD6, 0x5A, 0xD6, 0x39, 0xD6, 0x59, 0xDE, 0x5A, 0xDE, 0x7A, 0xDE, 0x7A, 0xD6, 0x59, 0xD6, 0x38, 0xDE, 0x79, 0xDE, 0x7A, 0xDE, 0x9A, 0xDE, 0x9A, 0xDE, 0x59, 0xD6, 0x58, 
0xDE, 0xBA, 0xDE, 0xBA, 0xDE, 0x79, 0xDE, 0x79, 0xDE, 0x79, 0xDE, 0x9A, 0xE6, 0xB9, 0xE6, 0xB9, 0xE6, 0xBA, 0xE6, 0xBA, 0xE6, 0xDA, 0xE6, 0xBA, 0xE6, 0xDA, 0xE6, 0xDA, 0xE6, 0xDA, 0xE6, 0xBA, 
0xDE, 0x99, 0xDE, 0x99, 0xDE, 0x99, 0xDE, 0x99, 0xDE, 0x99, 0xDE, 0x79, 0xDE, 0x79, 0xDE, 0x99, 0xDE, 0x9A, 0xDE, 0x9A, 0xDE, 0x9A, 0xE6, 0xBA, 0xE6, 0xBA, 0xE6, 0xBA, 0xE6, 0xBA, 0xE6, 0xBA, 
0xE6, 0xBA, 0xE6, 0xBA, 0xE6, 0xBA, 0xE6, 0x9A, 0xDE, 0x79, 0xDE, 0x9A, 0xE6, 0xBA, 0xE6, 0xDB, 0xEE, 0xFB, 0xEE, 0xFB, 0xE6, 0xBA, 0xDE, 0x38, 0xDE, 0x38, 0xDE, 0x79, 0xDE, 0x59, 0xE6, 0x79, 
0xE6, 0x9A, 0xEE, 0xDB, 0xEE, 0xDB, 0xEE, 0xFB, 0xEE, 0xFC, 0xEE, 0xDB, 0xE6, 0x9B, 0xE6, 0x7A, 0xE6, 0x7A, 0xEE, 0xBA, 0xEE, 0xDB, 0xF6, 0xFB, 0xF6, 0xFB, 0xF6, 0xFC, 0xF6, 0xFB, 0xF6, 0xFB, 
0xEE, 0xDB, 0xEE, 0xBB, 0xEE, 0x9A, 0xEE, 0x9A, 0xEE, 0xBA, 0xF6, 0xDB, 0xF6, 0xFB, 0xF6, 0xFB, 0xF6, 0xFC, 0xF6, 0xFC, 0xF6, 0xFC, 0xF6, 0xFC, 0xF6, 0xFC, 0xF6, 0xFC, 0xF6, 0xDB, 0xF6, 0xFB, 
0xF6, 0xFB, 0xF6, 0xFC, 0xF6, 0xFB, 0xEE, 0x17, 0xE4, 0xD1, 0xE4, 0xF0, 0xE4, 0xD0, 0xE4, 0xD0, 0xE4, 0xD0, 0xE4, 0xD0, 0xE4, 0xB0, 0xE4, 0xAF, 0xE4, 0xAF, 0xEC, 0x8F, 0xEC, 0x8F, 0xEC, 0x8F, 
0xEC, 0x6F, 0xEC, 0x6F, 0xEC, 0x4E, 0xF4, 0x2E, 0xF4, 0x0E, 0xF3, 0xED, 0xFB, 0xCD, 0xFB, 0xCD, 0xFB, 0xAC, 0xFB, 0x8B, 0xFB, 0x6B, 0xFB, 0x2A, 0xFB, 0x09, 0xFA, 0xE9, 0xFA, 0xA8, 0xD9, 0xC5, 
0x91, 0x03, 0x80, 0xE3, 0x70, 0xC2, 0x79, 0x86, 0x81, 0xC8, 0x81, 0xC7, 0x89, 0x44, 0x89, 0x44, 0x91, 0x64, 0x89, 0x64, 0x89, 0x64, 0x89, 0x64, 0x89, 0x64, 0x89, 0x64, 0x89, 0x64, 0x89, 0x84, 
0xC5, 0x76, 0xC5, 0x76, 0xC5, 0x76, 0xC5, 0x75, 0x7A, 0x68, 0x71, 0xE5, 0x82, 0x66, 0x92, 0xC7, 0x9A, 0xE8, 0xA3, 0x4A, 0xAB, 0x8B, 0xAB, 0xAC, 0xAB, 0xCC, 0xAB, 0xCC, 0xB3, 0xCC, 0xB3, 0xCC, 
0xAB, 0x6B, 0x9A, 0xE9, 0x79, 0xC5, 0x10, 0x00, 0x00, 0x00, 0x00, 0x00, 0x00, 0x00, 0x00, 0x00, 0x08, 0x00, 0x08, 0x20, 0x10, 0x42, 0x18, 0x83, 0x4A, 0x2C, 0xBD, 0xFA, 0x49, 0xC9, 0x28, 0xC3, 
0x18, 0x20, 0x18, 0x20, 0x30, 0x61, 0x10, 0x00, 0x83, 0x0B, 0xAB, 0xCD, 0xAB, 0xCC, 0xAB, 0xCC, 0xAB, 0xCC, 0xAB, 0xCC, 0xAB, 0xAC, 0xAB, 0xAC, 0xAB, 0xAC, 0xAB, 0xAC, 0xAB, 0xAC, 0xAB, 0xAB, 
0xAB, 0x8B, 0xA3, 0x6B, 0xA3, 0x6A, 0xA3, 0x8B, 0xA3, 0x8B, 0xAB, 0x8B, 0xAB, 0x8B, 0xAB, 0x8B, 0xAB, 0xAB, 0xA3, 0x8B, 0xA3, 0x6A, 0x9B, 0x2A, 0x69, 0xC5, 0x30, 0xA1, 0x61, 0xC4, 0x38, 0xA1, 
0x18, 0x20, 0x18, 0x20, 0x18, 0x20, 0x10, 0x20, 0x10, 0x00, 0x18, 0x20, 0x18, 0x20, 0x08, 0x00, 0x18, 0x40, 0x10, 0x20, 0x10, 0x20, 0x08, 0x20, 0x08, 0x00, 0x08, 0x00, 0x08, 0x20, 0x10, 0x40, 
0x31, 0x24, 0x73, 0x2C, 0x94, 0x0F, 0xA4, 0x71, 0x9C, 0x50, 0x9C, 0x71, 0xB5, 0x14, 0xB5, 0x35, 0xB5, 0x14, 0xB4, 0xF4, 0xC5, 0xD7, 0xD6, 0x39, 0xD6, 0x39, 0xD6, 0x39, 0xD6, 0x39, 0xD6, 0x59, 
0xD6, 0x59, 0xD6, 0x59, 0xD6, 0x59, 0xD6, 0x59, 0xD6, 0x59, 0xDE, 0x7A, 0xDE, 0x7A, 0xDE, 0x5A, 0xDE, 0x59, 0xDE, 0x59, 0xDE, 0x79, 0xDE, 0x79, 0xDE, 0x59, 0xD6, 0x58, 0xD6, 0x18, 0xDE, 0x79, 
0xDE, 0x99, 0xDE, 0x79, 0xDE, 0x79, 0xDE, 0x9A, 0xE6, 0xDA, 0xE6, 0xDA, 0xE6, 0xDA, 0xE6, 0xDA, 0xE6, 0xDA, 0xE6, 0xDB, 0xE6, 0xDA, 0xE6, 0xDA, 0xE6, 0xDA, 0xE6, 0xBA, 0xDE, 0x99, 0xDE, 0x99, 
0xDE, 0x99, 0xDE, 0x9A, 0xDE, 0x9A, 0xDE, 0x9A, 0xDE, 0x99, 0xDE, 0x99, 0xDE, 0x9A, 0xDE, 0x9A, 0xDE, 0x9A, 0xDE, 0x79, 0xDE, 0x7A, 0xDE, 0x9A, 0xDE, 0x9A, 0xE6, 0xBA, 0xE6, 0xDA, 0xE6, 0xDB, 
0xE6, 0xBA, 0xE6, 0xDA, 0xE6, 0x9A, 0xDE, 0x79, 0xDE, 0x99, 0xE6, 0xBA, 0xE6, 0xDB, 0xE6, 0xDB, 0xE6, 0xDB, 0xE6, 0xDB, 0xDE, 0x79, 0xDE, 0x38, 0xDE, 0x59, 0xDE, 0x79, 0xE6, 0x79, 0xE6, 0x9A, 
0xEE, 0xBA, 0xEE, 0xDB, 0xEE, 0xFB, 0xEE, 0xFB, 0xEE, 0xDB, 0xEE, 0xBB, 0xE6, 0x7A, 0xE6, 0x7A, 0xE6, 0x9A, 0xEE, 0xBB, 0xEE, 0xDB, 0xF6, 0xFB, 0xF6, 0xFB, 0xF6, 0xFC, 0xF6, 0xFB, 0xF6, 0xFB, 
0xEE, 0xDB, 0xEE, 0xBA, 0xEE, 0xBA, 0xEE, 0x9A, 0xEE, 0xBA, 0xF6, 0xDB, 0xF6, 0xFB, 0xF6, 0xFB, 0xF6, 0xFC, 0xF6, 0xFC, 0xF6, 0xFC, 0xF6, 0xFC, 0xF6, 0xFC, 0xF6, 0xFC, 0xF6, 0xBB, 0xF6, 0xDB, 
0xF6, 0xFB, 0xF6, 0xFB, 0xF6, 0xFB, 0xF6, 0xBA, 0xE4, 0xF1, 0xE4, 0xD0, 0xE4, 0xD0, 0xE4, 0xD0, 0xE4, 0xD0, 0xE4, 0xD0, 0xE4, 0xB0, 0xE4, 0xAF, 0xE4, 0xAF, 0xEC, 0x8F, 0xEC, 0x6F, 0xEC, 0x6E, 
0xEC, 0x6F, 0xEC, 0x6F, 0xF4, 0x4E, 0xF4, 0x2E, 0xF4, 0x0D, 0xF3, 0xED, 0xFB, 0xED, 0xFB, 0xCC, 0xFB, 0xAC, 0xFB, 0x8B, 0xFB, 0x4B, 0xFB, 0x2A, 0xFB, 0x09, 0xFA, 0xC9, 0xFA, 0x67, 0xB1, 0x44, 
0x89, 0x23, 0x78, 0xE2, 0x70, 0xA2, 0x79, 0x66, 0x81, 0xA7, 0x81, 0x86, 0x89, 0x23, 0x89, 0x64, 0x89, 0x64, 0x89, 0x64, 0x89, 0x64, 0x89, 0x64, 0x89, 0x63, 0x89, 0x63, 0x89, 0x63, 0x89, 0x63, 
0xC5, 0x76, 0xCD, 0x96, 0xC5, 0x96, 0xC5, 0x75, 0xA4, 0x0F, 0x69, 0xC4, 0x61, 0xC4, 0x72, 0x05, 0x82, 0x67, 0x92, 0xE9, 0x9B, 0x29, 0xA3, 0x4A, 0xA3, 0x2A, 0xA3, 0x2A, 0xA3, 0x2A, 0xA3, 0x0A, 
0xA3, 0x2A, 0xA3, 0x09, 0x81, 0xC5, 0x20, 0x20, 0x00, 0x00, 0x00, 0x00, 0x00, 0x00, 0x00, 0x00, 0x08, 0x00, 0x08, 0x00, 0x10, 0x41, 0x18, 0x62, 0x20, 0xE6, 0xBE, 0x1B, 0x62, 0x8D, 0x31, 0x05, 
0x18, 0x41, 0x10, 0x00, 0x38, 0x61, 0x10, 0x00, 0x51, 0xC6, 0xAB, 0xED, 0xAB, 0xCC, 0xAB, 0xCC, 0xAB, 0xAC, 0xAB, 0xCC, 0xAB, 0xAC, 0xAB, 0xAC, 0xAB, 0xCC, 0xAB, 0xAC, 0xAB, 0xAC, 0xAB, 0x8B, 
0xAB, 0x8B, 0xAB, 0x8B, 0xAB, 0x6B, 0xAB, 0x8B, 0xAB, 0x8B, 0xAB, 0xAB, 0xAB, 0xAB, 0xAB, 0xAB, 0xAB, 0xAB, 0xAB, 0x8B, 0xA3, 0x6A, 0x9B, 0x29, 0x7A, 0x26, 0x38, 0xC2, 0x41, 0x02, 0x28, 0x60, 
0x18, 0x20, 0x18, 0x20, 0x10, 0x20, 0x10, 0x00, 0x10, 0x20, 0x10, 0x20, 0x10, 0x20, 0x08, 0x00, 0x18, 0x40, 0x10, 0x20, 0x10, 0x20, 0x08, 0x20, 0x08, 0x00, 0x08, 0x20, 0x10, 0x61, 0x52, 0x28, 
0x83, 0xAE, 0x8B, 0xCE, 0x8B, 0xAE, 0x94, 0x0F, 0x9C, 0x50, 0xA4, 0xB2, 0xAC, 0xF3, 0xB4, 0xF3, 0xB5, 0x34, 0xC5, 0x96, 0xC5, 0xD7, 0xCD, 0xF8, 0xD6, 0x39, 0xD6, 0x39, 0xD6, 0x39, 0xD6, 0x39, 
0xD6, 0x18, 0xD6, 0x39, 0xD6, 0x38, 0xD6, 0x39, 0xD6, 0x39, 0xD6, 0x39, 0xD6, 0x38, 0xD6, 0x18, 0xD6, 0x18, 0xD6, 0x18, 0xD6, 0x18, 0xD6, 0x18, 0xD6, 0x38, 0xDE, 0x79, 0xDE, 0x9A, 0xDE, 0xBA, 
0xE6, 0xDA, 0xE6, 0xDB, 0xE6, 0xDA, 0xE6, 0xBA, 0xE6, 0xDA, 0xE6, 0xDB, 0xE6, 0xDB, 0xE6, 0xFB, 0xE6, 0xFB, 0xE6, 0xFB, 0xE6, 0xDA, 0xE6, 0xBA, 0xDE, 0x99, 0xE6, 0x99, 0xDE, 0x99, 0xDE, 0x99, 
0xDE, 0x79, 0xDE, 0xBA, 0xDE, 0x9A, 0xDE, 0x9A, 0xDE, 0x9A, 0xDE, 0x9A, 0xDE, 0x9A, 0xDE, 0x7A, 0xD6, 0x59, 0xDE, 0x7A, 0xDE, 0x9A, 0xE6, 0xBA, 0xE6, 0xBB, 0xE6, 0xDB, 0xE6, 0xDB, 0xE6, 0xDB, 
0xE6, 0xBA, 0xE6, 0xBA, 0xDE, 0x79, 0xDE, 0x79, 0xDE, 0x9A, 0xE6, 0xBB, 0xE6, 0xDB, 0xE6, 0xDB, 0xE6, 0xDB, 0xDE, 0x9A, 0xDE, 0x59, 0xDE, 0x79, 0xDE, 0x79, 0xE6, 0x9A, 0xE6, 0x9A, 0xE6, 0xBA, 
0xEE, 0xDB, 0xEE, 0xFB, 0xEE, 0xFC, 0xEE, 0xFC, 0xEE, 0xDB, 0xEE, 0xBB, 0xE6, 0x7A, 0xE6, 0x9A, 0xEE, 0xBA, 0xEE, 0xBB, 0xEE, 0xDB, 0xF6, 0xFB, 0xF6, 0xFB, 0xF6, 0xFB, 0xF6, 0xFC, 0xF6, 0xFB, 
0xEE, 0xDB, 0xEE, 0xBA, 0xEE, 0xBB, 0xEE, 0xBA, 0xEE, 0xBB, 0xF6, 0xDB, 0xF6, 0xFB, 0xF6, 0xFC, 0xF6, 0xFC, 0xF6, 0xFC, 0xF6, 0xFC, 0xF6, 0xFC, 0xF6, 0xFC, 0xF6, 0xFC, 0xF6, 0xDB, 0xF6, 0xBB, 
0xF6, 0xFC, 0xF6, 0xFB, 0xF6, 0xFB, 0xF6, 0xDB, 0xED, 0x74, 0xE4, 0xD0, 0xE4, 0xD0, 0xE4, 0xD0, 0xE4, 0xD0, 0xE4, 0xD0, 0xE4, 0xAF, 0xE4, 0xAF, 0xE4, 0x8F, 0xEC, 0x8F, 0xEC, 0x6F, 0xEC, 0x8F, 
0xF4, 0x8F, 0xF4, 0x6F, 0xF4, 0x4E, 0xF4, 0x4E, 0xF4, 0x2D, 0xFB, 0xED, 0xFB, 0xED, 0xFB, 0xCC, 0xFB, 0xAC, 0xFB, 0x6B, 0xFB, 0x4A, 0xFB, 0x2A, 0xFA, 0xE9, 0xFA, 0xA8, 0xE2, 0x06, 0x91, 0x44, 
0x89, 0x23, 0x78, 0xC2, 0x70, 0xC3, 0x79, 0x66, 0x81, 0x86, 0x81, 0x44, 0x89, 0x43, 0x89, 0x64, 0x89, 0x84, 0x89, 0x64, 0x89, 0x64, 0x89, 0x63, 0x89, 0x63, 0x89, 0x63, 0x89, 0x63, 0x89, 0x63, 
0xC5, 0x96, 0xC5, 0x96, 0xC5, 0x96, 0xC5, 0x55, 0xC5, 0x55, 0x72, 0x47, 0x61, 0xA4, 0x61, 0xC4, 0x69, 0xE5, 0x7A, 0x67, 0x8A, 0xC8, 0x92, 0xE9, 0x9B, 0x09, 0xA3, 0x4B, 0xB3, 0xAB, 0xB3, 0xCD, 
0xB3, 0xAC, 0xA2, 0xE9, 0x9A, 0x87, 0x40, 0xA1, 0x00, 0x00, 0x00, 0x00, 0x00, 0x00, 0x00, 0x00, 0x00, 0x00, 0x08, 0x00, 0x08, 0x21, 0x10, 0x62, 0x18, 0xA4, 0x84, 0x34, 0x8C, 0x34, 0x41, 0x67, 
0x18, 0x61, 0x10, 0x00, 0x30, 0x41, 0x18, 0x20, 0x28, 0x82, 0xAB, 0xEE, 0xAB, 0xCD, 0xAB, 0xCC, 0xAB, 0xCC, 0xAB, 0xCC, 0xAB, 0xCC, 0xAB, 0xAC, 0xAB, 0xCC, 0xAB, 0xAC, 0xAB, 0xAC, 0xAB, 0x8B, 
0xAB, 0x8B, 0xAB, 0x8B, 0xA3, 0x8B, 0xAB, 0x8B, 0xAB, 0x8B, 0xAB, 0xAB, 0xAB, 0xAB, 0xAB, 0xAB, 0xAB, 0x8B, 0x9B, 0x4A, 0x9B, 0x09, 0xA3, 0x6A, 0x72, 0x26, 0x49, 0x02, 0x20, 0x40, 0x18, 0x20, 
0x18, 0x20, 0x18, 0x20, 0x10, 0x00, 0x08, 0x00, 0x10, 0x00, 0x10, 0x20, 0x10, 0x20, 0x10, 0x20, 0x18, 0x40, 0x10, 0x20, 0x10, 0x20, 0x10, 0x20, 0x08, 0x20, 0x18, 0x61, 0x5A, 0x48, 0x7B, 0x2C, 
0x7B, 0x4C, 0x93, 0xEF, 0xA4, 0x92, 0xAC, 0xD3, 0xA4, 0xB2, 0xA4, 0xB2, 0xAC, 0xF3, 0xB5, 0x34, 0xC5, 0xB7, 0xC5, 0xD7, 0xCD, 0xF8, 0xD6, 0x39, 0xD6, 0x39, 0xD6, 0x39, 0xD6, 0x18, 0xCE, 0x18, 
0xCD, 0xF8, 0xD5, 0xF8, 0xD5, 0xF8, 0xD6, 0x18, 0xD6, 0x18, 0xD6, 0x39, 0xD6, 0x39, 0xD6, 0x39, 0xD6, 0x39, 0xD6, 0x59, 0xDE, 0x79, 0xDE, 0x9A, 0xDE, 0xBA, 0xE6, 0xBA, 0xE6, 0xDB, 0xE6, 0xDB, 
0xE6, 0xDB, 0xE6, 0xDB, 0xE6, 0xDB, 0xE6, 0xDB, 0xE6, 0xDB, 0xE6, 0xDB, 0xE6, 0xDB, 0xE6, 0xFB, 0xE6, 0xFB, 0xE6, 0xDB, 0xE6, 0xBA, 0xDE, 0x99, 0xE6, 0xBA, 0xE6, 0xDB, 0xE6, 0xBA, 0xDE, 0x79, 
0xDE, 0x9A, 0xDE, 0x9A, 0xDE, 0x9A, 0xDE, 0x9A, 0xDE, 0x9A, 0xDE, 0x7A, 0xD6, 0x59, 0xD6, 0x59, 0xDE, 0x9A, 0xDE, 0xBA, 0xE6, 0xBB, 0xE6, 0xBB, 0xE6, 0xDB, 0xE6, 0xDB, 0xE6, 0xDB, 0xE6, 0xBB, 
0xDE, 0x9A, 0xDE, 0x7A, 0xDE, 0x7A, 0xE6, 0x9A, 0xE6, 0xBB, 0xE6, 0xDB, 0xE6, 0xDB, 0xE6, 0xBB, 0xDE, 0x9A, 0xDE, 0x59, 0xDE, 0x59, 0xDE, 0x79, 0xE6, 0x9A, 0xE6, 0x9A, 0xE6, 0xBA, 0xEE, 0xDB, 
0xEE, 0xDB, 0xEE, 0xFB, 0xEE, 0xFC, 0xEE, 0xDC, 0xEE, 0xDB, 0xE6, 0x9B, 0xE6, 0x7A, 0xE6, 0x9A, 0xEE, 0xBA, 0xEE, 0xDB, 0xEE, 0xFB, 0xF6, 0xFC, 0xF6, 0xFC, 0xF6, 0xFB, 0xF6, 0xFB, 0xF6, 0xFB, 
0xEE, 0xBB, 0xEE, 0xBB, 0xEE, 0xBB, 0xEE, 0xBB, 0xEE, 0xDB, 0xF6, 0xDB, 0xF6, 0xFB, 0xF6, 0xFC, 0xF6, 0xFC, 0xF6, 0xFC, 0xF6, 0xFC, 0xF6, 0xFC, 0xF6, 0xFC, 0xF6, 0xFC, 0xF6, 0xFC, 0xF6, 0xBB, 
0xF6, 0xFC, 0xF6, 0xFB, 0xF6, 0xFB, 0xF6, 0xFB, 0xF6, 0x59, 0xE4, 0xB0, 0xE4, 0xD0, 0xE4, 0xD0, 0xE4, 0xD0, 0xE4, 0xD0, 0xE4, 0xD0, 0xE4, 0xD0, 0xE4, 0x8F, 0xEC, 0x6F, 0xEC, 0x6F, 0xEC, 0x8F, 
0xF4, 0x8F, 0xF4, 0x6F, 0xF4, 0x4E, 0xF4, 0x4E, 0xF4, 0x2E, 0xFC, 0x0D, 0xFB, 0xED, 0xFB, 0xAC, 0xFB, 0x8B, 0xFB, 0x6B, 0xFB, 0x2A, 0xFB, 0x09, 0xFA, 0xE9, 0xFA, 0x87, 0xC1, 0x85, 0x89, 0x44, 
0x81, 0x03, 0x70, 0xC2, 0x70, 0xE3, 0x79, 0x66, 0x79, 0x86, 0x81, 0x44, 0x89, 0x43, 0x89, 0x64, 0x89, 0x84, 0x89, 0x84, 0x89, 0x64, 0x89, 0x64, 0x89, 0x63, 0x89, 0x63, 0x89, 0x64, 0x89, 0x64, 
0xC5, 0x76, 0xC5, 0x96, 0xC5, 0x76, 0xC5, 0x55, 0xC5, 0x55, 0xA4, 0x2F, 0x69, 0xC4, 0x61, 0xC4, 0x61, 0xC4, 0x6A, 0x05, 0x72, 0x46, 0x7A, 0x67, 0x8A, 0xA8, 0xA3, 0x2A, 0xAB, 0x8B, 0xAB, 0x4B, 
0xA3, 0x0A, 0xAB, 0x8C, 0xA2, 0xE9, 0x71, 0x84, 0x08, 0x00, 0x08, 0x00, 0x08, 0x00, 0x00, 0x00, 0x00, 0x00, 0x08, 0x00, 0x08, 0x20, 0x10, 0x42, 0x18, 0x83, 0x42, 0x2B, 0xBD, 0xDA, 0x49, 0xA9, 
0x20, 0x83, 0x10, 0x00, 0x20, 0x20, 0x30, 0x40, 0x18, 0x20, 0x8B, 0x2B, 0xAB, 0xCD, 0xAB, 0xCC, 0xAB, 0xCC, 0xAB, 0xCC, 0xAB, 0xCC, 0xAB, 0xCC, 0xAB, 0xCC, 0xAB, 0xCC, 0xAB, 0xAC, 0xAB, 0xAB, 
0xAB, 0x8B, 0xAB, 0x8B, 0xAB, 0x8B, 0xAB, 0x8B, 0xAB, 0xAB, 0xAB, 0xAB, 0xAB, 0xAB, 0xAB, 0xAB, 0xA3, 0x8B, 0xA3, 0x6A, 0xA3, 0x6B, 0x9B, 0x29, 0x72, 0x05, 0x49, 0x02, 0x18, 0x20, 0x18, 0x00, 
0x18, 0x20, 0x10, 0x20, 0x08, 0x00, 0x08, 0x00, 0x08, 0x00, 0x10, 0x20, 0x10, 0x20, 0x08, 0x20, 0x18, 0x40, 0x10, 0x20, 0x10, 0x40, 0x10, 0x40, 0x08, 0x00, 0x20, 0xC2, 0x5A, 0x48, 0x73, 0x0B, 
0xA4, 0x91, 0xB5, 0x14, 0xB5, 0x54, 0xB5, 0x34, 0xAC, 0xD3, 0xAC, 0xD3, 0xB5, 0x14, 0xC5, 0x96, 0xCD, 0xF7, 0xCD, 0xF7, 0xD6, 0x18, 0xD6, 0x18, 0xCE, 0x18, 0xCE, 0x18, 0xCD, 0xF7, 0xCD, 0xD7, 
0xCD, 0xF8, 0xD6, 0x18, 0xD6, 0x38, 0xD6, 0x59, 0xDE, 0x79, 0xDE, 0x7A, 0xDE, 0x7A, 0xDE, 0x9A, 0xDE, 0x9A, 0xDE, 0xBA, 0xDE, 0xBA, 0xE6, 0xBA, 0xE6, 0xBB, 0xE6, 0xDA, 0xE6, 0xDB, 0xE6, 0xDB, 
0xE6, 0xDB, 0xE6, 0xDB, 0xE6, 0xDB, 0xE6, 0xDB, 0xE6, 0xFB, 0xE6, 0xFB, 0xE6, 0xFB, 0xE6, 0xFB, 0xE6, 0xFB, 0xE6, 0xFB, 0xE6, 0xBA, 0xDE, 0x9A, 0xE6, 0xDB, 0xE6, 0xBA, 0xE6, 0xBA, 0xDE, 0x79, 
0xDE, 0x7A, 0xDE, 0x9A, 0xDE, 0x9A, 0xDE, 0x9A, 0xDE, 0x79, 0xD6, 0x59, 0xD6, 0x79, 0xDE, 0x9A, 0xDE, 0xBB, 0xE6, 0xBB, 0xE6, 0xBB, 0xE6, 0xDB, 0xE6, 0xDB, 0xE6, 0xDB, 0xE6, 0xBA, 0xE6, 0x9A, 
0xDE, 0x9A, 0xDE, 0x9A, 0xDE, 0x9A, 0xE6, 0xBB, 0xE6, 0xDB, 0xE6, 0xDB, 0xE6, 0xBB, 0xE6, 0xBA, 0xDE, 0x79, 0xDE, 0x79, 0xDE, 0x9A, 0xDE, 0x9A, 0xE6, 0x9A, 0xE6, 0xBA, 0xE6, 0xBB, 0xEE, 0xDB, 
0xEE, 0xDB, 0xEE, 0xFB, 0xEE, 0xFC, 0xEE, 0xDC, 0xEE, 0xDB, 0xE6, 0x9B, 0xE6, 0x9B, 0xEE, 0xBB, 0xEE, 0xBB, 0xEE, 0xDB, 0xF6, 0xFB, 0xF6, 0xFC, 0xF6, 0xFC, 0xF6, 0xFB, 0xF6, 0xFB, 0xEE, 0xDB, 
0xEE, 0xDB, 0xEE, 0xBA, 0xEE, 0xBB, 0xEE, 0xDB, 0xF6, 0xDB, 0xF6, 0xFB, 0xF6, 0xFB, 0xF6, 0xFC, 0xF6, 0xFC, 0xF6, 0xFC, 0xF6, 0xFC, 0xF6, 0xFC, 0xF6, 0xFC, 0xF6, 0xFC, 0xF6, 0xFC, 0xF6, 0xDB, 
0xF6, 0xDB, 0xF6, 0xFC, 0xF6, 0xFB, 0xF6, 0xDB, 0xF6, 0xDB, 0xE5, 0x33, 0xE4, 0xD0, 0xE4, 0xD0, 0xE4, 0xD0, 0xE4, 0xD0, 0xE4, 0xD0, 0xE4, 0xD0, 0xEC, 0x8F, 0xEC, 0x6E, 0xEC, 0x6F, 0xF4, 0x8F, 
0xF4, 0x8F, 0xF4, 0x6F, 0xF4, 0x4E, 0xF4, 0x2E, 0xF4, 0x0D, 0xFC, 0x0D, 0xFB, 0xED, 0xFB, 0xAC, 0xFB, 0x8B, 0xFB, 0x4A, 0xFB, 0x2A, 0xFB, 0x09, 0xFA, 0xC8, 0xF2, 0x26, 0xA1, 0x64, 0x89, 0x44, 
0x79, 0x03, 0x70, 0xA2, 0x71, 0x03, 0x79, 0x86, 0x79, 0x65, 0x81, 0x43, 0x89, 0x43, 0x89, 0x64, 0x89, 0x84, 0x89, 0x84, 0x89, 0x64, 0x89, 0x64, 0x89, 0x63, 0x89, 0x64, 0x89, 0x63, 0x89, 0x64, 
0xC5, 0x76, 0xC5, 0x96, 0xC5, 0x76, 0xC5, 0x55, 0xC5, 0x55, 0xC5, 0x55, 0x82, 0xA8, 0x69, 0xE5, 0x69, 0xE5, 0x72, 0x05, 0x72, 0x46, 0x7A, 0x67, 0x82, 0x88, 0x8A, 0x88, 0x92, 0xC9, 0xAB, 0x6B, 
0xAB, 0xAC, 0xAB, 0x6B, 0xA2, 0xE9, 0x92, 0x67, 0x20, 0x20, 0x08, 0x20, 0x10, 0x40, 0x00, 0x00, 0x00, 0x00, 0x08, 0x00, 0x08, 0x20, 0x08, 0x41, 0x10, 0x63, 0x20, 0xE6, 0xBD, 0xFA, 0x5A, 0x6C, 
0x30, 0xE4, 0x18, 0x20, 0x10, 0x00, 0x38, 0x41, 0x18, 0x20, 0x62, 0x28, 0xAB, 0xCC, 0xAB, 0xAC, 0xAB, 0xAC, 0xAB, 0xAC, 0xAB, 0xAC, 0xAB, 0xAC, 0xAB, 0xAC, 0xAB, 0xAC, 0xAB, 0xAC, 0xAB, 0x8B, 
0xAB, 0x8B, 0xA3, 0x8B, 0xA3, 0x8B, 0xAB, 0xAB, 0xAB, 0xAB, 0xAB, 0xAB, 0xAB, 0xAB, 0xAB, 0xAB, 0xA3, 0xAB, 0xA3, 0x8B, 0xA3, 0x6B, 0x93, 0x09, 0x69, 0xC5, 0x20, 0x40, 0x18, 0x00, 0x18, 0x00, 
0x10, 0x00, 0x08, 0x00, 0x00, 0x00, 0x08, 0x00, 0x08, 0x00, 0x08, 0x00, 0x08, 0x20, 0x08, 0x00, 0x18, 0x40, 0x18, 0x40, 0x08, 0x20, 0x08, 0x00, 0x08, 0x00, 0x08, 0x20, 0x28, 0xE3, 0x73, 0x2B, 
0xAC, 0xF3, 0xB5, 0x34, 0xBD, 0x75, 0xBD, 0x75, 0xB5, 0x14, 0xB5, 0x34, 0xC5, 0x96, 0xCD, 0xF7, 0xCD, 0xF7, 0xCD, 0xF7, 0xD5, 0xF8, 0xCD, 0xF8, 0xCD, 0xF8, 0xCE, 0x18, 0xD6, 0x39, 0xD6, 0x39, 
0xD6, 0x59, 0xDE, 0x79, 0xDE, 0x7A, 0xDE, 0x9A, 0xDE, 0x9A, 0xDE, 0x9A, 0xDE, 0x9A, 0xDE, 0xBA, 0xE6, 0xBB, 0xE6, 0xDB, 0xE6, 0xDB, 0xE6, 0xDB, 0xE6, 0xDB, 0xE6, 0xDB, 0xE6, 0xDB, 0xE6, 0xDB, 
0xE6, 0xDB, 0xE6, 0xDB, 0xE6, 0xDB, 0xE6, 0xDB, 0xE6, 0xFB, 0xE6, 0xFB, 0xE6, 0xFB, 0xE6, 0xFB, 0xE6, 0xFB, 0xE6, 0xFB, 0xE6, 0xDB, 0xDE, 0x9A, 0xDE, 0x79, 0xDE, 0x9A, 0xDE, 0x9A, 0xDE, 0x79, 
0xDE, 0x9A, 0xDE, 0x9A, 0xDE, 0x79, 0xD6, 0x59, 0xD6, 0x59, 0xDE, 0x7A, 0xDE, 0x9A, 0xDE, 0xBB, 0xE6, 0xBB, 0xE6, 0xBB, 0xE6, 0xBB, 0xE6, 0xDB, 0xE6, 0xBB, 0xE6, 0xBB, 0xDE, 0x9A, 0xDE, 0x9A, 
0xDE, 0x9A, 0xDE, 0x9A, 0xDE, 0xBA, 0xE6, 0xBB, 0xE6, 0xBB, 0xE6, 0xBB, 0xE6, 0xBA, 0xDE, 0x9A, 0xDE, 0x9A, 0xDE, 0x9A, 0xE6, 0x9A, 0xE6, 0xBA, 0xE6, 0xBA, 0xE6, 0xDB, 0xEE, 0xDB, 0xEE, 0xDB, 
0xEE, 0xDB, 0xEE, 0xDC, 0xEE, 0xDC, 0xEE, 0xDB, 0xEE, 0xBB, 0xE6, 0x9B, 0xE6, 0xBB, 0xEE, 0xBB, 0xEE, 0xDB, 0xEE, 0xDB, 0xF6, 0xFB, 0xF7, 0x1C, 0xF6, 0xFB, 0xF6, 0xFB, 0xF6, 0xFB, 0xF6, 0xDB, 
0xEE, 0xDB, 0xEE, 0xBB, 0xEE, 0xBB, 0xEE, 0xDB, 0xF6, 0xDB, 0xF6, 0xFB, 0xF6, 0xFB, 0xF6, 0xFC, 0xF6, 0xFC, 0xF6, 0xFC, 0xF6, 0xFC, 0xF6, 0xFC, 0xF6, 0xFC, 0xF6, 0xFC, 0xF6, 0xFC, 0xF6, 0xFC, 
0xEE, 0xDB, 0xF6, 0xFC, 0xF6, 0xDB, 0xF6, 0xDB, 0xF6, 0xDB, 0xEE, 0x17, 0xE4, 0xD0, 0xE4, 0xD0, 0xE4, 0xD0, 0xE4, 0xD1, 0xE4, 0xD0, 0xEC, 0xB0, 0xEC, 0x8E, 0xEC, 0x8F, 0xEC, 0x8F, 0xF4, 0x8F, 
0xF4, 0x8F, 0xF4, 0x6E, 0xF4, 0x2E, 0xF4, 0x0D, 0xFC, 0x0D, 0xFC, 0x0D, 0xFB, 0xED, 0xFB, 0xAC, 0xFB, 0x8B, 0xFB, 0x4A, 0xFB, 0x2A, 0xFA, 0xE9, 0xFA, 0x87, 0xDA, 0x06, 0x91, 0x65, 0x89, 0x44, 
0x78, 0xE3, 0x68, 0xA1, 0x68, 0xE3, 0x71, 0x45, 0x79, 0x44, 0x81, 0x23, 0x89, 0x63, 0x89, 0x84, 0x89, 0x84, 0x89, 0x84, 0x89, 0x64, 0x89, 0x64, 0x89, 0x63, 0x89, 0x64, 0x89, 0x63, 0x89, 0x64, 
0xC5, 0x76, 0xC5, 0x76, 0xC5, 0x76, 0xC5, 0x55, 0xC5, 0x55, 0xC5, 0x56, 0xB4, 0xB2, 0x72, 0x05, 0x69, 0xE5, 0x6A, 0x05, 0x72, 0x26, 0x82, 0xA8, 0x8A, 0xC9, 0x8A, 0xE9, 0x92, 0xE9, 0x9B, 0x2A, 
0xA3, 0x4B, 0xAB, 0x4B, 0xAB, 0x2A, 0xA2, 0xC9, 0x48, 0xC2, 0x10, 0x00, 0x10, 0x40, 0x00, 0x00, 0x00, 0x00, 0x00, 0x00, 0x08, 0x20, 0x08, 0x21, 0x10, 0x62, 0x18, 0xA5, 0x7B, 0xD3, 0x84, 0x13, 
0x39, 0x47, 0x18, 0x41, 0x10, 0x00, 0x30, 0x40, 0x18, 0x00, 0x41, 0x44, 0xA3, 0xAC, 0xA3, 0x8B, 0xA3, 0x8B, 0xA3, 0x8B, 0xA3, 0x8B, 0xAB, 0x8B, 0xAB, 0x8B, 0xAB, 0x8B, 0xAB, 0x8B, 0xA3, 0x8B, 
0xA3, 0x8B, 0xA3, 0x8B, 0xA3, 0x8B, 0xA3, 0xAB, 0xAB, 0xAC, 0xAB, 0xAB, 0xAB, 0xAB, 0xAB, 0xAB, 0xA3, 0x8B, 0xA3, 0x6A, 0x9B, 0x29, 0x82, 0x87, 0x38, 0xA1, 0x18, 0x20, 0x18, 0x00, 0x10, 0x00, 
0x10, 0x00, 0x08, 0x00, 0x00, 0x00, 0x00, 0x00, 0x08, 0x00, 0x08, 0x00, 0x00, 0x00, 0x08, 0x00, 0x18, 0x40, 0x18, 0x40, 0x08, 0x20, 0x08, 0x00, 0x00, 0x00, 0x08, 0x00, 0x18, 0x61, 0x51, 0xE6, 
0xB5, 0x14, 0xBD, 0x75, 0xC5, 0xB6, 0xC5, 0xB6, 0xBD, 0x54, 0xC5, 0x96, 0xCD, 0xD7, 0xCD, 0xF7, 0xCD, 0xF7, 0xD5, 0xF8, 0xD6, 0x39, 0xD6, 0x39, 0xD6, 0x59, 0xDE, 0x79, 0xDE, 0x7A, 0xDE, 0x7A, 
0xDE, 0x7A, 0xDE, 0x9A, 0xDE, 0x9A, 0xDE, 0x9B, 0xDE, 0xBB, 0xDE, 0xBB, 0xDE, 0xBB, 0xE6, 0xBB, 0xE6, 0xDB, 0xE6, 0xDB, 0xE6, 0xDB, 0xE6, 0xDB, 0xE6, 0xDB, 0xE6, 0xDB, 0xE6, 0xDB, 0xE6, 0xDB, 
0xE6, 0xDB, 0xE6, 0xDB, 0xE6, 0xDB, 0xE6, 0xDB, 0xE6, 0xFB, 0xE6, 0xFB, 0xE6, 0xFB, 0xE6, 0xFB, 0xE6, 0xFB, 0xE6, 0xFB, 0xE6, 0xDB, 0xDE, 0x9A, 0xDE, 0x79, 0xDE, 0x7A, 0xDE, 0x79, 0xDE, 0x7A, 
0xDE, 0x79, 0xD6, 0x59, 0xD6, 0x58, 0xD6, 0x59, 0xDE, 0x79, 0xDE, 0x9A, 0xDE, 0x9A, 0xDE, 0xBB, 0xE6, 0xBB, 0xE6, 0xBB, 0xE6, 0xBB, 0xE6, 0xBB, 0xE6, 0xBB, 0xE6, 0xBA, 0xDE, 0xBA, 0xDE, 0x9A, 
0xDE, 0x9A, 0xDE, 0x9A, 0xDE, 0xBB, 0xE6, 0xBB, 0xE6, 0xBB, 0xE6, 0xBA, 0xE6, 0xBA, 0xDE, 0x9A, 0xDE, 0x9A, 0xDE, 0x9A, 0xE6, 0xBA, 0xE6, 0xBB, 0xE6, 0xBB, 0xE6, 0xDB, 0xEE, 0xDB, 0xEE, 0xDB, 
0xEE, 0xDB, 0xEE, 0xDB, 0xEE, 0xDB, 0xEE, 0xDB, 0xE6, 0xBB, 0xE6, 0x9B, 0xEE, 0xBB, 0xEE, 0xDB, 0xEE, 0xDB, 0xF6, 0xFB, 0xF6, 0xFB, 0xF6, 0xFC, 0xF6, 0xFC, 0xF6, 0xFB, 0xF6, 0xFB, 0xF6, 0xDB, 
0xEE, 0xBB, 0xEE, 0xBB, 0xEE, 0xDB, 0xF6, 0xDB, 0xF6, 0xFB, 0xF6, 0xFB, 0xF6, 0xFB, 0xF6, 0xFC, 0xF6, 0xFB, 0xF6, 0xFC, 0xF6, 0xFC, 0xF6, 0xFC, 0xF6, 0xFC, 0xF6, 0xFC, 0xF6, 0xFC, 0xF6, 0xFB, 
0xF6, 0xDB, 0xF6, 0xDB, 0xF6, 0xDB, 0xF6, 0xDB, 0xF6, 0xDB, 0xF6, 0xDB, 0xE5, 0x12, 0xE4, 0xD1, 0xE4, 0xD0, 0xE4, 0xD0, 0xEC, 0xB0, 0xEC, 0xB0, 0xEC, 0x6F, 0xEC, 0x8F, 0xEC, 0x8F, 0xF4, 0x8F, 
0xF4, 0x6F, 0xF4, 0x4E, 0xF4, 0x2E, 0xFC, 0x0D, 0xFC, 0x0D, 0xFB, 0xED, 0xFB, 0xCC, 0xFB, 0x8B, 0xFB, 0x6B, 0xFB, 0x4A, 0xFB, 0x09, 0xFA, 0xC8, 0xFA, 0x87, 0xCA, 0x68, 0x91, 0x85, 0x89, 0x44, 
0x78, 0xE2, 0x68, 0xA1, 0x68, 0xE3, 0x69, 0x04, 0x79, 0x24, 0x81, 0x43, 0x89, 0x64, 0x89, 0x84, 0x89, 0x84, 0x89, 0x84, 0x89, 0x84, 0x89, 0x64, 0x89, 0x64, 0x89, 0x64, 0x89, 0x64, 0x89, 0x84, 
0xC5, 0x76, 0xC5, 0x76, 0xC5, 0x55, 0xC5, 0x55, 0xC5, 0x55, 0xC5, 0x56, 0xC5, 0x55, 0x93, 0x4B, 0x71, 0xE5, 0x72, 0x05, 0x72, 0x26, 0x7A, 0x88, 0x8A, 0xC9, 0x93, 0x0A, 0x93, 0x2A, 0x9B, 0x2B, 
0xA3, 0x4B, 0xA3, 0x4B, 0xAB, 0x4A, 0xAB, 0x2A, 0x71, 0x84, 0x18, 0x20, 0x10, 0x40, 0x08, 0x20, 0x00, 0x00, 0x00, 0x00, 0x00, 0x20, 0x08, 0x21, 0x08, 0x42, 0x10, 0x84, 0x31, 0xAA, 0xB5, 0xBA, 
0x41, 0x88, 0x20, 0x82, 0x10, 0x00, 0x28, 0x20, 0x28, 0x20, 0x20, 0x61, 0x9B, 0x8C, 0xA3, 0x6B, 0xA3, 0x6B, 0xA3, 0x6A, 0xA3, 0x6A, 0xA3, 0x6A, 0xA3, 0x6B, 0xA3, 0x6B, 0xA3, 0x6B, 0xA3, 0x6A, 
0xA3, 0x4A, 0xA3, 0x6A, 0xA3, 0x6A, 0xA3, 0x8B, 0xA3, 0x8B, 0xA3, 0x8B, 0xA3, 0x8B, 0xA3, 0x8B, 0x9B, 0x4A, 0x93, 0x09, 0x7A, 0x66, 0x40, 0xC2, 0x20, 0x20, 0x18, 0x20, 0x18, 0x00, 0x10, 0x00, 
0x08, 0x00, 0x08, 0x00, 0x08, 0x00, 0x00, 0x00, 0x08, 0x00, 0x08, 0x00, 0x00, 0x00, 0x08, 0x00, 0x18, 0x40, 0x10, 0x20, 0x08, 0x00, 0x00, 0x00, 0x00, 0x00, 0x10, 0x41, 0x5A, 0x48, 0x7B, 0x2B, 
0xB5, 0x14, 0xC5, 0x96, 0xC5, 0xB6, 0xC5, 0x95, 0xC5, 0x96, 0xCD, 0xD7, 0xCD, 0xF8, 0xD6, 0x18, 0xD6, 0x39, 0xD6, 0x59, 0xD6, 0x59, 0xDE, 0x7A, 0xDE, 0x7A, 0xDE, 0x7A, 0xDE, 0x7A, 0xDE, 0x9A, 
0xDE, 0x9A, 0xDE, 0x9B, 0xDE, 0x9A, 0xDE, 0xBA, 0xDE, 0xBB, 0xDE, 0xBB, 0xDE, 0xBA, 0xE6, 0xBB, 0xE6, 0xBB, 0xE6, 0xDB, 0xE6, 0xDB, 0xE6, 0xDB, 0xE6, 0xDB, 0xE6, 0xDB, 0xE6, 0xDB, 0xE6, 0xDB, 
0xE6, 0xDB, 0xE6, 0xDB, 0xE6, 0xDB, 0xE6, 0xDB, 0xE6, 0xDB, 0xE6, 0xDB, 0xE6, 0xDB, 0xE6, 0xDB, 0xE6, 0xDB, 0xE6, 0xBA, 0xDE, 0x9A, 0xDE, 0x79, 0xDE, 0x79, 0xDE, 0x79, 0xDE, 0x59, 0xD6, 0x59, 
0xDE, 0x59, 0xD6, 0x59, 0xDE, 0x79, 0xDE, 0x79, 0xDE, 0x7A, 0xDE, 0x9A, 0xDE, 0x9A, 0xDE, 0xBB, 0xE6, 0xBB, 0xE6, 0xBB, 0xE6, 0xDB, 0xE6, 0xBB, 0xE6, 0xBB, 0xDE, 0xBA, 0xDE, 0xBA, 0xDE, 0x9B, 
0xDE, 0x9A, 0xDE, 0x9A, 0xDE, 0xBA, 0xDE, 0xBB, 0xE6, 0xBB, 0xE6, 0xBB, 0xE6, 0xBA, 0xE6, 0xBA, 0xE6, 0xBA, 0xE6, 0xBA, 0xE6, 0xBA, 0xE6, 0xBB, 0xE6, 0xDB, 0xE6, 0xDB, 0xEE, 0xDB, 0xEE, 0xDB, 
0xEE, 0xDB, 0xEE, 0xDB, 0xEE, 0xDB, 0xEE, 0xDB, 0xEE, 0xBB, 0xEE, 0xBB, 0xEE, 0xDB, 0xEE, 0xDB, 0xEE, 0xDB, 0xF6, 0xFB, 0xF6, 0xFC, 0xF6, 0xFC, 0xF6, 0xFB, 0xF6, 0xFB, 0xF6, 0xFB, 0xF6, 0xDB, 
0xEE, 0xBB, 0xEE, 0xBB, 0xEE, 0xDB, 0xF6, 0xDB, 0xF6, 0xFC, 0xF6, 0xFB, 0xF6, 0xFB, 0xF6, 0xFC, 0xF6, 0xFC, 0xF6, 0xFC, 0xF6, 0xFC, 0xF6, 0xFC, 0xF6, 0xFC, 0xF6, 0xDB, 0xF6, 0xDB, 0xF6, 0xFB, 
0xF6, 0xFC, 0xF6, 0xDB, 0xF6, 0xDB, 0xF6, 0xDB, 0xF6, 0xDB, 0xF6, 0xDB, 0xEE, 0x17, 0xE4, 0xD1, 0xE4, 0xD0, 0xE4, 0xB0, 0xEC, 0xB0, 0xEC, 0x90, 0xEC, 0x8F, 0xEC, 0x8F, 0xF4, 0x90, 0xF4, 0x6F, 
0xF4, 0x4E, 0xF4, 0x4E, 0xF4, 0x2E, 0xFC, 0x0D, 0xFB, 0xED, 0xFB, 0xCC, 0xFB, 0xAC, 0xFB, 0x6B, 0xFB, 0x4A, 0xFB, 0x2A, 0xFA, 0xE9, 0xFA, 0xA7, 0xFB, 0x2B, 0xB2, 0x49, 0x91, 0x85, 0x81, 0x44, 
0x70, 0xE2, 0x60, 0xA1, 0x68, 0xE3, 0x69, 0x04, 0x79, 0x23, 0x89, 0x43, 0x89, 0x64, 0x89, 0x84, 0x89, 0x84, 0x89, 0x84, 0x89, 0x84, 0x89, 0x64, 0x89, 0x64, 0x89, 0x64, 0x89, 0x84, 0x89, 0x84, 
0xC5, 0x76, 0xC5, 0x76, 0xC5, 0x55, 0xC5, 0x55, 0xC5, 0x56, 0xC5, 0x76, 0xC5, 0x56, 0xC5, 0x34, 0x7A, 0x47, 0x72, 0x05, 0x72, 0x26, 0x7A, 0x67, 0x82, 0xC9, 0x8B, 0x0A, 0x93, 0x0B, 0x9B, 0x2B, 
0xA3, 0x4B, 0xA3, 0x4B, 0xAB, 0x4B, 0xAB, 0x0A, 0x79, 0xC5, 0x28, 0x40, 0x10, 0x20, 0x10, 0x41, 0x00, 0x00, 0x00, 0x00, 0x00, 0x20, 0x08, 0x20, 0x08, 0x21, 0x10, 0x63, 0x18, 0xC5, 0xA5, 0x39, 
0x62, 0xAD, 0x30, 0xE4, 0x18, 0x20, 0x18, 0x00, 0x30, 0x40, 0x18, 0x20, 0x83, 0x0A, 0xA3, 0x8B, 0xA3, 0x6B, 0xA3, 0x6B, 0xA3, 0x6B, 0xA3, 0x8B, 0xA3, 0x8B, 0xA3, 0x8B, 0xA3, 0x6B, 0xA3, 0x6A, 
0xA3, 0x4A, 0x9B, 0x2A, 0x9B, 0x29, 0x9B, 0x2A, 0x9B, 0x2A, 0x9B, 0x29, 0x9B, 0x29, 0x92, 0xE8, 0x82, 0x87, 0x72, 0x05, 0x40, 0xE2, 0x28, 0x61, 0x28, 0x61, 0x30, 0x81, 0x20, 0x40, 0x08, 0x00, 
0x08, 0x00, 0x08, 0x00, 0x00, 0x00, 0x00, 0x00, 0x08, 0x00, 0x00, 0x00, 0x00, 0x00, 0x08, 0x00, 0x18, 0x40, 0x10, 0x20, 0x08, 0x00, 0x00, 0x00, 0x28, 0xE3, 0x83, 0x4C, 0xAC, 0x91, 0xB4, 0xB2, 
0xB5, 0x13, 0xCD, 0xB6, 0xC5, 0xB6, 0xCD, 0xB6, 0xCD, 0xD7, 0xD6, 0x18, 0xD6, 0x38, 0xD6, 0x39, 0xD6, 0x59, 0xD6, 0x59, 0xD6, 0x59, 0xDE, 0x7A, 0xDE, 0x7A, 0xDE, 0x7A, 0xDE, 0x9A, 0xDE, 0x9A, 
0xDE, 0x9A, 0xDE, 0x9A, 0xDE, 0x9A, 0xDE, 0xBA, 0xDE, 0xBA, 0xDE, 0xBB, 0xDE, 0xBB, 0xE6, 0xBB, 0xE6, 0xBB, 0xE6, 0xBB, 0xE6, 0xBB, 0xE6, 0xDB, 0xE6, 0xDA, 0xE6, 0xDA, 0xE6, 0xDB, 0xE6, 0xBB, 
0xE6, 0xDB, 0xE6, 0xDA, 0xE6, 0xDB, 0xE6, 0xBA, 0xE6, 0xBA, 0xDE, 0xBA, 0xDE, 0x9A, 0xDE, 0x9A, 0xDE, 0x79, 0xDE, 0x59, 0xDE, 0x59, 0xDE, 0x58, 0xDE, 0x59, 0xDE, 0x59, 0xDE, 0x79, 0xDE, 0x79, 
0xDE, 0x79, 0xDE, 0x79, 0xDE, 0x9A, 0xDE, 0x9A, 0xDE, 0x9A, 0xDE, 0x9A, 0xDE, 0xBA, 0xDE, 0xBB, 0xE6, 0xBB, 0xE6, 0xBB, 0xE6, 0xBB, 0xE6, 0xBB, 0xE6, 0xBB, 0xDE, 0xBA, 0xDE, 0xBA, 0xDE, 0xBB, 
0xDE, 0x9B, 0xDE, 0x9B, 0xDE, 0x9B, 0xDE, 0xBB, 0xDE, 0xBA, 0xDE, 0xBA, 0xE6, 0xBB, 0xE6, 0xBA, 0xE6, 0xBA, 0xE6, 0xBB, 0xE6, 0xBB, 0xE6, 0xBB, 0xE6, 0xDB, 0xE6, 0xDB, 0xEE, 0xDB, 0xEE, 0xDB, 
0xEE, 0xDB, 0xEE, 0xDB, 0xEE, 0xDB, 0xEE, 0xBB, 0xEE, 0xBB, 0xEE, 0xBB, 0xEE, 0xDB, 0xEE, 0xDB, 0xEE, 0xFB, 0xF6, 0xFB, 0xF6, 0xFB, 0xF6, 0xFC, 0xF6, 0xFC, 0xF6, 0xFC, 0xF6, 0xFB, 0xEE, 0xDB, 
0xEE, 0xDB, 0xEE, 0xBB, 0xEE, 0xDB, 0xF6, 0xFB, 0xF6, 0xFB, 0xF6, 0xFC, 0xF6, 0xFC, 0xF6, 0xFC, 0xF6, 0xFB, 0xF6, 0xFC, 0xF6, 0xFC, 0xF6, 0xFC, 0xF6, 0xFC, 0xF6, 0xDB, 0xF6, 0xDB, 0xF6, 0xDB, 
0xF6, 0xDB, 0xF6, 0xDB, 0xF6, 0xDB, 0xF6, 0xDB, 0xF6, 0xDB, 0xF6, 0xFB, 0xF6, 0xDB, 0xE5, 0x12, 0xE4, 0xB0, 0xE4, 0xB0, 0xEC, 0xB0, 0xEC, 0xB0, 0xEC, 0x8F, 0xEC, 0x8F, 0xF4, 0x8F, 0xF4, 0x6F, 
0xF4, 0x4E, 0xF4, 0x2E, 0xFC, 0x0D, 0xFC, 0x0D, 0xFB, 0xEC, 0xFB, 0xAC, 0xFB, 0x8B, 0xFB, 0x6B, 0xFB, 0x4A, 0xFB, 0x09, 0xFA, 0xC8, 0xFA, 0x66, 0xF4, 0x30, 0x99, 0xC6, 0x91, 0x85, 0x81, 0x44, 
0x70, 0xC2, 0x60, 0xA1, 0x69, 0x04, 0x69, 0x04, 0x79, 0x23, 0x89, 0x43, 0x89, 0x84, 0x89, 0x84, 0x89, 0x84, 0x89, 0x84, 0x89, 0x84, 0x89, 0x84, 0x89, 0x84, 0x89, 0x84, 0x89, 0x84, 0x89, 0x84, 
0xC5, 0x76, 0xC5, 0x75, 0xC5, 0x55, 0xC5, 0x55, 0xC5, 0x56, 0xC5, 0x76, 0xC5, 0x56, 0xC5, 0x55, 0xAC, 0x0F, 0x72, 0x06, 0x72, 0x06, 0x72, 0x47, 0x82, 0xA9, 0x8A, 0xEA, 0x93, 0x0A, 0x93, 0x2B, 
0x9B, 0x2B, 0xA3, 0x2A, 0xA3, 0x4B, 0xA3, 0x09, 0x8A, 0x26, 0x48, 0xA1, 0x18, 0x40, 0x10, 0x60, 0x08, 0x20, 0x00, 0x00, 0x00, 0x00, 0x00, 0x20, 0x08, 0x20, 0x10, 0x41, 0x18, 0x83, 0x63, 0x10, 
0x8C, 0x54, 0x39, 0x26, 0x18, 0x41, 0x10, 0x00, 0x38, 0x40, 0x18, 0x20, 0x6A, 0x48, 0xA3, 0x8C, 0xA3, 0x8B, 0xA3, 0x8B, 0xA3, 0x8B, 0xA3, 0xAB, 0xAB, 0xAC, 0xAB, 0xAC, 0xA3, 0x8B, 0xA3, 0x8B, 
0xA3, 0x6B, 0xA3, 0x6A, 0xA3, 0x6A, 0xA3, 0x6A, 0xA3, 0x6A, 0xA3, 0x6A, 0x9B, 0x4A, 0x9B, 0x09, 0x8A, 0xC8, 0x69, 0xC5, 0x30, 0x81, 0x28, 0x60, 0x49, 0x43, 0x51, 0x63, 0x20, 0x40, 0x08, 0x00, 
0x08, 0x00, 0x08, 0x00, 0x00, 0x00, 0x08, 0x00, 0x08, 0x00, 0x00, 0x00, 0x00, 0x00, 0x00, 0x00, 0x10, 0x40, 0x08, 0x20, 0x10, 0x20, 0x41, 0xA5, 0x93, 0xCE, 0xAC, 0x91, 0xB4, 0xF2, 0xB4, 0xD2, 
0xBD, 0x14, 0xCD, 0xB6, 0xCD, 0xB6, 0xCD, 0xF7, 0xD6, 0x18, 0xD6, 0x38, 0xD6, 0x39, 0xD6, 0x59, 0xD6, 0x59, 0xD6, 0x59, 0xDE, 0x7A, 0xDE, 0x7A, 0xDE, 0x7A, 0xDE, 0x9A, 0xDE, 0x9A, 0xDE, 0x9A, 
0xDE, 0x9A, 0xDE, 0x9A, 0xDE, 0x9A, 0xDE, 0xBA, 0xDE, 0xBA, 0xDE, 0xBA, 0xDE, 0xBA, 0xDE, 0xBA, 0xDE, 0xBA, 0xDE, 0xBA, 0xDE, 0xBA, 0xDE, 0xBA, 0xDE, 0xBA, 0xDE, 0xBA, 0xDE, 0x9A, 0xDE, 0x9A, 
0xDE, 0x9A, 0xDE, 0x9A, 0xDE, 0x9A, 0xDE, 0x79, 0xDE, 0x79, 0xDE, 0x59, 0xDE, 0x59, 0xDE, 0x59, 0xDE, 0x59, 0xDE, 0x59, 0xDE, 0x59, 0xDE, 0x79, 0xDE, 0x79, 0xDE, 0x9A, 0xDE, 0x99, 0xDE, 0x9A, 
0xDE, 0x9A, 0xDE, 0x9A, 0xDE, 0x9A, 0xDE, 0x9A, 0xDE, 0x9A, 0xDE, 0xBA, 0xDE, 0xBA, 0xDE, 0xBA, 0xE6, 0xBB, 0xE6, 0xBB, 0xE6, 0xBB, 0xE6, 0xBB, 0xE6, 0xBB, 0xDE, 0xBB, 0xDE, 0xBB, 0xDE, 0xBB, 
0xDE, 0xBB, 0xDE, 0x9B, 0xDE, 0x9B, 0xDE, 0xBB, 0xDE, 0xBA, 0xE6, 0xBA, 0xE6, 0xBB, 0xE6, 0xBB, 0xE6, 0xBA, 0xE6, 0xBB, 0xE6, 0xBB, 0xE6, 0xDB, 0xE6, 0xDB, 0xEE, 0xDB, 0xEE, 0xDB, 0xEE, 0xDB, 
0xEE, 0xDB, 0xEE, 0xDB, 0xEE, 0xDB, 0xEE, 0xDB, 0xEE, 0xDB, 0xEE, 0xDB, 0xEE, 0xDB, 0xEE, 0xFB, 0xF6, 0xFB, 0xF6, 0xFB, 0xF6, 0xFC, 0xF6, 0xFC, 0xF6, 0xFB, 0xF6, 0xFC, 0xF6, 0xFB, 0xEE, 0xDB, 
0xEE, 0xDB, 0xEE, 0xDB, 0xEE, 0xDB, 0xF6, 0xFB, 0xF6, 0xFB, 0xF6, 0xFC, 0xF6, 0xFC, 0xF6, 0xFC, 0xF6, 0xFC, 0xF6, 0xFC, 0xF6, 0xFC, 0xF6, 0xFC, 0xF6, 0xFC, 0xF6, 0xDB, 0xF6, 0xDB, 0xF6, 0xDB, 
0xF6, 0xDB, 0xF6, 0xDB, 0xEE, 0xBB, 0xF6, 0xDB, 0xF6, 0xDB, 0xF6, 0xFB, 0xF6, 0xFB, 0xEE, 0x38, 0xE4, 0xB0, 0xE4, 0xB0, 0xEC, 0xB0, 0xEC, 0xB0, 0xEC, 0x8F, 0xEC, 0x8F, 0xF4, 0x6F, 0xF4, 0x4E, 
0xF4, 0x2E, 0xFC, 0x2E, 0xFC, 0x0D, 0xFB, 0xED, 0xFB, 0xCC, 0xFB, 0xAC, 0xFB, 0x8B, 0xFB, 0x4A, 0xFB, 0x29, 0xFA, 0xE8, 0xFA, 0xA7, 0xFA, 0xA8, 0xE4, 0x50, 0x99, 0xA5, 0x91, 0x85, 0x81, 0x23, 
0x68, 0xC2, 0x60, 0xA2, 0x69, 0x04, 0x69, 0x24, 0x79, 0x23, 0x89, 0x43, 0x89, 0x84, 0x89, 0x84, 0x89, 0x84, 0x89, 0x84, 0x89, 0x84, 0x89, 0x84, 0x89, 0x84, 0x89, 0x84, 0x89, 0x84, 0x89, 0x84, 
0xC5, 0x76, 0xC5, 0x76, 0xC5, 0x55, 0xC5, 0x55, 0xC5, 0x55, 0xC5, 0x56, 0xC5, 0x55, 0xC5, 0x55, 0xC5, 0x55, 0x82, 0xC9, 0x6A, 0x05, 0x6A, 0x06, 0x7A, 0x67, 0x82, 0xA9, 0x8A, 0xEA, 0x93, 0x0A, 
0x9B, 0x2B, 0x9B, 0x4B, 0xA3, 0x4B, 0x9B, 0x0A, 0x9A, 0xC9, 0x61, 0x02, 0x28, 0x40, 0x10, 0x40, 0x10, 0x40, 0x00, 0x00, 0x00, 0x00, 0x00, 0x00, 0x08, 0x20, 0x08, 0x21, 0x10, 0x62, 0x21, 0x27, 
0xAD, 0x99, 0x41, 0x88, 0x20, 0x82, 0x10, 0x00, 0x30, 0x20, 0x20, 0x00, 0x49, 0x65, 0xA3, 0xAC, 0xA3, 0x8C, 0xA3, 0x8B, 0xA3, 0x8B, 0xA3, 0xAB, 0xAB, 0xAC, 0xAB, 0xAC, 0xA3, 0xAC, 0xA3, 0x8B, 
0xA3, 0x8B, 0xA3, 0x6B, 0xA3, 0x8B, 0xA3, 0x8B, 0xAB, 0xAB, 0xA3, 0x8B, 0xA3, 0x6A, 0x93, 0x09, 0x69, 0xC5, 0x40, 0xC2, 0x30, 0x81, 0x51, 0x64, 0x6A, 0x05, 0x49, 0x22, 0x18, 0x20, 0x08, 0x00, 
0x08, 0x00, 0x08, 0x00, 0x08, 0x00, 0x10, 0x20, 0x08, 0x00, 0x08, 0x00, 0x00, 0x00, 0x00, 0x00, 0x10, 0x20, 0x10, 0x20, 0x39, 0x44, 0x83, 0x2C, 0xA4, 0x2F, 0xB4, 0xD2, 0xB4, 0xF2, 0xB4, 0xD2, 
0xC5, 0x95, 0xCD, 0xB6, 0xCD, 0xD7, 0xD5, 0xF8, 0xD6, 0x38, 0xD6, 0x39, 0xD6, 0x59, 0xDE, 0x59, 0xDE, 0x79, 0xDE, 0x79, 0xDE, 0x79, 0xDE, 0x7A, 0xDE, 0x7A, 0xDE, 0x7A, 0xDE, 0x79, 0xDE, 0x79, 
0xDE, 0x79, 0xDE, 0x99, 0xDE, 0x9A, 0xDE, 0x9A, 0xDE, 0x9A, 0xDE, 0x9A, 0xDE, 0x9A, 0xDE, 0x9A, 0xDE, 0x79, 0xDE, 0x79, 0xDE, 0x79, 0xDE, 0x79, 0xDE, 0x59, 0xDE, 0x59, 0xDE, 0x59, 0xDE, 0x79, 
0xDE, 0x79, 0xDE, 0x79, 0xDE, 0x79, 0xDE, 0x79, 0xDE, 0x79, 0xDE, 0x79, 0xDE, 0x79, 0xDE, 0x9A, 0xDE, 0x9A, 0xDE, 0x9A, 0xDE, 0x9A, 0xDE, 0x9A, 0xDE, 0x9A, 0xDE, 0x9A, 0xDE, 0x9A, 0xDE, 0xBA, 
0xDE, 0xBA, 0xDE, 0xBA, 0xDE, 0xBA, 0xDE, 0xBA, 0xDE, 0xBA, 0xDE, 0xBA, 0xDE, 0xBA, 0xDE, 0xBA, 0xE6, 0xBB, 0xE6, 0xBB, 0xE6, 0xBB, 0xE6, 0xBB, 0xE6, 0xBB, 0xE6, 0xBB, 0xDE, 0xBB, 0xDE, 0xBB, 
0xDE, 0xBB, 0xDE, 0xBB, 0xDE, 0xBA, 0xDE, 0xBB, 0xE6, 0xBA, 0xE6, 0xBB, 0xE6, 0xBB, 0xE6, 0xBB, 0xE6, 0xBB, 0xE6, 0xBB, 0xE6, 0xBB, 0xE6, 0xDB, 0xE6, 0xDB, 0xEE, 0xDB, 0xEE, 0xDB, 0xEE, 0xDB, 
0xEE, 0xDB, 0xEE, 0xDB, 0xEE, 0xDB, 0xEE, 0xDB, 0xEE, 0xDB, 0xEE, 0xDB, 0xEE, 0xDB, 0xF6, 0xFB, 0xF6, 0xFB, 0xF6, 0xFC, 0xF6, 0xFC, 0xF6, 0xFC, 0xF6, 0xFB, 0xF6, 0xFC, 0xF6, 0xFB, 0xF6, 0xFB, 
0xEE, 0xDB, 0xEE, 0xDB, 0xF6, 0xDB, 0xF6, 0xDB, 0xF6, 0xDB, 0xF6, 0xFB, 0xF6, 0xFB, 0xF6, 0xFB, 0xF6, 0xFB, 0xF6, 0xFB, 0xF6, 0xFB, 0xF6, 0xFC, 0xF6, 0xFC, 0xF6, 0xDB, 0xF6, 0xDB, 0xF6, 0xDB, 
0xF6, 0xDB, 0xF6, 0xDB, 0xF6, 0xDB, 0xF6, 0xBB, 0xF6, 0xDB, 0xF6, 0xDB, 0xF6, 0xFB, 0xF6, 0xFC, 0xED, 0x74, 0xE4, 0xB0, 0xEC, 0xB0, 0xEC, 0x90, 0xEC, 0x8F, 0xEC, 0x6F, 0xF4, 0x6F, 0xF4, 0x4E, 
0xF4, 0x2E, 0xFC, 0x0E, 0xFB, 0xED, 0xFB, 0xCD, 0xFB, 0xAC, 0xFB, 0x8B, 0xFB, 0x6B, 0xFB, 0x4A, 0xFB, 0x09, 0xFA, 0xC8, 0xFA, 0x66, 0xFC, 0x0E, 0xC3, 0x4D, 0x91, 0xA5, 0x89, 0x85, 0x79, 0x23, 
0x68, 0xC2, 0x60, 0xC2, 0x61, 0x04, 0x69, 0x03, 0x79, 0x23, 0x89, 0x44, 0x89, 0x84, 0x89, 0xA4, 0x89, 0xA4, 0x89, 0x84, 0x89, 0x84, 0x89, 0x84, 0x89, 0x84, 0x89, 0x84, 0x89, 0x84, 0x89, 0x84, 
0xC5, 0x76, 0xC5, 0x55, 0xC5, 0x35, 0xBD, 0x55, 0xC5, 0x55, 0xC5, 0x56, 0xC5, 0x56, 0xC5, 0x55, 0xC5, 0x55, 0xAC, 0x4F, 0x6A, 0x05, 0x69, 0xE5, 0x6A, 0x06, 0x72, 0x67, 0x82, 0xC9, 0x8A, 0xE9, 
0x93, 0x0A, 0x93, 0x0A, 0x9B, 0x0A, 0x9B, 0x2A, 0x9A, 0xE9, 0x61, 0x43, 0x40, 0x81, 0x18, 0x40, 0x18, 0x61, 0x00, 0x00, 0x00, 0x00, 0x00, 0x00, 0x00, 0x20, 0x08, 0x21, 0x10, 0x42, 0x18, 0xA5, 
0x94, 0x96, 0x5A, 0x6C, 0x28, 0xC4, 0x18, 0x20, 0x20, 0x00, 0x30, 0x20, 0x30, 0xA2, 0xA3, 0xAD, 0xA3, 0x8B, 0xA3, 0x8B, 0xA3, 0x8B, 0xA3, 0xAB, 0xAB, 0xAC, 0xAB, 0xAC, 0xA3, 0xAC, 0xA3, 0x8B, 
0xA3, 0x6B, 0xA3, 0x6A, 0xA3, 0x6A, 0xA3, 0x6B, 0xA3, 0x4A, 0x92, 0xE9, 0x7A, 0x46, 0x61, 0xA4, 0x51, 0x43, 0x40, 0xE2, 0x6A, 0x06, 0x8A, 0xC8, 0x6A, 0x05, 0x51, 0x42, 0x18, 0x20, 0x08, 0x00, 
0x08, 0x00, 0x08, 0x00, 0x10, 0x20, 0x20, 0x40, 0x08, 0x00, 0x08, 0x00, 0x08, 0x00, 0x00, 0x00, 0x08, 0x00, 0x08, 0x20, 0x39, 0x44, 0x8B, 0x6C, 0xA4, 0x50, 0xB4, 0xD2, 0xB4, 0xF3, 0xC5, 0x75, 
0xCD, 0xB6, 0xCD, 0xD7, 0xCD, 0xF7, 0xD6, 0x38, 0xD6, 0x38, 0xD6, 0x59, 0xDE, 0x59, 0xDE, 0x79, 0xDE, 0x7A, 0xDE, 0x79, 0xDE, 0x7A, 0xDE, 0x7A, 0xDE, 0x7A, 0xDE, 0x7A, 0xDE, 0x79, 0xDE, 0x79, 
0xDE, 0x79, 0xDE, 0x7A, 0xDE, 0x7A, 0xDE, 0x7A, 0xDE, 0x79, 0xDE, 0x7A, 0xDE, 0x7A, 0xDE, 0x7A, 0xDE, 0x7A, 0xDE, 0x7A, 0xDE, 0x7A, 0xDE, 0x79, 0xDE, 0x79, 0xDE, 0x79, 0xDE, 0x9A, 0xDE, 0x9A, 
0xDE, 0x9A, 0xDE, 0x9A, 0xDE, 0x9A, 0xDE, 0x9A, 0xDE, 0x9A, 0xDE, 0x9A, 0xDE, 0x9A, 0xDE, 0xBA, 0xDE, 0xBA, 0xDE, 0xBA, 0xDE, 0xBA, 0xE6, 0xBB, 0xE6, 0xBA, 0xE6, 0xBB, 0xDE, 0xBB, 0xDE, 0xBB, 
0xDE, 0xBB, 0xDE, 0xBA, 0xDE, 0xBB, 0xDE, 0xBA, 0xDE, 0xBB, 0xDE, 0xBA, 0xE6, 0xBA, 0xE6, 0xBA, 0xE6, 0xBB, 0xE6, 0xBB, 0xE6, 0xDB, 0xE6, 0xBB, 0xE6, 0xBB, 0xE6, 0xBB, 0xE6, 0xBB, 0xDE, 0xBB, 
0xDE, 0xBB, 0xDE, 0xBB, 0xDE, 0xBB, 0xE6, 0xBB, 0xE6, 0xBA, 0xE6, 0xBB, 0xE6, 0xBB, 0xE6, 0xBB, 0xE6, 0xBB, 0xE6, 0xDB, 0xE6, 0xDB, 0xE6, 0xDB, 0xE6, 0xDB, 0xEE, 0xDB, 0xEE, 0xDB, 0xEE, 0xDB, 
0xEE, 0xDB, 0xEE, 0xDB, 0xEE, 0xDB, 0xEE, 0xDB, 0xEE, 0xDB, 0xEE, 0xDB, 0xEE, 0xFB, 0xF6, 0xFB, 0xF6, 0xFB, 0xF6, 0xFC, 0xF7, 0x1C, 0xF7, 0x1C, 0xF6, 0xFC, 0xF6, 0xFC, 0xF6, 0xFC, 0xF6, 0xFB, 
0xF6, 0xDB, 0xF6, 0xDB, 0xF6, 0xDB, 0xF6, 0xFB, 0xF6, 0xDB, 0xF6, 0xFB, 0xF6, 0xFB, 0xF6, 0xFB, 0xF6, 0xFB, 0xF6, 0xFB, 0xF6, 0xFC, 0xF6, 0xFB, 0xF6, 0xFB, 0xF6, 0xFB, 0xF6, 0xFB, 0xF6, 0xDB, 
0xF6, 0xDB, 0xF6, 0xDB, 0xF6, 0xDB, 0xEE, 0xBB, 0xF6, 0xDB, 0xF6, 0xDB, 0xF6, 0xFB, 0xF6, 0xFC, 0xF6, 0xBB, 0xE4, 0xF2, 0xEC, 0xB0, 0xEC, 0x8F, 0xEC, 0x8F, 0xF4, 0x6F, 0xF4, 0x6F, 0xF4, 0x4E, 
0xF4, 0x2E, 0xFC, 0x0E, 0xFB, 0xED, 0xFB, 0xCC, 0xFB, 0xAC, 0xFB, 0x8B, 0xFB, 0x6A, 0xFB, 0x2A, 0xFA, 0xE9, 0xFA, 0x87, 0xFA, 0x67, 0xFD, 0x55, 0xAA, 0x27, 0x91, 0xA5, 0x89, 0x84, 0x79, 0x03, 
0x60, 0xA2, 0x58, 0xA2, 0x60, 0xE3, 0x68, 0xE3, 0x81, 0x23, 0x89, 0x64, 0x89, 0x84, 0x89, 0xA5, 0x89, 0xA4, 0x89, 0xA4, 0x89, 0x84, 0x89, 0x84, 0x89, 0x84, 0x89, 0x84, 0x89, 0x84, 0x89, 0x84, 
0xC5, 0x55, 0xC5, 0x55, 0xBD, 0x35, 0xBD, 0x55, 0xC5, 0x55, 0xC5, 0x56, 0xC5, 0x56, 0xC5, 0x55, 0xC5, 0x55, 0xC5, 0x34, 0x72, 0x26, 0x61, 0xC5, 0x61, 0xC5, 0x61, 0xE5, 0x72, 0x47, 0x7A, 0x87, 
0x82, 0xA8, 0x8A, 0xC9, 0x93, 0x0A, 0x92, 0xC9, 0x82, 0x47, 0x69, 0x43, 0x50, 0xC1, 0x30, 0x81, 0x18, 0x61, 0x08, 0x20, 0x00, 0x00, 0x00, 0x00, 0x00, 0x00, 0x08, 0x20, 0x08, 0x21, 0x10, 0x84, 
0x52, 0xAF, 0x8C, 0x33, 0x39, 0x05, 0x18, 0x41, 0x10, 0x00, 0x30, 0x40, 0x20, 0x20, 0x93, 0x6B, 0xA3, 0x8B, 0xA3, 0x8B, 0xA3, 0x8B, 0xA3, 0x8B, 0xA3, 0xAB, 0xA3, 0xAB, 0xA3, 0x8B, 0xA3, 0x8B, 
0x9B, 0x4A, 0x9B, 0x29, 0x93, 0x09, 0x8A, 0xC8, 0x82, 0x87, 0x7A, 0x46, 0x69, 0xE5, 0x69, 0xA4, 0x69, 0xE5, 0x6A, 0x05, 0x7A, 0x67, 0x8A, 0xE8, 0x7A, 0x66, 0x41, 0x02, 0x10, 0x00, 0x08, 0x00, 
0x08, 0x00, 0x08, 0x00, 0x10, 0x20, 0x18, 0x20, 0x10, 0x00, 0x08, 0x00, 0x08, 0x00, 0x00, 0x00, 0x08, 0x00, 0x08, 0x20, 0x5A, 0x27, 0x93, 0xCE, 0xA4, 0x70, 0xB4, 0xD2, 0xBD, 0x54, 0xC5, 0xB6, 
0xCD, 0xD7, 0xCD, 0xF7, 0xD6, 0x18, 0xD6, 0x38, 0xD6, 0x59, 0xD6, 0x59, 0xDE, 0x79, 0xDE, 0x7A, 0xDE, 0x7A, 0xDE, 0x7A, 0xDE, 0x9A, 0xDE, 0x9A, 0xDE, 0x9A, 0xDE, 0x9A, 0xDE, 0x9A, 0xDE, 0x9A, 
0xDE, 0x9A, 0xDE, 0x9A, 0xDE, 0x9A, 0xDE, 0x9A, 0xDE, 0x9A, 0xDE, 0x9A, 0xDE, 0x9A, 0xDE, 0x9A, 0xDE, 0x9A, 0xDE, 0x9B, 0xDE, 0x9B, 0xDE, 0x9A, 0xDE, 0x9B, 0xDE, 0xBA, 0xDE, 0xBA, 0xDE, 0xBA, 
0xDE, 0xBA, 0xDE, 0xBA, 0xDE, 0xBB, 0xDE, 0xBA, 0xE6, 0xBA, 0xE6, 0xBA, 0xE6, 0xBA, 0xE6, 0xBB, 0xE6, 0xBB, 0xE6, 0xBB, 0xE6, 0xDB, 0xE6, 0xDB, 0xE6, 0xDB, 0xE6, 0xDB, 0xE6, 0xBB, 0xDE, 0xBA, 
0xDE, 0xBA, 0xDE, 0xBB, 0xDE, 0xBB, 0xDE, 0xBA, 0xE6, 0xBA, 0xE6, 0xBB, 0xE6, 0xBB, 0xE6, 0xBB, 0xE6, 0xDB, 0xE6, 0xDB, 0xE6, 0xDB, 0xE6, 0xBB, 0xE6, 0xBB, 0xDE, 0xBB, 0xDE, 0xBB, 0xDE, 0xBB, 
0xE6, 0xBB, 0xDE, 0xBB, 0xE6, 0xBB, 0xE6, 0xBB, 0xE6, 0xBB, 0xE6, 0xBB, 0xE6, 0xBB, 0xE6, 0xDB, 0xE6, 0xDB, 0xE6, 0xDB, 0xE6, 0xDB, 0xE6, 0xDB, 0xE6, 0xDB, 0xEE, 0xDB, 0xEE, 0xDB, 0xEE, 0xDB, 
0xEE, 0xDB, 0xEE, 0xDB, 0xEE, 0xDB, 0xEE, 0xDB, 0xEE, 0xDB, 0xEE, 0xDB, 0xF6, 0xFB, 0xF6, 0xFB, 0xF6, 0xFB, 0xF6, 0xFC, 0xF7, 0x1C, 0xF7, 0x1C, 0xF7, 0x1B, 0xF6, 0xFB, 0xF6, 0xFC, 0xF6, 0xFB, 
0xF6, 0xFB, 0xF6, 0xFB, 0xF6, 0xFC, 0xF6, 0xFB, 0xF6, 0xDB, 0xF6, 0xFB, 0xF6, 0xFB, 0xF6, 0xFB, 0xF6, 0xFB, 0xF6, 0xFB, 0xF6, 0xFB, 0xF6, 0xFB, 0xF6, 0xFB, 0xF6, 0xFB, 0xF6, 0xFB, 0xF6, 0xDB, 
0xF6, 0xDB, 0xF6, 0xDB, 0xF6, 0xDB, 0xF6, 0xDB, 0xEE, 0xBB, 0xF6, 0xFB, 0xF6, 0xFB, 0xF6, 0xFB, 0xF6, 0xFB, 0xF6, 0x79, 0xE4, 0xB0, 0xEC, 0x8F, 0xEC, 0x8F, 0xF4, 0x6F, 0xF4, 0x4E, 0xF4, 0x2E, 
0xFC, 0x2E, 0xFC, 0x0E, 0xFB, 0xED, 0xFB, 0xCC, 0xFB, 0xAB, 0xFB, 0x6B, 0xFB, 0x4A, 0xFB, 0x09, 0xFA, 0xC8, 0xFA, 0x46, 0xFB, 0xCD, 0xE4, 0x92, 0x99, 0xC6, 0x91, 0xA5, 0x89, 0x64, 0x71, 0x03, 
0x58, 0x81, 0x58, 0x81, 0x58, 0xA2, 0x68, 0xC2, 0x81, 0x23, 0x89, 0x64, 0x89, 0xA5, 0x89, 0xA5, 0x89, 0xA4, 0x89, 0xA4, 0x89, 0x84, 0x89, 0x84, 0x89, 0x84, 0x89, 0x84, 0x89, 0x84, 0x89, 0x84, 
0xC5, 0x55, 0xC5, 0x55, 0xBD, 0x35, 0xC5, 0x55, 0xC5, 0x55, 0xC5, 0x56, 0xC5, 0x56, 0xC5, 0x56, 0xC5, 0x56, 0xC5, 0x55, 0x82, 0xA8, 0x61, 0xC4, 0x59, 0xA4, 0x59, 0xA4, 0x61, 0xC5, 0x69, 0xE5, 
0x72, 0x06, 0x7A, 0x47, 0x82, 0x67, 0x82, 0x47, 0x82, 0x47, 0x71, 0xA4, 0x50, 0xE1, 0x48, 0xC2, 0x20, 0x61, 0x10, 0x40, 0x00, 0x00, 0x00, 0x00, 0x00, 0x00, 0x00, 0x00, 0x08, 0x20, 0x10, 0x62, 
0x29, 0x49, 0xA5, 0x17, 0x41, 0x67, 0x20, 0x61, 0x10, 0x00, 0x30, 0x20, 0x20, 0x20, 0x7A, 0x89, 0xA3, 0x8B, 0xA3, 0x6B, 0xA3, 0x8B, 0xA3, 0x8B, 0xA3, 0xAB, 0xA3, 0xAB, 0xA3, 0x8B, 0xA3, 0x6B, 
0xA3, 0x4A, 0x9B, 0x4A, 0x9B, 0x4A, 0x9B, 0x2A, 0x92, 0xE9, 0x7A, 0x46, 0x7A, 0x46, 0x93, 0x09, 0x82, 0xA8, 0x82, 0x87, 0x93, 0x2A, 0x9B, 0x4A, 0x7A, 0x67, 0x30, 0x81, 0x10, 0x00, 0x08, 0x00, 
0x08, 0x00, 0x08, 0x00, 0x18, 0x20, 0x10, 0x20, 0x10, 0x00, 0x10, 0x00, 0x08, 0x00, 0x08, 0x00, 0x08, 0x00, 0x39, 0x44, 0x93, 0xAD, 0xA4, 0x50, 0xB4, 0xD2, 0xBD, 0x34, 0xC5, 0x75, 0xCD, 0xD6, 
0xCD, 0xF7, 0xD6, 0x18, 0xD6, 0x38, 0xD6, 0x59, 0xD6, 0x59, 0xDE, 0x7A, 0xDE, 0x7A, 0xDE, 0x7A, 0xDE, 0x7A, 0xDE, 0x9A, 0xDE, 0x9A, 0xDE, 0x9A, 0xDE, 0x9A, 0xDE, 0x9A, 0xDE, 0x9A, 0xDE, 0x9A, 
0xDE, 0x9A, 0xDE, 0xBA, 0xDE, 0x9B, 0xDE, 0x9B, 0xDE, 0x9B, 0xDE, 0x9B, 0xDE, 0x9B, 0xDE, 0xBB, 0xDE, 0xBB, 0xDE, 0x9B, 0xDE, 0xBB, 0xE6, 0xBB, 0xE6, 0xBB, 0xE6, 0xBB, 0xDE, 0xBB, 0xE6, 0xBB, 
0xE6, 0xBB, 0xE6, 0xBB, 0xE6, 0xBB, 0xE6, 0xDB, 0xE6, 0xDB, 0xE6, 0xDB, 0xE6, 0xDB, 0xE6, 0xDB, 0xE6, 0xDB, 0xE6, 0xDB, 0xE6, 0xDB, 0xE6, 0xDB, 0xE6, 0xBB, 0xE6, 0xBB, 0xE6, 0xBB, 0xE6, 0xBB, 
0xDE, 0xBA, 0xDE, 0xBA, 0xDE, 0xBB, 0xE6, 0xBB, 0xE6, 0xBB, 0xE6, 0xDB, 0xE6, 0xDB, 0xE6, 0xDB, 0xE6, 0xDB, 0xE6, 0xDB, 0xE6, 0xBB, 0xE6, 0xBB, 0xE6, 0xBB, 0xE6, 0xBB, 0xDE, 0xBB, 0xDE, 0xBB, 
0xDE, 0xBA, 0xDE, 0xBB, 0xDE, 0xBB, 0xE6, 0xBB, 0xE6, 0xBB, 0xE6, 0xBB, 0xE6, 0xDB, 0xE6, 0xDB, 0xE6, 0xDB, 0xE6, 0xDB, 0xE6, 0xDB, 0xEE, 0xDB, 0xEE, 0xDB, 0xEE, 0xDB, 0xEE, 0xDB, 0xEE, 0xDB, 
0xEE, 0xDB, 0xEE, 0xDB, 0xEE, 0xDB, 0xEE, 0xDB, 0xEE, 0xDB, 0xEE, 0xFB, 0xF6, 0xFC, 0xF6, 0xFC, 0xF6, 0xFB, 0xF6, 0xFB, 0xF7, 0x1C, 0xF7, 0x1C, 0xF6, 0xFC, 0xF6, 0xFC, 0xF6, 0xFB, 0xF6, 0xFC, 
0xF6, 0xFB, 0xF6, 0xFC, 0xF6, 0xFC, 0xF6, 0xFC, 0xF6, 0xFC, 0xF6, 0xFC, 0xF6, 0xFB, 0xF6, 0xFB, 0xF6, 0xFB, 0xF6, 0xFB, 0xF6, 0xFB, 0xF6, 0xFB, 0xF6, 0xFB, 0xF6, 0xDB, 0xF6, 0xDB, 0xF6, 0xFB, 
0xF6, 0xDB, 0xF6, 0xDB, 0xF6, 0xDB, 0xF6, 0xDB, 0xEE, 0xDB, 0xEE, 0xBB, 0xF6, 0xDB, 0xF6, 0xDB, 0xF6, 0xDB, 0xF6, 0xDB, 0xF6, 0x17, 0xEC, 0x90, 0xEC, 0x6F, 0xF4, 0x6F, 0xF4, 0x4E, 0xF4, 0x2E, 
0xFC, 0x2E, 0xFC, 0x0D, 0xFB, 0xED, 0xFB, 0xCC, 0xFB, 0x8B, 0xFB, 0x6A, 0xFB, 0x29, 0xFB, 0x09, 0xFA, 0x87, 0xFA, 0x47, 0xFD, 0x75, 0xB2, 0xCA, 0x99, 0xC6, 0x91, 0xA5, 0x81, 0x64, 0x68, 0xE2, 
0x58, 0x81, 0x58, 0x81, 0x58, 0xC2, 0x68, 0xE2, 0x81, 0x43, 0x89, 0x84, 0x89, 0xA5, 0x89, 0xA5, 0x89, 0xA4, 0x89, 0xA4, 0x89, 0x84, 0x89, 0x84, 0x89, 0x84, 0x89, 0x84, 0x89, 0x84, 0x89, 0x84, 
0xC5, 0x55, 0xC5, 0x35, 0xBD, 0x35, 0xC5, 0x55, 0xC5, 0x56, 0xC5, 0x55, 0xC5, 0x56, 0xC5, 0x56, 0xC5, 0x56, 0xC5, 0x55, 0x82, 0xC9, 0x61, 0xC4, 0x61, 0xA4, 0x59, 0x84, 0x59, 0x84, 0x59, 0xA4, 
0x61, 0xC4, 0x69, 0xE5, 0x7A, 0x06, 0x7A, 0x26, 0x82, 0x26, 0x71, 0xA4, 0x58, 0xE2, 0x50, 0xE2, 0x38, 0xA1, 0x18, 0x61, 0x08, 0x00, 0x00, 0x00, 0x00, 0x00, 0x00, 0x00, 0x00, 0x20, 0x08, 0x41, 
0x20, 0xE6, 0x94, 0x95, 0x62, 0x6C, 0x30, 0xA2, 0x18, 0x00, 0x28, 0x20, 0x28, 0x20, 0x59, 0xC6, 0xA3, 0x8B, 0xA3, 0x6B, 0xA3, 0x6B, 0xA3, 0x8B, 0xA3, 0x8B, 0xA3, 0x8B, 0xA3, 0x8B, 0xA3, 0x8B, 
0xA3, 0x6B, 0xA3, 0x6A, 0x9B, 0x4A, 0x93, 0x29, 0x82, 0x87, 0x8A, 0xC8, 0x9B, 0x6A, 0x93, 0x2A, 0x82, 0xA7, 0x9B, 0x4A, 0x9B, 0x6A, 0x93, 0x29, 0x61, 0xE5, 0x20, 0x40, 0x10, 0x00, 0x08, 0x00, 
0x08, 0x00, 0x18, 0x20, 0x20, 0x40, 0x10, 0x00, 0x10, 0x00, 0x18, 0x20, 0x10, 0x00, 0x08, 0x00, 0x20, 0x81, 0x8B, 0x6C, 0xA4, 0x4F, 0xB4, 0xD2, 0xBD, 0x34, 0xBD, 0x55, 0xC5, 0xB6, 0xCD, 0xD7, 
0xCE, 0x18, 0xD6, 0x38, 0xD6, 0x59, 0xD6, 0x59, 0xD6, 0x79, 0xDE, 0x7A, 0xDE, 0x7A, 0xDE, 0x7A, 0xDE, 0x9A, 0xDE, 0x9A, 0xDE, 0x9A, 0xDE, 0x9A, 0xDE, 0x9B, 0xDE, 0x9A, 0xDE, 0x9B, 0xDE, 0x9A, 
0xDE, 0x9A, 0xDE, 0xBA, 0xDE, 0xBA, 0xDE, 0xBA, 0xDE, 0xBA, 0xDE, 0xBB, 0xDE, 0xBB, 0xDE, 0xBB, 0xDE, 0xBB, 0xDE, 0xBA, 0xE6, 0xBB, 0xE6, 0xBB, 0xE6, 0xDB, 0xE6, 0xBB, 0xE6, 0xBB, 0xE6, 0xBB, 
0xE6, 0xDB, 0xE6, 0xDB, 0xE6, 0xDB, 0xE6, 0xDB, 0xE6, 0xDB, 0xE6, 0xDB, 0xE6, 0xDB, 0xE6, 0xDB, 0xE6, 0xDB, 0xE6, 0xDB, 0xE6, 0xDB, 0xE6, 0xDB, 0xE6, 0xDB, 0xE6, 0xBA, 0xE6, 0xBA, 0xE6, 0xBB, 
0xDE, 0xBA, 0xDE, 0xBA, 0xDE, 0xBA, 0xE6, 0xBB, 0xE6, 0xDA, 0xE6, 0xDB, 0xE6, 0xDB, 0xE6, 0xDB, 0xE6, 0xDB, 0xE6, 0xBB, 0xE6, 0xBB, 0xE6, 0xBB, 0xE6, 0xBB, 0xE6, 0xBB, 0xDE, 0xBB, 0xDE, 0xBB, 
0xE6, 0xBA, 0xE6, 0xBA, 0xDE, 0xBB, 0xE6, 0xBB, 0xE6, 0xBA, 0xE6, 0xBA, 0xE6, 0xBB, 0xE6, 0xDA, 0xE6, 0xDB, 0xE6, 0xDB, 0xE6, 0xDB, 0xEE, 0xDB, 0xEE, 0xDB, 0xEE, 0xDB, 0xEE, 0xDB, 0xEE, 0xDB, 
0xEE, 0xDB, 0xEE, 0xDB, 0xEE, 0xDB, 0xEE, 0xDB, 0xEE, 0xDB, 0xEE, 0xFB, 0xF6, 0xFB, 0xF6, 0xFB, 0xF6, 0xFB, 0xF6, 0xFB, 0xF6, 0xFB, 0xF6, 0xFC, 0xF6, 0xFC, 0xF6, 0xFC, 0xF6, 0xFB, 0xF6, 0xFC, 
0xF6, 0xFB, 0xF6, 0xFB, 0xF6, 0xFC, 0xF6, 0xFC, 0xF6, 0xFB, 0xF6, 0xFC, 0xF6, 0xFB, 0xF6, 0xFC, 0xF6, 0xFC, 0xF6, 0xFC, 0xF6, 0xFB, 0xF6, 0xFB, 0xF6, 0xFB, 0xF6, 0xFB, 0xF6, 0xFB, 0xF6, 0xFB, 
0xF6, 0xFB, 0xF6, 0xDB, 0xF6, 0xDB, 0xF6, 0xDB, 0xF6, 0xDB, 0xEE, 0xBB, 0xF6, 0xDB, 0xF6, 0xDB, 0xF6, 0xDB, 0xF6, 0xDB, 0xF6, 0xDB, 0xF5, 0xB5, 0xEC, 0x6F, 0xF4, 0x6F, 0xF4, 0x4F, 0xFC, 0x2E, 
0xFC, 0x2E, 0xFC, 0x0D, 0xFB, 0xED, 0xFB, 0xCC, 0xFB, 0x8B, 0xFB, 0x6A, 0xFB, 0x29, 0xFA, 0xE8, 0xFA, 0x46, 0xFB, 0xCE, 0xE4, 0xB2, 0x99, 0xE6, 0x99, 0xC6, 0x91, 0xC5, 0x81, 0x64, 0x68, 0xE2, 
0x58, 0x81, 0x58, 0xA2, 0x60, 0xE2, 0x79, 0x23, 0x81, 0x64, 0x89, 0xA4, 0x89, 0xA5, 0x89, 0xA5, 0x89, 0xA4, 0x89, 0xA4, 0x89, 0xA4, 0x89, 0x84, 0x89, 0x84, 0x89, 0x84, 0x89, 0x84, 0x89, 0x84, 
0xC5, 0x55, 0xBD, 0x35, 0xBD, 0x35, 0xC5, 0x55, 0xC5, 0x55, 0xC5, 0x55, 0xC5, 0x55, 0xC5, 0x56, 0xC5, 0x55, 0xC5, 0x55, 0x8A, 0xE9, 0x69, 0xC4, 0x69, 0xE5, 0x69, 0xC5, 0x61, 0xC4, 0x61, 0xA4, 
0x61, 0xA4, 0x69, 0xC4, 0x71, 0xC5, 0x71, 0xC5, 0x71, 0xA4, 0x69, 0x43, 0x59, 0x02, 0x59, 0x02, 0x51, 0x02, 0x20, 0x81, 0x10, 0x40, 0x00, 0x00, 0x00, 0x00, 0x00, 0x00, 0x00, 0x00, 0x08, 0x21, 
0x18, 0xA5, 0x5A, 0xEF, 0xAD, 0x16, 0x39, 0x05, 0x20, 0x21, 0x20, 0x00, 0x28, 0x40, 0x39, 0x03, 0xA3, 0x8B, 0xA3, 0x6B, 0xA3, 0x6B, 0xA3, 0x8B, 0xA3, 0x8B, 0xA3, 0x8B, 0xA3, 0x8B, 0xA3, 0x6B, 
0xA3, 0x6A, 0xA3, 0x6A, 0x9B, 0x4A, 0x9B, 0x29, 0x9B, 0x29, 0x9B, 0x4A, 0x9B, 0x4A, 0x93, 0x2A, 0x9B, 0x4A, 0x9B, 0x6A, 0x9B, 0x4A, 0x82, 0xC8, 0x38, 0xE2, 0x28, 0x81, 0x10, 0x00, 0x08, 0x00, 
0x08, 0x00, 0x28, 0x60, 0x20, 0x40, 0x10, 0x00, 0x18, 0x20, 0x18, 0x20, 0x10, 0x00, 0x18, 0x20, 0x6A, 0x89, 0xA4, 0x2F, 0xAC, 0x91, 0xB4, 0xF3, 0xBD, 0x34, 0xC5, 0x96, 0xCD, 0xB6, 0xCD, 0xF7, 
0xCE, 0x18, 0xD6, 0x38, 0xD6, 0x59, 0xD6, 0x79, 0xDE, 0x7A, 0xDE, 0x7A, 0xDE, 0x7A, 0xDE, 0x9A, 0xDE, 0x9A, 0xDE, 0x9A, 0xDE, 0x9A, 0xDE, 0x9A, 0xDE, 0x9A, 0xDE, 0xBA, 0xDE, 0xBB, 0xDE, 0xBA, 
0xDE, 0xBB, 0xDE, 0xBB, 0xDE, 0xBB, 0xDE, 0xBB, 0xDE, 0xBA, 0xDE, 0xBB, 0xDE, 0xBB, 0xDE, 0xBB, 0xDE, 0xBB, 0xE6, 0xBB, 0xE6, 0xBB, 0xE6, 0xDB, 0xE6, 0xDB, 0xE6, 0xDB, 0xE6, 0xDB, 0xDE, 0xDB, 
0xDE, 0xDB, 0xDE, 0xDB, 0xE6, 0xDB, 0xE6, 0xDB, 0xE6, 0xDB, 0xE6, 0xDB, 0xE6, 0xDB, 0xE6, 0xDB, 0xE6, 0xDB, 0xE6, 0xDB, 0xE6, 0xDB, 0xE6, 0xDB, 0xE6, 0xDB, 0xE6, 0xBA, 0xE6, 0xBB, 0xE6, 0xBB, 
0xE6, 0xBA, 0xDE, 0xBA, 0xE6, 0xBA, 0xE6, 0xBB, 0xE6, 0xDB, 0xE6, 0xDB, 0xE6, 0xDB, 0xE6, 0xBA, 0xE6, 0xBA, 0xE6, 0xBA, 0xE6, 0xBB, 0xE6, 0xBA, 0xE6, 0xBA, 0xDE, 0xBA, 0xDE, 0xBB, 0xE6, 0xBB, 
0xE6, 0xBA, 0xE6, 0xBA, 0xE6, 0xBA, 0xE6, 0xBA, 0xE6, 0xDB, 0xE6, 0xDB, 0xE6, 0xBA, 0xE6, 0xDB, 0xE6, 0xDA, 0xE6, 0xDA, 0xE6, 0xBA, 0xEE, 0xBB, 0xEE, 0xDA, 0xEE, 0xBA, 0xEE, 0xBA, 0xEE, 0xBA, 
0xEE, 0xBA, 0xEE, 0xBA, 0xEE, 0xDB, 0xEE, 0xDB, 0xEE, 0xDB, 0xEE, 0xFB, 0xF6, 0xFB, 0xF6, 0xFB, 0xF6, 0xFC, 0xF6, 0xFC, 0xF6, 0xFB, 0xF6, 0xFC, 0xF6, 0xFC, 0xF6, 0xFC, 0xF6, 0xFB, 0xF6, 0xFC, 
0xF6, 0xFC, 0xF6, 0xFC, 0xF6, 0xFC, 0xF6, 0xFC, 0xF6, 0xFC, 0xF6, 0xFB, 0xF6, 0xFB, 0xF6, 0xFB, 0xF6, 0xFB, 0xF6, 0xFB, 0xF6, 0xFC, 0xF6, 0xFC, 0xF6, 0xFC, 0xF6, 0xFC, 0xF6, 0xFC, 0xF6, 0xFB, 
0xF6, 0xFB, 0xF6, 0xFB, 0xF6, 0xDB, 0xF6, 0xDB, 0xF6, 0xDB, 0xEE, 0xDB, 0xEE, 0xBA, 0xF6, 0xDB, 0xF6, 0xDB, 0xF6, 0xDB, 0xF6, 0xDB, 0xF6, 0xDB, 0xF5, 0x74, 0xF4, 0x6F, 0xF4, 0x4F, 0xFC, 0x2E, 
0xFC, 0x2E, 0xFC, 0x0D, 0xFB, 0xEC, 0xFB, 0xCC, 0xFB, 0x8B, 0xFB, 0x4A, 0xFB, 0x09, 0xFA, 0xC7, 0xFA, 0x67, 0xFD, 0x95, 0xBA, 0xEA, 0x99, 0xE6, 0x99, 0xE6, 0x89, 0xA5, 0x79, 0x44, 0x68, 0xE2, 
0x58, 0x81, 0x58, 0xC2, 0x68, 0xE3, 0x79, 0x43, 0x89, 0x84, 0x89, 0xA5, 0x89, 0xC5, 0x89, 0xA4, 0x89, 0xA4, 0x89, 0xA4, 0x89, 0xA4, 0x89, 0x84, 0x89, 0x84, 0x89, 0x84, 0x89, 0x84, 0x89, 0x84, 
0xBD, 0x55, 0xBD, 0x35, 0xBD, 0x35, 0xC5, 0x55, 0xC5, 0x55, 0xC5, 0x55, 0xC5, 0x55, 0xC5, 0x55, 0xC5, 0x56, 0xC5, 0x55, 0x8B, 0x0A, 0x71, 0xE5, 0x72, 0x05, 0x72, 0x05, 0x72, 0x05, 0x72, 0x05, 
0x72, 0x05, 0x69, 0xE5, 0x71, 0xE5, 0x7A, 0x05, 0x7A, 0x25, 0x79, 0xE5, 0x61, 0x42, 0x51, 0x02, 0x51, 0x02, 0x30, 0xC2, 0x10, 0x61, 0x00, 0x00, 0x00, 0x00, 0x00, 0x00, 0x00, 0x00, 0x08, 0x21, 
0x10, 0x83, 0x31, 0x88, 0xB5, 0x56, 0x49, 0x66, 0x28, 0x82, 0x20, 0x40, 0x20, 0x41, 0x30, 0xA2, 0xA3, 0x8B, 0xA3, 0x6B, 0xA3, 0x6B, 0xA3, 0x8B, 0xA3, 0x8B, 0xA3, 0x8B, 0xA3, 0x8B, 0xA3, 0x6A, 
0xA3, 0x6A, 0xA3, 0x6A, 0xA3, 0x6A, 0x9B, 0x4A, 0x9B, 0x4A, 0x9B, 0x6A, 0x9B, 0x6A, 0xA3, 0x8B, 0xA3, 0x6B, 0x9B, 0x6A, 0x9B, 0x4A, 0x72, 0x26, 0x30, 0xA1, 0x28, 0x81, 0x10, 0x00, 0x08, 0x00, 
0x08, 0x00, 0x38, 0xA1, 0x20, 0x40, 0x10, 0x00, 0x20, 0x20, 0x20, 0x20, 0x18, 0x20, 0x41, 0x43, 0x9B, 0xED, 0xA4, 0x4F, 0xB4, 0xB1, 0xB4, 0xF3, 0xBD, 0x55, 0xCD, 0xB6, 0xCD, 0xD7, 0xCD, 0xF8, 
0xD6, 0x18, 0xD6, 0x39, 0xD6, 0x59, 0xD6, 0x7A, 0xDE, 0x7A, 0xDE, 0x7A, 0xDE, 0x9A, 0xDE, 0x9A, 0xDE, 0x9A, 0xDE, 0x9A, 0xDE, 0x9A, 0xDE, 0x9A, 0xDE, 0xBA, 0xDE, 0xBA, 0xDE, 0xBA, 0xDE, 0xBB, 
0xDE, 0xBB, 0xDE, 0xBA, 0xDE, 0x9A, 0xDE, 0xBB, 0xDE, 0xBB, 0xDE, 0xBB, 0xDE, 0xBA, 0xDE, 0xBB, 0xE6, 0xBB, 0xDE, 0xBB, 0xE6, 0xBB, 0xE6, 0xBA, 0xE6, 0xDB, 0xE6, 0xDB, 0xE6, 0xDB, 0xE6, 0xDB, 
0xDE, 0xBB, 0xDE, 0xDB, 0xDE, 0xDB, 0xE6, 0xDB, 0xE6, 0xDB, 0xE6, 0xDA, 0xE6, 0xDB, 0xE6, 0xDB, 0xE6, 0xDB, 0xE6, 0xDB, 0xE6, 0xDB, 0xE6, 0xDB, 0xE6, 0xDA, 0xE6, 0xBA, 0xE6, 0xDB, 0xE6, 0xDB, 
0xE6, 0xBA, 0xE6, 0xBA, 0xE6, 0xBB, 0xE6, 0xBA, 0xE6, 0xDA, 0xE6, 0xDA, 0xE6, 0xDB, 0xE6, 0xBA, 0xE6, 0xBA, 0xE6, 0xBA, 0xE6, 0xBA, 0xE6, 0xBA, 0xE6, 0xBA, 0xE6, 0xBA, 0xE6, 0xBA, 0xE6, 0xBA, 
0xE6, 0xBA, 0xE6, 0xBA, 0xE6, 0xDB, 0xE6, 0xDB, 0xE6, 0xDB, 0xE6, 0xDA, 0xE6, 0xDB, 0xE6, 0xBA, 0xE6, 0xBA, 0xEE, 0xDA, 0xEE, 0xDA, 0xEE, 0xDA, 0xEE, 0xDA, 0xEE, 0xDA, 0xEE, 0xDA, 0xEE, 0xDA, 
0xEE, 0xDA, 0xEE, 0xDA, 0xEE, 0xDB, 0xEE, 0xDB, 0xEE, 0xDB, 0xEE, 0xFB, 0xF6, 0xFB, 0xF6, 0xFB, 0xF6, 0xFB, 0xF6, 0xFB, 0xF6, 0xFB, 0xF6, 0xFB, 0xF6, 0xFB, 0xF6, 0xFC, 0xF6, 0xFC, 0xF6, 0xFC, 
0xF6, 0xFC, 0xF6, 0xFB, 0xF6, 0xFC, 0xF6, 0xFC, 0xF6, 0xFC, 0xF6, 0xFC, 0xF6, 0xFC, 0xF6, 0xFB, 0xF6, 0xFB, 0xF6, 0xFB, 0xF6, 0xFB, 0xF6, 0xFB, 0xF6, 0xFC, 0xF6, 0xFC, 0xF6, 0xFB, 0xF6, 0xFB, 
0xF6, 0xFB, 0xF6, 0xFB, 0xF6, 0xFB, 0xF6, 0xFB, 0xF6, 0xDB, 0xF6, 0xDB, 0xF6, 0xDB, 0xEE, 0xBB, 0xF6, 0xDB, 0xF6, 0xDB, 0xF6, 0xDB, 0xF6, 0xDB, 0xF6, 0xBA, 0xF5, 0x74, 0xF4, 0x4F, 0xFC, 0x4E, 
0xFC, 0x2E, 0xFC, 0x0D, 0xFB, 0xED, 0xFB, 0xAC, 0xFB, 0x8A, 0xFB, 0x49, 0xFB, 0x08, 0xFA, 0x87, 0xFC, 0x0F, 0xFD, 0x96, 0xAA, 0x27, 0x99, 0xE6, 0x91, 0xE6, 0x89, 0xA5, 0x79, 0x43, 0x60, 0xC2, 
0x50, 0x81, 0x58, 0xC2, 0x69, 0x03, 0x81, 0x64, 0x89, 0xA5, 0x89, 0xC5, 0x89, 0xC5, 0x89, 0xA5, 0x89, 0xA4, 0x89, 0xA4, 0x89, 0xA4, 0x89, 0x84, 0x89, 0x84, 0x89, 0x84, 0x89, 0x84, 0x89, 0x84, 
0xBD, 0x55, 0xBD, 0x35, 0xBD, 0x35, 0xBD, 0x55, 0xC5, 0x55, 0xC5, 0x55, 0xC5, 0x55, 0xC5, 0x55, 0xC5, 0x56, 0xC5, 0x55, 0x93, 0x2B, 0x82, 0x46, 0x82, 0x66, 0x82, 0x46, 0x7A, 0x46, 0x7A, 0x46, 
0x82, 0x67, 0x82, 0x87, 0x82, 0x88, 0x82, 0x67, 0x82, 0x66, 0x7A, 0x05, 0x59, 0x02, 0x51, 0x02, 0x51, 0x02, 0x49, 0x02, 0x18, 0x61, 0x08, 0x20, 0x00, 0x00, 0x00, 0x00, 0x00, 0x00, 0x08, 0x20, 
0x10, 0x41, 0x18, 0xA3, 0x20, 0xA3, 0x20, 0x82, 0x18, 0x41, 0x18, 0x40, 0x20, 0x61, 0x59, 0xA5, 0xA3, 0x6B, 0xA3, 0x6B, 0xA3, 0x6B, 0xA3, 0x6B, 0xA3, 0x8B, 0xA3, 0x8B, 0xA3, 0x8B, 0xA3, 0x6B, 
0xA3, 0x6A, 0xA3, 0x6A, 0x9B, 0x4A, 0xA3, 0x6B, 0xA3, 0x8B, 0xA3, 0x6B, 0x9B, 0x6A, 0xA3, 0x8B, 0x9B, 0x8B, 0x9B, 0x6A, 0x93, 0x09, 0x51, 0x63, 0x38, 0xE2, 0x28, 0x61, 0x18, 0x20, 0x08, 0x00, 
0x10, 0x00, 0x40, 0xC2, 0x20, 0x40, 0x10, 0x20, 0x20, 0x40, 0x20, 0x20, 0x20, 0x20, 0x7A, 0xEA, 0xA4, 0x0E, 0xAC, 0x70, 0xB4, 0xD2, 0xBD, 0x34, 0xC5, 0x95, 0xCD, 0xD6, 0xCD, 0xF7, 0xCE, 0x18, 
0xD6, 0x38, 0xD6, 0x39, 0xD6, 0x59, 0xD6, 0x5A, 0xDE, 0x7A, 0xDE, 0x7A, 0xDE, 0x9A, 0xDE, 0x9A, 0xDE, 0x9A, 0xDE, 0x9A, 0xDE, 0x9A, 0xDE, 0x9A, 0xDE, 0xBA, 0xDE, 0xBA, 0xDE, 0xBB, 0xDE, 0xBB, 
0xDE, 0xBB, 0xDE, 0xBB, 0xDE, 0xBB, 0xDE, 0xBB, 0xDE, 0xBB, 0xDE, 0xBB, 0xDE, 0xBB, 0xDE, 0xBB, 0xDE, 0xBB, 0xDE, 0xBB, 0xDE, 0xBB, 0xDE, 0xBB, 0xDE, 0xBB, 0xE6, 0xBB, 0xE6, 0xDB, 0xE6, 0xDB, 
0xE6, 0xDB, 0xDE, 0xBB, 0xDE, 0xDB, 0xDE, 0xDB, 0xDE, 0xDB, 0xE6, 0xDB, 0xE6, 0xDB, 0xE6, 0xDB, 0xE6, 0xDB, 0xE6, 0xDB, 0xDE, 0xDA, 0xE6, 0xDA, 0xE6, 0xBA, 0xE6, 0xBA, 0xE6, 0xDA, 0xE6, 0xDA, 
0xDE, 0xBA, 0xDE, 0xBA, 0xDE, 0xBA, 0xE6, 0xBA, 0xE6, 0xBA, 0xE6, 0xBA, 0xDE, 0xBA, 0xDE, 0xBA, 0xDE, 0xBA, 0xDE, 0xBA, 0xE6, 0xBA, 0xE6, 0xBA, 0xE6, 0xBA, 0xE6, 0xBA, 0xE6, 0xBA, 0xE6, 0xBA, 
0xE6, 0xBA, 0xE6, 0xBA, 0xE6, 0xDA, 0xE6, 0xDB, 0xE6, 0xDB, 0xE6, 0xDB, 0xE6, 0xDB, 0xE6, 0xDB, 0xEE, 0xDB, 0xEE, 0xDB, 0xEE, 0xDB, 0xEE, 0xDB, 0xEE, 0xDB, 0xEE, 0xDB, 0xEE, 0xDB, 0xEE, 0xDB, 
0xEE, 0xDB, 0xEE, 0xDB, 0xEE, 0xDB, 0xEE, 0xDB, 0xEE, 0xFB, 0xEE, 0xFB, 0xF6, 0xFB, 0xF6, 0xFB, 0xF6, 0xFB, 0xF6, 0xFB, 0xF6, 0xFB, 0xF6, 0xFB, 0xF6, 0xFB, 0xF6, 0xFB, 0xF6, 0xFB, 0xF6, 0xFC, 
0xF6, 0xFC, 0xF6, 0xFC, 0xF6, 0xFC, 0xF6, 0xFC, 0xF7, 0x1C, 0xF6, 0xFC, 0xF6, 0xFC, 0xF6, 0xFC, 0xF6, 0xFC, 0xF6, 0xFB, 0xF6, 0xFB, 0xF6, 0xFC, 0xF6, 0xFC, 0xF6, 0xFB, 0xF6, 0xFC, 0xF6, 0xFC, 
0xF6, 0xFB, 0xEE, 0xFB, 0xF6, 0xFB, 0xF6, 0xFB, 0xF6, 0xDB, 0xF6, 0xDB, 0xF6, 0xFB, 0xEE, 0xDB, 0xF6, 0xBB, 0xF6, 0xDB, 0xF6, 0xDB, 0xF6, 0xDB, 0xF6, 0xBB, 0xF6, 0xBA, 0xF5, 0xB5, 0xFC, 0x8F, 
0xFC, 0x4F, 0xFC, 0x0E, 0xFB, 0xED, 0xFB, 0xAC, 0xFB, 0x8A, 0xFB, 0x49, 0xFA, 0xE8, 0xFB, 0x4A, 0xFD, 0xD7, 0xFD, 0x75, 0xBA, 0xA9, 0x9A, 0x06, 0x91, 0xE6, 0x89, 0xA5, 0x71, 0x23, 0x58, 0xA1, 
0x50, 0x81, 0x60, 0xC2, 0x69, 0x02, 0x81, 0x64, 0x89, 0xA5, 0x89, 0xC5, 0x89, 0xC5, 0x89, 0xA5, 0x89, 0xA4, 0x89, 0xA4, 0x89, 0xA4, 0x89, 0xA4, 0x89, 0xA4, 0x89, 0x84, 0x89, 0x84, 0x89, 0x84, 
0xBD, 0x35, 0xBD, 0x35, 0xBD, 0x35, 0xC5, 0x35, 0xC5, 0x55, 0xC5, 0x55, 0xC5, 0x55, 0xC5, 0x55, 0xC5, 0x56, 0xC5, 0x55, 0x9B, 0x6C, 0x8A, 0x87, 0x9A, 0xE8, 0x92, 0xE9, 0x92, 0xC8, 0x8A, 0xC8, 
0x8A, 0xA8, 0x82, 0x88, 0x82, 0x87, 0x82, 0x67, 0x82, 0x67, 0x69, 0xA4, 0x51, 0x02, 0x50, 0xE2, 0x51, 0x02, 0x51, 0x02, 0x28, 0xA1, 0x10, 0x41, 0x00, 0x00, 0x00, 0x00, 0x00, 0x00, 0x08, 0x21, 
0x10, 0x41, 0x10, 0x41, 0x10, 0x41, 0x10, 0x41, 0x10, 0x21, 0x18, 0x41, 0x51, 0x65, 0x9B, 0x4A, 0xA3, 0x6B, 0xA3, 0x6B, 0xA3, 0x6B, 0xA3, 0x6B, 0xA3, 0x6B, 0xA3, 0x6B, 0xA3, 0x6B, 0xA3, 0x6A, 
0xA3, 0x6A, 0xA3, 0x6A, 0xA3, 0x6A, 0xA3, 0x6B, 0xA3, 0x6B, 0xA3, 0x4A, 0xA3, 0x6B, 0xA3, 0x8B, 0x9B, 0x6A, 0x9B, 0x4A, 0x8A, 0xA8, 0x49, 0x43, 0x51, 0x64, 0x30, 0xA1, 0x20, 0x60, 0x10, 0x20, 
0x18, 0x20, 0x38, 0x81, 0x20, 0x20, 0x18, 0x20, 0x28, 0x40, 0x20, 0x40, 0x38, 0xE2, 0x93, 0xAD, 0xA4, 0x0F, 0xAC, 0x91, 0xBD, 0x13, 0xBD, 0x54, 0xC5, 0xB6, 0xCD, 0xD7, 0xCD, 0xF8, 0xCE, 0x18, 
0xD6, 0x39, 0xD6, 0x59, 0xD6, 0x59, 0xD6, 0x5A, 0xDE, 0x7A, 0xDE, 0x7A, 0xDE, 0x9A, 0xDE, 0x9A, 0xDE, 0x9A, 0xDE, 0x9A, 0xDE, 0x9B, 0xDE, 0xBA, 0xDE, 0xBA, 0xDE, 0xBB, 0xDE, 0xBA, 0xDE, 0xBB, 
0xDE, 0xBB, 0xE6, 0xBB, 0xDE, 0xBB, 0xDE, 0x9B, 0xDE, 0xBB, 0xDE, 0xBB, 0xDE, 0xBB, 0xDE, 0xBB, 0xDE, 0xBB, 0xDE, 0xBB, 0xDE, 0xBB, 0xDE, 0xBB, 0xDE, 0xBB, 0xDE, 0xBA, 0xE6, 0xBB, 0xE6, 0xBB, 
0xE6, 0xBB, 0xE6, 0xBB, 0xDE, 0xBB, 0xDE, 0xBB, 0xDE, 0xBB, 0xE6, 0xDB, 0xE6, 0xDB, 0xE6, 0xDB, 0xE6, 0xDB, 0xE6, 0xDB, 0xE6, 0xDB, 0xDE, 0xBB, 0xE6, 0xBB, 0xE6, 0xBB, 0xE6, 0xBA, 0xE6, 0xBA, 
0xDE, 0xBA, 0xDE, 0xBA, 0xDE, 0xBA, 0xDE, 0xBA, 0xDE, 0xBA, 0xDE, 0xBA, 0xDE, 0xBA, 0xDE, 0x9A, 0xDE, 0x9A, 0xDE, 0xBA, 0xE6, 0xBA, 0xE6, 0xBB, 0xE6, 0xBB, 0xE6, 0xBA, 0xE6, 0xBA, 0xE6, 0xBB, 
0xE6, 0xBA, 0xE6, 0xBB, 0xE6, 0xDB, 0xE6, 0xDB, 0xE6, 0xDB, 0xE6, 0xDB, 0xEE, 0xDB, 0xEE, 0xDB, 0xEE, 0xDB, 0xEE, 0xDB, 0xEE, 0xFB, 0xEE, 0xFB, 0xEE, 0xFB, 0xF6, 0xFB, 0xEE, 0xFB, 0xEE, 0xFB, 
0xEE, 0xDB, 0xEE, 0xDB, 0xEE, 0xFB, 0xEE, 0xDB, 0xF6, 0xFB, 0xF6, 0xFB, 0xF6, 0xFB, 0xF6, 0xFB, 0xF6, 0xFB, 0xF6, 0xFB, 0xF6, 0xFB, 0xF6, 0xFB, 0xF6, 0xFB, 0xF6, 0xFB, 0xF6, 0xFC, 0xF6, 0xFC, 
0xF6, 0xFC, 0xF6, 0xFC, 0xF6, 0xFC, 0xF6, 0xFC, 0xF6, 0xFC, 0xF6, 0xFC, 0xF6, 0xFC, 0xF6, 0xFC, 0xF6, 0xFC, 0xF6, 0xFB, 0xF6, 0xFC, 0xF6, 0xFB, 0xF6, 0xFC, 0xF6, 0xFC, 0xF6, 0xFC, 0xF6, 0xFC, 
0xF6, 0xFB, 0xF6, 0xFC, 0xF6, 0xFC, 0xEE, 0xDC, 0xEE, 0xDB, 0xF6, 0xDB, 0xF6, 0xFC, 0xF6, 0xFB, 0xEE, 0xBB, 0xF6, 0xBB, 0xF6, 0xDB, 0xF6, 0xDB, 0xF6, 0xDB, 0xF6, 0xDA, 0xF6, 0xDA, 0xFE, 0xBA, 
0xFE, 0x58, 0xFC, 0x90, 0xFC, 0x0D, 0xFB, 0xCC, 0xFB, 0x8A, 0xFB, 0x4A, 0xFC, 0x0E, 0xFD, 0xD6, 0xFD, 0xB6, 0xEC, 0x50, 0xB2, 0x68, 0x9A, 0x07, 0x91, 0xE6, 0x81, 0x84, 0x71, 0x02, 0x58, 0x81, 
0x50, 0x81, 0x60, 0xC2, 0x69, 0x02, 0x81, 0x64, 0x89, 0xA5, 0x89, 0xC5, 0x89, 0xC5, 0x89, 0xC5, 0x89, 0xA4, 0x89, 0xA4, 0x89, 0xA4, 0x89, 0xA4, 0x89, 0xA4, 0x89, 0x84, 0x89, 0x84, 0x89, 0x84, 
0xBD, 0x35, 0xBD, 0x35, 0xBD, 0x35, 0xC5, 0x35, 0xC5, 0x55, 0xC5, 0x55, 0xC5, 0x55, 0xC5, 0x56, 0xC5, 0x56, 0xBD, 0x55, 0xAC, 0x2F, 0x8A, 0x66, 0x9B, 0x29, 0xA3, 0x6A, 0x9B, 0x2A, 0x92, 0xE9, 
0x8A, 0xA8, 0x82, 0x87, 0x82, 0x87, 0x82, 0x87, 0x82, 0x67, 0x7A, 0x26, 0x59, 0x22, 0x51, 0x02, 0x51, 0x02, 0x51, 0x02, 0x40, 0xE2, 0x18, 0x61, 0x10, 0x40, 0x08, 0x00, 0x00, 0x00, 0x08, 0x20, 
0x08, 0x20, 0x10, 0x61, 0x20, 0xC3, 0x20, 0xA3, 0x18, 0x61, 0x59, 0x85, 0xA3, 0x4B, 0xA3, 0x4A, 0xA3, 0x6B, 0xA3, 0x6B, 0xA3, 0x6B, 0xA3, 0x6B, 0xA3, 0x6B, 0xA3, 0x6B, 0xA3, 0x6B, 0xA3, 0x6A, 
0xA3, 0x6A, 0xA3, 0x6A, 0xA3, 0x6A, 0xA3, 0x6A, 0x9B, 0x6A, 0x9B, 0x4A, 0xA3, 0x8B, 0xA3, 0x8B, 0x9B, 0x6A, 0x9B, 0x29, 0x72, 0x26, 0x61, 0xC5, 0x59, 0xA4, 0x38, 0xC2, 0x30, 0xA1, 0x18, 0x40, 
0x18, 0x20, 0x38, 0x80, 0x20, 0x20, 0x20, 0x40, 0x28, 0x40, 0x28, 0x40, 0x59, 0xE6, 0x9B, 0xCD, 0xA4, 0x2F, 0xAC, 0x91, 0xBD, 0x13, 0xBD, 0x55, 0xC5, 0x96, 0xCD, 0xD7, 0xCD, 0xF8, 0xCE, 0x18, 
0xD6, 0x39, 0xD6, 0x59, 0xD6, 0x59, 0xD6, 0x79, 0xDE, 0x7A, 0xDE, 0x7A, 0xDE, 0x9A, 0xDE, 0x9A, 0xDE, 0x9A, 0xDE, 0x9A, 0xDE, 0x9A, 0xDE, 0x9A, 0xDE, 0xBA, 0xDE, 0xBA, 0xDE, 0xBA, 0xDE, 0x9B, 
0xDE, 0xBB, 0xDE, 0xBB, 0xDE, 0xBB, 0xDE, 0x9A, 0xDE, 0xBB, 0xDE, 0xBB, 0xDE, 0xBB, 0xDE, 0xBB, 0xDE, 0xBB, 0xDE, 0xBB, 0xDE, 0xBB, 0xDE, 0xBB, 0xDE, 0xBB, 0xE6, 0xBA, 0xE6, 0xBB, 0xE6, 0xBB, 
0xE6, 0xDB, 0xDE, 0xDB, 0xDE, 0xBB, 0xE6, 0xDB, 0xE6, 0xDB, 0xE6, 0xDB, 0xE6, 0xDB, 0xE6, 0xDB, 0xE6, 0xDB, 0xE6, 0xDB, 0xE6, 0xDB, 0xE6, 0xBB, 0xE6, 0xDB, 0xE6, 0xDB, 0xE6, 0xBA, 0xE6, 0xBA, 
0xE6, 0xBA, 0xE6, 0xBA, 0xE6, 0xBA, 0xE6, 0xBA, 0xE6, 0xBA, 0xE6, 0xBA, 0xDE, 0xBA, 0xE6, 0xBA, 0xE6, 0xBA, 0xE6, 0xBA, 0xE6, 0xBA, 0xE6, 0xBB, 0xE6, 0xBB, 0xE6, 0xBB, 0xE6, 0xBA, 0xE6, 0xBB, 
0xE6, 0xDB, 0xE6, 0xDB, 0xE6, 0xDB, 0xE6, 0xDB, 0xE6, 0xDB, 0xEE, 0xDB, 0xEE, 0xDB, 0xEE, 0xDB, 0xEE, 0xFB, 0xEE, 0xFB, 0xEE, 0xFB, 0xEE, 0xFB, 0xF6, 0xFB, 0xF6, 0xFB, 0xF6, 0xFB, 0xEE, 0xFB, 
0xEE, 0xDB, 0xEE, 0xDB, 0xEE, 0xFB, 0xEE, 0xFB, 0xF6, 0xFB, 0xF6, 0xFB, 0xF6, 0xFB, 0xF6, 0xFB, 0xF6, 0xFB, 0xF6, 0xFB, 0xF6, 0xFB, 0xF6, 0xFC, 0xF6, 0xFB, 0xF6, 0xFB, 0xF6, 0xFC, 0xF6, 0xFC, 
0xF6, 0xFC, 0xF6, 0xFC, 0xF6, 0xFC, 0xF6, 0xFC, 0xF6, 0xFC, 0xF6, 0xFC, 0xF6, 0xFC, 0xF6, 0xFC, 0xF6, 0xFC, 0xF6, 0xFC, 0xF6, 0xFC, 0xF6, 0xFB, 0xF6, 0xFB, 0xF6, 0xFC, 0xF6, 0xFC, 0xF6, 0xFC, 
0xF6, 0xFC, 0xF6, 0xFC, 0xF6, 0xFC, 0xEE, 0xDB, 0xEE, 0xDB, 0xEE, 0xDB, 0xF6, 0xFB, 0xF6, 0xFB, 0xEE, 0xFB, 0xEE, 0xBB, 0xF6, 0xBB, 0xF6, 0xDB, 0xF6, 0xDB, 0xF6, 0xDA, 0xF6, 0xDB, 0xF6, 0xDA, 
0xF6, 0xDA, 0xFE, 0x79, 0xFD, 0xD6, 0xFD, 0x53, 0xFD, 0x33, 0xFD, 0xB6, 0xFE, 0x38, 0xFD, 0xD6, 0xF4, 0xB2, 0xBA, 0xA9, 0x9A, 0x27, 0x92, 0x07, 0x89, 0xE6, 0x79, 0x84, 0x69, 0x02, 0x50, 0x81, 
0x50, 0x81, 0x60, 0xC2, 0x71, 0x02, 0x81, 0x84, 0x89, 0xC5, 0x89, 0xC5, 0x89, 0xC5, 0x89, 0xC5, 0x89, 0xA5, 0x89, 0xA5, 0x89, 0xA5, 0x89, 0xA4, 0x89, 0xA4, 0x89, 0x84, 0x89, 0x84, 0x89, 0x84, 
0xBD, 0x35, 0xBD, 0x15, 0xBD, 0x35, 0xC5, 0x35, 0xC5, 0x55, 0xC5, 0x56, 0xC5, 0x55, 0xC5, 0x56, 0xC5, 0x56, 0xC5, 0x55, 0xBD, 0x34, 0x82, 0x67, 0x92, 0xC8, 0xA3, 0x4A, 0xA3, 0x4A, 0x9B, 0x09, 
0x92, 0xC9, 0x8A, 0xA8, 0x8A, 0xA8, 0x8A, 0xC8, 0x92, 0xC9, 0x8A, 0xA8, 0x61, 0x43, 0x51, 0x02, 0x51, 0x02, 0x51, 0x02, 0x51, 0x22, 0x28, 0xA1, 0x10, 0x40, 0x08, 0x00, 0x00, 0x00, 0x00, 0x00, 
0x08, 0x40, 0x18, 0xA3, 0x20, 0xC3, 0x20, 0xC3, 0x20, 0x82, 0x41, 0x04, 0xA3, 0x4B, 0xA3, 0x4A, 0xA3, 0x6B, 0xA3, 0x6B, 0xA3, 0x6B, 0xA3, 0x6B, 0xA3, 0x6B, 0xA3, 0x6B, 0xA3, 0x6B, 0xA3, 0x6A, 
0x9B, 0x6A, 0xA3, 0x6A, 0xA3, 0x6A, 0xA3, 0x6B, 0xA3, 0x6B, 0xA3, 0x8B, 0xA3, 0x8B, 0xA3, 0x8B, 0x9B, 0x8B, 0x93, 0x2A, 0x6A, 0x05, 0x7A, 0x88, 0x61, 0xC5, 0x59, 0xA4, 0x49, 0x23, 0x30, 0xA1, 
0x20, 0x40, 0x38, 0xA0, 0x28, 0x40, 0x28, 0x40, 0x28, 0x40, 0x30, 0x80, 0x82, 0xEA, 0x9B, 0xEE, 0xA4, 0x2F, 0xB4, 0xB2, 0xBD, 0x13, 0xBD, 0x75, 0xC5, 0xB6, 0xCD, 0xD7, 0xCE, 0x18, 0xCE, 0x18, 
0xD6, 0x39, 0xD6, 0x59, 0xD6, 0x5A, 0xD6, 0x7A, 0xDE, 0x7A, 0xDE, 0x7A, 0xDE, 0x9A, 0xDE, 0x9A, 0xDE, 0x9A, 0xDE, 0x9A, 0xDE, 0x79, 0xCC, 0xB3, 0xD5, 0x75, 0xDE, 0x9A, 0xDE, 0x9B, 0xDE, 0x9B, 
0xDE, 0x9B, 0xDE, 0xBA, 0xDE, 0xBB, 0xDE, 0x9A, 0xDE, 0xBB, 0xDE, 0xBB, 0xDE, 0xBB, 0xDE, 0xBB, 0xDE, 0xBB, 0xDE, 0xBB, 0xDE, 0xBB, 0xE6, 0xBB, 0xE6, 0xBB, 0xE6, 0xDB, 0xE6, 0xBB, 0xE6, 0xDB, 
0xE6, 0xDB, 0xE6, 0xDB, 0xE6, 0xDB, 0xE6, 0xDB, 0xE6, 0xDB, 0xE6, 0xDB, 0xE6, 0xDB, 0xE6, 0xDB, 0xE6, 0xDB, 0xE6, 0xDB, 0xE6, 0xDB, 0xE6, 0xDB, 0xE6, 0xDB, 0xE6, 0xDB, 0xE6, 0xDB, 0xE6, 0xBB, 
0xE6, 0xBB, 0xE6, 0xDB, 0xE6, 0xDB, 0xE6, 0xDB, 0xE6, 0xDA, 0xE6, 0xDB, 0xE6, 0xBA, 0xE6, 0xBB, 0xE6, 0xDB, 0xE6, 0xBB, 0xE6, 0xBB, 0xE6, 0xDB, 0xE6, 0xDB, 0xE6, 0xBB, 0xE6, 0xBB, 0xE6, 0xBB, 
0xE6, 0xDB, 0xE6, 0xDB, 0xE6, 0xDB, 0xEE, 0xDB, 0xE6, 0x18, 0xDC, 0x92, 0xEE, 0x9A, 0xEE, 0xDB, 0xEE, 0xFB, 0xF6, 0xFB, 0xF6, 0xFB, 0xF6, 0xFB, 0xF6, 0xFB, 0xF6, 0xFB, 0xF6, 0xFB, 0xF6, 0xFB, 
0xEE, 0xFB, 0xEE, 0xDB, 0xF6, 0xFB, 0xF6, 0xFB, 0xF6, 0xFB, 0xF6, 0xFB, 0xF6, 0xFC, 0xF6, 0xFB, 0xF6, 0xFC, 0xF6, 0xFB, 0xF6, 0xFB, 0xF6, 0xFC, 0xF6, 0xFB, 0xF6, 0xFC, 0xF6, 0xFC, 0xF6, 0xFC, 
0xF6, 0xFC, 0xF6, 0xFC, 0xF6, 0xFC, 0xF6, 0xFC, 0xF6, 0xFC, 0xF6, 0xFC, 0xF6, 0xFC, 0xF6, 0xFC, 0xF6, 0xFC, 0xF6, 0xFC, 0xF6, 0xFC, 0xF6, 0xFC, 0xF6, 0xFB, 0xF6, 0xFC, 0xF6, 0xFC, 0xF6, 0xFC, 
0xF6, 0xFC, 0xF6, 0xFC, 0xEE, 0xDC, 0xEE, 0xDB, 0xEE, 0xDB, 0xEE, 0xDB, 0xF6, 0xFC, 0xF6, 0xFC, 0xF6, 0xFB, 0xEE, 0xFB, 0xEE, 0xBB, 0xF6, 0xBB, 0xF6, 0xDB, 0xF6, 0xDB, 0xF6, 0xDB, 0xF6, 0xDA, 
0xF6, 0x9A, 0xFE, 0x99, 0xFE, 0x79, 0xFE, 0x79, 0xFE, 0x58, 0xFE, 0x18, 0xFD, 0xD6, 0xFD, 0x34, 0xC2, 0xEB, 0x9A, 0x47, 0x92, 0x47, 0x92, 0x27, 0x89, 0xE5, 0x79, 0x64, 0x60, 0xE2, 0x50, 0x61, 
0x58, 0x81, 0x60, 0xC2, 0x71, 0x23, 0x81, 0x84, 0x89, 0xC5, 0x89, 0xC5, 0x89, 0xC5, 0x89, 0xC5, 0x89, 0xA5, 0x89, 0xA5, 0x89, 0xA5, 0x89, 0xA5, 0x89, 0xA4, 0x89, 0xA4, 0x89, 0x84, 0x89, 0x84, 
0xBD, 0x34, 0xBD, 0x14, 0xBD, 0x35, 0xBD, 0x55, 0xBD, 0x55, 0xC5, 0x55, 0xC5, 0x56, 0xC5, 0x55, 0xC5, 0x56, 0xC5, 0x56, 0xBD, 0x56, 0xAC, 0x50, 0x82, 0x25, 0x92, 0xC8, 0x9B, 0x09, 0x93, 0x09, 
0x92, 0xE9, 0x92, 0xE9, 0x92, 0xE9, 0x92, 0xE9, 0x92, 0xE9, 0x92, 0xE9, 0x69, 0xA4, 0x51, 0x22, 0x51, 0x02, 0x51, 0x22, 0x51, 0x22, 0x51, 0x23, 0x49, 0x23, 0x38, 0xC2, 0x08, 0x20, 0x08, 0x20, 
0x10, 0x41, 0x18, 0x82, 0x20, 0xA3, 0x18, 0x82, 0x18, 0x61, 0x28, 0xC3, 0x7A, 0x88, 0xA3, 0x6B, 0xA3, 0x6B, 0xA3, 0x6B, 0xA3, 0x6B, 0xA3, 0x6B, 0xA3, 0x6B, 0xA3, 0x6B, 0xA3, 0x6A, 0x9B, 0x4A, 
0x9B, 0x4A, 0xA3, 0x6A, 0xA3, 0x6A, 0xA3, 0x6B, 0xA3, 0x6B, 0xA3, 0x8B, 0xA3, 0x8B, 0xA3, 0x8B, 0x9B, 0x6A, 0x8A, 0xE9, 0x72, 0x46, 0x93, 0x29, 0x6A, 0x05, 0x72, 0x46, 0x59, 0xA4, 0x41, 0x02, 
0x20, 0x40, 0x38, 0xA1, 0x30, 0x60, 0x28, 0x40, 0x30, 0x60, 0x40, 0xC2, 0x93, 0xAD, 0x9B, 0xEE, 0xA4, 0x50, 0xB4, 0xD2, 0xB5, 0x13, 0xBD, 0x75, 0xC5, 0xB6, 0xCD, 0xF7, 0xCE, 0x18, 0xCE, 0x18, 
0xD6, 0x39, 0xD6, 0x59, 0xD6, 0x5A, 0xD6, 0x7A, 0xD6, 0x7A, 0xDE, 0x7A, 0xDE, 0x7A, 0xDE, 0x9A, 0xDE, 0x9A, 0xDE, 0x9A, 0xBA, 0xEB, 0xA8, 0x00, 0xA8, 0x20, 0xD5, 0x14, 0xDE, 0x9A, 0xDE, 0x9A, 
0xDE, 0x9A, 0xDE, 0xBA, 0xDE, 0xBA, 0xDE, 0xBB, 0xDE, 0xBB, 0xDE, 0xBB, 0xDE, 0xBB, 0xDE, 0xBB, 0xDE, 0xBB, 0xDE, 0xBB, 0xE6, 0xBB, 0xE6, 0xBB, 0xE6, 0xDB, 0xE6, 0xDB, 0xE6, 0xDB, 0xE6, 0xDB, 
0xE6, 0xDB, 0xE6, 0xDB, 0xE6, 0xDB, 0xE6, 0xDB, 0xE6, 0xDB, 0xE6, 0xDB, 0xE6, 0xDB, 0xE6, 0xDB, 0xE6, 0xDB, 0xE6, 0xDB, 0xE6, 0xDB, 0xE6, 0xDB, 0xE6, 0xDB, 0xE6, 0xDB, 0xE6, 0xDB, 0xE6, 0xDB, 
0xE6, 0xDB, 0xE6, 0xDB, 0xE6, 0xDB, 0xE6, 0xDB, 0xE6, 0xDB, 0xE6, 0xDB, 0xE6, 0xDB, 0xE6, 0xDB, 0xE6, 0xDB, 0xE6, 0xDB, 0xE6, 0xDB, 0xE6, 0xDB, 0xE6, 0xDB, 0xE6, 0xDB, 0xE6, 0xDB, 0xE6, 0xDB, 
0xE6, 0xDB, 0xE6, 0xDB, 0xEE, 0xDB, 0xD4, 0x30, 0xB0, 0x41, 0xB0, 0x00, 0xCA, 0xCB, 0xEE, 0xFB, 0xEE, 0xFB, 0xEE, 0xFB, 0xEE, 0xFB, 0xF6, 0xFB, 0xF6, 0xFB, 0xF6, 0xFB, 0xF6, 0xFB, 0xF6, 0xFB, 
0xF6, 0xFB, 0xF6, 0xFB, 0xF6, 0xFB, 0xF6, 0xFB, 0xF6, 0xFB, 0xF6, 0xFB, 0xF6, 0xFB, 0xF6, 0xFB, 0xF6, 0xFB, 0xF6, 0xFB, 0xF6, 0xFB, 0xF6, 0xFC, 0xF6, 0xFC, 0xF6, 0xFC, 0xF6, 0xFC, 0xF6, 0xFC, 
0xF6, 0xFC, 0xF7, 0x1C, 0xF7, 0x1C, 0xF6, 0xFC, 0xF6, 0xFC, 0xF7, 0x1C, 0xF7, 0x1C, 0xF6, 0xFC, 0xF6, 0xFC, 0xF6, 0xFC, 0xF6, 0xFC, 0xF6, 0xFC, 0xF6, 0xFC, 0xF6, 0xFC, 0xF6, 0xFC, 0xEE, 0xFB, 
0xEE, 0xFC, 0xEE, 0xDB, 0xEE, 0xDB, 0xEE, 0xDB, 0xEE, 0xDB, 0xEE, 0xDB, 0xEE, 0xDB, 0xEE, 0xFB, 0xF6, 0xFB, 0xF6, 0xFB, 0xF6, 0xFB, 0xF6, 0xDB, 0xF6, 0xDB, 0xF6, 0xDB, 0xF6, 0xDB, 0xF6, 0xBA, 
0xF6, 0x79, 0xF6, 0x58, 0xFE, 0x18, 0xFD, 0xF7, 0xFD, 0xD6, 0xFD, 0x95, 0xFD, 0x54, 0xFC, 0xD2, 0xAA, 0x89, 0x92, 0x47, 0x92, 0x47, 0x8A, 0x26, 0x81, 0xC5, 0x71, 0x43, 0x60, 0xC2, 0x50, 0x81, 
0x58, 0xA1, 0x60, 0xC2, 0x71, 0x23, 0x81, 0x84, 0x89, 0xC5, 0x89, 0xC5, 0x89, 0xC5, 0x89, 0xC5, 0x89, 0xC5, 0x89, 0xC5, 0x89, 0xA5, 0x89, 0xA5, 0x89, 0xA5, 0x89, 0xA4, 0x89, 0x84, 0x89, 0x84, 
0xBD, 0x14, 0xBD, 0x14, 0xBD, 0x35, 0xBD, 0x35, 0xBD, 0x55, 0xBD, 0x55, 0xC5, 0x56, 0xC5, 0x56, 0xC5, 0x56, 0xC5, 0x56, 0xBD, 0x56, 0xBD, 0x56, 0x9B, 0xAD, 0x79, 0xE4, 0x82, 0x66, 0x8A, 0xC8, 
0x8A, 0xC8, 0x8A, 0xC9, 0x92, 0xE9, 0x93, 0x09, 0x9B, 0x0A, 0x9B, 0x2A, 0x7A, 0x26, 0x59, 0x22, 0x51, 0x22, 0x51, 0x22, 0x51, 0x42, 0x59, 0x43, 0x59, 0x63, 0x41, 0x02, 0x18, 0x40, 0x08, 0x20, 
0x08, 0x40, 0x10, 0x61, 0x29, 0x04, 0x28, 0xE3, 0x18, 0x61, 0x18, 0x41, 0x18, 0x41, 0x62, 0x07, 0xA3, 0x6B, 0xA3, 0x6B, 0xA3, 0x6B, 0xA3, 0x6B, 0xA3, 0x6B, 0x9B, 0x6B, 0x9B, 0x6A, 0x9B, 0x4A, 
0x9B, 0x4A, 0xA3, 0x6A, 0xA3, 0x6A, 0xA3, 0x8B, 0xA3, 0x8B, 0xA3, 0x8B, 0xA3, 0x8B, 0x9B, 0x8B, 0x9B, 0x6B, 0x93, 0x29, 0x8A, 0xC8, 0x93, 0x29, 0x7A, 0x46, 0x82, 0xC8, 0x72, 0x47, 0x40, 0xE1, 
0x20, 0x40, 0x38, 0xA1, 0x40, 0xA0, 0x30, 0x60, 0x30, 0x60, 0x51, 0x84, 0x9B, 0xCD, 0x9C, 0x0E, 0xAC, 0x71, 0xB4, 0xF3, 0xB5, 0x33, 0xBD, 0x55, 0xC5, 0xD7, 0xCD, 0xF7, 0xCE, 0x18, 0xCE, 0x18, 
0xD6, 0x39, 0xD6, 0x59, 0xD6, 0x5A, 0xD6, 0x7A, 0xDE, 0x7A, 0xDE, 0x7A, 0xDE, 0x9A, 0xDE, 0x9A, 0xDE, 0x9A, 0xE6, 0x7A, 0xA8, 0xA2, 0xA8, 0x00, 0xA8, 0x00, 0xCB, 0xEF, 0xDE, 0x9A, 0xDE, 0x9A, 
0xDE, 0x9A, 0xDE, 0x9A, 0xDE, 0x9A, 0xDE, 0xBA, 0xDE, 0x9A, 0xDE, 0x9B, 0xDE, 0xBB, 0xDE, 0xBB, 0xDE, 0xBB, 0xDE, 0xBB, 0xE6, 0xBB, 0xE6, 0xBB, 0xE6, 0xDB, 0xE6, 0xDB, 0xE6, 0xDB, 0xE6, 0xDB, 
0xE6, 0xDB, 0xE6, 0xDB, 0xE6, 0xDB, 0xE6, 0xDB, 0xE6, 0xDB, 0xE6, 0xDB, 0xE6, 0xDB, 0xE6, 0xDB, 0xE6, 0xDB, 0xE6, 0xDB, 0xE6, 0xDB, 0xE6, 0xDB, 0xE6, 0xDB, 0xE6, 0xDB, 0xE6, 0xBB, 0xE6, 0xDB, 
0xE6, 0xDB, 0xE6, 0xDB, 0xE6, 0xDB, 0xE6, 0xDB, 0xE6, 0xDB, 0xE6, 0xDB, 0xE6, 0xDB, 0xE6, 0xDB, 0xE6, 0xDB, 0xE6, 0xDB, 0xE6, 0xDB, 0xE6, 0xDB, 0xE6, 0xDB, 0xE6, 0xDB, 0xE6, 0xBB, 0xE6, 0xDB, 
0xE6, 0xDB, 0xEE, 0xDB, 0xEE, 0xDA, 0xC2, 0x49, 0xB0, 0x00, 0xB0, 0x00, 0xB9, 0x45, 0xEE, 0xFB, 0xEE, 0xFB, 0xEE, 0xFB, 0xF6, 0xFB, 0xF6, 0xFB, 0xF7, 0x1B, 0xF7, 0x1B, 0xF6, 0xFC, 0xF6, 0xFC, 
0xF6, 0xFB, 0xF6, 0xFB, 0xF6, 0xFB, 0xF6, 0xFB, 0xF6, 0xFB, 0xF6, 0xFB, 0xF6, 0xFB, 0xF6, 0xFC, 0xF6, 0xFB, 0xF6, 0xFB, 0xF6, 0xFC, 0xF6, 0xFC, 0xF7, 0x1C, 0xF7, 0x1C, 0xF6, 0xFC, 0xF6, 0xFC, 
0xF6, 0xFC, 0xF7, 0x1C, 0xF7, 0x1C, 0xF6, 0xFC, 0xF6, 0xFC, 0xF7, 0x1C, 0xF7, 0x1C, 0xF7, 0x1C, 0xF6, 0xFC, 0xF6, 0xFC, 0xF6, 0xFC, 0xF6, 0xFC, 0xF6, 0xFC, 0xF6, 0xFC, 0xEE, 0xFC, 0xEE, 0xDB, 
0xEE, 0xDB, 0xEE, 0xBB, 0xEE, 0xBB, 0xEE, 0xBB, 0xEE, 0xBB, 0xEE, 0xDB, 0xEE, 0xDB, 0xEE, 0xDB, 0xEE, 0xDB, 0xEE, 0xDB, 0xF6, 0xFB, 0xF6, 0xFB, 0xF6, 0xDB, 0xF6, 0xDB, 0xF6, 0xDB, 0xF6, 0x99, 
0xF6, 0x38, 0xF5, 0xF7, 0xF5, 0xD6, 0xFD, 0xB6, 0xFD, 0xB6, 0xFD, 0x95, 0xFD, 0x34, 0xD3, 0x8D, 0x92, 0x48, 0x92, 0x47, 0x92, 0x47, 0x8A, 0x06, 0x81, 0xA5, 0x71, 0x43, 0x58, 0xC2, 0x50, 0x81, 
0x58, 0xC2, 0x68, 0xE2, 0x79, 0x43, 0x81, 0x84, 0x89, 0xA5, 0x81, 0xA5, 0x89, 0xA5, 0x89, 0xA5, 0x89, 0xA5, 0x89, 0xA4, 0x89, 0xA4, 0x89, 0xA5, 0x89, 0xA4, 0x89, 0xA4, 0x89, 0x84, 0x89, 0x84, 
0xBD, 0x14, 0xBD, 0x14, 0xBD, 0x35, 0xBD, 0x35, 0xBD, 0x55, 0xBD, 0x55, 0xBD, 0x55, 0xBD, 0x55, 0xBD, 0x55, 0xBD, 0x56, 0xC5, 0x56, 0xBD, 0x56, 0xBD, 0x55, 0x93, 0x2B, 0x71, 0xC4, 0x82, 0x46, 
0x8A, 0xA8, 0x8A, 0xC9, 0x92, 0xE9, 0x93, 0x09, 0x9B, 0x2A, 0x9B, 0x4A, 0x92, 0xE9, 0x69, 0x84, 0x59, 0x42, 0x59, 0x42, 0x59, 0x43, 0x59, 0x43, 0x59, 0x63, 0x61, 0x84, 0x20, 0x81, 0x08, 0x20, 
0x08, 0x20, 0x10, 0x41, 0x10, 0x61, 0x18, 0xA2, 0x18, 0x41, 0x28, 0xA2, 0x41, 0x03, 0x18, 0x61, 0x8A, 0xEA, 0xA3, 0x6B, 0xA3, 0x6B, 0x9B, 0x6B, 0x9B, 0x6B, 0x9B, 0x6B, 0x9B, 0x6A, 0x9B, 0x4A, 
0xA3, 0x6A, 0xA3, 0x6A, 0xA3, 0x6B, 0x9B, 0x8B, 0xA3, 0x8B, 0xA3, 0x8B, 0xA3, 0x8B, 0xA3, 0x8B, 0x9B, 0x8B, 0x9B, 0x6A, 0x9B, 0x4A, 0x93, 0x29, 0x82, 0xA7, 0x8A, 0xE8, 0x82, 0x67, 0x59, 0x02, 
0x28, 0x40, 0x38, 0x80, 0x48, 0xC1, 0x38, 0x60, 0x38, 0x81, 0x6A, 0x27, 0x9B, 0xCD, 0x9C, 0x0E, 0xAC, 0x91, 0xB4, 0xF2, 0xBD, 0x34, 0xBD, 0x75, 0xC5, 0xD7, 0xCD, 0xF7, 0xCE, 0x18, 0xCE, 0x18, 
0xD6, 0x39, 0xD6, 0x59, 0xD6, 0x59, 0xD6, 0x79, 0xDE, 0x7A, 0xDE, 0x7A, 0xDE, 0x9A, 0xDE, 0x9A, 0xDE, 0x9A, 0xE6, 0x9A, 0xA8, 0xC3, 0xA8, 0x00, 0xA8, 0x00, 0xB9, 0x66, 0xD4, 0x31, 0xDD, 0x76, 
0xDE, 0x7A, 0xDE, 0x9A, 0xDE, 0x9A, 0xDE, 0x9A, 0xDE, 0x9A, 0xDE, 0x9A, 0xDE, 0x9A, 0xDE, 0x9A, 0xDE, 0x9A, 0xDE, 0x9A, 0xDE, 0x9A, 0xDE, 0x9B, 0xE6, 0xBB, 0xE6, 0xBB, 0xE6, 0xBB, 0xE6, 0xBB, 
0xE6, 0xBB, 0xE6, 0xBB, 0xE6, 0xBB, 0xE6, 0xBB, 0xE6, 0xBB, 0xE6, 0xDB, 0xE6, 0xBB, 0xE6, 0xBB, 0xE6, 0xBB, 0xE6, 0xBB, 0xE6, 0xBB, 0xE6, 0xBB, 0xE6, 0xBB, 0xE6, 0xBA, 0xE6, 0xBA, 0xE6, 0xBB, 
0xE6, 0xBB, 0xE6, 0xBB, 0xE6, 0xBA, 0xE6, 0xBB, 0xE6, 0xBB, 0xE6, 0xBA, 0xE6, 0xBA, 0xE6, 0xBA, 0xE6, 0xBB, 0xE6, 0xBB, 0xE6, 0xBB, 0xE6, 0xBB, 0xE6, 0xBA, 0xE6, 0xBA, 0xE6, 0xBA, 0xE6, 0xBA, 
0xE6, 0x79, 0xDD, 0x96, 0xD4, 0x92, 0xB0, 0xC3, 0xB0, 0x00, 0xB0, 0x00, 0xB9, 0xC7, 0xEE, 0xFB, 0xEE, 0xFB, 0xF6, 0xFB, 0xF6, 0xFB, 0xF6, 0xFC, 0xF6, 0xFB, 0xF7, 0x1B, 0xF7, 0x1C, 0xF7, 0x1C, 
0xF6, 0xFB, 0xF6, 0xFB, 0xF6, 0xFB, 0xF6, 0xFB, 0xF6, 0xFB, 0xF6, 0xFB, 0xF7, 0x1C, 0xF6, 0xFC, 0xF6, 0xFB, 0xF6, 0xFB, 0xF6, 0xFC, 0xF6, 0xFC, 0xF7, 0x1C, 0xF7, 0x1C, 0xF7, 0x1C, 0xF7, 0x1C, 
0xF6, 0xFC, 0xF7, 0x1C, 0xF7, 0x1C, 0xF6, 0xFC, 0xF6, 0xFC, 0xF6, 0xFC, 0xF7, 0x1C, 0xF7, 0x1C, 0xF7, 0x1C, 0xF7, 0x1C, 0xF6, 0xFC, 0xF6, 0xFC, 0xF7, 0x1C, 0xF6, 0xFC, 0xEE, 0xFC, 0xEE, 0xDB, 
0xEE, 0xBB, 0xEE, 0xBB, 0xE6, 0x9A, 0xE6, 0x9A, 0xE6, 0x9A, 0xE6, 0xBB, 0xEE, 0xBB, 0xEE, 0xBB, 0xEE, 0xBB, 0xEE, 0xBB, 0xEE, 0xDB, 0xF6, 0xDB, 0xF6, 0xFB, 0xF6, 0xDB, 0xF6, 0xBA, 0xF6, 0x59, 
0xF6, 0x38, 0xFE, 0x18, 0xFE, 0x17, 0xFD, 0xF7, 0xFD, 0xB6, 0xFD, 0x54, 0xCB, 0x6D, 0x9A, 0x48, 0x92, 0x48, 0x8A, 0x47, 0x8A, 0x47, 0x8A, 0x06, 0x81, 0xA4, 0x69, 0x23, 0x58, 0xA1, 0x50, 0xA1, 
0x60, 0xC2, 0x68, 0xE2, 0x79, 0x43, 0x81, 0xA5, 0x89, 0xC5, 0x89, 0xC5, 0x89, 0xA5, 0x89, 0xA5, 0x81, 0xA4, 0x81, 0xA4, 0x89, 0xA4, 0x89, 0xA4, 0x89, 0xA4, 0x89, 0x84, 0x89, 0x84, 0x89, 0x84, 
0xBC, 0xF4, 0xBD, 0x14, 0xBD, 0x35, 0xBD, 0x35, 0xBD, 0x55, 0xBD, 0x55, 0xBD, 0x55, 0xBD, 0x35, 0xBD, 0x35, 0xBD, 0x55, 0xBD, 0x56, 0xC5, 0x56, 0xBD, 0x55, 0xBD, 0x35, 0x82, 0x68, 0x71, 0xC4, 
0x82, 0x67, 0x8A, 0xA8, 0x92, 0xE9, 0x93, 0x09, 0x9B, 0x2A, 0x9B, 0x4A, 0x9B, 0x4B, 0x92, 0xE9, 0x69, 0xA4, 0x59, 0x43, 0x59, 0x43, 0x59, 0x63, 0x59, 0x63, 0x59, 0x43, 0x18, 0x60, 0x08, 0x20, 
0x08, 0x20, 0x10, 0x41, 0x20, 0xC2, 0x31, 0x45, 0x18, 0x61, 0x28, 0x61, 0x82, 0x26, 0x20, 0x61, 0x39, 0x03, 0x9B, 0x6B, 0xA3, 0x6B, 0x9B, 0x6B, 0x9B, 0x6B, 0x9B, 0x6B, 0x9B, 0x6B, 0x9B, 0x4A, 
0xA3, 0x6A, 0xA3, 0x6A, 0x9B, 0x6B, 0xA3, 0x8B, 0xA3, 0x8B, 0xA3, 0x8B, 0xA3, 0xAB, 0xA3, 0x8C, 0xA3, 0x8B, 0x9B, 0x8B, 0x9B, 0x8B, 0x93, 0x2A, 0x93, 0x29, 0x8A, 0xC8, 0x79, 0xE5, 0x69, 0x22, 
0x38, 0x81, 0x30, 0x80, 0x48, 0xE1, 0x40, 0x80, 0x38, 0x80, 0x7A, 0xC9, 0x9B, 0xCD, 0xA4, 0x0F, 0xAC, 0xB1, 0xB4, 0xF3, 0xBD, 0x54, 0xBD, 0x75, 0xC5, 0xD7, 0xCD, 0xF7, 0xCE, 0x18, 0xCE, 0x38, 
0xD6, 0x39, 0xD6, 0x59, 0xD6, 0x59, 0xD6, 0x79, 0xDE, 0x79, 0xDE, 0x7A, 0xDE, 0x9A, 0xDE, 0x9A, 0xDE, 0x9A, 0xDE, 0x9A, 0xBA, 0xAA, 0xA8, 0x00, 0xB0, 0x00, 0xB0, 0x00, 0xB0, 0x00, 0xA8, 0x00, 
0xD4, 0x92, 0xD5, 0x55, 0xD5, 0x14, 0xD5, 0x14, 0xD5, 0x14, 0xD4, 0xF3, 0xD4, 0xF3, 0xD4, 0xF3, 0xD4, 0xF3, 0xD4, 0xD3, 0xD4, 0xD3, 0xD4, 0xF3, 0xD4, 0xF3, 0xD4, 0xF3, 0xD4, 0xF3, 0xD4, 0xF4, 
0xD4, 0xF4, 0xD4, 0xF3, 0xD4, 0xF4, 0xD4, 0xF4, 0xD5, 0x14, 0xD5, 0x14, 0xD5, 0x14, 0xD5, 0x14, 0xD5, 0x34, 0xDD, 0x34, 0xDD, 0x34, 0xD5, 0x34, 0xD5, 0x34, 0xD5, 0x14, 0xD5, 0x14, 0xD5, 0x14, 
0xD5, 0x14, 0xD5, 0x14, 0xD5, 0x14, 0xD5, 0x14, 0xD5, 0x14, 0xD5, 0x14, 0xD5, 0x14, 0xD5, 0x14, 0xD5, 0x14, 0xD5, 0x14, 0xD5, 0x14, 0xDD, 0x14, 0xDD, 0x34, 0xDD, 0x34, 0xDD, 0x34, 0xDD, 0x55, 
0xC3, 0x2C, 0xA8, 0x00, 0xA8, 0x00, 0xB0, 0x00, 0xB0, 0x00, 0xA8, 0x00, 0xD4, 0x51, 0xEE, 0xFB, 0xEE, 0xFB, 0xF6, 0xFB, 0xF6, 0xFB, 0xF6, 0xFB, 0xF6, 0xFB, 0xF7, 0x1B, 0xF7, 0x1C, 0xF7, 0x1C, 
0xF6, 0xFC, 0xF6, 0xFB, 0xF6, 0xFB, 0xF6, 0xFB, 0xF6, 0xFB, 0xF6, 0xFC, 0xF7, 0x1C, 0xF6, 0xFC, 0xF6, 0xFB, 0xF6, 0xFC, 0xF6, 0xFC, 0xF7, 0x1C, 0xF7, 0x1C, 0xF7, 0x1C, 0xF7, 0x1C, 0xF6, 0xFC, 
0xF6, 0xFC, 0xF6, 0xFC, 0xF6, 0xFC, 0xF7, 0x1C, 0xF7, 0x1C, 0xF6, 0xFC, 0xF6, 0xFC, 0xF6, 0xFC, 0xF6, 0xFC, 0xF6, 0xFC, 0xF6, 0xFC, 0xF7, 0x1C, 0xF7, 0x1C, 0xF6, 0xFC, 0xEE, 0xFC, 0xEE, 0xFB, 
0xEE, 0xDB, 0xEE, 0xDB, 0xEE, 0xDB, 0xEE, 0xBB, 0xEE, 0xBB, 0xE6, 0xBB, 0xE6, 0xBB, 0xE6, 0x9B, 0xE6, 0x9A, 0xE6, 0x9A, 0xEE, 0xBA, 0xEE, 0xBB, 0xF6, 0xDB, 0xF6, 0xBA, 0xF6, 0x9A, 0xF6, 0x58, 
0xF5, 0xD7, 0xF5, 0xB6, 0xF5, 0x55, 0xF5, 0x54, 0xF5, 0x34, 0xF4, 0xD3, 0x9A, 0x68, 0x92, 0x47, 0x8A, 0x48, 0x8A, 0x48, 0x8A, 0x47, 0x8A, 0x06, 0x79, 0x84, 0x69, 0x02, 0x50, 0x81, 0x50, 0xA1, 
0x60, 0xC2, 0x69, 0x02, 0x79, 0x63, 0x81, 0xA5, 0x89, 0xC5, 0x89, 0xC5, 0x89, 0xC5, 0x89, 0xC5, 0x89, 0xA5, 0x81, 0xA5, 0x89, 0xA4, 0x89, 0xA4, 0x89, 0xA4, 0x89, 0x84, 0x89, 0x84, 0x81, 0x64, 
0xB4, 0xF4, 0xBD, 0x15, 0xBD, 0x35, 0xBD, 0x35, 0xBD, 0x55, 0xBD, 0x35, 0xBD, 0x35, 0xBD, 0x35, 0xBD, 0x35, 0xBD, 0x55, 0xBD, 0x56, 0xBD, 0x56, 0xBD, 0x56, 0xBD, 0x35, 0xB4, 0x92, 0x71, 0xC4, 
0x7A, 0x06, 0x82, 0x87, 0x8A, 0xC9, 0x93, 0x09, 0x9B, 0x2A, 0x9B, 0x4A, 0xA3, 0x6B, 0xA3, 0x6B, 0x93, 0x09, 0x71, 0xC4, 0x59, 0x63, 0x59, 0x63, 0x59, 0x63, 0x61, 0x84, 0x49, 0x43, 0x10, 0x40, 
0x08, 0x20, 0x10, 0x41, 0x18, 0x61, 0x20, 0xC3, 0x18, 0x62, 0x20, 0x61, 0x92, 0x67, 0x61, 0x64, 0x18, 0x41, 0x72, 0x48, 0x9B, 0x6B, 0x9B, 0x6B, 0x9B, 0x6B, 0x9B, 0x6B, 0x9B, 0x6B, 0x9B, 0x4A, 
0x9B, 0x6A, 0xA3, 0x6A, 0xA3, 0x6A, 0xA3, 0x8B, 0xA3, 0x8B, 0xA3, 0x8B, 0xA3, 0xAB, 0xA3, 0xAB, 0xA3, 0xAB, 0x9B, 0x8B, 0x9B, 0x8B, 0x93, 0x2A, 0x9B, 0x6A, 0x8A, 0xC8, 0x79, 0xA3, 0x69, 0x42, 
0x48, 0xC1, 0x28, 0x40, 0x48, 0xC1, 0x48, 0xC1, 0x40, 0xA1, 0x8B, 0x4B, 0x9B, 0xCD, 0xA4, 0x2F, 0xAC, 0xB1, 0xB5, 0x13, 0xBD, 0x55, 0xC5, 0x96, 0xC5, 0xB7, 0xCD, 0xF7, 0xCE, 0x18, 0xCE, 0x38, 
0xD6, 0x39, 0xD6, 0x59, 0xD6, 0x59, 0xD6, 0x59, 0xDE, 0x79, 0xDE, 0x79, 0xDE, 0x9A, 0xDE, 0x9A, 0xDE, 0x9A, 0xDE, 0x9A, 0xDE, 0x18, 0xB1, 0x86, 0xB0, 0x00, 0xB0, 0x00, 0xB0, 0x00, 0xB0, 0x00, 
0xB0, 0x00, 0xA8, 0x00, 0xA8, 0x00, 0xA8, 0x00, 0xA8, 0x00, 0xA8, 0x00, 0xB0, 0x00, 0xB0, 0x00, 0xB0, 0x00, 0xB0, 0x00, 0xA8, 0x00, 0xB0, 0x00, 0xB0, 0x00, 0xB0, 0x00, 0xB0, 0x00, 0xB0, 0x00, 
0xB0, 0x00, 0xB0, 0x00, 0xB0, 0x00, 0xB0, 0x00, 0xB0, 0x00, 0xB0, 0x00, 0xB0, 0x00, 0xB0, 0x00, 0xB0, 0x00, 0xB0, 0x00, 0xB0, 0x00, 0xB0, 0x00, 0xB0, 0x00, 0xB0, 0x00, 0xB0, 0x00, 0xB0, 0x00, 
0xB0, 0x00, 0xB0, 0x00, 0xB0, 0x00, 0xB0, 0x00, 0xA8, 0x00, 0xA8, 0x00, 0xA8, 0x00, 0xA8, 0x00, 0xA8, 0x00, 0xA8, 0x00, 0xA8, 0x00, 0xA8, 0x00, 0xA8, 0x00, 0xA8, 0x00, 0xA8, 0x00, 0xA8, 0x00, 
0xA8, 0x00, 0xA8, 0x00, 0xA8, 0x00, 0xB0, 0x00, 0xB0, 0x00, 0xC2, 0x49, 0xEE, 0xFB, 0xEE, 0xFB, 0xEE, 0xFB, 0xEE, 0xFC, 0xF6, 0xFB, 0xF6, 0xFB, 0xF6, 0xFB, 0xF6, 0xFB, 0xF6, 0xFB, 0xF7, 0x1B, 
0xF7, 0x1C, 0xF7, 0x1C, 0xF6, 0xFB, 0xF6, 0xFB, 0xF6, 0xFB, 0xF7, 0x1C, 0xF7, 0x1C, 0xF7, 0x1B, 0xF6, 0xFB, 0xF6, 0xFC, 0xF6, 0xFC, 0xF6, 0xFC, 0xF7, 0x1C, 0xF7, 0x1C, 0xF7, 0x1C, 0xF7, 0x1C, 
0xF6, 0xFC, 0xF6, 0xFC, 0xF7, 0x1C, 0xF7, 0x1C, 0xF7, 0x1C, 0xF7, 0x1C, 0xF6, 0xFC, 0xF7, 0x1C, 0xF6, 0xFC, 0xF6, 0xFC, 0xF6, 0xFC, 0xF6, 0xFC, 0xF7, 0x1C, 0xF6, 0xFC, 0xEE, 0xFC, 0xEE, 0xFC, 
0xEE, 0xFC, 0xEE, 0xFC, 0xEE, 0xFC, 0xEE, 0xFB, 0xEE, 0xDB, 0xEE, 0xDB, 0xEE, 0xDB, 0xEE, 0xBB, 0xEE, 0xBB, 0xEE, 0x9A, 0xEE, 0x9A, 0xEE, 0xBA, 0xF6, 0xDB, 0xF6, 0xBA, 0xF6, 0x7A, 0xF6, 0x59, 
0xF6, 0x18, 0xF5, 0xF7, 0xF5, 0xD7, 0xFD, 0xB6, 0xFD, 0x75, 0xD3, 0xEF, 0x8A, 0x48, 0x8A, 0x48, 0x8A, 0x68, 0x8A, 0x47, 0x8A, 0x47, 0x81, 0xE6, 0x79, 0x84, 0x61, 0x02, 0x50, 0x81, 0x50, 0xA1, 
0x60, 0xC2, 0x69, 0x02, 0x79, 0x64, 0x81, 0xC5, 0x89, 0xC5, 0x89, 0xC5, 0x89, 0xC5, 0x89, 0xC5, 0x81, 0xC5, 0x89, 0xA5, 0x89, 0xA4, 0x89, 0xA4, 0x89, 0xA4, 0x89, 0x84, 0x89, 0x63, 0x81, 0x63, 
0xB4, 0xF3, 0xBD, 0x15, 0xBD, 0x35, 0xBD, 0x35, 0xBD, 0x55, 0xBD, 0x55, 0xBD, 0x35, 0xBD, 0x35, 0xBD, 0x35, 0xBD, 0x55, 0xBD, 0x56, 0xBD, 0x56, 0xBD, 0x56, 0xBD, 0x35, 0xBD, 0x35, 0x93, 0x4B, 
0x71, 0xE5, 0x82, 0x67, 0x8A, 0xA8, 0x92, 0xE9, 0x9B, 0x0A, 0x9B, 0x4A, 0xA3, 0x4B, 0xA3, 0x6B, 0xAB, 0x8B, 0x9B, 0x09, 0x61, 0x84, 0x61, 0x63, 0x61, 0x83, 0x61, 0x84, 0x40, 0xE2, 0x10, 0x40, 
0x08, 0x20, 0x10, 0x41, 0x18, 0x82, 0x29, 0x04, 0x18, 0x82, 0x10, 0x41, 0x69, 0xA5, 0x9A, 0xA8, 0x28, 0x81, 0x28, 0xA2, 0x9B, 0x4B, 0x9B, 0x6B, 0x9B, 0x6B, 0x9B, 0x6B, 0x9B, 0x4A, 0x9B, 0x4A, 
0x9B, 0x4A, 0x9B, 0x6A, 0x9B, 0x6A, 0xA3, 0x8B, 0xA3, 0x8B, 0xA3, 0xAB, 0xA3, 0xAB, 0xA3, 0xAC, 0xA3, 0xAB, 0xA3, 0xAB, 0xA3, 0x8B, 0x9B, 0x8B, 0x9B, 0x6B, 0x8A, 0x66, 0x79, 0xA3, 0x71, 0x62, 
0x58, 0xE1, 0x38, 0x81, 0x38, 0x81, 0x48, 0xC1, 0x48, 0xC1, 0x93, 0xAD, 0x9B, 0xEE, 0xA4, 0x2F, 0xAC, 0xB1, 0xB5, 0x13, 0xBD, 0x54, 0xC5, 0x96, 0xC5, 0xD7, 0xCD, 0xF7, 0xCE, 0x18, 0xCE, 0x39, 
0xD6, 0x39, 0xD6, 0x59, 0xD6, 0x59, 0xBA, 0xEC, 0xCB, 0xEF, 0xDE, 0x59, 0xDE, 0x7A, 0xDE, 0x7A, 0xDE, 0x9A, 0xDE, 0x9A, 0xDE, 0x18, 0xC2, 0xCB, 0xB0, 0x00, 0xB0, 0x00, 0xB0, 0x00, 0xB0, 0x00, 
0xB0, 0x00, 0xB0, 0x00, 0xA8, 0x00, 0xA8, 0x00, 0xB0, 0x00, 0xB0, 0x00, 0xB0, 0x00, 0xB0, 0x00, 0xB0, 0x00, 0xB0, 0x00, 0xB0, 0x00, 0xB0, 0x00, 0xB0, 0x00, 0xB0, 0x00, 0xB0, 0x00, 0xB0, 0x00, 
0xB0, 0x00, 0xB0, 0x00, 0xB0, 0x00, 0xB0, 0x00, 0xB0, 0x00, 0xB0, 0x00, 0xB0, 0x00, 0xB0, 0x00, 0xB0, 0x00, 0xB0, 0x00, 0xB0, 0x00, 0xB0, 0x00, 0xB0, 0x00, 0xB0, 0x00, 0xB0, 0x00, 0xB0, 0x00, 
0xB0, 0x00, 0xB0, 0x00, 0xB0, 0x00, 0xB0, 0x00, 0xB0, 0x00, 0xA8, 0x00, 0xB0, 0x00, 0xB0, 0x00, 0xB0, 0x00, 0xA8, 0x00, 0xA8, 0x00, 0xA8, 0x00, 0xB0, 0x00, 0xB0, 0x00, 0xB0, 0x00, 0xB0, 0x00, 
0xB0, 0x00, 0xB0, 0x00, 0xB0, 0x00, 0xB0, 0x00, 0xB0, 0x00, 0xDC, 0xB2, 0xF6, 0xFB, 0xEE, 0xFC, 0xEE, 0xFB, 0xEE, 0xFB, 0xF6, 0xFB, 0xEE, 0x79, 0xCA, 0xEC, 0xCB, 0x6D, 0xF6, 0xFB, 0xF7, 0x1C, 
0xF7, 0x1C, 0xF7, 0x1B, 0xF7, 0x1B, 0xF6, 0xFC, 0xF6, 0xFC, 0xF7, 0x1C, 0xF7, 0x1C, 0xF6, 0xFC, 0xF6, 0xFC, 0xF6, 0xFC, 0xF7, 0x1C, 0xF6, 0xFC, 0xF7, 0x1C, 0xF7, 0x1C, 0xF7, 0x1C, 0xF7, 0x1C, 
0xF6, 0xFC, 0xF6, 0xFC, 0xF7, 0x1C, 0xF7, 0x1C, 0xF7, 0x1C, 0xF7, 0x1C, 0xF6, 0xFC, 0xF7, 0x1C, 0xF6, 0xFC, 0xF6, 0xFC, 0xF6, 0xFC, 0xF6, 0xFC, 0xF6, 0xFC, 0xF6, 0xFC, 0xEE, 0xFC, 0xEE, 0xFC, 
0xEE, 0xFB, 0xEE, 0xFC, 0xEE, 0xFC, 0xEE, 0xFC, 0xEE, 0xFC, 0xEE, 0xFC, 0xEE, 0xFC, 0xEE, 0xDB, 0xEE, 0xDB, 0xEE, 0xDB, 0xEE, 0xDB, 0xEE, 0xDB, 0xF6, 0xDB, 0xF6, 0xBA, 0xF6, 0x79, 0xF6, 0x79, 
0xF6, 0x59, 0xFE, 0x18, 0xFD, 0xB7, 0xFD, 0xB6, 0xF5, 0x34, 0xA2, 0xCA, 0x8A, 0x68, 0x8A, 0x68, 0x8A, 0x68, 0x8A, 0x68, 0x8A, 0x47, 0x81, 0xE5, 0x71, 0x63, 0x60, 0xE2, 0x50, 0x81, 0x50, 0x81, 
0x60, 0xC1, 0x71, 0x22, 0x81, 0x84, 0x81, 0xA5, 0x89, 0xC5, 0x89, 0xC5, 0x89, 0xC5, 0x89, 0xC5, 0x89, 0xA4, 0x89, 0xA4, 0x89, 0xA4, 0x89, 0xA4, 0x81, 0x84, 0x81, 0x84, 0x81, 0x63, 0x81, 0x63, 
0xB4, 0xF4, 0xBD, 0x14, 0xBD, 0x35, 0xBD, 0x35, 0xBD, 0x55, 0xBD, 0x55, 0xBD, 0x55, 0xBD, 0x35, 0xBD, 0x35, 0xBD, 0x55, 0xBD, 0x55, 0xBD, 0x56, 0xBD, 0x56, 0xBD, 0x55, 0xBD, 0x35, 0xBC, 0xF3, 
0x7A, 0x26, 0x7A, 0x26, 0x82, 0x87, 0x8A, 0xC8, 0x93, 0x09, 0x9B, 0x2A, 0x9B, 0x4A, 0xA3, 0x6B, 0xA3, 0x8B, 0x93, 0x09, 0x61, 0x84, 0x61, 0x83, 0x61, 0x84, 0x61, 0x84, 0x61, 0x84, 0x20, 0x81, 
0x08, 0x20, 0x08, 0x20, 0x10, 0x41, 0x20, 0xC3, 0x20, 0xC3, 0x18, 0x61, 0x72, 0x06, 0xA2, 0xE8, 0x7A, 0x06, 0x10, 0x41, 0x59, 0xE6, 0x9B, 0x6B, 0x9B, 0x6B, 0x9B, 0x6B, 0x9B, 0x4A, 0x9B, 0x4A, 
0x9B, 0x6A, 0x9B, 0x6A, 0x9B, 0x6B, 0x9B, 0x8B, 0xA3, 0x8B, 0xA3, 0xAB, 0xA3, 0xAC, 0xA3, 0xAB, 0xA3, 0xAB, 0xA3, 0xAB, 0xA3, 0xAB, 0x9B, 0x8B, 0x9B, 0x4A, 0x82, 0x05, 0x79, 0x83, 0x71, 0x62, 
0x61, 0x22, 0x58, 0xE2, 0x38, 0x80, 0x48, 0xC1, 0x51, 0x02, 0x9B, 0xCD, 0x9B, 0xEE, 0xA4, 0x4F, 0xAC, 0x91, 0xB4, 0xF3, 0xBD, 0x54, 0xC5, 0x96, 0xC5, 0xD7, 0xCD, 0xF7, 0xCE, 0x18, 0xCE, 0x38, 
0xD6, 0x39, 0xD6, 0x59, 0xD6, 0x39, 0xB1, 0x86, 0xA8, 0x00, 0xB9, 0x04, 0xCB, 0x2C, 0xCC, 0x30, 0xCB, 0xEF, 0xC2, 0x69, 0xB0, 0x61, 0xB0, 0x00, 0xB0, 0x00, 0xB0, 0x00, 0xB0, 0x00, 0xB0, 0x00, 
0xB0, 0x00, 0xB0, 0x00, 0xB0, 0x00, 0xB0, 0x00, 0xA8, 0x00, 0xB0, 0x00, 0xB0, 0x00, 0xB0, 0x00, 0xB0, 0x00, 0xB0, 0x00, 0xB0, 0x00, 0xB0, 0x00, 0xB0, 0x00, 0xB0, 0x00, 0xB0, 0x00, 0xB0, 0x00, 
0xB0, 0x00, 0xB0, 0x00, 0xB0, 0x00, 0xB0, 0x00, 0xB0, 0x00, 0xB0, 0x00, 0xB0, 0x00, 0xB0, 0x00, 0xB0, 0x00, 0xB0, 0x00, 0xB0, 0x00, 0xB0, 0x00, 0xB0, 0x00, 0xB0, 0x00, 0xB0, 0x00, 0xB0, 0x00, 
0xB0, 0x00, 0xB0, 0x00, 0xB0, 0x00, 0xB0, 0x00, 0xB0, 0x00, 0xB0, 0x00, 0xB0, 0x00, 0xB0, 0x00, 0xA8, 0x00, 0xA8, 0x00, 0xA8, 0x00, 0xA8, 0x00, 0xA8, 0x00, 0xB0, 0x00, 0xB0, 0x00, 0xB0, 0x00, 
0xB0, 0x00, 0xB0, 0x00, 0xB0, 0x00, 0xB0, 0x00, 0xB0, 0x00, 0xB0, 0x00, 0xB9, 0x65, 0xD3, 0x8D, 0xDC, 0x92, 0xDC, 0x71, 0xCA, 0xEC, 0xB0, 0x82, 0xB0, 0x00, 0xCB, 0x2C, 0xF6, 0xFB, 0xF6, 0xFC, 
0xF7, 0x1C, 0xF7, 0x1C, 0xF6, 0xFB, 0xF6, 0xFB, 0xF6, 0xFB, 0xF7, 0x1C, 0xF7, 0x1C, 0xF6, 0xFC, 0xF7, 0x1C, 0xF7, 0x1C, 0xF7, 0x1C, 0xF7, 0x1C, 0xF7, 0x1C, 0xF7, 0x1C, 0xF7, 0x1C, 0xF6, 0xFC, 
0xF7, 0x1C, 0xF7, 0x1C, 0xF7, 0x1C, 0xF7, 0x1C, 0xF7, 0x1C, 0xF7, 0x1C, 0xF7, 0x1C, 0xF7, 0x1C, 0xF7, 0x1C, 0xF6, 0xFC, 0xF6, 0xFC, 0xF6, 0xFC, 0xF6, 0xFC, 0xEE, 0xFC, 0xEE, 0xFC, 0xEE, 0xFC, 
0xEE, 0xFB, 0xEE, 0xFB, 0xEE, 0xFC, 0xEE, 0xFC, 0xF6, 0xFC, 0xF6, 0xFC, 0xF6, 0xFC, 0xF6, 0xFC, 0xF6, 0xFC, 0xF6, 0xFB, 0xF6, 0xFB, 0xF6, 0xFB, 0xF6, 0xFB, 0xF6, 0x9A, 0xF6, 0x59, 0xF6, 0x38, 
0xF5, 0xD7, 0xF5, 0x96, 0xFD, 0xB7, 0xFD, 0x96, 0xD4, 0x0F, 0x8A, 0x68, 0x8A, 0x68, 0x8A, 0x68, 0x8A, 0x68, 0x8A, 0x48, 0x8A, 0x27, 0x81, 0xC5, 0x71, 0x43, 0x58, 0xC2, 0x48, 0x81, 0x50, 0x81, 
0x60, 0xC1, 0x71, 0x23, 0x81, 0x84, 0x89, 0xA5, 0x89, 0xC5, 0x81, 0xC5, 0x81, 0xA4, 0x81, 0xA4, 0x81, 0xA4, 0x81, 0xA4, 0x81, 0xA4, 0x81, 0xA4, 0x81, 0x84, 0x81, 0x84, 0x81, 0x63, 0x81, 0x43, 
0xB4, 0xF3, 0xBD, 0x14, 0xBD, 0x35, 0xBD, 0x35, 0xBD, 0x55, 0xBD, 0x55, 0xBD, 0x55, 0xBD, 0x35, 0xBD, 0x35, 0xBD, 0x35, 0xBD, 0x55, 0xBD, 0x55, 0xBD, 0x56, 0xBD, 0x55, 0xC5, 0x35, 0xBD, 0x35, 
0x9B, 0xCE, 0x71, 0xE5, 0x7A, 0x46, 0x8A, 0xA8, 0x92, 0xE9, 0x9B, 0x2A, 0x9B, 0x2A, 0xA3, 0x6B, 0xA3, 0x6B, 0x8A, 0x87, 0x61, 0x84, 0x61, 0x63, 0x61, 0x84, 0x61, 0x84, 0x61, 0x84, 0x20, 0x81, 
0x08, 0x20, 0x08, 0x20, 0x10, 0x61, 0x20, 0xA3, 0x20, 0xA3, 0x18, 0x61, 0x59, 0xA5, 0xA3, 0x09, 0xA3, 0x09, 0x38, 0xE3, 0x20, 0x82, 0x93, 0x4B, 0x9B, 0x6B, 0x9B, 0x4B, 0x9B, 0x4A, 0x9B, 0x4A, 
0x9B, 0x4A, 0x9B, 0x6A, 0x9B, 0x6B, 0x9B, 0x8B, 0xA3, 0x8B, 0xA3, 0xAC, 0xA3, 0xAC, 0xA3, 0xAB, 0xA3, 0xAB, 0xA3, 0xAB, 0xA3, 0xAB, 0x9B, 0xAB, 0x92, 0xE8, 0x79, 0xA4, 0x79, 0x62, 0x71, 0x42, 
0x69, 0x22, 0x61, 0x02, 0x50, 0xE1, 0x48, 0xA1, 0x59, 0x23, 0x9B, 0xEE, 0x9B, 0xEE, 0xA4, 0x2F, 0xAC, 0x90, 0xB4, 0xD2, 0xBD, 0x54, 0xBD, 0x96, 0xC5, 0xD7, 0xCD, 0xF7, 0xCD, 0xF8, 0xCE, 0x18, 
0xD6, 0x39, 0xD6, 0x39, 0xD6, 0x59, 0xCC, 0x10, 0xB0, 0x00, 0xB0, 0x00, 0xB0, 0x00, 0xB0, 0x00, 0xB0, 0x00, 0xB0, 0x00, 0xB0, 0x00, 0xB0, 0x00, 0xB0, 0x00, 0xB0, 0x00, 0xB0, 0x00, 0xB0, 0x00, 
0xB0, 0x00, 0xB0, 0x00, 0xB0, 0x00, 0xB0, 0x00, 0xB0, 0x00, 0xB0, 0x00, 0xB0, 0x00, 0xB0, 0x00, 0xB0, 0x00, 0xB0, 0x00, 0xB0, 0x00, 0xB0, 0x00, 0xB0, 0x00, 0xB0, 0x00, 0xB0, 0x00, 0xB0, 0x00, 
0xB0, 0x00, 0xB0, 0x00, 0xB0, 0x00, 0xB0, 0x00, 0xB0, 0x00, 0xB0, 0x00, 0xB0, 0x00, 0xB0, 0x00, 0xB0, 0x00, 0xB0, 0x00, 0xB0, 0x00, 0xB0, 0x00, 0xB0, 0x00, 0xB0, 0x00, 0xB0, 0x00, 0xB0, 0x00, 
0xB0, 0x00, 0xB0, 0x00, 0xB0, 0x00, 0xB0, 0x00, 0xB0, 0x00, 0xB0, 0x00, 0xB0, 0x00, 0xB0, 0x00, 0xA8, 0x00, 0xB0, 0x00, 0xA8, 0x00, 0xA8, 0x00, 0xB0, 0x00, 0xB0, 0x00, 0xB0, 0x00, 0xA8, 0x00, 
0xA8, 0x00, 0xA8, 0x00, 0xB0, 0x00, 0xB0, 0x00, 0xB0, 0x00, 0xB0, 0x00, 0xB0, 0x00, 0xB0, 0x00, 0xB0, 0x00, 0xB0, 0x00, 0xB0, 0x00, 0xB0, 0x00, 0xA8, 0x21, 0xE5, 0xF7, 0xF6, 0xFB, 0xF6, 0xFC, 
0xF6, 0xFC, 0xF7, 0x1C, 0xF6, 0xFB, 0xF6, 0xFB, 0xF6, 0xFB, 0xF7, 0x1C, 0xF7, 0x1C, 0xF7, 0x1C, 0xF7, 0x1C, 0xF7, 0x1C, 0xF7, 0x1C, 0xF7, 0x1C, 0xF7, 0x1C, 0xF6, 0xFC, 0xF6, 0xFC, 0xF7, 0x1C, 
0xF7, 0x1C, 0xF7, 0x1C, 0xF7, 0x1C, 0xF7, 0x1C, 0xF7, 0x1C, 0xF7, 0x1C, 0xF7, 0x1C, 0xF7, 0x1C, 0xF7, 0x1C, 0xF6, 0xFC, 0xF6, 0xFC, 0xF6, 0xFC, 0xF6, 0xFC, 0xEE, 0xFC, 0xEE, 0xFC, 0xEE, 0xFC, 
0xEE, 0xDB, 0xEE, 0xDC, 0xEE, 0xFC, 0xEE, 0xFC, 0xEE, 0xFC, 0xEE, 0xFC, 0xF6, 0xFC, 0xF6, 0xFC, 0xF6, 0xFC, 0xF6, 0xFC, 0xF6, 0xFB, 0xF6, 0xFB, 0xF6, 0xDB, 0xF6, 0x58, 0xF5, 0xF7, 0xF5, 0x96, 
0xF5, 0x96, 0xFD, 0xD7, 0xFD, 0xD7, 0xF5, 0x55, 0xA2, 0xEA, 0x8A, 0x88, 0x8A, 0x68, 0x8A, 0x68, 0x8A, 0x68, 0x8A, 0x67, 0x8A, 0x27, 0x79, 0xC5, 0x69, 0x43, 0x50, 0xA1, 0x48, 0x81, 0x50, 0xA1, 
0x60, 0xC1, 0x71, 0x23, 0x81, 0x84, 0x89, 0xC5, 0x89, 0xC5, 0x81, 0xC5, 0x81, 0xA4, 0x81, 0xA5, 0x81, 0xA4, 0x81, 0xA4, 0x81, 0xA4, 0x81, 0xA4, 0x81, 0x84, 0x81, 0x84, 0x81, 0x63, 0x81, 0x63, 
0xB4, 0xD3, 0xBD, 0x14, 0xBD, 0x35, 0xBD, 0x35, 0xBD, 0x35, 0xBD, 0x35, 0xBD, 0x55, 0xBD, 0x35, 0xBD, 0x35, 0xBD, 0x55, 0xBD, 0x55, 0xBD, 0x55, 0xC5, 0x55, 0xC5, 0x55, 0xC5, 0x55, 0xBD, 0x35, 
0xBD, 0x14, 0x7A, 0x47, 0x72, 0x05, 0x82, 0x67, 0x8A, 0xC8, 0x93, 0x09, 0x9B, 0x2A, 0x9B, 0x4A, 0xA3, 0x4A, 0x7A, 0x26, 0x61, 0x84, 0x61, 0x63, 0x61, 0x84, 0x61, 0x84, 0x61, 0x84, 0x51, 0x43, 
0x10, 0x20, 0x08, 0x20, 0x10, 0x41, 0x18, 0x82, 0x20, 0xA2, 0x10, 0x61, 0x41, 0x23, 0xAB, 0x4A, 0xAB, 0x4A, 0x7A, 0x67, 0x18, 0x61, 0x59, 0xE7, 0x9B, 0x6B, 0x9B, 0x4B, 0x9B, 0x4A, 0x9B, 0x4A, 
0x9B, 0x4A, 0x9B, 0x6A, 0x9B, 0x6B, 0x9B, 0x8B, 0xA3, 0x8B, 0xA3, 0x8B, 0xA3, 0xAB, 0xA3, 0xAB, 0xA3, 0x8B, 0xA3, 0x8B, 0xA3, 0x8B, 0x9B, 0x6B, 0x8A, 0x66, 0x79, 0x83, 0x71, 0x42, 0x69, 0x22, 
0x69, 0x22, 0x69, 0x02, 0x61, 0x02, 0x58, 0xE1, 0x61, 0x43, 0x9B, 0xEE, 0x9B, 0xEE, 0xA4, 0x2F, 0xAC, 0x90, 0xB4, 0xD2, 0xBD, 0x34, 0xBD, 0x75, 0xC5, 0xB7, 0xCD, 0xF7, 0xCD, 0xF8, 0xCE, 0x18, 
0xD6, 0x38, 0xD6, 0x39, 0xD6, 0x59, 0xDE, 0x39, 0xB9, 0xE7, 0xB0, 0x00, 0xB0, 0x00, 0xB0, 0x00, 0xB0, 0x00, 0xB0, 0x00, 0xB0, 0x00, 0xB0, 0x00, 0xB0, 0x00, 0xB0, 0x00, 0xB0, 0x00, 0xB0, 0x00, 
0xB0, 0x00, 0xB0, 0x00, 0xB0, 0x00, 0xB0, 0x00, 0xB0, 0x00, 0xB0, 0x00, 0xB0, 0x00, 0xB0, 0x00, 0xB0, 0x00, 0xB0, 0x00, 0xB0, 0x00, 0xB0, 0x00, 0xB0, 0x00, 0xB0, 0x00, 0xB0, 0x00, 0xB0, 0x00, 
0xB0, 0x00, 0xB0, 0x00, 0xB0, 0x00, 0xB0, 0x00, 0xB0, 0x00, 0xB0, 0x00, 0xB0, 0x00, 0xB0, 0x00, 0xB0, 0x00, 0xB0, 0x00, 0xB0, 0x00, 0xB0, 0x00, 0xB0, 0x00, 0xB0, 0x00, 0xB0, 0x00, 0xB0, 0x00, 
0xB0, 0x00, 0xB0, 0x00, 0xA8, 0x00, 0xB0, 0x00, 0xB0, 0x00, 0xB0, 0x00, 0xB0, 0x00, 0xB0, 0x00, 0xB0, 0x00, 0xB0, 0x00, 0xB0, 0x00, 0xB0, 0x00, 0xB0, 0x00, 0xB0, 0x00, 0xB0, 0x00, 0xB0, 0x00, 
0xB0, 0x00, 0xB0, 0x00, 0xB0, 0x00, 0xB0, 0x00, 0xB0, 0x00, 0xB0, 0x00, 0xB0, 0x00, 0xB0, 0x00, 0xB0, 0x00, 0xB0, 0x00, 0xB0, 0x00, 0xB0, 0x00, 0xCB, 0x6D, 0xF6, 0xFB, 0xF6, 0xFB, 0xF6, 0xFB, 
0xF6, 0xFB, 0xF7, 0x1C, 0xF7, 0x1C, 0xF7, 0x1B, 0xF7, 0x1C, 0xF7, 0x1C, 0xF7, 0x1C, 0xF7, 0x1C, 0xF7, 0x1C, 0xF7, 0x1C, 0xF6, 0xFB, 0xF6, 0xFC, 0xF7, 0x1C, 0xF6, 0xFC, 0xF6, 0xFC, 0xF7, 0x1C, 
0xF7, 0x1C, 0xF7, 0x1C, 0xF7, 0x1C, 0xF7, 0x1C, 0xF7, 0x1C, 0xF7, 0x1C, 0xF7, 0x1C, 0xF7, 0x1C, 0xF7, 0x1C, 0xF6, 0xFC, 0xF7, 0x1C, 0xF6, 0xFC, 0xF6, 0xFC, 0xF6, 0xFC, 0xEE, 0xFC, 0xEE, 0xFC, 
0xEE, 0xDB, 0xEE, 0xDC, 0xEE, 0xFC, 0xEE, 0xDB, 0xEE, 0xDC, 0xEE, 0xDB, 0xEE, 0xDB, 0xEE, 0xDB, 0xF6, 0xDB, 0xF6, 0xDB, 0xF6, 0xDB, 0xF6, 0xDB, 0xEE, 0x18, 0xED, 0x96, 0xED, 0x96, 0xF5, 0xD7, 
0xF6, 0x18, 0xFD, 0xF8, 0xFD, 0xB6, 0xD4, 0x30, 0x8A, 0x88, 0x8A, 0x88, 0x8A, 0x88, 0x8A, 0x68, 0x8A, 0x68, 0x8A, 0x67, 0x8A, 0x26, 0x79, 0xA5, 0x69, 0x23, 0x50, 0xA1, 0x48, 0x81, 0x50, 0xA1, 
0x60, 0xC1, 0x79, 0x42, 0x81, 0xA4, 0x89, 0xC5, 0x81, 0xC5, 0x81, 0xC5, 0x81, 0xA4, 0x81, 0xA4, 0x81, 0xA4, 0x81, 0xA4, 0x81, 0xA4, 0x81, 0xA4, 0x81, 0x84, 0x81, 0x84, 0x81, 0x63, 0x81, 0x63, 
0xB4, 0xD3, 0xB5, 0x14, 0xBD, 0x35, 0xBD, 0x35, 0xBD, 0x35, 0xBD, 0x35, 0xBD, 0x55, 0xBD, 0x55, 0xBD, 0x35, 0xBD, 0x56, 0xBD, 0x56, 0xC5, 0x55, 0xC5, 0x55, 0xC5, 0x55, 0xC5, 0x55, 0xC5, 0x35, 
0xBD, 0x35, 0xA3, 0xEE, 0x69, 0xE5, 0x7A, 0x26, 0x8A, 0xA8, 0x92, 0xE9, 0x9B, 0x0A, 0x9B, 0x2A, 0x9B, 0x2A, 0x7A, 0x25, 0x61, 0x84, 0x61, 0x84, 0x61, 0x84, 0x61, 0x84, 0x69, 0xA4, 0x59, 0x84, 
0x18, 0x40, 0x08, 0x20, 0x10, 0x41, 0x18, 0xA2, 0x29, 0x05, 0x20, 0x82, 0x49, 0x64, 0xAB, 0x6A, 0xAB, 0x6B, 0xA3, 0x6B, 0x20, 0xA2, 0x31, 0x03, 0x9B, 0x6B, 0x9B, 0x4B, 0x9B, 0x4A, 0x9B, 0x4A, 
0x9B, 0x4A, 0x9B, 0x6A, 0x9B, 0x6B, 0x9B, 0x8B, 0x9B, 0x8B, 0x9B, 0x8B, 0xA3, 0x8B, 0xA3, 0x8B, 0x9B, 0x8B, 0x9B, 0x8B, 0x9B, 0x8B, 0x9B, 0x4A, 0x82, 0x05, 0x79, 0x83, 0x71, 0x42, 0x69, 0x22, 
0x69, 0x22, 0x69, 0x02, 0x61, 0x02, 0x60, 0xE1, 0x61, 0x64, 0x9B, 0xEE, 0x9B, 0xEE, 0xA4, 0x2F, 0xAC, 0x70, 0xB4, 0xD2, 0xBD, 0x34, 0xBD, 0x75, 0xC5, 0xB7, 0xCD, 0xD7, 0xCD, 0xF8, 0xCE, 0x18, 
0xCE, 0x18, 0xD6, 0x39, 0xD6, 0x59, 0xD6, 0x59, 0xDD, 0xF8, 0xB1, 0x86, 0xB0, 0x00, 0xB0, 0x00, 0xB0, 0x00, 0xB0, 0x00, 0xB0, 0x00, 0xB0, 0x00, 0xB0, 0x00, 0xB0, 0x00, 0xB0, 0x00, 0xB0, 0x00, 
0xB0, 0x00, 0xB0, 0x00, 0xB0, 0x00, 0xB0, 0x00, 0xB0, 0x00, 0xB0, 0x00, 0xB0, 0x00, 0xB0, 0x00, 0xB0, 0x00, 0xB0, 0x00, 0xB0, 0x00, 0xB0, 0x00, 0xB0, 0x00, 0xB0, 0x00, 0xB0, 0x00, 0xB0, 0x00, 
0xB0, 0x00, 0xB0, 0x00, 0xB0, 0x00, 0xB0, 0x00, 0xB0, 0x00, 0xB0, 0x00, 0xB0, 0x00, 0xB0, 0x00, 0xB0, 0x00, 0xB0, 0x00, 0xB0, 0x00, 0xB0, 0x00, 0xB0, 0x00, 0xB0, 0x00, 0xB0, 0x00, 0xB0, 0x00, 
0xB0, 0x00, 0xB0, 0x00, 0xB0, 0x00, 0xB0, 0x00, 0xB0, 0x00, 0xB0, 0x00, 0xB0, 0x00, 0xB0, 0x00, 0xB0, 0x00, 0xB0, 0x00, 0xB0, 0x00, 0xB0, 0x00, 0xB0, 0x00, 0xB0, 0x00, 0xB0, 0x00, 0xB0, 0x00, 
0xB0, 0x00, 0xB0, 0x00, 0xB0, 0x00, 0xB0, 0x00, 0xB0, 0x00, 0xB0, 0x00, 0xB0, 0x00, 0xB0, 0x00, 0xB0, 0x00, 0xB0, 0x00, 0xB0, 0x00, 0xCA, 0x8A, 0xF6, 0xDB, 0xF6, 0xDB, 0xF6, 0xFB, 0xF6, 0xFB, 
0xF6, 0xFB, 0xF7, 0x1C, 0xF7, 0x1C, 0xF6, 0xFB, 0xF7, 0x1C, 0xF6, 0xFC, 0xF6, 0xFC, 0xF6, 0xFC, 0xF6, 0xFC, 0xF6, 0xFC, 0xF6, 0xFB, 0xF7, 0x1C, 0xF7, 0x1C, 0xF7, 0x1C, 0xF7, 0x1C, 0xF7, 0x1C, 
0xF7, 0x1C, 0xF7, 0x1C, 0xF7, 0x1C, 0xF7, 0x1C, 0xF7, 0x1C, 0xF7, 0x1C, 0xF6, 0xFC, 0xF6, 0xFC, 0xF7, 0x1C, 0xF7, 0x1C, 0xF6, 0xFC, 0xF6, 0xFC, 0xF6, 0xFC, 0xEE, 0xFC, 0xEE, 0xFC, 0xEE, 0xFC, 
0xEE, 0xFB, 0xEE, 0xFC, 0xEE, 0xDC, 0xEE, 0xDB, 0xEE, 0xDB, 0xEE, 0xDB, 0xEE, 0xDB, 0xEE, 0xBB, 0xEE, 0xBB, 0xEE, 0xBB, 0xF6, 0xBB, 0xEE, 0x38, 0xED, 0x96, 0xED, 0xD7, 0xF6, 0x18, 0xF6, 0x39, 
0xF6, 0x39, 0xFD, 0xD7, 0xF5, 0x55, 0xA2, 0xEA, 0x8A, 0x88, 0x8A, 0x88, 0x8A, 0x88, 0x8A, 0x68, 0x8A, 0x68, 0x8A, 0x47, 0x82, 0x06, 0x79, 0xA4, 0x61, 0x02, 0x48, 0x81, 0x48, 0x81, 0x50, 0xA1, 
0x60, 0xE1, 0x79, 0x43, 0x81, 0xA5, 0x81, 0xC5, 0x81, 0xC5, 0x81, 0xC5, 0x81, 0xC4, 0x81, 0xA4, 0x81, 0xA4, 0x81, 0xA4, 0x89, 0xA4, 0x81, 0xA4, 0x81, 0x84, 0x81, 0x84, 0x81, 0x63, 0x81, 0x63, 
0xAC, 0x92, 0xB4, 0xF4, 0xBD, 0x34, 0xBD, 0x35, 0xBD, 0x35, 0xBD, 0x35, 0xBD, 0x35, 0xBD, 0x35, 0xBD, 0x35, 0xBD, 0x35, 0xBD, 0x35, 0xBD, 0x35, 0xBD, 0x35, 0xBD, 0x55, 0xBD, 0x35, 0xBD, 0x34, 
0xBD, 0x34, 0xBC, 0xF3, 0x72, 0x26, 0x71, 0xE5, 0x82, 0x67, 0x8A, 0xC8, 0x93, 0x09, 0x9B, 0x2A, 0x9B, 0x2A, 0x8A, 0x87, 0x69, 0x84, 0x61, 0x83, 0x61, 0x84, 0x61, 0x84, 0x69, 0xA4, 0x71, 0xE5, 
0x20, 0x61, 0x08, 0x20, 0x10, 0x41, 0x10, 0x41, 0x18, 0x82, 0x18, 0x61, 0x28, 0xC2, 0xAB, 0x8B, 0xAB, 0x8B, 0x82, 0xC9, 0x20, 0x82, 0x49, 0x44, 0x9B, 0x4B, 0x9B, 0x4B, 0x9B, 0x4A, 0x9B, 0x4A, 
0x9B, 0x4A, 0x9B, 0x6A, 0x9B, 0x6A, 0x9B, 0x6B, 0x9B, 0x8B, 0x9B, 0x8B, 0x9B, 0x8B, 0x9B, 0x8B, 0x9B, 0x8B, 0x9B, 0x8B, 0xA3, 0x8B, 0x9A, 0xE9, 0x81, 0xA3, 0x79, 0x63, 0x71, 0x42, 0x69, 0x22, 
0x69, 0x02, 0x61, 0x01, 0x60, 0xE1, 0x60, 0xE1, 0x69, 0x63, 0x9B, 0xEE, 0x9B, 0xEE, 0xA4, 0x2F, 0xAB, 0xCE, 0xB3, 0xEF, 0xBD, 0x34, 0xC5, 0x75, 0xC5, 0xB6, 0xCD, 0xD7, 0xCD, 0xF7, 0xCE, 0x18, 
0xD6, 0x38, 0xD6, 0x39, 0xD6, 0x59, 0xD6, 0x59, 0xDE, 0x7A, 0xDE, 0x39, 0xC3, 0x4D, 0xA8, 0x82, 0xB0, 0x00, 0xB0, 0x00, 0xB0, 0x00, 0xB0, 0x00, 0xB0, 0x00, 0xB0, 0x00, 0xB0, 0x00, 0xB0, 0x00, 
0xB0, 0x00, 0xB0, 0x00, 0xB0, 0x00, 0xB0, 0x00, 0xB0, 0x00, 0xB0, 0x00, 0xB0, 0x00, 0xB0, 0x00, 0xB0, 0x00, 0xB0, 0x00, 0xB0, 0x00, 0xB0, 0x00, 0xB0, 0x00, 0xB0, 0x00, 0xB0, 0x00, 0xB0, 0x00, 
0xB0, 0x00, 0xB0, 0x00, 0xB0, 0x00, 0xB0, 0x00, 0xB0, 0x00, 0xB0, 0x00, 0xB0, 0x00, 0xB0, 0x00, 0xB0, 0x00, 0xB0, 0x00, 0xB0, 0x00, 0xB0, 0x00, 0xB0, 0x00, 0xB0, 0x00, 0xB0, 0x00, 0xB0, 0x00, 
0xB0, 0x00, 0xB0, 0x00, 0xB0, 0x00, 0xB0, 0x00, 0xB0, 0x00, 0xB0, 0x00, 0xB0, 0x00, 0xB0, 0x00, 0xB0, 0x00, 0xB0, 0x00, 0xB0, 0x00, 0xB0, 0x00, 0xB0, 0x00, 0xB0, 0x00, 0xB0, 0x00, 0xB0, 0x00, 
0xB0, 0x00, 0xB0, 0x00, 0xB0, 0x00, 0xB0, 0x00, 0xB0, 0x00, 0xB0, 0x00, 0xB0, 0x00, 0xB0, 0x00, 0xB0, 0x00, 0xB0, 0xA3, 0xD4, 0x30, 0xF6, 0xDB, 0xF6, 0xDB, 0xF6, 0xFB, 0xF6, 0xFB, 0xF6, 0xFB, 
0xF6, 0xFB, 0xF7, 0x1B, 0xF7, 0x1B, 0xF6, 0xFB, 0xF6, 0xFC, 0xF6, 0xFC, 0xF6, 0xFB, 0xE5, 0xB7, 0xEE, 0xDB, 0xF6, 0xFB, 0xF7, 0x1B, 0xF7, 0x1C, 0xF7, 0x1C, 0xF7, 0x1C, 0xF7, 0x1C, 0xF7, 0x1C, 
0xF7, 0x1C, 0xF7, 0x1C, 0xF7, 0x1C, 0xF7, 0x1C, 0xF7, 0x1C, 0xF7, 0x1C, 0xF6, 0xFC, 0xF6, 0xFC, 0xF6, 0xFC, 0xF6, 0xFC, 0xF6, 0xFC, 0xEE, 0xFC, 0xEE, 0xFC, 0xEE, 0xFC, 0xEE, 0xFC, 0xEE, 0xFC, 
0xEE, 0xFB, 0xEE, 0xFC, 0xEE, 0xFB, 0xEE, 0xDB, 0xEE, 0xDB, 0xEE, 0xDB, 0xEE, 0xDB, 0xEE, 0xDB, 0xEE, 0xBB, 0xF6, 0xBB, 0xEE, 0x7A, 0xEE, 0x18, 0xF6, 0x39, 0xF6, 0x59, 0xF6, 0x59, 0xF6, 0x39, 
0xFD, 0xF8, 0xFD, 0x96, 0xD4, 0x30, 0x8A, 0x88, 0x8A, 0x68, 0x8A, 0x88, 0x8A, 0x88, 0x8A, 0x88, 0x8A, 0x68, 0x8A, 0x47, 0x82, 0x06, 0x71, 0x84, 0x58, 0xE2, 0x48, 0x81, 0x48, 0x81, 0x50, 0xA1, 
0x68, 0xE1, 0x79, 0x63, 0x81, 0xA5, 0x81, 0xC5, 0x81, 0xC5, 0x81, 0xC4, 0x81, 0xA4, 0x81, 0xA4, 0x81, 0xA4, 0x81, 0xA4, 0x81, 0xA4, 0x81, 0xA4, 0x81, 0x84, 0x81, 0x84, 0x81, 0x63, 0x81, 0x63, 
0xAC, 0x50, 0xB4, 0xB3, 0xB4, 0xF4, 0xBD, 0x14, 0xBC, 0xF4, 0xBC, 0xF4, 0xBD, 0x14, 0xBD, 0x14, 0xBD, 0x14, 0xBD, 0x14, 0xBD, 0x14, 0xBD, 0x14, 0xBD, 0x14, 0xBD, 0x14, 0xBD, 0x14, 0xBC, 0xF3, 
0xB4, 0xF3, 0xB4, 0xD2, 0x93, 0x6C, 0x69, 0xC4, 0x7A, 0x26, 0x8A, 0xA7, 0x92, 0xE9, 0x9B, 0x29, 0x9B, 0x2A, 0x92, 0xE8, 0x69, 0xA4, 0x61, 0x84, 0x61, 0x84, 0x69, 0xA4, 0x71, 0xC5, 0x7A, 0x05, 
0x28, 0xA1, 0x08, 0x20, 0x10, 0x41, 0x18, 0x82, 0x28, 0xE4, 0x18, 0x82, 0x18, 0x82, 0x51, 0xC6, 0x49, 0x86, 0x28, 0xC3, 0x28, 0xA2, 0x92, 0x47, 0x9B, 0x0A, 0x9B, 0x4B, 0x9B, 0x4A, 0x9B, 0x4A, 
0x9B, 0x6A, 0x9B, 0x6A, 0x9B, 0x6B, 0x9B, 0x6B, 0x9B, 0x6B, 0x9B, 0x8B, 0x9B, 0x8B, 0x9B, 0x8B, 0x9B, 0x8B, 0xA3, 0x8C, 0xA3, 0x8B, 0x92, 0x66, 0x81, 0x83, 0x79, 0x62, 0x71, 0x22, 0x69, 0x21, 
0x69, 0x01, 0x69, 0x01, 0x60, 0xE1, 0x60, 0xE1, 0x61, 0x43, 0x9B, 0xEE, 0x9B, 0xEE, 0xA4, 0x0F, 0xA1, 0x04, 0xA0, 0x20, 0xB2, 0x69, 0xC5, 0x14, 0xC5, 0xB6, 0xCD, 0xD7, 0xCD, 0xF7, 0xCE, 0x18, 
0xD6, 0x18, 0xD6, 0x39, 0xD6, 0x39, 0xD6, 0x59, 0xDE, 0x79, 0xDE, 0x7A, 0xDE, 0x7A, 0xE6, 0x18, 0xCC, 0x51, 0xC2, 0x89, 0xB0, 0x82, 0xB0, 0x00, 0xB0, 0x00, 0xB0, 0x00, 0xB0, 0x00, 0xB0, 0x00, 
0xB0, 0x00, 0xB0, 0x00, 0xB0, 0x00, 0xB0, 0x00, 0xB0, 0x00, 0xB0, 0x00, 0xB0, 0x00, 0xB0, 0x00, 0xB0, 0x00, 0xB0, 0x00, 0xB0, 0x00, 0xB0, 0x00, 0xB0, 0x00, 0xB0, 0x00, 0xB0, 0x00, 0xB0, 0x00, 
0xB0, 0x00, 0xB0, 0x00, 0xB0, 0x00, 0xB0, 0x00, 0xB0, 0x00, 0xB0, 0x00, 0xB0, 0x00, 0xB0, 0x00, 0xB0, 0x00, 0xB0, 0x00, 0xB0, 0x00, 0xB0, 0x00, 0xB0, 0x00, 0xB0, 0x00, 0xB0, 0x00, 0xB0, 0x00, 
0xB0, 0x00, 0xB0, 0x00, 0xB0, 0x00, 0xB0, 0x00, 0xB0, 0x00, 0xB0, 0x00, 0xB0, 0x00, 0xB0, 0x00, 0xB0, 0x00, 0xB0, 0x00, 0xB0, 0x00, 0xB0, 0x00, 0xB0, 0x00, 0xB0, 0x00, 0xB0, 0x00, 0xB0, 0x00, 
0xB0, 0x00, 0xB0, 0x00, 0xB0, 0x00, 0xB0, 0x00, 0xB0, 0x00, 0xB0, 0x00, 0xB9, 0x04, 0xC2, 0x8A, 0xDC, 0x71, 0xEE, 0x7A, 0xEE, 0xDB, 0xEE, 0xDB, 0xF6, 0xFB, 0xF6, 0xFB, 0xF6, 0xFB, 0xF6, 0xFB, 
0xF6, 0xFB, 0xF6, 0xFB, 0xF6, 0xFB, 0xF6, 0xFB, 0xF6, 0xFB, 0xEE, 0x18, 0xCA, 0x8A, 0xB0, 0x00, 0xE4, 0xF3, 0xF6, 0xFC, 0xF6, 0xFC, 0xF6, 0xFC, 0xF7, 0x1C, 0xF7, 0x1C, 0xF7, 0x1C, 0xF7, 0x1C, 
0xF7, 0x1C, 0xF7, 0x1C, 0xF6, 0xFC, 0xF6, 0xFC, 0xF6, 0xFC, 0xF6, 0xFC, 0xF6, 0xFC, 0xF6, 0xFC, 0xF6, 0xFB, 0xF6, 0xFB, 0xEE, 0xFC, 0xEE, 0xFC, 0xEE, 0xFC, 0xEE, 0xFC, 0xEE, 0xFC, 0xEE, 0xFC, 
0xEE, 0xFC, 0xEE, 0xFC, 0xEE, 0xFC, 0xEE, 0xDC, 0xEE, 0xDB, 0xF6, 0xDB, 0xF6, 0xDB, 0xF6, 0xDB, 0xF6, 0xDB, 0xF6, 0xDB, 0xF6, 0x9A, 0xF6, 0x79, 0xF6, 0x59, 0xF6, 0x59, 0xF6, 0x39, 0xF5, 0xF7, 
0xFD, 0x96, 0xF5, 0x35, 0xA2, 0xEA, 0x8A, 0x88, 0x8A, 0x88, 0x8A, 0x88, 0x8A, 0x88, 0x8A, 0x68, 0x8A, 0x68, 0x82, 0x47, 0x79, 0xE6, 0x71, 0x63, 0x58, 0xE2, 0x48, 0x80, 0x48, 0x81, 0x58, 0xA1, 
0x69, 0x02, 0x81, 0x63, 0x81, 0xA4, 0x81, 0xC5, 0x81, 0xC4, 0x81, 0xC4, 0x81, 0xA4, 0x81, 0xA4, 0x81, 0xA4, 0x81, 0xA4, 0x81, 0xA4, 0x81, 0xA4, 0x81, 0x84, 0x81, 0x83, 0x81, 0x63, 0x81, 0x63, 
0xA4, 0x0F, 0xAC, 0x71, 0xB4, 0xB2, 0xB4, 0xD2, 0xB4, 0xD3, 0xB4, 0xD3, 0xB4, 0xD3, 0xB4, 0xF3, 0xB4, 0xF3, 0xB4, 0xF3, 0xBC, 0xF3, 0xBC, 0xF3, 0xBC, 0xF3, 0xBC, 0xF4, 0xBC, 0xF3, 0xBC, 0xF3, 
0xB4, 0xD3, 0xB4, 0xD2, 0xAC, 0x91, 0x71, 0xE5, 0x71, 0xE5, 0x82, 0x67, 0x8A, 0xE8, 0x93, 0x09, 0x9B, 0x2A, 0x9B, 0x09, 0x82, 0x47, 0x69, 0xA4, 0x61, 0x84, 0x69, 0xA4, 0x71, 0xE5, 0x82, 0x47, 
0x72, 0x26, 0x10, 0x40, 0x10, 0x20, 0x10, 0x61, 0x18, 0x82, 0x18, 0x83, 0x18, 0x82, 0x31, 0x04, 0x30, 0xE3, 0x59, 0x84, 0x9A, 0xA8, 0xAA, 0xC8, 0xA2, 0x87, 0x9B, 0x2A, 0x9B, 0x4A, 0x9B, 0x4A, 
0x9B, 0x6B, 0x9B, 0x6B, 0x9B, 0x6B, 0x9B, 0x8B, 0x9B, 0x8B, 0x9B, 0x8B, 0x9B, 0x8B, 0x9B, 0x8B, 0x9B, 0x8B, 0xA3, 0x8B, 0x9B, 0x4B, 0x89, 0xE4, 0x79, 0x63, 0x79, 0x42, 0x71, 0x22, 0x69, 0x01, 
0x69, 0x01, 0x60, 0xE1, 0x60, 0xE1, 0x60, 0xE1, 0x61, 0x02, 0x9B, 0xAD, 0x9B, 0xEE, 0xA4, 0x0E, 0xA9, 0x65, 0xA8, 0x00, 0xA0, 0x00, 0xA0, 0x61, 0xB2, 0x49, 0xC4, 0x51, 0xD5, 0xB7, 0xD5, 0xF8, 
0xD6, 0x18, 0xD6, 0x18, 0xD6, 0x38, 0xD6, 0x39, 0xDE, 0x59, 0xDE, 0x59, 0xDE, 0x7A, 0xDE, 0x7A, 0xDE, 0x79, 0xE6, 0x79, 0xC2, 0x08, 0xB0, 0x00, 0xB0, 0x00, 0xB0, 0x00, 0xB0, 0x00, 0xB0, 0x00, 
0xB0, 0x00, 0xB0, 0x00, 0xB0, 0x00, 0xB0, 0x00, 0xB0, 0x00, 0xB0, 0x00, 0xB0, 0x00, 0xB0, 0x00, 0xB0, 0x00, 0xB0, 0x00, 0xB0, 0x00, 0xB0, 0x00, 0xB0, 0x00, 0xB0, 0x00, 0xB0, 0x00, 0xB0, 0x00, 
0xB0, 0x00, 0xB0, 0x00, 0xB0, 0x00, 0xB0, 0x00, 0xB0, 0x00, 0xB0, 0x00, 0xB0, 0x00, 0xB0, 0x00, 0xB0, 0x00, 0xB0, 0x00, 0xB0, 0x00, 0xB0, 0x00, 0xB0, 0x00, 0xB0, 0x00, 0xB0, 0x00, 0xB0, 0x00, 
0xB0, 0x00, 0xB0, 0x00, 0xB0, 0x00, 0xB0, 0x00, 0xB0, 0x00, 0xB0, 0x00, 0xB0, 0x00, 0xB0, 0x00, 0xB0, 0x00, 0xB0, 0x00, 0xB0, 0x00, 0xB0, 0x00, 0xB0, 0x00, 0xB0, 0x00, 0xB0, 0x00, 0xB0, 0x00, 
0xB0, 0x00, 0xB0, 0x00, 0xB0, 0x00, 0xB0, 0x00, 0xB0, 0x00, 0xB0, 0x00, 0xDC, 0x50, 0xEE, 0xBA, 0xEE, 0xDB, 0xEE, 0xDB, 0xEE, 0xDB, 0xEE, 0xDB, 0xF6, 0xFB, 0xEE, 0xFB, 0xEE, 0xDB, 0xEE, 0xDB, 
0xEE, 0xDB, 0xF6, 0xDB, 0xEE, 0x9A, 0xDC, 0xF3, 0xCA, 0x69, 0xB0, 0x21, 0xB0, 0x00, 0xB0, 0x20, 0xEE, 0x38, 0xF6, 0xFC, 0xF6, 0xFC, 0xF6, 0xFC, 0xF7, 0x1C, 0xF7, 0x1C, 0xF7, 0x1C, 0xF7, 0x1C, 
0xF6, 0xFC, 0xF6, 0xFC, 0xF6, 0xFC, 0xF6, 0xFC, 0xF6, 0xFC, 0xF6, 0xFC, 0xF6, 0xFC, 0xF6, 0xFC, 0xF6, 0xFA, 0xEE, 0xD8, 0xEE, 0xFC, 0xEE, 0xFC, 0xEE, 0xFC, 0xEE, 0xFC, 0xEE, 0xFC, 0xEE, 0xFC, 
0xEE, 0xFC, 0xEE, 0xFC, 0xF6, 0xFC, 0xF6, 0xFC, 0xF6, 0xFC, 0xF6, 0xFB, 0xF6, 0xFC, 0xF6, 0xFB, 0xF6, 0xFB, 0xF6, 0xFB, 0xF6, 0x79, 0xF6, 0x79, 0xF6, 0x59, 0xF6, 0x39, 0xF5, 0xF7, 0xF5, 0xB6, 
0xF5, 0x76, 0xD4, 0x50, 0x8A, 0xA9, 0x8A, 0x88, 0x8A, 0x88, 0x8A, 0x88, 0x8A, 0x88, 0x8A, 0x68, 0x8A, 0x68, 0x82, 0x46, 0x79, 0xC5, 0x69, 0x43, 0x50, 0xC1, 0x48, 0x81, 0x48, 0x81, 0x58, 0xA1, 
0x71, 0x02, 0x81, 0x83, 0x81, 0xA5, 0x81, 0xC5, 0x81, 0xC4, 0x81, 0xC4, 0x81, 0xA4, 0x81, 0xA4, 0x81, 0xA4, 0x81, 0xA4, 0x81, 0xA4, 0x81, 0xA4, 0x81, 0x84, 0x81, 0x83, 0x81, 0x63, 0x81, 0x63, 
0xA4, 0x2F, 0xAC, 0x91, 0xB4, 0xF3, 0xBD, 0x14, 0xBD, 0x14, 0xBD, 0x14, 0xBD, 0x14, 0xBD, 0x34, 0xBD, 0x34, 0xBD, 0x34, 0xC5, 0x35, 0xC5, 0x55, 0xC5, 0x55, 0xC5, 0x55, 0xC5, 0x55, 0xC5, 0x55, 
0xBD, 0x35, 0xBD, 0x14, 0xB4, 0xD2, 0x8B, 0x2A, 0x69, 0xC4, 0x7A, 0x26, 0x8A, 0xA8, 0x93, 0x09, 0x9B, 0x2A, 0x9B, 0x2A, 0x9B, 0x29, 0x71, 0xE5, 0x69, 0xA4, 0x69, 0xA4, 0x71, 0xE5, 0x82, 0x47, 
0x51, 0x64, 0x10, 0x20, 0x10, 0x21, 0x10, 0x62, 0x18, 0xA3, 0x18, 0xA3, 0x28, 0xE3, 0xA3, 0x2B, 0xB3, 0x8C, 0xB3, 0x6B, 0xAB, 0x2A, 0xAA, 0xE9, 0xA2, 0x87, 0x9A, 0x87, 0x9B, 0x4A, 0x9B, 0x6A, 
0x9B, 0x6A, 0x9B, 0x6B, 0x9B, 0x6B, 0x9B, 0x8B, 0x9B, 0x8B, 0x9B, 0x8B, 0x9B, 0x8B, 0x9B, 0x8B, 0x9B, 0x8B, 0x9B, 0x8B, 0x92, 0xE8, 0x81, 0xA3, 0x79, 0x62, 0x71, 0x22, 0x71, 0x21, 0x69, 0x01, 
0x68, 0xE1, 0x60, 0xE1, 0x60, 0xC1, 0x60, 0xC1, 0x60, 0xE1, 0x93, 0x8C, 0x9B, 0xEE, 0x9C, 0x0E, 0xAB, 0x0B, 0xA0, 0x00, 0xA8, 0x00, 0xA8, 0x00, 0xA8, 0x00, 0xA8, 0x00, 0xA8, 0x61, 0xB9, 0xC7, 
0xC3, 0x0C, 0xCB, 0xF0, 0xCC, 0x92, 0xD5, 0x14, 0xD5, 0x55, 0xDD, 0x76, 0xDD, 0x96, 0xDD, 0xB6, 0xE5, 0xD7, 0xE5, 0xD7, 0xC1, 0xC7, 0xB0, 0x00, 0xB0, 0x00, 0xB0, 0x00, 0xB0, 0x00, 0xB0, 0x00, 
0xB0, 0x00, 0xB0, 0x00, 0xB0, 0x00, 0xB0, 0x00, 0xB0, 0x00, 0xB0, 0x00, 0xB0, 0x00, 0xB0, 0x00, 0xB0, 0x00, 0xB0, 0x00, 0xB0, 0x00, 0xB8, 0x00, 0xB8, 0x00, 0xB8, 0x00, 0xB0, 0x00, 0xB0, 0x00, 
0xB0, 0x00, 0xB0, 0x00, 0xB0, 0x00, 0xB0, 0x00, 0xB0, 0x00, 0xB0, 0x00, 0xB0, 0x00, 0xB0, 0x00, 0xB0, 0x00, 0xB0, 0x00, 0xB0, 0x00, 0xB0, 0x00, 0xB0, 0x00, 0xB0, 0x00, 0xB0, 0x00, 0xB0, 0x00, 
0xB0, 0x00, 0xB0, 0x00, 0xB0, 0x00, 0xB8, 0x00, 0xB0, 0x00, 0xB0, 0x00, 0xB0, 0x00, 0xB0, 0x00, 0xB0, 0x00, 0xB0, 0x00, 0xB0, 0x00, 0xB0, 0x00, 0xB0, 0x00, 0xB0, 0x00, 0xB0, 0x20, 0xB0, 0x00, 
0xB0, 0x20, 0xB0, 0x20, 0xB0, 0x20, 0xB8, 0x00, 0xB8, 0x00, 0xB0, 0x00, 0xDB, 0xF0, 0xEE, 0x79, 0xEE, 0x79, 0xF6, 0x79, 0xEE, 0x79, 0xEE, 0x38, 0xED, 0xF7, 0xE5, 0x95, 0xE5, 0x13, 0xDC, 0x30, 
0xD3, 0x2C, 0xC1, 0xA6, 0xB0, 0x41, 0xB8, 0x00, 0xB0, 0x00, 0xB0, 0x00, 0xB0, 0x00, 0xC1, 0xC7, 0xF7, 0x1C, 0xF6, 0xFC, 0xF6, 0xFC, 0xF7, 0x1C, 0xF7, 0x1C, 0xF7, 0x1C, 0xF7, 0x1C, 0xF7, 0x1C, 
0xF7, 0x1C, 0xF6, 0xFC, 0xF6, 0xFC, 0xF6, 0xFC, 0xF6, 0xFC, 0xF6, 0xFC, 0xF6, 0xFC, 0xF6, 0xFC, 0xF6, 0xF7, 0xF6, 0xD5, 0xEE, 0xFB, 0xEE, 0xDB, 0xEE, 0xFC, 0xEE, 0xFC, 0xEE, 0xFC, 0xEE, 0xFC, 
0xEE, 0xFC, 0xEE, 0xFC, 0xEE, 0xFB, 0xF6, 0xFC, 0xF6, 0xFB, 0xF6, 0xFB, 0xF6, 0xFB, 0xF6, 0xFB, 0xF6, 0xFB, 0xF6, 0xDA, 0xF6, 0x79, 0xF6, 0x59, 0xF6, 0x18, 0xF5, 0xF7, 0xF5, 0xB6, 0xF5, 0xB6, 
0xF5, 0x55, 0xAB, 0x2C, 0x8A, 0xA9, 0x8A, 0xA9, 0x8A, 0x88, 0x8A, 0x88, 0x8A, 0x88, 0x8A, 0x68, 0x8A, 0x67, 0x82, 0x26, 0x79, 0xC5, 0x69, 0x43, 0x50, 0xA1, 0x48, 0x81, 0x48, 0x81, 0x58, 0xC1, 
0x71, 0x22, 0x81, 0x84, 0x81, 0xA4, 0x81, 0xC5, 0x81, 0xC5, 0x81, 0xC4, 0x81, 0xA4, 0x81, 0xA4, 0x81, 0xA4, 0x81, 0xA4, 0x81, 0xA4, 0x81, 0xA4, 0x81, 0xA4, 0x81, 0x84, 0x81, 0x63, 0x81, 0x63, 
0xAC, 0x92, 0xBD, 0x14, 0xBD, 0x56, 0xC5, 0x76, 0xC5, 0x76, 0xC5, 0x76, 0xC5, 0x76, 0xC5, 0x76, 0xC5, 0x76, 0xC5, 0x76, 0xC5, 0x76, 0xC5, 0x76, 0xC5, 0x76, 0xC5, 0x76, 0xC5, 0x76, 0xC5, 0x56, 
0xBD, 0x55, 0xBD, 0x14, 0xB4, 0xD2, 0xA4, 0x0E, 0x69, 0xE5, 0x71, 0xE5, 0x7A, 0x67, 0x8A, 0xC9, 0x93, 0x09, 0x9B, 0x2A, 0x9B, 0x09, 0x7A, 0x05, 0x69, 0xA4, 0x69, 0xA4, 0x71, 0xE5, 0x82, 0x46, 
0x7A, 0x26, 0x20, 0x81, 0x10, 0x41, 0x18, 0x62, 0x20, 0xC3, 0x29, 0x04, 0x20, 0xA2, 0x92, 0xC9, 0xB3, 0x8C, 0xB3, 0x6B, 0xB3, 0x4B, 0xAB, 0x0A, 0xAA, 0xC8, 0xA2, 0x66, 0x9A, 0xC8, 0x9B, 0x4A, 
0x9B, 0x6B, 0x9B, 0x6B, 0x9B, 0x8B, 0x9B, 0x6B, 0x9B, 0x8B, 0x9B, 0x8B, 0x9B, 0x8B, 0x9B, 0x8B, 0x9B, 0x8B, 0x9B, 0x6B, 0x8A, 0x46, 0x81, 0x82, 0x79, 0x42, 0x71, 0x21, 0x71, 0x01, 0x68, 0xE1, 
0x68, 0xE1, 0x60, 0xE1, 0x60, 0xE1, 0x60, 0xC1, 0x60, 0xE1, 0x8B, 0x0A, 0x9B, 0xCD, 0x9B, 0xEE, 0xA4, 0x2F, 0xA1, 0x24, 0xA8, 0x00, 0xA8, 0x00, 0xA8, 0x00, 0xA8, 0x00, 0xA8, 0x00, 0xB0, 0x00, 
0xB0, 0x00, 0xB0, 0x00, 0xB0, 0x00, 0xB0, 0x00, 0xB0, 0x00, 0xB0, 0x00, 0xB0, 0x00, 0xB0, 0x00, 0xB0, 0x00, 0xB0, 0x00, 0xB0, 0x00, 0xB0, 0x00, 0xB0, 0x00, 0xD3, 0xEF, 0xDD, 0x55, 0xDD, 0x55, 
0xDD, 0x55, 0xDD, 0x55, 0xDD, 0x55, 0xDD, 0x55, 0xDD, 0x55, 0xDD, 0x55, 0xDD, 0x55, 0xDD, 0x55, 0xDD, 0x55, 0xDD, 0x55, 0xCA, 0xEC, 0xB8, 0x00, 0xB8, 0x00, 0xB8, 0xA3, 0xDD, 0x55, 0xDD, 0x75, 
0xDD, 0x75, 0xDD, 0x75, 0xE5, 0x96, 0xE5, 0x96, 0xE5, 0x96, 0xE5, 0x96, 0xE5, 0xB6, 0xE5, 0xB6, 0xDD, 0xB6, 0xE5, 0xB6, 0xE5, 0xB7, 0xE5, 0xB7, 0xE5, 0xB7, 0xE5, 0xD6, 0xE5, 0xB7, 0xE5, 0xB7, 
0xDD, 0xB6, 0xDD, 0xB7, 0xD4, 0x30, 0xB8, 0x00, 0xB8, 0x00, 0xB0, 0x20, 0xE5, 0x34, 0xDD, 0x75, 0xDD, 0x96, 0xDD, 0x96, 0xE5, 0x96, 0xE5, 0x96, 0xE5, 0x96, 0xDD, 0x96, 0xDD, 0x96, 0xE5, 0xB6, 
0xE5, 0xB7, 0xE5, 0xD7, 0xE5, 0xF7, 0xC1, 0x86, 0xB8, 0x00, 0xB8, 0x00, 0xB0, 0x00, 0xB0, 0x00, 0xB0, 0x00, 0xB8, 0x00, 0xB0, 0x00, 0xB0, 0x00, 0xB8, 0x00, 0xB8, 0x00, 0xB8, 0x00, 0xB8, 0x00, 
0xB8, 0x00, 0xB8, 0x00, 0xB8, 0x00, 0xB8, 0x00, 0xB0, 0x00, 0xB0, 0x00, 0xB0, 0x00, 0xE5, 0x14, 0xF6, 0xFB, 0xF6, 0xFC, 0xF7, 0x1C, 0xF7, 0x1C, 0xF7, 0x1C, 0xF7, 0x1C, 0xF7, 0x1C, 0xF7, 0x1C, 
0xF7, 0x1C, 0xF7, 0x1C, 0xF6, 0xFC, 0xF6, 0xFC, 0xF6, 0xFC, 0xF6, 0xFC, 0xF6, 0xFC, 0xF6, 0xFB, 0xF6, 0xF7, 0xF6, 0xD5, 0xEE, 0xDA, 0xEE, 0xDB, 0xEE, 0xDB, 0xEE, 0xDB, 0xEE, 0xDB, 0xEE, 0xDB, 
0xEE, 0xDB, 0xEE, 0xDB, 0xEE, 0xDB, 0xEE, 0xDB, 0xEE, 0xDB, 0xEE, 0xDB, 0xEE, 0xDB, 0xF6, 0xDB, 0xF6, 0xFB, 0xF6, 0x9A, 0xF6, 0x59, 0xF6, 0x18, 0xF5, 0xD7, 0xF5, 0xD7, 0xF5, 0xD7, 0xF5, 0xB6, 
0xDC, 0xB2, 0x92, 0xCA, 0x8A, 0xC9, 0x8A, 0xA9, 0x8A, 0xA9, 0x8A, 0x88, 0x8A, 0x88, 0x8A, 0x68, 0x8A, 0x68, 0x82, 0x26, 0x79, 0xC5, 0x61, 0x22, 0x48, 0x81, 0x48, 0x61, 0x48, 0x81, 0x58, 0xC1, 
0x79, 0x22, 0x81, 0x84, 0x81, 0xC5, 0x81, 0xC5, 0x81, 0xC5, 0x81, 0xA4, 0x81, 0xA4, 0x81, 0xA4, 0x81, 0xA4, 0x81, 0xA4, 0x81, 0xA4, 0x81, 0xA4, 0x81, 0x84, 0x81, 0x84, 0x81, 0x63, 0x81, 0x43, 
0xAC, 0x51, 0xB4, 0xF4, 0xBD, 0x35, 0xBD, 0x56, 0xBD, 0x56, 0xBD, 0x36, 0xBD, 0x35, 0xBD, 0x35, 0xBD, 0x35, 0xBD, 0x35, 0xBD, 0x35, 0xBD, 0x35, 0xBD, 0x35, 0xBD, 0x35, 0xBD, 0x35, 0xBD, 0x35, 
0xBC, 0xF4, 0xB4, 0xB2, 0xA4, 0x50, 0x9B, 0xEE, 0x7A, 0x87, 0x69, 0xC4, 0x72, 0x25, 0x82, 0x88, 0x92, 0xE9, 0x9B, 0x29, 0x92, 0xC8, 0x71, 0xC4, 0x69, 0xA4, 0x69, 0xC4, 0x71, 0xE5, 0x82, 0x47, 
0x92, 0xC8, 0x39, 0x03, 0x10, 0x40, 0x10, 0x61, 0x18, 0x62, 0x18, 0xA3, 0x28, 0xC3, 0xAB, 0x6C, 0xB3, 0xAC, 0xB3, 0x6C, 0xB3, 0x6B, 0xAB, 0x2A, 0xAA, 0xE9, 0xA2, 0xA7, 0x9A, 0x67, 0x92, 0xE9, 
0x93, 0x6B, 0x9B, 0x6B, 0x9B, 0x6B, 0x9B, 0x8B, 0x9B, 0x8B, 0x9B, 0x8B, 0x9B, 0x8B, 0x9B, 0x8B, 0x9B, 0x8B, 0x9B, 0x2A, 0x81, 0xC3, 0x79, 0x62, 0x79, 0x22, 0x71, 0x01, 0x69, 0x01, 0x68, 0xE1, 
0x60, 0xE1, 0x60, 0xC1, 0x60, 0xC1, 0x60, 0xC1, 0x58, 0xC1, 0x7A, 0x88, 0x93, 0xCD, 0x9B, 0xEE, 0x9C, 0x0F, 0xAB, 0xAE, 0xA0, 0x61, 0xA8, 0x00, 0xA8, 0x00, 0xA8, 0x00, 0xA8, 0x00, 0xB0, 0x00, 
0xB0, 0x00, 0xB0, 0x00, 0xB0, 0x00, 0xB8, 0x00, 0xB8, 0x00, 0xB8, 0x00, 0xB8, 0x00, 0xB8, 0x00, 0xB8, 0x00, 0xB8, 0x00, 0xB0, 0x00, 0xB0, 0x00, 0xB0, 0x00, 0xD4, 0x30, 0xDD, 0xD7, 0xDD, 0xD7, 
0xDD, 0xD7, 0xDD, 0xD7, 0xDD, 0xF7, 0xDD, 0xF7, 0xDD, 0xF7, 0xDD, 0xF7, 0xDD, 0xF7, 0xDD, 0xF7, 0xDD, 0xF7, 0xDD, 0xF7, 0xCB, 0x0C, 0xB8, 0x00, 0xB8, 0x00, 0xB0, 0xC3, 0xE5, 0xF7, 0xDE, 0x17, 
0xDE, 0x17, 0xE6, 0x18, 0xE6, 0x18, 0xE6, 0x18, 0xE6, 0x18, 0xE6, 0x39, 0xE6, 0x38, 0xE6, 0x38, 0xE6, 0x39, 0xE6, 0x39, 0xE6, 0x39, 0xE6, 0x39, 0xE6, 0x39, 0xE6, 0x59, 0xE6, 0x59, 0xE6, 0x59, 
0xE6, 0x39, 0xE6, 0x39, 0xD4, 0x72, 0xB8, 0x00, 0xB8, 0x00, 0xB0, 0x00, 0xE5, 0xB7, 0xE6, 0x38, 0xE6, 0x38, 0xE6, 0x18, 0xE6, 0x18, 0xE6, 0x38, 0xE6, 0x38, 0xE6, 0x18, 0xE6, 0x18, 0xE6, 0x18, 
0xE6, 0x18, 0xE6, 0x38, 0xE6, 0x38, 0xC1, 0x86, 0xB8, 0x00, 0xB8, 0x00, 0xB8, 0x00, 0xB8, 0x00, 0xB8, 0x00, 0xB8, 0x00, 0xB8, 0x00, 0xB8, 0x00, 0xB8, 0x00, 0xB8, 0x00, 0xB8, 0x00, 0xB8, 0x00, 
0xB8, 0x00, 0xB8, 0x00, 0xB8, 0x00, 0xB0, 0x00, 0xB0, 0x00, 0xB0, 0x00, 0xC2, 0x6A, 0xF6, 0xFB, 0xF6, 0xFB, 0xF6, 0xFC, 0xF6, 0xFC, 0xF7, 0x1C, 0xF7, 0x1C, 0xF7, 0x1C, 0xF7, 0x1C, 0xF7, 0x1C, 
0xF7, 0x1C, 0xF7, 0x1C, 0xF7, 0x1C, 0xF7, 0x1C, 0xF7, 0x1C, 0xF6, 0xFC, 0xF6, 0xFB, 0xF6, 0xF9, 0xEE, 0x50, 0xF6, 0xB5, 0xEE, 0xD9, 0xEE, 0xDB, 0xEE, 0xDB, 0xEE, 0xDB, 0xEE, 0xBB, 0xEE, 0xBB, 
0xEE, 0xBB, 0xEE, 0xBB, 0xEE, 0xBB, 0xEE, 0xBB, 0xEE, 0xBA, 0xEE, 0xBA, 0xEE, 0xBA, 0xEE, 0x9A, 0xEE, 0x9A, 0xEE, 0x18, 0xED, 0xF7, 0xED, 0xD7, 0xF5, 0xF7, 0xF6, 0x18, 0xF5, 0xF7, 0xF5, 0xB6, 
0xB3, 0xAE, 0x8A, 0xCA, 0x8A, 0xC9, 0x8A, 0xA9, 0x8A, 0xA9, 0x8A, 0x88, 0x8A, 0x88, 0x8A, 0x68, 0x8A, 0x68, 0x82, 0x26, 0x71, 0xA4, 0x61, 0x02, 0x48, 0x80, 0x48, 0x60, 0x50, 0x81, 0x60, 0xC1, 
0x79, 0x43, 0x81, 0x84, 0x81, 0xC5, 0x81, 0xC5, 0x81, 0xC5, 0x81, 0xA4, 0x81, 0xA4, 0x81, 0xA4, 0x81, 0xA4, 0x81, 0xA4, 0x81, 0xA4, 0x81, 0xA4, 0x81, 0x84, 0x81, 0x84, 0x81, 0x63, 0x81, 0x43, 
0xA4, 0x0F, 0xAC, 0x92, 0xB4, 0xF4, 0xBD, 0x15, 0xBD, 0x15, 0xBD, 0x35, 0xBD, 0x15, 0xBD, 0x15, 0xBD, 0x15, 0xBD, 0x15, 0xBD, 0x35, 0xBD, 0x35, 0xBD, 0x35, 0xBD, 0x15, 0xBD, 0x15, 0xBD, 0x14, 
0xB4, 0xD3, 0xAC, 0x91, 0xA4, 0x0E, 0x9B, 0xCD, 0x8B, 0x6B, 0x69, 0xA4, 0x69, 0xE4, 0x7A, 0x46, 0x8A, 0xC8, 0x92, 0xE8, 0x82, 0x67, 0x69, 0xA4, 0x69, 0xA4, 0x69, 0xC4, 0x7A, 0x05, 0x8A, 0x87, 
0x9B, 0x09, 0x39, 0x03, 0x10, 0x41, 0x18, 0x62, 0x20, 0xC3, 0x29, 0x05, 0x18, 0xA2, 0x8A, 0xA9, 0xB3, 0xAC, 0xB3, 0x8C, 0xB3, 0x6B, 0xB3, 0x4B, 0xAB, 0x0A, 0xAA, 0xC8, 0xA2, 0x87, 0x92, 0x67, 
0x93, 0x2A, 0x9B, 0x6B, 0x9B, 0x8B, 0x9B, 0x8B, 0x9B, 0x8B, 0x9B, 0x8B, 0x9B, 0x8B, 0x9B, 0x8B, 0x9B, 0x8B, 0x92, 0xC8, 0x81, 0x82, 0x79, 0x42, 0x71, 0x21, 0x71, 0x01, 0x68, 0xE1, 0x68, 0xE1, 
0x60, 0xE1, 0x60, 0xC1, 0x60, 0xC1, 0x60, 0xC1, 0x58, 0xC1, 0x69, 0xC5, 0x93, 0xCD, 0x9B, 0xCD, 0x9B, 0xEE, 0xA4, 0x2F, 0xAB, 0x6D, 0xA0, 0x41, 0xA8, 0x00, 0xA8, 0x00, 0xB0, 0x00, 0xB0, 0x00, 
0xB0, 0x00, 0xB0, 0x00, 0xB0, 0x00, 0xB0, 0x00, 0xB8, 0x00, 0xB8, 0x00, 0xB8, 0x00, 0xB8, 0x00, 0xB8, 0x00, 0xB0, 0x00, 0xB0, 0x00, 0xB0, 0x00, 0xB0, 0x00, 0xD3, 0x4D, 0xDC, 0xB2, 0xDC, 0x92, 
0xD4, 0x92, 0xD4, 0x92, 0xD4, 0x92, 0xD4, 0xB2, 0xD4, 0x92, 0xD4, 0x92, 0xD4, 0x92, 0xD4, 0x92, 0xD4, 0x92, 0xD4, 0x72, 0xC2, 0x49, 0xB8, 0x00, 0xB8, 0x00, 0xB8, 0x82, 0xDC, 0xF3, 0xD4, 0xD3, 
0xD4, 0xD2, 0xDC, 0xD3, 0xDC, 0xD3, 0xDC, 0xF3, 0xDC, 0xF3, 0xDC, 0xF3, 0xDC, 0xF3, 0xDC, 0xF3, 0xDC, 0xF3, 0xDC, 0xF3, 0xDC, 0xF3, 0xDC, 0xD3, 0xDC, 0xD3, 0xDC, 0xD3, 0xDC, 0xD3, 0xDC, 0xF3, 
0xDC, 0xF3, 0xDC, 0xF3, 0xCB, 0x6E, 0xB8, 0x00, 0xB8, 0x00, 0xB0, 0x00, 0xDC, 0x92, 0xDC, 0xB3, 0xDC, 0xB2, 0xDC, 0xB2, 0xDC, 0xB2, 0xDC, 0xB2, 0xDC, 0x92, 0xDC, 0x92, 0xDC, 0x92, 0xD4, 0x92, 
0xD4, 0x92, 0xD4, 0x92, 0xDC, 0xB2, 0xC1, 0x45, 0xB8, 0x00, 0xB8, 0x00, 0xB8, 0x00, 0xB8, 0x00, 0xB8, 0x00, 0xB8, 0x00, 0xB8, 0x00, 0xB8, 0x00, 0xB8, 0x00, 0xB8, 0x00, 0xB0, 0x00, 0xB0, 0x00, 
0xB0, 0x00, 0xB0, 0x00, 0xB0, 0x00, 0xB0, 0x00, 0xA8, 0x00, 0xB9, 0x66, 0xEE, 0x9A, 0xF6, 0xFC, 0xF6, 0xFB, 0xF6, 0xFC, 0xF6, 0xFC, 0xF6, 0xFC, 0xF7, 0x1B, 0xF7, 0x1C, 0xF6, 0xFC, 0xF7, 0x1C, 
0xF7, 0x1C, 0xF7, 0x1C, 0xF6, 0xFC, 0xF6, 0xFC, 0xF6, 0xFC, 0xEE, 0xFC, 0xEE, 0xFB, 0xEE, 0xF8, 0xF6, 0xF4, 0xF6, 0xF6, 0xEE, 0xD7, 0xEE, 0xDB, 0xEE, 0xDB, 0xEE, 0xBB, 0xE6, 0xBB, 0xEE, 0xBA, 
0xE6, 0xBB, 0xE6, 0x9A, 0xE6, 0x9A, 0xE6, 0x9A, 0xE6, 0x9A, 0xE6, 0x9A, 0xE6, 0x9A, 0xEE, 0x9A, 0xEE, 0x18, 0xED, 0xF7, 0xED, 0xF8, 0xEE, 0x18, 0xF6, 0x38, 0xF6, 0x18, 0xF5, 0xF7, 0xED, 0x14, 
0x92, 0xEA, 0x8A, 0xC9, 0x8A, 0xC9, 0x8A, 0xA9, 0x8A, 0xA9, 0x8A, 0x88, 0x8A, 0x88, 0x8A, 0x68, 0x82, 0x47, 0x82, 0x06, 0x71, 0x84, 0x59, 0x02, 0x48, 0x81, 0x50, 0xA1, 0x58, 0xC1, 0x68, 0xE2, 
0x81, 0x43, 0x81, 0x84, 0x81, 0xA4, 0x81, 0xC5, 0x81, 0xC5, 0x81, 0xA4, 0x81, 0xA4, 0x81, 0xA4, 0x81, 0xA4, 0x81, 0xA4, 0x81, 0xA4, 0x81, 0xA4, 0x81, 0x84, 0x81, 0x83, 0x81, 0x63, 0x81, 0x43, 
0x9B, 0xAD, 0xA4, 0x30, 0xAC, 0xB3, 0xB4, 0xF4, 0xBD, 0x15, 0xBD, 0x35, 0xBD, 0x35, 0xBD, 0x35, 0xBD, 0x35, 0xBD, 0x15, 0xBD, 0x35, 0xBD, 0x35, 0xBD, 0x35, 0xBD, 0x35, 0xBD, 0x14, 0xBD, 0x14, 
0xB4, 0xD3, 0xAC, 0x50, 0x9B, 0xEE, 0x9B, 0xAC, 0x93, 0x8C, 0x72, 0x26, 0x61, 0xA4, 0x72, 0x05, 0x82, 0x67, 0x82, 0x87, 0x71, 0xE5, 0x69, 0x84, 0x69, 0xA4, 0x69, 0xC4, 0x7A, 0x06, 0x92, 0xC9, 
0xA3, 0x4A, 0x8A, 0xE9, 0x10, 0x61, 0x10, 0x61, 0x18, 0x82, 0x20, 0xC3, 0x20, 0xC3, 0xA3, 0x4B, 0xB3, 0xAC, 0xB3, 0x8C, 0xB3, 0x8C, 0xB3, 0x6B, 0xAB, 0x2A, 0xAA, 0xE9, 0xA2, 0xC8, 0x9A, 0x66, 
0x92, 0x87, 0x93, 0x4A, 0x9B, 0x8B, 0x9B, 0x8B, 0x9B, 0x8B, 0x9B, 0x8B, 0x9B, 0x8B, 0x9B, 0x8B, 0x9B, 0x6B, 0x8A, 0x45, 0x79, 0x62, 0x79, 0x41, 0x71, 0x21, 0x71, 0x01, 0x68, 0xE1, 0x60, 0xC0, 
0x60, 0xC1, 0x60, 0xC1, 0x60, 0xC1, 0x60, 0xC1, 0x58, 0xC1, 0x61, 0x02, 0x93, 0x8C, 0x93, 0xAD, 0x9B, 0xCD, 0x9C, 0x0E, 0xAC, 0x91, 0xB4, 0x0F, 0xA9, 0x04, 0xA8, 0x00, 0xB0, 0x00, 0xB0, 0x00, 
0xB0, 0x00, 0xB0, 0x00, 0xB0, 0x00, 0xB8, 0x00, 0xB8, 0x00, 0xB8, 0x00, 0xB8, 0x00, 0xB0, 0x00, 0xB0, 0x00, 0xB0, 0x00, 0xB0, 0x00, 0xB0, 0x00, 0xB0, 0x00, 0xB0, 0x00, 0xB0, 0x00, 0xB0, 0x00, 
0xB0, 0x00, 0xB0, 0x00, 0xB0, 0x00, 0xB0, 0x00, 0xB8, 0x00, 0xB8, 0x00, 0xB0, 0x00, 0xB0, 0x00, 0xB0, 0x00, 0xB8, 0x00, 0xB8, 0x00, 0xB8, 0x00, 0xB8, 0x00, 0xB8, 0x00, 0xB0, 0x00, 0xB0, 0x00, 
0xB0, 0x00, 0xB0, 0x00, 0xB0, 0x00, 0xB0, 0x00, 0xB0, 0x00, 0xB0, 0x00, 0xB0, 0x00, 0xB0, 0x00, 0xB0, 0x00, 0xB0, 0x00, 0xB0, 0x00, 0xB0, 0x00, 0xB0, 0x00, 0xB0, 0x00, 0xB0, 0x00, 0xB0, 0x00, 
0xB0, 0x00, 0xB0, 0x00, 0xB8, 0x00, 0xB8, 0x00, 0xB8, 0x00, 0xB8, 0x00, 0xB8, 0x00, 0xB8, 0x00, 0xB0, 0x00, 0xB0, 0x00, 0xB0, 0x00, 0xB0, 0x00, 0xB0, 0x00, 0xB0, 0x00, 0xB0, 0x00, 0xB0, 0x00, 
0xB8, 0x00, 0xB8, 0x00, 0xB8, 0x00, 0xB8, 0x00, 0xB8, 0x00, 0xB8, 0x00, 0xB8, 0x00, 0xB8, 0x00, 0xB8, 0x00, 0xB8, 0x00, 0xB8, 0x00, 0xB8, 0x00, 0xB8, 0x00, 0xB8, 0x00, 0xB0, 0x00, 0xB0, 0x00, 
0xB0, 0x00, 0xB0, 0x00, 0xB0, 0x00, 0xA8, 0x00, 0xB9, 0xC7, 0xEE, 0x79, 0xEE, 0xDB, 0xEE, 0xFC, 0xF6, 0xFB, 0xF6, 0xFC, 0xF7, 0x1C, 0xF7, 0x1C, 0xF7, 0x1C, 0xF7, 0x1C, 0xF6, 0xFB, 0xF6, 0xFB, 
0xF7, 0x1B, 0xF6, 0xFB, 0xF6, 0xFC, 0xEE, 0xFC, 0xEE, 0xFC, 0xEE, 0xFC, 0xEE, 0xDA, 0xF7, 0x16, 0xF6, 0xB3, 0xEE, 0x91, 0xF6, 0xF6, 0xEE, 0xDB, 0xEE, 0xDB, 0xE6, 0xBB, 0xE6, 0xBB, 0xE6, 0xBB, 
0xE6, 0xBB, 0xE6, 0xBB, 0xE6, 0xBA, 0xEE, 0xBA, 0xEE, 0xBA, 0xEE, 0xBA, 0xEE, 0xBA, 0xEE, 0x7A, 0xEE, 0x38, 0xEE, 0x39, 0xEE, 0x59, 0xF6, 0x59, 0xF6, 0x39, 0xF6, 0x18, 0xF5, 0xD7, 0xC4, 0x0F, 
0x92, 0xEA, 0x8A, 0xC9, 0x8A, 0xA9, 0x8A, 0xA9, 0x8A, 0x88, 0x8A, 0x88, 0x8A, 0x68, 0x82, 0x68, 0x82, 0x47, 0x79, 0xE5, 0x69, 0x64, 0x58, 0xE2, 0x50, 0xE2, 0x59, 0x03, 0x61, 0x03, 0x71, 0x03, 
0x81, 0x43, 0x81, 0x63, 0x81, 0xA4, 0x81, 0xA5, 0x81, 0xA4, 0x81, 0xA4, 0x81, 0xA4, 0x81, 0xA4, 0x81, 0xA4, 0x81, 0xA4, 0x81, 0xA4, 0x89, 0x84, 0x81, 0x83, 0x81, 0x63, 0x81, 0x63, 0x81, 0x43, 
0x9B, 0x6C, 0xA3, 0xEE, 0xAC, 0x51, 0xB4, 0xD3, 0xB5, 0x14, 0xBD, 0x15, 0xBD, 0x35, 0xBD, 0x15, 0xBD, 0x35, 0xBD, 0x35, 0xBD, 0x35, 0xBD, 0x35, 0xBD, 0x35, 0xBD, 0x35, 0xBD, 0x14, 0xB4, 0xF4, 
0xB4, 0xB2, 0xA4, 0x2F, 0x9B, 0xCD, 0x93, 0xAC, 0x93, 0x8C, 0x83, 0x09, 0x61, 0xA3, 0x69, 0xC4, 0x7A, 0x26, 0x7A, 0x26, 0x71, 0xC5, 0x61, 0x84, 0x69, 0xA4, 0x69, 0xC4, 0x7A, 0x26, 0x9A, 0xE9, 
0xA3, 0x4A, 0x49, 0x44, 0x10, 0x41, 0x18, 0x82, 0x20, 0xC3, 0x21, 0x04, 0x20, 0xC3, 0x49, 0x85, 0xBB, 0xAC, 0xB3, 0xAC, 0xB3, 0x8C, 0xB3, 0x8B, 0xAB, 0x4B, 0xAB, 0x09, 0xA2, 0xE8, 0xA2, 0xA7, 
0x9A, 0x66, 0x92, 0xA7, 0x93, 0x4A, 0x93, 0x8B, 0x9B, 0x8B, 0x9B, 0x8B, 0x9B, 0x8B, 0x9B, 0x8B, 0x93, 0x2A, 0x81, 0xC3, 0x79, 0x41, 0x79, 0x21, 0x71, 0x01, 0x68, 0xE1, 0x60, 0xC0, 0x60, 0xC0, 
0x60, 0xC1, 0x60, 0xC1, 0x60, 0xC1, 0x58, 0xC1, 0x58, 0xC1, 0x58, 0xC1, 0x82, 0xC9, 0x93, 0xAC, 0x93, 0xCD, 0x9B, 0xEE, 0xAC, 0x91, 0xB4, 0xF3, 0xBC, 0xF3, 0xBA, 0xEB, 0xA8, 0x82, 0xB0, 0x00, 
0xB0, 0x00, 0xB0, 0x00, 0xB0, 0x00, 0xB8, 0x00, 0xB8, 0x00, 0xB8, 0x00, 0xB8, 0x00, 0xB8, 0x00, 0xB0, 0x00, 0xB0, 0x00, 0xB0, 0x00, 0xB8, 0x00, 0xB8, 0x00, 0xB8, 0x00, 0xB8, 0x00, 0xB8, 0x00, 
0xB8, 0x00, 0xB8, 0x00, 0xB8, 0x00, 0xB8, 0x00, 0xB8, 0x00, 0xB8, 0x00, 0xB8, 0x00, 0xB8, 0x00, 0xB8, 0x00, 0xB8, 0x00, 0xB8, 0x00, 0xB8, 0x00, 0xB8, 0x00, 0xB8, 0x00, 0xB8, 0x00, 0xB8, 0x00, 
0xB8, 0x00, 0xB8, 0x00, 0xB8, 0x00, 0xB0, 0x00, 0xB0, 0x00, 0xB0, 0x00, 0xB0, 0x00, 0xB0, 0x00, 0xB0, 0x00, 0xB0, 0x00, 0xB0, 0x00, 0xB0, 0x00, 0xB0, 0x00, 0xB0, 0x00, 0xB0, 0x00, 0xB8, 0x00, 
0xB8, 0x00, 0xB8, 0x00, 0xB8, 0x00, 0xB8, 0x00, 0xB8, 0x00, 0xB8, 0x00, 0xB8, 0x00, 0xB8, 0x00, 0xB8, 0x00, 0xB8, 0x00, 0xB0, 0x00, 0xB0, 0x00, 0xB0, 0x00, 0xB0, 0x00, 0xB0, 0x00, 0xB8, 0x00, 
0xB8, 0x00, 0xB8, 0x00, 0xB8, 0x00, 0xB8, 0x00, 0xB8, 0x00, 0xB8, 0x00, 0xB8, 0x00, 0xB8, 0x00, 0xB8, 0x00, 0xB8, 0x00, 0xB8, 0x00, 0xB8, 0x00, 0xB8, 0x00, 0xB8, 0x00, 0xB0, 0x00, 0xB0, 0x00, 
0xB0, 0x00, 0xB0, 0x00, 0xB0, 0x61, 0xD3, 0xAE, 0xEE, 0xBB, 0xEE, 0xDB, 0xEE, 0xFB, 0xEE, 0xFC, 0xF6, 0xFC, 0xF7, 0x1C, 0xF7, 0x1C, 0xF6, 0xFC, 0xF6, 0xFC, 0xF6, 0xFB, 0xEE, 0xFB, 0xEE, 0xD8, 
0xF6, 0xF6, 0xF6, 0xD6, 0xF6, 0xF5, 0xF7, 0x17, 0xF7, 0x17, 0xF7, 0x17, 0xF6, 0xF6, 0xF7, 0x15, 0xF6, 0xF5, 0xF6, 0xD3, 0xF6, 0xD4, 0xF6, 0xF7, 0xF7, 0x19, 0xF6, 0xF8, 0xEE, 0xD6, 0xEE, 0xD6, 
0xEE, 0xD7, 0xEE, 0xD7, 0xEE, 0x98, 0xEE, 0xBB, 0xEE, 0xBB, 0xEE, 0xBB, 0xEE, 0xBB, 0xEE, 0x79, 0xEE, 0x5A, 0xF6, 0x79, 0xF6, 0x59, 0xF6, 0x59, 0xF6, 0x39, 0xF6, 0x18, 0xED, 0x75, 0x9B, 0x2B, 
0x8A, 0xEA, 0x8A, 0xC9, 0x8A, 0xA9, 0x8A, 0x89, 0x8A, 0x88, 0x82, 0x68, 0x8A, 0x68, 0x82, 0x67, 0x82, 0x47, 0x79, 0xC5, 0x69, 0x64, 0x59, 0x03, 0x59, 0x24, 0x59, 0x65, 0x59, 0x64, 0x69, 0x24, 
0x71, 0x23, 0x71, 0x43, 0x79, 0x63, 0x81, 0x84, 0x81, 0xA4, 0x81, 0xA4, 0x81, 0xA4, 0x81, 0xA4, 0x81, 0xA4, 0x81, 0xA4, 0x81, 0xA4, 0x81, 0x84, 0x89, 0x63, 0x89, 0x63, 0x81, 0x43, 0x81, 0x22, 
0x93, 0x4B, 0x9B, 0x8D, 0xA4, 0x0F, 0xAC, 0x72, 0xB4, 0xD4, 0xB5, 0x14, 0xBD, 0x15, 0xBD, 0x15, 0xBD, 0x14, 0xBD, 0x15, 0xBD, 0x35, 0xBD, 0x35, 0xBD, 0x35, 0xBD, 0x35, 0xBD, 0x14, 0xB4, 0xF3, 
0xAC, 0x92, 0xA4, 0x2F, 0x9B, 0xCD, 0x93, 0x8C, 0x93, 0x8B, 0x93, 0x6B, 0x6A, 0x05, 0x69, 0xA4, 0x69, 0xE4, 0x71, 0xE5, 0x69, 0xC4, 0x61, 0x84, 0x61, 0xA4, 0x69, 0xC5, 0x7A, 0x26, 0x9B, 0x0A, 
0xA3, 0x4A, 0x41, 0x03, 0x10, 0x41, 0x10, 0x41, 0x10, 0x82, 0x10, 0x62, 0x18, 0x82, 0x51, 0xA6, 0xBB, 0xCD, 0xB3, 0xAC, 0xB3, 0xAC, 0xB3, 0x8C, 0xB3, 0x6B, 0xAB, 0x0A, 0xAA, 0xE9, 0xA2, 0xC8, 
0x9A, 0x87, 0x9A, 0x66, 0x92, 0x87, 0x93, 0x4B, 0x93, 0x8B, 0x93, 0x8B, 0x93, 0x8B, 0x93, 0x8B, 0x8A, 0x87, 0x79, 0x62, 0x79, 0x41, 0x79, 0x21, 0x71, 0x01, 0x68, 0xE1, 0x60, 0xC0, 0x60, 0xC0, 
0x60, 0xC1, 0x60, 0xC1, 0x58, 0xC1, 0x58, 0xA0, 0x58, 0xA0, 0x58, 0xA0, 0x69, 0x84, 0x93, 0x6C, 0x93, 0xAC, 0x9B, 0xEE, 0xAC, 0x91, 0xB4, 0xF3, 0xB5, 0x13, 0xBD, 0x34, 0xC5, 0x14, 0xBB, 0x6D, 
0xB1, 0xC6, 0xA8, 0x82, 0xB0, 0x00, 0xB0, 0x00, 0xB8, 0x00, 0xB8, 0x00, 0xB8, 0x00, 0xB8, 0x00, 0xB0, 0x00, 0xB8, 0x00, 0xB0, 0x00, 0xB0, 0x00, 0xB0, 0x00, 0xB8, 0x00, 0xB8, 0x00, 0xB8, 0x00, 
0xB8, 0x00, 0xB8, 0x00, 0xB8, 0x00, 0xB8, 0x00, 0xB8, 0x00, 0xB8, 0x00, 0xB8, 0x00, 0xB8, 0x00, 0xB8, 0x00, 0xB0, 0x00, 0xB0, 0x00, 0xB0, 0x00, 0xB8, 0x00, 0xB8, 0x00, 0xB8, 0x00, 0xB8, 0x00, 
0xB8, 0x00, 0xB8, 0x00, 0xB8, 0x00, 0xB0, 0x00, 0xB0, 0x00, 0xB0, 0x00, 0xB0, 0x00, 0xB0, 0x00, 0xB0, 0x00, 0xB0, 0x00, 0xB0, 0x00, 0xB0, 0x00, 0xB0, 0x00, 0xB0, 0x00, 0xB0, 0x00, 0xB0, 0x00, 
0xB0, 0x00, 0xB0, 0x00, 0xB8, 0x00, 0xB0, 0x00, 0xB0, 0x00, 0xB8, 0x00, 0xB8, 0x00, 0xB8, 0x00, 0xB0, 0x00, 0xB0, 0x00, 0xB0, 0x00, 0xB0, 0x00, 0xB0, 0x00, 0xB0, 0x00, 0xB0, 0x00, 0xB0, 0x00, 
0xB8, 0x00, 0xB8, 0x00, 0xB8, 0x00, 0xB8, 0x00, 0xB0, 0x00, 0xB0, 0x00, 0xB8, 0x00, 0xB8, 0x00, 0xB8, 0x00, 0xB8, 0x00, 0xB8, 0x00, 0xB8, 0x00, 0xB0, 0x00, 0xB0, 0x00, 0xB0, 0x00, 0xB0, 0x61, 
0xC1, 0xE7, 0xD3, 0xF0, 0xEE, 0x39, 0xEE, 0xDB, 0xEE, 0xDB, 0xEE, 0xDB, 0xEE, 0xFC, 0xF6, 0xFC, 0xF6, 0xFC, 0xF6, 0xFC, 0xF6, 0xFC, 0xF6, 0xFC, 0xEE, 0xFB, 0xEE, 0xFB, 0xEE, 0xFB, 0xEE, 0xFB, 
0xEE, 0xB5, 0xF6, 0xF5, 0xF6, 0xF3, 0xF6, 0xF3, 0xF6, 0xF4, 0xF6, 0xF4, 0xF7, 0x37, 0xF7, 0x16, 0xF7, 0x16, 0xF7, 0x36, 0xF7, 0x36, 0xF7, 0x36, 0xF7, 0x35, 0xF7, 0x37, 0xF7, 0x15, 0xF6, 0xB2, 
0xEE, 0x71, 0xEE, 0x96, 0xEE, 0xBA, 0xEE, 0xDB, 0xEE, 0xDB, 0xEE, 0xDB, 0xEE, 0x9A, 0xEE, 0x7A, 0xF6, 0x7A, 0xF6, 0x79, 0xF6, 0x59, 0xF6, 0x59, 0xF6, 0x39, 0xFD, 0xF8, 0xCC, 0x51, 0x93, 0x0A, 
0x8A, 0xEA, 0x8A, 0xC9, 0x8A, 0xA9, 0x82, 0xA9, 0x8A, 0x88, 0x8A, 0x88, 0x8A, 0x68, 0x82, 0x48, 0x82, 0x26, 0x71, 0xC5, 0x61, 0x43, 0x59, 0x24, 0x59, 0x65, 0x59, 0x86, 0x59, 0x65, 0x59, 0x44, 
0x59, 0x03, 0x59, 0x02, 0x69, 0x03, 0x79, 0x43, 0x79, 0x84, 0x81, 0x84, 0x81, 0xA4, 0x81, 0xA4, 0x81, 0xA4, 0x81, 0xA4, 0x81, 0xA4, 0x81, 0x84, 0x89, 0x63, 0x89, 0x63, 0x81, 0x43, 0x81, 0x22, 
0x93, 0x2A, 0x9B, 0x6C, 0x9B, 0xCD, 0xA4, 0x30, 0xAC, 0xB2, 0xB4, 0xF4, 0xBD, 0x14, 0xBD, 0x14, 0xBD, 0x14, 0xBD, 0x15, 0xBD, 0x35, 0xBD, 0x35, 0xBD, 0x35, 0xBD, 0x15, 0xBD, 0x14, 0xB4, 0xD3, 
0xAC, 0x91, 0xA4, 0x0E, 0x9B, 0xAC, 0x93, 0x8B, 0x93, 0x8B, 0x93, 0x6B, 0x82, 0xA8, 0x69, 0xA4, 0x69, 0xA4, 0x69, 0xC4, 0x69, 0xA4, 0x61, 0x84, 0x61, 0xA4, 0x69, 0xC5, 0x82, 0x46, 0x9B, 0x2A, 
0xAB, 0x4B, 0xA3, 0x4B, 0x82, 0x88, 0x18, 0x61, 0x20, 0xE4, 0x20, 0xA3, 0x9B, 0x6C, 0xB3, 0xED, 0xB3, 0xCD, 0xBB, 0xAC, 0xB3, 0xAC, 0xB3, 0x8C, 0xB3, 0x6C, 0xAB, 0x4A, 0xAB, 0x09, 0xA2, 0xC8, 
0xA2, 0xA8, 0x9A, 0x87, 0x92, 0x46, 0x8A, 0x67, 0x93, 0x4A, 0x93, 0x8B, 0x93, 0x8B, 0x93, 0x4A, 0x81, 0xE4, 0x79, 0x41, 0x79, 0x21, 0x79, 0x41, 0x71, 0x21, 0x68, 0xE1, 0x60, 0xC0, 0x60, 0xC1, 
0x60, 0xC1, 0x58, 0xC1, 0x58, 0xA1, 0x58, 0xA1, 0x58, 0xA0, 0x58, 0xA0, 0x50, 0xA1, 0x82, 0xC9, 0x93, 0x8C, 0x9B, 0xEE, 0xAC, 0x91, 0xB4, 0xF3, 0xB5, 0x13, 0xB5, 0x14, 0xBD, 0x34, 0xBD, 0x55, 
0xC5, 0x75, 0xCD, 0x75, 0xCC, 0xF4, 0xCB, 0xCF, 0xB0, 0x41, 0xB8, 0x00, 0xB8, 0x00, 0xB0, 0x00, 0xB0, 0x00, 0xB8, 0xE3, 0xC2, 0x69, 0xC2, 0xCA, 0xC2, 0xCA, 0xC2, 0xCA, 0xCA, 0xCA, 0xCA, 0xCA, 
0xCA, 0xCA, 0xCA, 0xAA, 0xCA, 0xAA, 0xCA, 0xAA, 0xCA, 0xCA, 0xCA, 0xCA, 0xCA, 0xAA, 0xCA, 0xAA, 0xCA, 0xAA, 0xCA, 0xCA, 0xCA, 0xCA, 0xCA, 0xCA, 0xCA, 0xAA, 0xCA, 0xCA, 0xCA, 0xCA, 0xCA, 0xCA, 
0xCA, 0xAA, 0xCA, 0xAA, 0xCA, 0xCA, 0xCA, 0xCA, 0xCA, 0xCA, 0xCA, 0xCA, 0xCA, 0xCA, 0xCA, 0xCA, 0xCA, 0xAA, 0xCA, 0xAA, 0xCA, 0xAA, 0xCA, 0xAA, 0xCA, 0xAA, 0xCA, 0xAA, 0xCA, 0xAA, 0xCA, 0xAA, 
0xCA, 0xAB, 0xCA, 0xCB, 0xCA, 0xCB, 0xCA, 0xCB, 0xCA, 0xCB, 0xCA, 0xCB, 0xCA, 0xCB, 0xCA, 0xEB, 0xCA, 0xEB, 0xCA, 0xEB, 0xCA, 0xEB, 0xCA, 0xEB, 0xCA, 0xEB, 0xCA, 0xEB, 0xCA, 0xEB, 0xCA, 0xEB, 
0xCB, 0x0B, 0xCB, 0x0C, 0xCB, 0x0C, 0xCB, 0x0C, 0xCB, 0x0C, 0xCB, 0x0C, 0xC1, 0xE8, 0xB8, 0x41, 0xB8, 0x00, 0xB8, 0x00, 0xB8, 0x00, 0xB8, 0x00, 0xC2, 0x49, 0xE5, 0x76, 0xE5, 0xD7, 0xEE, 0x9A, 
0xEE, 0xBB, 0xEE, 0xBB, 0xEE, 0xDB, 0xEE, 0xDB, 0xEE, 0xDB, 0xEE, 0xFB, 0xEE, 0xFC, 0xEE, 0xFB, 0xEE, 0xFB, 0xEE, 0xD9, 0xEE, 0xB8, 0xEE, 0x76, 0xEE, 0x54, 0xE6, 0x33, 0xDD, 0xD0, 0xD5, 0x4E, 
0xCC, 0xCB, 0xCC, 0xC8, 0xE6, 0x72, 0xF6, 0xF4, 0xF6, 0xF4, 0xF7, 0x37, 0xF7, 0x17, 0xF7, 0x16, 0xF7, 0x16, 0xF7, 0x16, 0xF7, 0x16, 0xF7, 0x38, 0xF7, 0x16, 0xF6, 0xF5, 0xF6, 0xD4, 0xEE, 0xB4, 
0xEE, 0xB8, 0xEE, 0xDB, 0xEE, 0xDB, 0xEE, 0xDB, 0xEE, 0xDB, 0xEE, 0xDB, 0xEE, 0x7A, 0xEE, 0x7A, 0xF6, 0x7A, 0xF6, 0x79, 0xF6, 0x59, 0xF6, 0x59, 0xF6, 0x39, 0xF5, 0xB6, 0xA3, 0x4C, 0x93, 0x0B, 
0x8A, 0xEA, 0x8A, 0xCA, 0x82, 0xA9, 0x82, 0xA8, 0x82, 0x88, 0x82, 0x68, 0x82, 0x68, 0x82, 0x47, 0x82, 0x06, 0x71, 0xA5, 0x59, 0x44, 0x51, 0x44, 0x51, 0x65, 0x51, 0x65, 0x51, 0x45, 0x49, 0x04, 
0x48, 0xC3, 0x48, 0xC2, 0x50, 0xC2, 0x69, 0x02, 0x71, 0x43, 0x79, 0x84, 0x79, 0x84, 0x79, 0xA4, 0x81, 0xA4, 0x81, 0xA4, 0x81, 0x84, 0x81, 0x84, 0x81, 0x63, 0x81, 0x63, 0x81, 0x43, 0x81, 0x43, 
0x93, 0x2A, 0x93, 0x4B, 0x9B, 0x8C, 0x9B, 0xCE, 0xA4, 0x30, 0xAC, 0xB3, 0xB4, 0xF4, 0xBD, 0x14, 0xBD, 0x14, 0xBD, 0x15, 0xBD, 0x35, 0xBD, 0x35, 0xBD, 0x35, 0xBD, 0x35, 0xBD, 0x14, 0xB4, 0xD2, 
0xAC, 0x70, 0x9B, 0xEE, 0x9B, 0xAC, 0x93, 0x8B, 0x93, 0x6B, 0x93, 0x6B, 0x8B, 0x4A, 0x69, 0xE4, 0x69, 0xA4, 0x69, 0xA4, 0x61, 0xA4, 0x61, 0x84, 0x61, 0x84, 0x69, 0xC5, 0x8A, 0x67, 0xA3, 0x2A, 
0xAB, 0x4B, 0xAB, 0x8B, 0xAB, 0x8C, 0x20, 0x61, 0x20, 0xC4, 0x20, 0xA3, 0xAB, 0xAD, 0xB3, 0xCD, 0xBB, 0xAD, 0xBB, 0xAC, 0xBB, 0xAC, 0xB3, 0xAC, 0xB3, 0x8C, 0xAB, 0x6B, 0xAB, 0x2A, 0xA2, 0xE9, 
0xA2, 0xC8, 0xA2, 0xA7, 0x9A, 0x66, 0x92, 0x25, 0x8A, 0x26, 0x93, 0x2A, 0x93, 0x6B, 0x8A, 0xC8, 0x79, 0x62, 0x71, 0x21, 0x79, 0x21, 0x79, 0x41, 0x79, 0x21, 0x68, 0xE1, 0x60, 0xC0, 0x60, 0xC0, 
0x60, 0xA1, 0x58, 0xA1, 0x58, 0xA0, 0x58, 0xA0, 0x58, 0xA0, 0x58, 0x80, 0x50, 0x80, 0x61, 0x43, 0x93, 0x8C, 0x9C, 0x0E, 0xAC, 0x70, 0xAC, 0x91, 0xAC, 0xB2, 0xAC, 0xD2, 0xB4, 0xF3, 0xBD, 0x34, 
0xBD, 0x55, 0xC5, 0x76, 0xC4, 0xD3, 0xB0, 0xA2, 0xB0, 0x00, 0xB0, 0x00, 0xB0, 0x00, 0xB0, 0x20, 0xC3, 0x0B, 0xD5, 0x13, 0xD5, 0x33, 0xD5, 0x33, 0xDD, 0x13, 0xDD, 0x13, 0xDD, 0x13, 0xDD, 0x34, 
0xDD, 0x33, 0xDD, 0x13, 0xDD, 0x34, 0xDD, 0x34, 0xDD, 0x34, 0xDD, 0x34, 0xDD, 0x34, 0xE5, 0x34, 0xE5, 0x34, 0xE5, 0x34, 0xDD, 0x34, 0xDD, 0x34, 0xDD, 0x34, 0xDD, 0x34, 0xDD, 0x34, 0xDD, 0x34, 
0xDD, 0x34, 0xDD, 0x34, 0xDD, 0x34, 0xDD, 0x34, 0xDD, 0x34, 0xE5, 0x34, 0xDD, 0x34, 0xDD, 0x34, 0xDD, 0x34, 0xDD, 0x34, 0xDD, 0x34, 0xDD, 0x34, 0xDD, 0x34, 0xDD, 0x54, 0xE5, 0x54, 0xE5, 0x54, 
0xE5, 0x54, 0xE5, 0x75, 0xE5, 0x75, 0xE5, 0x75, 0xE5, 0x75, 0xE5, 0x75, 0xE5, 0x75, 0xE5, 0x75, 0xE5, 0x95, 0xE5, 0x95, 0xE5, 0x95, 0xE5, 0x95, 0xE5, 0x95, 0xE5, 0x95, 0xE5, 0x95, 0xE5, 0xB6, 
0xE5, 0xB6, 0xE5, 0xB6, 0xE5, 0xB6, 0xE5, 0xD7, 0xE5, 0xD7, 0xE5, 0xF7, 0xE5, 0xF7, 0xE5, 0x75, 0xC2, 0x08, 0xB8, 0x00, 0xB8, 0x00, 0xB8, 0x00, 0xB8, 0x00, 0xDC, 0x10, 0xEE, 0xBB, 0xEE, 0xBB, 
0xEE, 0xDB, 0xEE, 0xDB, 0xEE, 0xDB, 0xEE, 0xDB, 0xEE, 0xDB, 0xE6, 0x99, 0xEE, 0x76, 0xEE, 0x54, 0xE6, 0x33, 0xE6, 0x32, 0xEE, 0x52, 0xEE, 0x30, 0xEE, 0x0F, 0xE5, 0xAC, 0xDD, 0x29, 0xD4, 0xA7, 
0xC4, 0x25, 0xB3, 0xA3, 0xAB, 0x63, 0xC4, 0xCB, 0xEE, 0x92, 0xE6, 0x0F, 0xE6, 0x50, 0xEE, 0xD3, 0xF7, 0x38, 0xF7, 0x16, 0xF6, 0xD4, 0xE6, 0x31, 0xE6, 0x0F, 0xEE, 0x52, 0xEE, 0x76, 0xEE, 0xDA, 
0xEE, 0xDB, 0xEE, 0xDB, 0xEE, 0xDB, 0xEE, 0xDB, 0xEE, 0xDB, 0xEE, 0xBA, 0xEE, 0x79, 0xF6, 0x7A, 0xF6, 0x79, 0xF6, 0x59, 0xF6, 0x59, 0xF6, 0x39, 0xF6, 0x18, 0xCC, 0x91, 0x8A, 0xEB, 0x8A, 0xEA, 
0x8A, 0xEA, 0x8A, 0xCA, 0x82, 0xA9, 0x82, 0x88, 0x82, 0x88, 0x82, 0x68, 0x82, 0x67, 0x82, 0x47, 0x7A, 0x06, 0x69, 0x84, 0x59, 0x43, 0x51, 0x44, 0x51, 0x45, 0x51, 0x45, 0x49, 0x24, 0x40, 0xE3, 
0x40, 0xA2, 0x40, 0x81, 0x48, 0x81, 0x50, 0xA2, 0x61, 0x02, 0x69, 0x43, 0x69, 0x64, 0x71, 0x84, 0x79, 0x84, 0x79, 0x84, 0x79, 0x84, 0x81, 0x64, 0x81, 0x64, 0x81, 0x64, 0x91, 0xE6, 0x92, 0x28, 
0x93, 0x2A, 0x93, 0x4B, 0x9B, 0x6C, 0x9B, 0xAD, 0xA3, 0xEE, 0xAC, 0x51, 0xB4, 0xD3, 0xB5, 0x14, 0xBD, 0x15, 0xBD, 0x35, 0xBD, 0x35, 0xBD, 0x35, 0xBD, 0x35, 0xBD, 0x35, 0xB4, 0xF4, 0xAC, 0xB2, 
0xA4, 0x50, 0x9B, 0xCD, 0x93, 0x8C, 0x93, 0x6B, 0x93, 0x6B, 0x93, 0x6B, 0x8B, 0x4B, 0x7A, 0x87, 0x69, 0xA4, 0x69, 0xA4, 0x61, 0x84, 0x61, 0x84, 0x61, 0xA4, 0x71, 0xC5, 0x8A, 0xA8, 0x9B, 0x0A, 
0xA3, 0x4A, 0xAB, 0x6B, 0xAB, 0x8B, 0x20, 0x61, 0x20, 0xC3, 0x20, 0xA3, 0xAB, 0xAD, 0xB3, 0xAD, 0xB3, 0xAC, 0xBB, 0xAD, 0xBB, 0xCD, 0xB3, 0xAC, 0xB3, 0x8C, 0xB3, 0x6B, 0xAB, 0x4A, 0xAB, 0x0A, 
0xA2, 0xE9, 0xA2, 0xC8, 0x9A, 0x87, 0x92, 0x46, 0x92, 0x05, 0x8A, 0x25, 0x8A, 0xC8, 0x79, 0xE4, 0x71, 0x01, 0x70, 0xE0, 0x71, 0x00, 0x79, 0x41, 0x79, 0x41, 0x71, 0x01, 0x60, 0xC0, 0x60, 0xA0, 
0x58, 0xA0, 0x58, 0xA0, 0x58, 0xA0, 0x58, 0xA0, 0x58, 0xA0, 0x50, 0x80, 0x50, 0x80, 0x50, 0xA0, 0x8B, 0x4B, 0xA4, 0x2E, 0xA4, 0x4F, 0xA4, 0x50, 0xA4, 0x70, 0xAC, 0x91, 0xAC, 0xD2, 0xB5, 0x14, 
0xBD, 0x55, 0xBD, 0x55, 0xBA, 0x49, 0xB0, 0x00, 0xB0, 0x00, 0xB0, 0x00, 0xB0, 0x00, 0xCB, 0x6D, 0xCD, 0x33, 0xD5, 0x13, 0xDC, 0x0F, 0xE3, 0x0B, 0xE2, 0xCA, 0xEA, 0xAA, 0xEA, 0xAA, 0xEA, 0xCA, 
0xEA, 0xCA, 0xEA, 0xCA, 0xEA, 0xCA, 0xEA, 0xCA, 0xEA, 0xCA, 0xEA, 0xCA, 0xEA, 0xCA, 0xEA, 0xCA, 0xEA, 0xCA, 0xEA, 0xCA, 0xE2, 0xCA, 0xE2, 0xCA, 0xE2, 0xCA, 0xE2, 0xCA, 0xE2, 0xCA, 0xE2, 0xCA, 
0xE2, 0xCA, 0xE2, 0xCA, 0xE2, 0xCA, 0xE2, 0xCA, 0xE2, 0xCA, 0xE2, 0xAA, 0xE2, 0xCA, 0xE2, 0xCA, 0xE2, 0xCA, 0xE2, 0xCA, 0xE2, 0xCA, 0xE2, 0xCA, 0xE2, 0xCA, 0xE2, 0xCB, 0xE2, 0xEB, 0xE2, 0xEA, 
0xE2, 0xEB, 0xE2, 0xEB, 0xE2, 0xEB, 0xE2, 0xEB, 0xE2, 0xEB, 0xE2, 0xEB, 0xE2, 0xCA, 0xE2, 0xCB, 0xE2, 0xEB, 0xE2, 0xEB, 0xE2, 0xEB, 0xE2, 0xEB, 0xE2, 0xEB, 0xE3, 0x0B, 0xE3, 0x0B, 0xE3, 0x0B, 
0xE3, 0x0B, 0xE3, 0x0C, 0xE3, 0x2C, 0xE3, 0x2C, 0xE3, 0x6D, 0xE4, 0x50, 0xE5, 0xB7, 0xE6, 0x18, 0xE6, 0x18, 0xC2, 0x08, 0xB8, 0x00, 0xB8, 0x00, 0xB8, 0x00, 0xB0, 0x61, 0xEE, 0x59, 0xEE, 0xBB, 
0xEE, 0xDB, 0xEE, 0xDB, 0xEE, 0xDB, 0xEE, 0xDB, 0xEE, 0xBA, 0xEE, 0xBA, 0xEE, 0xBA, 0xEE, 0xDA, 0xEE, 0xDB, 0xEE, 0xDB, 0xEE, 0xDA, 0xEE, 0xB9, 0xEE, 0x98, 0xE6, 0x75, 0xE6, 0x12, 0xDD, 0x6E, 
0xCC, 0x67, 0xBB, 0xA3, 0xAB, 0x22, 0x9A, 0xC1, 0xA3, 0x65, 0xE6, 0x31, 0xE6, 0x51, 0xF6, 0xF5, 0xF7, 0x59, 0xF7, 0x38, 0xF6, 0xF6, 0xE6, 0x10, 0xDD, 0xAF, 0xD5, 0xD4, 0xEE, 0xBB, 0xEE, 0xBB, 
0xEE, 0xDB, 0xEE, 0xDB, 0xEE, 0xDB, 0xEE, 0xDB, 0xF6, 0xDB, 0xF6, 0xBA, 0xF6, 0x7A, 0xF6, 0x7A, 0xF6, 0x79, 0xF6, 0x59, 0xF6, 0x59, 0xF6, 0x39, 0xF5, 0xF7, 0x9B, 0x2C, 0x82, 0xCA, 0x82, 0xAA, 
0x82, 0xA9, 0x7A, 0x89, 0x7A, 0x68, 0x7A, 0x47, 0x7A, 0x47, 0x7A, 0x47, 0x82, 0x26, 0x82, 0x26, 0x79, 0xE5, 0x69, 0x84, 0x51, 0x44, 0x51, 0x44, 0x51, 0x45, 0x51, 0x45, 0x49, 0x24, 0x40, 0xC2, 
0x40, 0xA1, 0x40, 0x81, 0x48, 0x81, 0x50, 0xA1, 0x50, 0xE2, 0x59, 0x03, 0x61, 0x23, 0x61, 0x44, 0x69, 0x44, 0x69, 0x64, 0x69, 0x64, 0x71, 0x64, 0x71, 0x64, 0x79, 0x64, 0x8A, 0x08, 0x9A, 0x8A, 
0x93, 0x2A, 0x9B, 0x4B, 0x9B, 0x6B, 0x9B, 0x8C, 0x9B, 0xAD, 0xA3, 0xEF, 0xAC, 0x71, 0xB4, 0xD3, 0xB5, 0x14, 0xBD, 0x15, 0xBD, 0x35, 0xBD, 0x35, 0xBD, 0x35, 0xBD, 0x14, 0xB4, 0xF4, 0xAC, 0x92, 
0xA4, 0x2F, 0x9B, 0xCD, 0x93, 0x8B, 0x93, 0x6B, 0x93, 0x6B, 0x93, 0x6B, 0x8B, 0x4B, 0x8B, 0x2A, 0x69, 0xC4, 0x69, 0xA4, 0x61, 0xA4, 0x61, 0x84, 0x69, 0xA4, 0x7A, 0x26, 0x92, 0xA8, 0x9B, 0x09, 
0xA3, 0x2A, 0xAB, 0x6B, 0xAB, 0x6B, 0x20, 0x61, 0x20, 0xC3, 0x28, 0xC3, 0xAB, 0xAD, 0xB3, 0xAC, 0xB3, 0xAC, 0xB3, 0xCD, 0xB3, 0xCD, 0xB3, 0xAC, 0xB3, 0x8C, 0xB3, 0x8C, 0xAB, 0x6B, 0xAB, 0x2A, 
0xA3, 0x09, 0xA2, 0xE9, 0x9A, 0xA8, 0x9A, 0x67, 0x92, 0x45, 0x8A, 0x04, 0x81, 0xC3, 0x71, 0x42, 0x60, 0xA0, 0x60, 0xA0, 0x68, 0xE0, 0x79, 0x21, 0x79, 0x41, 0x71, 0x01, 0x68, 0xE0, 0x58, 0xA0, 
0x58, 0xA0, 0x58, 0xA0, 0x58, 0xA0, 0x58, 0xA0, 0x58, 0x80, 0x50, 0x80, 0x50, 0x80, 0x50, 0xA1, 0x93, 0xAC, 0xA4, 0x0E, 0xA4, 0x2F, 0x9C, 0x2F, 0xA4, 0x2F, 0xA4, 0x50, 0xAC, 0x91, 0xB4, 0xD3, 
0xBD, 0x35, 0xBD, 0x55, 0xB9, 0x65, 0xB0, 0x00, 0xB0, 0x00, 0xB0, 0x00, 0xC2, 0x07, 0xCD, 0x34, 0xD4, 0xF3, 0xE2, 0x68, 0xF0, 0x80, 0xF0, 0x80, 0xF0, 0x80, 0xF0, 0x80, 0xF0, 0x80, 0xF0, 0x80, 
0xF8, 0x80, 0xF8, 0x80, 0xF8, 0x80, 0xF8, 0xA0, 0xF8, 0xA0, 0xF8, 0xA0, 0xF8, 0xA0, 0xF0, 0xA0, 0xF0, 0x80, 0xF0, 0x80, 0xF0, 0x80, 0xE8, 0x60, 0xE8, 0x60, 0xE8, 0x60, 0xE8, 0x60, 0xE8, 0x40, 
0xE8, 0x40, 0xE8, 0x60, 0xE8, 0x60, 0xE0, 0x40, 0xE0, 0x40, 0xE0, 0x40, 0xE0, 0x40, 0xE0, 0x60, 0xE8, 0x60, 0xE8, 0x40, 0xE8, 0x40, 0xE8, 0x40, 0xE8, 0x60, 0xE0, 0x60, 0xE8, 0x60, 0xE8, 0x60, 
0xE0, 0x60, 0xE8, 0x60, 0xE8, 0x60, 0xE8, 0x60, 0xE8, 0x60, 0xE8, 0x40, 0xE8, 0x40, 0xE8, 0x40, 0xE8, 0x40, 0xE8, 0x40, 0xE8, 0x40, 0xE8, 0x40, 0xE8, 0x40, 0xE8, 0x40, 0xE8, 0x40, 0xE8, 0x40, 
0xE8, 0x40, 0xE8, 0x40, 0xE8, 0x40, 0xE8, 0x40, 0xE8, 0x60, 0xE8, 0x60, 0xE1, 0x24, 0xE5, 0x34, 0xE6, 0x38, 0xE5, 0x96, 0xB8, 0x20, 0xB8, 0x00, 0xB8, 0x00, 0xB0, 0x00, 0xE5, 0xB6, 0xEE, 0xBB, 
0xEE, 0xDB, 0xEE, 0xDB, 0xEE, 0xBB, 0xEE, 0xBB, 0xEE, 0xBB, 0xEE, 0xBB, 0xEE, 0xBB, 0xEE, 0xBB, 0xEE, 0xDB, 0xEE, 0xDB, 0xE6, 0xDB, 0xE6, 0xDB, 0xE6, 0xDB, 0xE6, 0xDB, 0xE6, 0xBB, 0xE6, 0xDB, 
0xEE, 0xBA, 0xDD, 0xD4, 0xC4, 0x8C, 0xA3, 0x03, 0xA3, 0x65, 0xDD, 0xAD, 0xEE, 0x73, 0xE6, 0x31, 0xEE, 0x93, 0xE6, 0x31, 0xEE, 0x71, 0xE6, 0x72, 0xD5, 0x6D, 0x71, 0xA0, 0x93, 0x69, 0xE6, 0x59, 
0xEE, 0xBB, 0xEE, 0xDB, 0xEE, 0xDB, 0xEE, 0xDB, 0xF6, 0xFB, 0xF6, 0xBA, 0xEE, 0x7A, 0xF6, 0x7A, 0xF6, 0x7A, 0xF6, 0x59, 0xF6, 0x39, 0xF6, 0x39, 0xD4, 0xD3, 0x82, 0xCA, 0x7A, 0xA9, 0x72, 0x69, 
0x72, 0x48, 0x6A, 0x27, 0x6A, 0x07, 0x6A, 0x06, 0x69, 0xE6, 0x69, 0xE5, 0x79, 0xE5, 0x81, 0xE5, 0x79, 0xC5, 0x61, 0x64, 0x51, 0x24, 0x51, 0x44, 0x51, 0x45, 0x49, 0x44, 0x49, 0x03, 0x48, 0xC2, 
0x50, 0xA2, 0x58, 0xC2, 0x58, 0xE2, 0x61, 0x02, 0x61, 0x23, 0x61, 0x43, 0x61, 0x44, 0x61, 0x44, 0x59, 0x44, 0x59, 0x24, 0x59, 0x24, 0x59, 0x23, 0x59, 0x23, 0x69, 0x44, 0x82, 0x08, 0x92, 0xCB, 
0x93, 0x2A, 0x93, 0x4B, 0x9B, 0x4B, 0x9B, 0x6C, 0x9B, 0x8C, 0x9B, 0xCE, 0xA4, 0x0F, 0xAC, 0x72, 0xB4, 0xD3, 0xB5, 0x14, 0xBD, 0x15, 0xBD, 0x35, 0xBD, 0x35, 0xBD, 0x14, 0xB4, 0xD3, 0xAC, 0x91, 
0xA4, 0x0F, 0x9B, 0xAC, 0x93, 0x8B, 0x93, 0x6B, 0x93, 0x6B, 0x93, 0x6B, 0x8B, 0x4B, 0x8B, 0x4A, 0x72, 0x46, 0x69, 0xA4, 0x61, 0xA4, 0x69, 0xA4, 0x71, 0xE5, 0x82, 0x67, 0x8A, 0xA8, 0x9A, 0xE9, 
0xA3, 0x0A, 0xA3, 0x4B, 0xA3, 0x4B, 0x20, 0x61, 0x20, 0xC3, 0x28, 0xE4, 0xAB, 0xAD, 0xAB, 0xAC, 0xB3, 0xAC, 0xB3, 0xAD, 0xB3, 0xCD, 0xB3, 0xAC, 0xB3, 0xAC, 0xB3, 0x8C, 0xAB, 0x6B, 0xAB, 0x2A, 
0xAB, 0x0A, 0xA2, 0xE9, 0xA2, 0xE9, 0x9A, 0xA7, 0x9A, 0x66, 0x92, 0x25, 0x89, 0xE4, 0x81, 0xA3, 0x71, 0x22, 0x50, 0x80, 0x60, 0xA0, 0x71, 0x01, 0x79, 0x21, 0x71, 0x01, 0x60, 0xC0, 0x58, 0xA0, 
0x58, 0xA0, 0x58, 0xA0, 0x58, 0xA0, 0x58, 0x80, 0x50, 0x80, 0x50, 0x80, 0x50, 0x80, 0x71, 0xE6, 0xA4, 0x0E, 0x9B, 0xEE, 0x9B, 0xEE, 0x9C, 0x0E, 0x9C, 0x0E, 0x9C, 0x0E, 0xA4, 0x2F, 0xAC, 0x92, 
0xB5, 0x14, 0xBD, 0x34, 0xB1, 0x45, 0xB8, 0x00, 0xB8, 0x00, 0xB0, 0x00, 0xC3, 0xCE, 0xCD, 0x33, 0xDB, 0x0A, 0xF0, 0x80, 0xF0, 0x80, 0xF0, 0x80, 0xF0, 0x80, 0xF0, 0x80, 0xF0, 0x80, 0xF0, 0x80, 
0xF0, 0x80, 0xF8, 0x80, 0xF8, 0x80, 0xF8, 0x80, 0xF8, 0x80, 0xF8, 0x80, 0xF8, 0x80, 0xF0, 0x80, 0xF0, 0x80, 0xF0, 0x80, 0xF0, 0x60, 0xE8, 0x60, 0xE8, 0x60, 0xE8, 0x60, 0xE8, 0x60, 0xE8, 0x60, 
0xE8, 0x40, 0xE8, 0x40, 0xE8, 0x40, 0xE0, 0x40, 0xE0, 0x40, 0xE0, 0x60, 0xE0, 0x60, 0xE8, 0x60, 0xE8, 0x60, 0xE8, 0x40, 0xE8, 0x40, 0xE8, 0x40, 0xE0, 0x40, 0xE0, 0x40, 0xE0, 0x60, 0xE0, 0x60, 
0xE0, 0x60, 0xE0, 0x60, 0xE8, 0x60, 0xE8, 0x60, 0xE8, 0x60, 0xE8, 0x40, 0xE8, 0x40, 0xE8, 0x40, 0xE8, 0x20, 0xE8, 0x20, 0xE8, 0x20, 0xE8, 0x20, 0xE8, 0x20, 0xE8, 0x20, 0xE8, 0x20, 0xE8, 0x20, 
0xE8, 0x20, 0xE8, 0x20, 0xE8, 0x20, 0xE8, 0x40, 0xE8, 0x40, 0xE8, 0x40, 0xE0, 0x40, 0xD9, 0x65, 0xE6, 0x38, 0xE6, 0x39, 0xC0, 0xE4, 0xB8, 0x00, 0xB8, 0x00, 0xB0, 0x00, 0xE5, 0x96, 0xEE, 0xBB, 
0xEE, 0xBB, 0xEE, 0xBB, 0xEE, 0xBB, 0xEE, 0xBB, 0xEE, 0xBB, 0xEE, 0xBB, 0xEE, 0xBB, 0xEE, 0xDB, 0xEE, 0xDB, 0xEE, 0xDB, 0xEE, 0xDB, 0xE6, 0xDB, 0xE6, 0xDB, 0xE6, 0xDB, 0xE6, 0xBB, 0xE6, 0xBB, 
0xE6, 0xBB, 0xE6, 0xBB, 0xE6, 0xBB, 0xE6, 0x79, 0xDD, 0xF3, 0xD5, 0x6C, 0xE6, 0x52, 0xD5, 0x6C, 0xDD, 0x8D, 0xE5, 0xEF, 0xE5, 0xF0, 0xEE, 0xB4, 0xDD, 0xCE, 0x8A, 0x83, 0x69, 0x80, 0x72, 0x02, 
0xCD, 0x74, 0xEE, 0xDB, 0xEE, 0xDB, 0xEE, 0xDB, 0xF6, 0xFB, 0xEE, 0x9A, 0xEE, 0x7A, 0xEE, 0x7A, 0xF6, 0x7A, 0xF6, 0x59, 0xF6, 0x39, 0xF5, 0xF8, 0xA3, 0x6D, 0x7A, 0xCA, 0x72, 0x89, 0x6A, 0x48, 
0x62, 0x07, 0x59, 0xC6, 0x51, 0xA5, 0x51, 0x85, 0x59, 0x85, 0x59, 0x64, 0x69, 0x84, 0x79, 0xC4, 0x71, 0xA4, 0x61, 0x64, 0x51, 0x24, 0x49, 0x44, 0x49, 0x44, 0x49, 0x24, 0x48, 0xE3, 0x48, 0xA1, 
0x60, 0xC1, 0x71, 0x02, 0x79, 0x43, 0x79, 0x63, 0x79, 0x64, 0x71, 0x84, 0x71, 0x85, 0x69, 0x85, 0x61, 0x64, 0x61, 0x44, 0x59, 0x24, 0x50, 0xE3, 0x50, 0xE3, 0x51, 0x03, 0x61, 0x45, 0x82, 0x28, 
0x93, 0x2A, 0x9B, 0x4A, 0x9B, 0x4B, 0x93, 0x6B, 0x9B, 0x6C, 0x9B, 0x8C, 0x9B, 0xCE, 0xA4, 0x30, 0xAC, 0x92, 0xB4, 0xF3, 0xB5, 0x14, 0xBD, 0x35, 0xBD, 0x35, 0xBD, 0x14, 0xB4, 0xD3, 0xAC, 0x70, 
0x9B, 0xEE, 0x93, 0xAC, 0x93, 0x8B, 0x93, 0x6B, 0x93, 0x6A, 0x8B, 0x4A, 0x8B, 0x4A, 0x8B, 0x4A, 0x82, 0xE9, 0x69, 0xA4, 0x61, 0xA4, 0x69, 0xA4, 0x72, 0x05, 0x82, 0x47, 0x8A, 0x88, 0x92, 0xC9, 
0x9B, 0x09, 0xA3, 0x2A, 0x9B, 0x0A, 0x18, 0x61, 0x20, 0xA3, 0x31, 0x04, 0xAB, 0x8C, 0xAB, 0x8C, 0xB3, 0xAC, 0xB3, 0xCD, 0xB3, 0xCC, 0xB3, 0xCC, 0xB3, 0xAC, 0xB3, 0x8C, 0xAB, 0x6B, 0xAB, 0x4B, 
0xAB, 0x2A, 0xA3, 0x09, 0xA2, 0xE9, 0x9A, 0xC8, 0x9A, 0x87, 0x92, 0x46, 0x92, 0x25, 0x89, 0xE4, 0x81, 0xC3, 0x71, 0x42, 0x50, 0x60, 0x60, 0xC0, 0x71, 0x00, 0x68, 0xE0, 0x60, 0xC0, 0x58, 0xA0, 
0x58, 0xA0, 0x58, 0x80, 0x58, 0x80, 0x58, 0x80, 0x50, 0x80, 0x50, 0x80, 0x50, 0x80, 0x8B, 0x2B, 0x9B, 0xCD, 0x9B, 0xCD, 0x9B, 0xCD, 0x9B, 0xED, 0x9B, 0xEE, 0x9B, 0xEE, 0xA4, 0x0F, 0xAC, 0xB2, 
0xBD, 0x35, 0xBD, 0x34, 0xB9, 0x45, 0xB8, 0x00, 0xB8, 0x00, 0xB0, 0x00, 0xC3, 0xEF, 0xCD, 0x13, 0xE9, 0x85, 0xF0, 0x60, 0xF0, 0x60, 0xF0, 0x80, 0xF0, 0x80, 0xF0, 0x80, 0xF0, 0x80, 0xF0, 0x80, 
0xF0, 0x80, 0xF0, 0x60, 0xF0, 0x80, 0xF0, 0x80, 0xF0, 0x80, 0xF0, 0x80, 0xF0, 0x80, 0xF0, 0x80, 0xF0, 0x60, 0xF0, 0x60, 0xE8, 0xE2, 0xF3, 0x8D, 0xEA, 0xEA, 0xE0, 0x81, 0xEA, 0xAA, 0xEB, 0xCD, 
0xE1, 0x03, 0xE0, 0x40, 0xE8, 0xC2, 0xE0, 0x40, 0xEA, 0xCA, 0xF3, 0xCD, 0xE0, 0xC2, 0xE2, 0x07, 0xF3, 0x8D, 0xE1, 0x23, 0xE0, 0x40, 0xEB, 0x2B, 0xEB, 0xCE, 0xE0, 0xC2, 0xE1, 0x03, 0xF3, 0xEE, 
0xEA, 0x48, 0xD8, 0x81, 0xEB, 0x4C, 0xEB, 0x8D, 0xE0, 0xC1, 0xE2, 0x07, 0xF3, 0xEE, 0xE9, 0xC6, 0xE8, 0x20, 0xE8, 0x20, 0xE8, 0x20, 0xE8, 0x20, 0xE0, 0x20, 0xE0, 0x20, 0xE0, 0x20, 0xE8, 0x20, 
0xE8, 0x20, 0xE8, 0x20, 0xE8, 0x20, 0xE8, 0x20, 0xE0, 0x20, 0xE0, 0x40, 0xE0, 0x20, 0xD8, 0x40, 0xE5, 0xD7, 0xE6, 0x39, 0xC1, 0x45, 0xB8, 0x00, 0xB8, 0x00, 0xB0, 0x00, 0xE5, 0x96, 0xEE, 0xBA, 
0xEE, 0xBB, 0xEE, 0xBB, 0xEE, 0xBB, 0xEE, 0xBB, 0xEE, 0xBB, 0xEE, 0xBB, 0xEE, 0xBB, 0xEE, 0xDB, 0xEE, 0xDB, 0xEE, 0xDC, 0xEE, 0xDB, 0xE6, 0xBB, 0xE6, 0xDB, 0xE6, 0xDB, 0xE6, 0xDB, 0xE6, 0xBB, 
0xE6, 0xBB, 0xE6, 0xBB, 0xE6, 0xBB, 0xE6, 0xBB, 0xE6, 0x94, 0xE6, 0x31, 0xE6, 0x31, 0xD5, 0x4C, 0xC4, 0x8A, 0xCC, 0xCB, 0xDD, 0xAE, 0xDE, 0x10, 0xDD, 0xAF, 0xAC, 0x08, 0x69, 0xA0, 0x69, 0x80, 
0x69, 0xA0, 0xCD, 0x33, 0xEE, 0xDB, 0xEE, 0xDA, 0xF6, 0xDB, 0xEE, 0x79, 0xEE, 0x79, 0xEE, 0x79, 0xF6, 0x79, 0xF6, 0x59, 0xF6, 0x38, 0xDD, 0x14, 0x7A, 0xAA, 0x72, 0xAA, 0x6A, 0x69, 0x62, 0x07, 
0x51, 0xA6, 0x49, 0x64, 0x49, 0x44, 0x51, 0x84, 0x51, 0x84, 0x59, 0x84, 0x69, 0x84, 0x71, 0xA4, 0x69, 0xA4, 0x61, 0x64, 0x51, 0x44, 0x49, 0x44, 0x49, 0x44, 0x49, 0x03, 0x48, 0xC2, 0x58, 0xA1, 
0x70, 0xE1, 0x89, 0x42, 0x91, 0x83, 0x89, 0x84, 0x81, 0xA4, 0x81, 0xA5, 0x79, 0xC5, 0x79, 0xC5, 0x71, 0xC6, 0x69, 0xA6, 0x61, 0x85, 0x59, 0x44, 0x59, 0x24, 0x59, 0x24, 0x59, 0x44, 0x69, 0xA6, 
0x9B, 0x2A, 0x9B, 0x4B, 0x93, 0x4B, 0x93, 0x6B, 0x9B, 0x6B, 0x9B, 0x8C, 0x9B, 0xAD, 0xA3, 0xEE, 0xA4, 0x30, 0xAC, 0x92, 0xB4, 0xF4, 0xBD, 0x14, 0xBD, 0x15, 0xB5, 0x14, 0xB4, 0xD2, 0xA4, 0x50, 
0x9B, 0xCD, 0x93, 0x8C, 0x93, 0x6B, 0x93, 0x6B, 0x93, 0x4A, 0x8B, 0x4A, 0x8B, 0x4A, 0x8B, 0x4A, 0x8B, 0x2A, 0x72, 0x05, 0x61, 0xA4, 0x69, 0xA4, 0x71, 0xE5, 0x7A, 0x26, 0x8A, 0x67, 0x92, 0xA8, 
0x9A, 0xE9, 0xA3, 0x0A, 0x92, 0xA9, 0x18, 0x61, 0x20, 0xA3, 0x31, 0x24, 0xAB, 0x8C, 0xAB, 0x8B, 0xAB, 0xAC, 0xB3, 0xAC, 0xB3, 0xAC, 0xB3, 0xCD, 0xB3, 0xCD, 0xB3, 0x8C, 0xAB, 0x8B, 0xAB, 0x6B, 
0xAB, 0x2A, 0xA3, 0x0A, 0xA2, 0xE9, 0xA2, 0xE8, 0x9A, 0xA7, 0x9A, 0x66, 0x92, 0x45, 0x92, 0x25, 0x8A, 0x04, 0x89, 0xC3, 0x69, 0x02, 0x48, 0x60, 0x58, 0xA0, 0x60, 0xA0, 0x58, 0xA0, 0x58, 0xA0, 
0x58, 0x80, 0x58, 0x80, 0x58, 0x80, 0x50, 0x80, 0x50, 0x80, 0x50, 0x80, 0x59, 0x02, 0x93, 0xAC, 0x9B, 0xAC, 0x93, 0xAC, 0x93, 0xAC, 0x9B, 0xCD, 0x9B, 0xCD, 0x9B, 0xCD, 0x9B, 0xCE, 0xB4, 0xD2, 
0xBD, 0x75, 0xBD, 0x35, 0xB9, 0x45, 0xB8, 0x00, 0xB8, 0x00, 0xB0, 0x00, 0xC3, 0xEF, 0xC5, 0x13, 0xE9, 0x44, 0xF0, 0x60, 0xF0, 0x60, 0xF0, 0x60, 0xF0, 0x80, 0xE9, 0x84, 0xF3, 0x8C, 0xF3, 0xEE, 
0xEB, 0x0A, 0xF0, 0xC2, 0xF0, 0x60, 0xF0, 0x60, 0xF0, 0x80, 0xF0, 0x80, 0xF0, 0x80, 0xF0, 0x80, 0xF0, 0x60, 0xF0, 0x60, 0xEA, 0xA9, 0xF5, 0x54, 0xFD, 0x13, 0xD9, 0x44, 0xF4, 0xF2, 0xF4, 0xF2, 
0xEA, 0x89, 0xE0, 0x40, 0xE9, 0x03, 0xD8, 0x81, 0xFC, 0xF2, 0xF5, 0x12, 0xDA, 0x07, 0xF4, 0x70, 0xF4, 0xD1, 0xEA, 0xEA, 0xD8, 0x82, 0xF4, 0xF3, 0xF5, 0x13, 0xE2, 0x48, 0xE2, 0xEB, 0xF5, 0x53, 
0xF4, 0x91, 0xD1, 0x65, 0xF5, 0x13, 0xF5, 0x13, 0xE2, 0x07, 0xF4, 0x91, 0xF5, 0x13, 0xF3, 0xEE, 0xE8, 0x20, 0xE8, 0x20, 0xE0, 0x20, 0xE0, 0x20, 0xE0, 0x20, 0xE0, 0x20, 0xE0, 0x40, 0xEA, 0x07, 
0xEB, 0x2B, 0xEB, 0x0A, 0xE1, 0x23, 0xE0, 0x20, 0xE0, 0x20, 0xE0, 0x20, 0xE0, 0x20, 0xD8, 0x40, 0xE5, 0x96, 0xE6, 0x59, 0xC1, 0x45, 0xB8, 0x00, 0xB8, 0x00, 0xB0, 0x00, 0xE5, 0x96, 0xEE, 0xBA, 
0xEE, 0xBB, 0xEE, 0xBB, 0xEE, 0xBB, 0xEE, 0xBB, 0xEE, 0xBB, 0xEE, 0xBB, 0xEE, 0xDB, 0xEE, 0xDB, 0xEE, 0xDB, 0xEE, 0xDB, 0xEE, 0xBB, 0xE6, 0xBB, 0xE6, 0xDB, 0xE6, 0xDB, 0xE6, 0xBB, 0xE6, 0xBB, 
0xE6, 0xBB, 0xE6, 0xBB, 0xE6, 0xBB, 0xE6, 0xB9, 0xEE, 0x72, 0xE6, 0x52, 0xE6, 0x53, 0xE6, 0x77, 0xD5, 0xD5, 0xC4, 0x6C, 0xC4, 0x89, 0xD5, 0x4C, 0xCD, 0x2C, 0xCD, 0x0C, 0x71, 0xA0, 0x69, 0x80, 
0x69, 0x80, 0x71, 0xE2, 0xE6, 0x58, 0xEE, 0xDA, 0xEE, 0x9A, 0xEE, 0x79, 0xEE, 0x79, 0xEE, 0x79, 0xF6, 0x59, 0xF6, 0x39, 0xF5, 0xF8, 0x9B, 0x0C, 0x62, 0x08, 0x62, 0x08, 0x59, 0xE7, 0x51, 0xA6, 
0x41, 0x44, 0x41, 0x24, 0x49, 0x44, 0x51, 0x85, 0x59, 0xA5, 0x61, 0xC5, 0x69, 0xC5, 0x69, 0xC5, 0x69, 0xC5, 0x61, 0xA5, 0x51, 0x65, 0x51, 0x65, 0x51, 0x65, 0x51, 0x23, 0x58, 0xC2, 0x58, 0xC1, 
0x70, 0xC1, 0x81, 0x22, 0x81, 0x43, 0x81, 0x63, 0x81, 0x84, 0x81, 0xA5, 0x79, 0xC5, 0x79, 0xE6, 0x7A, 0x07, 0x72, 0x07, 0x71, 0xE7, 0x69, 0xC6, 0x69, 0xC6, 0x69, 0xC6, 0x69, 0xC6, 0x69, 0xE7, 
0x9B, 0x4A, 0x9B, 0x4B, 0x9B, 0x6B, 0x93, 0x6B, 0x9B, 0x6B, 0x9B, 0x6C, 0x9B, 0x8D, 0x9B, 0xCD, 0xA3, 0xEE, 0xA4, 0x30, 0xAC, 0x92, 0xB4, 0xF4, 0xB4, 0xF4, 0xB4, 0xF4, 0xAC, 0xB2, 0xA4, 0x30, 
0x9B, 0xCD, 0x93, 0x8B, 0x93, 0x6B, 0x93, 0x4A, 0x8B, 0x4A, 0x8B, 0x4A, 0x8B, 0x4A, 0x8B, 0x4A, 0x8B, 0x2A, 0x82, 0xA8, 0x61, 0xA4, 0x61, 0x83, 0x69, 0xC4, 0x7A, 0x06, 0x82, 0x47, 0x8A, 0x88, 
0x92, 0xC9, 0x9B, 0x09, 0x82, 0x68, 0x18, 0x61, 0x18, 0xA3, 0x39, 0x25, 0xA3, 0x6B, 0xAB, 0x6B, 0xAB, 0x8C, 0xAB, 0xAC, 0xB3, 0xAC, 0xB3, 0xAD, 0xB3, 0xAC, 0xB3, 0x8C, 0xAB, 0x8C, 0xAB, 0x6B, 
0xAB, 0x4B, 0xAB, 0x2A, 0xA3, 0x09, 0xA2, 0xE9, 0x9A, 0xC8, 0x9A, 0x87, 0x9A, 0x66, 0x92, 0x45, 0x92, 0x25, 0x8A, 0x04, 0x81, 0xC4, 0x58, 0xC1, 0x48, 0x40, 0x50, 0x80, 0x58, 0x80, 0x58, 0x80, 
0x58, 0x80, 0x58, 0x80, 0x50, 0x80, 0x50, 0x80, 0x50, 0x80, 0x50, 0x80, 0x72, 0x27, 0x93, 0x8C, 0x93, 0x8B, 0x93, 0x6B, 0x93, 0x6B, 0x93, 0x6B, 0x93, 0xAC, 0x9B, 0xCD, 0xA4, 0x0F, 0xB4, 0xF3, 
0xBD, 0x35, 0xBD, 0x34, 0xB9, 0x45, 0xB8, 0x00, 0xB8, 0x00, 0xB8, 0x00, 0xC3, 0xEF, 0xC5, 0x13, 0xE9, 0x23, 0xF0, 0x60, 0xF0, 0x60, 0xF0, 0x60, 0xE9, 0x64, 0xF4, 0x90, 0xE3, 0x2B, 0xDA, 0x27, 
0xEB, 0xEE, 0xF3, 0xEE, 0xF0, 0x81, 0xF8, 0x60, 0xF0, 0x60, 0xF0, 0x60, 0xF0, 0x60, 0xF0, 0x60, 0xF0, 0x60, 0xF0, 0x60, 0xE8, 0xC1, 0xF4, 0x70, 0xE2, 0x07, 0xD0, 0x20, 0xE2, 0xCA, 0xEC, 0x2F, 
0xD8, 0x61, 0xE0, 0x61, 0xE9, 0x24, 0xD8, 0x20, 0xEA, 0xEA, 0xEB, 0x8D, 0xC8, 0x40, 0xE2, 0xCA, 0xEB, 0xCE, 0xD8, 0xA2, 0xD8, 0x00, 0xE2, 0x49, 0xF4, 0x91, 0xD8, 0x61, 0xD8, 0xA2, 0xF4, 0xF2, 
0xD9, 0xC6, 0xD0, 0x40, 0xE3, 0xAE, 0xEB, 0xCE, 0xD0, 0x41, 0xD1, 0x85, 0xF5, 0x33, 0xE1, 0x65, 0xE0, 0x20, 0xE0, 0x20, 0xE0, 0x20, 0xE0, 0x20, 0xE0, 0x00, 0xE0, 0x20, 0xEB, 0x0A, 0xF4, 0xB0, 
0xE3, 0x0B, 0xEB, 0xAD, 0xEC, 0x70, 0xE1, 0x44, 0xE0, 0x20, 0xE0, 0x20, 0xE0, 0x20, 0xD8, 0x40, 0xE5, 0x96, 0xE6, 0x39, 0xC1, 0x45, 0xB8, 0x00, 0xB8, 0x00, 0xB0, 0x00, 0xDD, 0x76, 0xEE, 0xBA, 
0xEE, 0xBB, 0xEE, 0xBA, 0xEE, 0xBB, 0xEE, 0xBB, 0xEE, 0xBB, 0xEE, 0xBB, 0xEE, 0xBB, 0xEE, 0xDB, 0xEE, 0xDB, 0xEE, 0xDB, 0xE6, 0xBB, 0xE6, 0xBB, 0xE6, 0xBB, 0xE6, 0xBB, 0xE6, 0xBB, 0xE6, 0xBB, 
0xE6, 0xBB, 0xE6, 0xBB, 0xE6, 0xBB, 0xEE, 0xB7, 0xE6, 0x51, 0xE6, 0x76, 0xE6, 0xBA, 0xE6, 0xBB, 0xE6, 0xBB, 0xE6, 0xBB, 0xDD, 0xF5, 0xCD, 0x2E, 0xDD, 0xF0, 0xCD, 0x4D, 0x82, 0x63, 0x69, 0xA0, 
0x69, 0x80, 0x69, 0x80, 0xBC, 0x8F, 0xEE, 0xBA, 0xE6, 0x59, 0xEE, 0x59, 0xEE, 0x59, 0xEE, 0x59, 0xF6, 0x39, 0xF6, 0x18, 0xDC, 0xF4, 0x59, 0xA6, 0x49, 0x85, 0x49, 0x65, 0x49, 0x64, 0x41, 0x44, 
0x41, 0x23, 0x41, 0x23, 0x49, 0x44, 0x51, 0xA5, 0x59, 0xC6, 0x61, 0xE6, 0x61, 0xE6, 0x61, 0xE6, 0x61, 0xE6, 0x61, 0xE6, 0x59, 0xC6, 0x59, 0xA6, 0x61, 0xA6, 0x61, 0x64, 0x61, 0x23, 0x60, 0xE2, 
0x60, 0xC1, 0x60, 0xE2, 0x69, 0x02, 0x69, 0x02, 0x69, 0x22, 0x71, 0x43, 0x71, 0x84, 0x79, 0xC6, 0x7A, 0x07, 0x7A, 0x28, 0x72, 0x28, 0x72, 0x08, 0x72, 0x07, 0x72, 0x07, 0x72, 0x07, 0x6A, 0x07, 
0x9B, 0x4A, 0x9B, 0x4B, 0x9B, 0x6B, 0x9B, 0x6B, 0x9B, 0x6B, 0x9B, 0x8C, 0x9B, 0x8C, 0x9B, 0xAD, 0xA3, 0xCD, 0xA3, 0xEE, 0xA4, 0x30, 0xAC, 0x92, 0xB4, 0xD3, 0xB4, 0xD3, 0xAC, 0x92, 0xA4, 0x2F, 
0x9B, 0xAC, 0x93, 0x6B, 0x93, 0x6B, 0x8B, 0x4A, 0x8B, 0x2A, 0x8B, 0x2A, 0x8B, 0x2A, 0x8B, 0x2A, 0x8B, 0x4A, 0x8B, 0x2A, 0x69, 0xE5, 0x61, 0x83, 0x69, 0xA4, 0x71, 0xE5, 0x7A, 0x46, 0x8A, 0x88, 
0x92, 0xC9, 0x9A, 0xE9, 0x72, 0x26, 0x10, 0x61, 0x18, 0xA3, 0x49, 0x85, 0xA3, 0x4B, 0xAB, 0x6B, 0xAB, 0x6B, 0xAB, 0x8C, 0xB3, 0xAC, 0xB3, 0xAC, 0xB3, 0xAC, 0xB3, 0xAC, 0xB3, 0x8C, 0xAB, 0x6B, 
0xAB, 0x6B, 0xAB, 0x4A, 0xAB, 0x2A, 0xA3, 0x09, 0xA2, 0xE8, 0x9A, 0xA8, 0x9A, 0x87, 0x9A, 0x66, 0x92, 0x45, 0x92, 0x25, 0x89, 0xE4, 0x79, 0x63, 0x40, 0x40, 0x48, 0x40, 0x50, 0x80, 0x58, 0x80, 
0x58, 0x80, 0x58, 0x80, 0x50, 0x80, 0x50, 0x80, 0x50, 0x80, 0x50, 0x80, 0x7A, 0x88, 0x8B, 0x4A, 0x8B, 0x09, 0x8A, 0xA7, 0x8A, 0xA7, 0x8B, 0x09, 0x9B, 0xAC, 0x9B, 0xED, 0xAC, 0x70, 0xB4, 0xF4, 
0xB5, 0x14, 0xBC, 0xF3, 0xB9, 0x45, 0xB8, 0x00, 0xB8, 0x00, 0xB8, 0x00, 0xC3, 0xEF, 0xC5, 0x13, 0xE9, 0x23, 0xF0, 0x60, 0xF0, 0x60, 0xF0, 0x60, 0xEB, 0x4B, 0xEB, 0x8C, 0xD8, 0x20, 0xD8, 0x00, 
0xD8, 0xC2, 0xF4, 0xB0, 0xF2, 0x06, 0xF0, 0x40, 0xF0, 0x60, 0xF0, 0x60, 0xF0, 0x60, 0xF0, 0x60, 0xF0, 0x60, 0xE8, 0x60, 0xE8, 0x60, 0xEB, 0x8C, 0xD9, 0x24, 0xD0, 0x00, 0xD9, 0xA6, 0xEB, 0x4C, 
0xE0, 0x00, 0xE0, 0x81, 0xE9, 0x24, 0xD8, 0x00, 0xE1, 0xA5, 0xE2, 0x48, 0xD0, 0x20, 0xE2, 0x48, 0xE1, 0xE7, 0xD8, 0x00, 0xD8, 0x00, 0xD8, 0x81, 0xF4, 0x2F, 0xD8, 0x00, 0xD8, 0x00, 0xF4, 0x4F, 
0xD0, 0xA2, 0xD0, 0x20, 0xDA, 0x48, 0xE2, 0xAA, 0xD0, 0x00, 0xC8, 0x20, 0xF4, 0xF2, 0xD8, 0x20, 0xE0, 0x20, 0xE0, 0x20, 0xE0, 0x00, 0xE0, 0x00, 0xE0, 0x00, 0xE0, 0xE3, 0xF4, 0xF1, 0xD9, 0xC6, 
0xD0, 0x20, 0xD0, 0x20, 0xE3, 0x8C, 0xEB, 0xAD, 0xE0, 0x00, 0xE0, 0x20, 0xE0, 0x20, 0xD8, 0x20, 0xE5, 0x76, 0xE6, 0x39, 0xC1, 0x45, 0xB8, 0x00, 0xB8, 0x00, 0xB0, 0x00, 0xDD, 0x76, 0xEE, 0x9A, 
0xEE, 0xBA, 0xEE, 0xBA, 0xEE, 0x9A, 0xEE, 0x9A, 0xEE, 0xBA, 0xEE, 0xBB, 0xEE, 0xBB, 0xEE, 0xBB, 0xEE, 0xBB, 0xEE, 0xBB, 0xE6, 0xBB, 0xE6, 0xBB, 0xE6, 0xBB, 0xE6, 0xBB, 0xE6, 0xBB, 0xE6, 0xBB, 
0xE6, 0xBB, 0xE6, 0xBB, 0xE6, 0xBA, 0xEE, 0xB6, 0xE6, 0x98, 0xE6, 0xBB, 0xE6, 0xBB, 0xE6, 0xBB, 0xE6, 0xBB, 0xE6, 0xBB, 0xE6, 0xBB, 0xE6, 0x9A, 0xD5, 0xB3, 0xC4, 0xEB, 0xA3, 0x87, 0x71, 0xA0, 
0x71, 0xA0, 0x71, 0x80, 0xAB, 0xC9, 0xE6, 0x59, 0xE6, 0x59, 0xEE, 0x79, 0xEE, 0x79, 0xF6, 0x59, 0xF6, 0x18, 0xF5, 0xD7, 0x9B, 0x0C, 0x51, 0xC6, 0x51, 0xA5, 0x49, 0x64, 0x41, 0x44, 0x41, 0x23, 
0x39, 0x03, 0x38, 0xE2, 0x41, 0x03, 0x51, 0x64, 0x59, 0xA5, 0x59, 0xC6, 0x59, 0xC5, 0x59, 0xC5, 0x61, 0xC6, 0x61, 0xC6, 0x59, 0xC6, 0x61, 0xC6, 0x61, 0xC6, 0x69, 0xA5, 0x69, 0x84, 0x61, 0x23, 
0x58, 0xE2, 0x58, 0xE2, 0x50, 0xC1, 0x48, 0xA1, 0x50, 0xA1, 0x58, 0xC2, 0x61, 0x23, 0x71, 0xA5, 0x72, 0x07, 0x72, 0x28, 0x72, 0x28, 0x72, 0x28, 0x72, 0x28, 0x72, 0x28, 0x72, 0x28, 0x6A, 0x08, 
0x9B, 0x4A, 0x9B, 0x4A, 0x9B, 0x4B, 0x9B, 0x6B, 0x9B, 0x6B, 0x9B, 0x8C, 0x9B, 0x8C, 0x9B, 0x8C, 0x9B, 0xAC, 0x9B, 0xCD, 0x9B, 0xCD, 0xA4, 0x0F, 0xA4, 0x50, 0xAC, 0x71, 0xAC, 0x51, 0x9C, 0x0E, 
0x9B, 0x8C, 0x93, 0x6B, 0x93, 0x4A, 0x8B, 0x2A, 0x8B, 0x2A, 0x8B, 0x2A, 0x8B, 0x2A, 0x8B, 0x2A, 0x8B, 0x2A, 0x8B, 0x2A, 0x7A, 0x87, 0x61, 0x83, 0x61, 0x83, 0x69, 0xC4, 0x7A, 0x06, 0x82, 0x67, 
0x92, 0xA8, 0x92, 0xC9, 0x59, 0xA5, 0x10, 0x62, 0x18, 0xA3, 0x59, 0xC6, 0xA3, 0x2A, 0xA3, 0x4B, 0xAB, 0x6B, 0xAB, 0x6B, 0xAB, 0x8C, 0xB3, 0x8C, 0xB3, 0xAC, 0xB3, 0x8C, 0xB3, 0x8C, 0xAB, 0x8B, 
0xAB, 0x6B, 0xAB, 0x4A, 0xAB, 0x2A, 0xAB, 0x0A, 0xA2, 0xE9, 0xA2, 0xC8, 0x9A, 0xA7, 0x9A, 0x87, 0x9A, 0x66, 0x92, 0x46, 0x92, 0x25, 0x89, 0xC4, 0x58, 0xC1, 0x38, 0x20, 0x50, 0x60, 0x50, 0x60, 
0x58, 0x80, 0x50, 0x80, 0x50, 0x80, 0x50, 0x80, 0x50, 0x80, 0x48, 0x80, 0x69, 0xC5, 0x8A, 0xA8, 0xA1, 0x84, 0xA9, 0x02, 0xA9, 0x23, 0xA9, 0xC6, 0xB2, 0x07, 0xB2, 0x28, 0xB2, 0x69, 0xB2, 0xAA, 
0xB4, 0x0F, 0xBC, 0xF3, 0xB9, 0x45, 0xB8, 0x00, 0xB8, 0x00, 0xB8, 0x00, 0xC3, 0xEF, 0xC5, 0x14, 0xE9, 0x23, 0xF0, 0x60, 0xF0, 0x60, 0xF0, 0x60, 0xEB, 0x6C, 0xEB, 0x0B, 0xE0, 0x00, 0xE0, 0x20, 
0xD8, 0x40, 0xF4, 0x90, 0xF4, 0x2D, 0xE9, 0x23, 0xF0, 0x40, 0xF0, 0x40, 0xF0, 0x40, 0xF0, 0x40, 0xF0, 0x40, 0xE8, 0x40, 0xE8, 0x40, 0xEB, 0x4C, 0xD9, 0x24, 0xD0, 0x00, 0xD9, 0x85, 0xEB, 0x2B, 
0xD8, 0x00, 0xE0, 0xC3, 0xE9, 0x24, 0xD8, 0x20, 0xE1, 0x85, 0xE2, 0x07, 0xD0, 0x00, 0xE2, 0x68, 0xE1, 0xA6, 0xD8, 0x00, 0xD8, 0x00, 0xD8, 0xA2, 0xF4, 0x0F, 0xD0, 0x00, 0xD8, 0x00, 0xF4, 0x0E, 
0xD0, 0xA2, 0xD0, 0x20, 0xDA, 0x07, 0xE2, 0xAA, 0xD0, 0x00, 0xC8, 0x41, 0xF4, 0xF2, 0xD8, 0x00, 0xE0, 0x00, 0xE0, 0x00, 0xE0, 0x00, 0xE0, 0x00, 0xE0, 0x00, 0xE1, 0xC6, 0xF4, 0xF1, 0xD0, 0x40, 
0xD0, 0x00, 0xD0, 0x00, 0xDA, 0x48, 0xF4, 0x90, 0xD8, 0x20, 0xE0, 0x20, 0xD8, 0x20, 0xD0, 0x20, 0xE5, 0x56, 0xE6, 0x39, 0xC1, 0x45, 0xB8, 0x00, 0xB8, 0x00, 0xB0, 0x00, 0xDD, 0x76, 0xEE, 0x7A, 
0xCB, 0x0C, 0xCA, 0x8A, 0xCA, 0x69, 0xCA, 0x69, 0xCA, 0x49, 0xCA, 0x29, 0xCA, 0x28, 0xCA, 0x08, 0xD3, 0xF0, 0xEE, 0xBB, 0xE6, 0xBB, 0xE6, 0xBB, 0xE6, 0xBB, 0xE6, 0xBB, 0xE6, 0xBB, 0xE6, 0xBB, 
0xE6, 0xBB, 0xE6, 0xBB, 0xE6, 0x9A, 0xE6, 0xBA, 0xE6, 0xBB, 0xE6, 0xBB, 0xE6, 0xBB, 0xE6, 0xBB, 0xE6, 0xBB, 0xE6, 0xBB, 0xE6, 0xBB, 0xE6, 0xBB, 0xE6, 0xBB, 0xE6, 0x58, 0xAC, 0x2B, 0x71, 0xC0, 
0x71, 0xA0, 0x71, 0xA0, 0x9B, 0x25, 0xE6, 0x17, 0xEE, 0x79, 0xEE, 0x79, 0xEE, 0x79, 0xF6, 0x39, 0xF5, 0xF8, 0xE5, 0x14, 0x62, 0x07, 0x59, 0xC6, 0x51, 0xC6, 0x49, 0x85, 0x41, 0x44, 0x41, 0x23, 
0x38, 0xE2, 0x30, 0xC2, 0x38, 0xE2, 0x41, 0x23, 0x49, 0x64, 0x51, 0x85, 0x51, 0x85, 0x51, 0x85, 0x51, 0x85, 0x51, 0xA5, 0x51, 0xA5, 0x59, 0xA6, 0x59, 0xA5, 0x61, 0x85, 0x59, 0x64, 0x59, 0x24, 
0x59, 0x03, 0x59, 0x03, 0x50, 0xC2, 0x40, 0x81, 0x40, 0x61, 0x48, 0x81, 0x50, 0xE2, 0x61, 0x44, 0x69, 0xC6, 0x71, 0xE7, 0x72, 0x07, 0x72, 0x07, 0x72, 0x28, 0x72, 0x28, 0x72, 0x28, 0x6A, 0x08, 
0x9B, 0x4A, 0x9B, 0x4A, 0x9B, 0x4A, 0x9B, 0x4A, 0x9B, 0x6B, 0x9B, 0x6B, 0x9B, 0x8B, 0x9B, 0x8C, 0x9B, 0x8C, 0x9B, 0x8C, 0x9B, 0xAC, 0x9B, 0xAD, 0x9B, 0xCE, 0x9C, 0x0F, 0xA4, 0x0F, 0x9B, 0xCE, 
0x93, 0x8C, 0x93, 0x6B, 0x93, 0x4A, 0x8B, 0x4A, 0x8B, 0x2A, 0x8B, 0x2A, 0x8B, 0x09, 0x8B, 0x2A, 0x8B, 0x2A, 0x8B, 0x2A, 0x83, 0x0A, 0x69, 0xC4, 0x61, 0x63, 0x69, 0xA4, 0x71, 0xE5, 0x82, 0x26, 
0x8A, 0x87, 0x92, 0xA8, 0x49, 0x23, 0x18, 0x62, 0x18, 0xA3, 0x62, 0x06, 0xA3, 0x0A, 0xA3, 0x2A, 0xA3, 0x4A, 0xAB, 0x6B, 0xAB, 0x8B, 0xAB, 0x8C, 0xB3, 0x8C, 0xB3, 0x8C, 0xB3, 0x8C, 0xAB, 0x6B, 
0xAB, 0x6B, 0xAB, 0x4A, 0xAB, 0x2A, 0xAB, 0x2A, 0xA3, 0x09, 0xA2, 0xE8, 0x9A, 0xA8, 0x9A, 0x87, 0x9A, 0x87, 0x9A, 0x66, 0x92, 0x46, 0x8A, 0x04, 0x79, 0x83, 0x38, 0x20, 0x40, 0x40, 0x50, 0x60, 
0x50, 0x60, 0x50, 0x80, 0x50, 0x80, 0x50, 0x80, 0x48, 0x80, 0x48, 0x60, 0x48, 0xA1, 0x91, 0x03, 0xB8, 0x00, 0xB8, 0x00, 0xB8, 0x00, 0xB8, 0x00, 0xB8, 0x00, 0xB8, 0x00, 0xB8, 0x00, 0xB8, 0x00, 
0xBA, 0xEB, 0xBC, 0xF3, 0xB9, 0x45, 0xC0, 0x00, 0xB8, 0x00, 0xB8, 0x00, 0xC3, 0xEF, 0xCD, 0x34, 0xE9, 0x23, 0xF0, 0x60, 0xF0, 0x60, 0xF0, 0x60, 0xEA, 0x06, 0xF4, 0x91, 0xE1, 0xC6, 0xD8, 0x81, 
0xE2, 0xCA, 0xF4, 0x4F, 0xD1, 0x24, 0xF3, 0xED, 0xE9, 0x44, 0xE8, 0x20, 0xE8, 0x20, 0xE8, 0x20, 0xE8, 0x20, 0xE8, 0x20, 0xE8, 0x40, 0xEB, 0x6C, 0xD9, 0x24, 0xD0, 0x00, 0xD9, 0x85, 0xEB, 0x0B, 
0xD8, 0x00, 0xD8, 0x61, 0xF2, 0x68, 0xD8, 0x81, 0xD9, 0x85, 0xE2, 0x07, 0xD0, 0x00, 0xE2, 0x69, 0xE1, 0x86, 0xD8, 0x00, 0xD0, 0x41, 0xEB, 0x2B, 0xE2, 0x68, 0xD0, 0x20, 0xD0, 0x20, 0xF4, 0x0E, 
0xD0, 0xA2, 0xD0, 0x20, 0xD9, 0xE7, 0xE2, 0xAA, 0xD0, 0x00, 0xC8, 0x61, 0xF4, 0xF2, 0xD8, 0x00, 0xD8, 0x00, 0xD8, 0x00, 0xD8, 0x00, 0xD8, 0x00, 0xD8, 0x00, 0xD8, 0xC2, 0xF5, 0x12, 0xDA, 0x27, 
0xD0, 0x20, 0xC8, 0x41, 0xEC, 0x0F, 0xEB, 0x8D, 0xD8, 0x00, 0xD8, 0x00, 0xD8, 0x00, 0xD0, 0x20, 0xE5, 0x55, 0xE6, 0x19, 0xC1, 0x25, 0xB8, 0x00, 0xB8, 0x00, 0xB0, 0x00, 0xDD, 0x76, 0xEE, 0x59, 
0xB8, 0x62, 0xB8, 0x00, 0xB8, 0x00, 0xB8, 0x00, 0xB8, 0x00, 0xB8, 0x00, 0xB8, 0x00, 0xB8, 0x00, 0xB0, 0x21, 0xE6, 0x18, 0xE6, 0xBB, 0xE6, 0xBB, 0xE6, 0xBB, 0xE6, 0xBB, 0xE6, 0xBB, 0xE6, 0xBB, 
0xE6, 0xBB, 0xE6, 0xBB, 0xE6, 0xBB, 0xE6, 0xBB, 0xE6, 0xBB, 0xE6, 0xBB, 0xE6, 0xBB, 0xE6, 0xBB, 0xE6, 0xBB, 0xE6, 0xBB, 0xE6, 0xBB, 0xE6, 0xBB, 0xE6, 0xBB, 0xE6, 0xBB, 0xE6, 0xBB, 0xB4, 0xB0, 
0x71, 0xC0, 0x82, 0x62, 0x9B, 0x25, 0xC4, 0xF1, 0xEE, 0x79, 0xEE, 0x79, 0xEE, 0x59, 0xF6, 0x18, 0xF5, 0xD7, 0xB3, 0xAE, 0x6A, 0x48, 0x5A, 0x07, 0x59, 0xE6, 0x51, 0xA5, 0x49, 0x64, 0x39, 0x03, 
0x30, 0xC2, 0x30, 0xC2, 0x38, 0xC2, 0x41, 0x03, 0x49, 0x44, 0x49, 0x64, 0x49, 0x64, 0x49, 0x64, 0x49, 0x44, 0x49, 0x44, 0x49, 0x44, 0x49, 0x44, 0x49, 0x24, 0x49, 0x04, 0x49, 0x03, 0x49, 0x03, 
0x50, 0xE3, 0x50, 0xE3, 0x48, 0xC2, 0x40, 0x81, 0x38, 0x40, 0x40, 0x61, 0x48, 0xA1, 0x58, 0xE2, 0x59, 0x44, 0x61, 0x85, 0x61, 0xA6, 0x69, 0xC6, 0x69, 0xE7, 0x6A, 0x07, 0x6A, 0x07, 0x6A, 0x07, 
0x93, 0x29, 0x93, 0x29, 0x93, 0x29, 0x93, 0x2A, 0x93, 0x4A, 0x93, 0x4A, 0x9B, 0x4A, 0x9B, 0x6A, 0x9B, 0x6B, 0x9B, 0x6B, 0x9B, 0x6B, 0x93, 0x6B, 0x9B, 0x8B, 0x93, 0x8C, 0x9B, 0xAD, 0x93, 0x8C, 
0x93, 0x6B, 0x93, 0x6B, 0x93, 0x4A, 0x8B, 0x4A, 0x8B, 0x2A, 0x8B, 0x0A, 0x8B, 0x09, 0x8B, 0x09, 0x8B, 0x2A, 0x8B, 0x2A, 0x8B, 0x2A, 0x7A, 0x67, 0x61, 0x83, 0x61, 0x83, 0x71, 0xC4, 0x7A, 0x06, 
0x82, 0x46, 0x8A, 0x88, 0x30, 0xC2, 0x18, 0x82, 0x18, 0xA3, 0x82, 0x68, 0x9A, 0xE9, 0xA3, 0x0A, 0xA3, 0x2A, 0xAB, 0x4B, 0xAB, 0x6B, 0xAB, 0x6C, 0xAB, 0x8C, 0xAB, 0x8C, 0xAB, 0x8C, 0xAB, 0x8C, 
0xAB, 0x6B, 0xAB, 0x6B, 0xAB, 0x4A, 0xAB, 0x2A, 0xAB, 0x0A, 0xA2, 0xE9, 0xA2, 0xC8, 0x9A, 0xA7, 0x9A, 0x87, 0x9A, 0x87, 0x92, 0x66, 0x92, 0x25, 0x81, 0xC3, 0x50, 0x81, 0x30, 0x00, 0x48, 0x40, 
0x50, 0x60, 0x50, 0x80, 0x50, 0x60, 0x48, 0x80, 0x48, 0x60, 0x40, 0x60, 0x48, 0x80, 0x78, 0xE2, 0xA8, 0x61, 0xB0, 0x61, 0xB0, 0x62, 0xB0, 0x82, 0xB0, 0x82, 0xB8, 0x82, 0xB0, 0xA2, 0xB0, 0xC3, 
0xC3, 0x2C, 0xC5, 0x13, 0xB9, 0x65, 0xC0, 0x00, 0xB8, 0x00, 0xB8, 0x00, 0xCC, 0x10, 0xCD, 0x34, 0xE9, 0x23, 0xF0, 0x60, 0xF0, 0x60, 0xF0, 0x60, 0xF0, 0x80, 0xEA, 0xC9, 0xF4, 0xD2, 0xF4, 0xF2, 
0xF4, 0xB1, 0xEB, 0xAD, 0xC8, 0x41, 0xD0, 0xC3, 0xF3, 0xAD, 0xE9, 0x86, 0xE8, 0x20, 0xE8, 0x20, 0xE8, 0x20, 0xE8, 0x20, 0xE8, 0x20, 0xEB, 0x6C, 0xD1, 0x44, 0xD0, 0x00, 0xD9, 0x65, 0xEB, 0xAD, 
0xD0, 0x00, 0xD8, 0x00, 0xD8, 0xA2, 0xEA, 0x89, 0xE2, 0x48, 0xE2, 0x07, 0xD0, 0x00, 0xE2, 0x89, 0xD9, 0x85, 0xD0, 0x00, 0xEB, 0xAE, 0xE2, 0x68, 0xD0, 0x20, 0xD8, 0x20, 0xD0, 0x61, 0xF4, 0x50, 
0xD0, 0xA2, 0xD0, 0x20, 0xD9, 0xE7, 0xE2, 0x89, 0xD0, 0x00, 0xC8, 0x61, 0xF4, 0xD2, 0xD8, 0x00, 0xD8, 0x00, 0xD8, 0x00, 0xD8, 0x00, 0xD8, 0x00, 0xD8, 0x00, 0xD0, 0x82, 0xF4, 0x70, 0xF4, 0xD2, 
0xEC, 0x50, 0xF4, 0x91, 0xEC, 0x30, 0xD8, 0x82, 0xD8, 0x00, 0xD8, 0x00, 0xD8, 0x00, 0xD0, 0x20, 0xDD, 0x55, 0xE6, 0x18, 0xC1, 0x25, 0xB8, 0x00, 0xB8, 0x00, 0xB0, 0x00, 0xDD, 0x55, 0xEE, 0x39, 
0xB1, 0x45, 0xB9, 0x04, 0xB9, 0x04, 0xB9, 0x04, 0xB9, 0x04, 0xB9, 0x04, 0xB8, 0xE4, 0xB9, 0x04, 0xC2, 0x8A, 0xEE, 0xBB, 0xE6, 0xBB, 0xE6, 0xBB, 0xE6, 0xBB, 0xE6, 0xBB, 0xE6, 0xBB, 0xE6, 0xBB, 
0xE6, 0xBB, 0xE6, 0xBB, 0xE6, 0xBB, 0xE6, 0xBB, 0xE6, 0xBB, 0xE6, 0xBB, 0xE6, 0xBB, 0xE6, 0xBB, 0xE6, 0xBB, 0xE6, 0xBB, 0xE6, 0xBB, 0xE6, 0xBB, 0xE6, 0xBB, 0xE6, 0xBB, 0xE6, 0xBB, 0xE6, 0x9B, 
0xC4, 0xF1, 0x8A, 0x61, 0x82, 0x00, 0xAB, 0xA9, 0xEE, 0x79, 0xEE, 0x59, 0xEE, 0x38, 0xF6, 0x18, 0xED, 0x55, 0x93, 0x2C, 0x7A, 0xEB, 0x72, 0xA9, 0x62, 0x48, 0x59, 0xE6, 0x49, 0x85, 0x41, 0x43, 
0x39, 0x02, 0x38, 0xE2, 0x38, 0xE2, 0x41, 0x03, 0x41, 0x24, 0x49, 0x64, 0x49, 0x64, 0x49, 0x64, 0x49, 0x64, 0x49, 0x44, 0x49, 0x44, 0x41, 0x03, 0x38, 0xC2, 0x30, 0x81, 0x30, 0x61, 0x38, 0x81, 
0x40, 0xA2, 0x40, 0xA2, 0x40, 0x82, 0x38, 0x61, 0x38, 0x40, 0x40, 0x61, 0x48, 0xA1, 0x50, 0xC2, 0x50, 0xE2, 0x51, 0x03, 0x59, 0x23, 0x61, 0x64, 0x61, 0x85, 0x61, 0xA5, 0x69, 0xC6, 0x61, 0xC6, 
0x93, 0x09, 0x93, 0x09, 0x93, 0x29, 0x93, 0x29, 0x93, 0x49, 0x93, 0x4A, 0x93, 0x4A, 0x93, 0x4A, 0x93, 0x6A, 0x9B, 0x6A, 0x9B, 0x4A, 0x93, 0x6A, 0x93, 0x6B, 0x93, 0x6B, 0x93, 0x6B, 0x93, 0x6B, 
0x93, 0x6B, 0x93, 0x6A, 0x93, 0x4A, 0x8B, 0x4A, 0x8B, 0x2A, 0x8B, 0x09, 0x8B, 0x09, 0x8B, 0x0A, 0x8B, 0x2A, 0x8B, 0x2A, 0x8B, 0x2A, 0x83, 0x09, 0x69, 0xC4, 0x61, 0x83, 0x69, 0xA4, 0x71, 0xE5, 
0x7A, 0x26, 0x82, 0x67, 0x20, 0x61, 0x18, 0xA3, 0x18, 0x83, 0x92, 0xC9, 0x9A, 0xE9, 0xA3, 0x09, 0xA3, 0x2A, 0xA3, 0x4B, 0xAB, 0x4B, 0xAB, 0x6B, 0xAB, 0x6B, 0xAB, 0x6B, 0xAB, 0x8C, 0xAB, 0x6B, 
0xAB, 0x6B, 0xAB, 0x6B, 0xAB, 0x4B, 0xAB, 0x2A, 0xAB, 0x2A, 0xAB, 0x09, 0xA2, 0xE9, 0xA2, 0xC8, 0x9A, 0xA7, 0x9A, 0xA7, 0x9A, 0x66, 0x92, 0x45, 0x89, 0xE4, 0x61, 0x02, 0x28, 0x00, 0x38, 0x20, 
0x48, 0x60, 0x50, 0x60, 0x48, 0x60, 0x48, 0x60, 0x48, 0x80, 0x72, 0x27, 0x9B, 0xCD, 0xAC, 0x4F, 0xBC, 0x91, 0xC4, 0xD2, 0xC5, 0x13, 0xCD, 0x34, 0xCD, 0x54, 0xCD, 0x55, 0xCD, 0x55, 0xCD, 0x55, 
0xCD, 0x54, 0xC5, 0x13, 0xB9, 0x65, 0xC0, 0x00, 0xB8, 0x00, 0xB8, 0x00, 0xCC, 0x10, 0xCD, 0x34, 0xE9, 0x23, 0xF0, 0x60, 0xF0, 0x60, 0xF0, 0x80, 0xF0, 0x80, 0xF0, 0x80, 0xE8, 0xE2, 0xE9, 0x84, 
0xE8, 0xC1, 0xEA, 0xC9, 0xEB, 0x4C, 0xC8, 0x41, 0xD0, 0x62, 0xF3, 0x8D, 0xE9, 0xE7, 0xE8, 0x00, 0xE8, 0x00, 0xE8, 0x20, 0xE8, 0x20, 0xEA, 0x68, 0xEB, 0x6C, 0xC8, 0x40, 0xD0, 0x20, 0xEB, 0x4C, 
0xEB, 0x2B, 0xD0, 0x21, 0xD8, 0x00, 0xD0, 0x61, 0xEB, 0x8D, 0xE2, 0x07, 0xD0, 0x00, 0xE2, 0xCA, 0xD9, 0x85, 0xC8, 0x00, 0xF3, 0xEE, 0xD0, 0x61, 0xD0, 0x00, 0xD0, 0x61, 0xF3, 0x6C, 0xE2, 0x89, 
0xD0, 0x20, 0xD0, 0x61, 0xEB, 0x6C, 0xD1, 0x65, 0xC8, 0x00, 0xD1, 0x65, 0xEC, 0x51, 0xD8, 0x00, 0xD8, 0x00, 0xD8, 0x00, 0xD8, 0x00, 0xD8, 0x00, 0xD8, 0x61, 0xEB, 0xCE, 0xD9, 0xE8, 0xD0, 0xC2, 
0xEB, 0x6C, 0xE2, 0x48, 0xD8, 0x41, 0xD8, 0x00, 0xD8, 0x00, 0xD8, 0x00, 0xD8, 0x00, 0xD0, 0x20, 0xDD, 0x35, 0xDE, 0x18, 0xC1, 0x24, 0xB8, 0x00, 0xB0, 0x00, 0xB0, 0x00, 0xDD, 0x55, 0xEE, 0x59, 
0xEE, 0x9A, 0xEE, 0xBA, 0xEE, 0xBA, 0xEE, 0xBA, 0xEE, 0xBA, 0xEE, 0xBB, 0xEE, 0xBB, 0xEE, 0xBB, 0xEE, 0xBB, 0xE6, 0xBB, 0xE6, 0xBB, 0xE6, 0xBB, 0xE6, 0xBB, 0xE6, 0xBB, 0xE6, 0xBB, 0xE6, 0xBB, 
0xE6, 0xBB, 0xE6, 0xBB, 0xE6, 0xBB, 0xE6, 0xBB, 0xE6, 0xBB, 0xE6, 0xBB, 0xE6, 0xBB, 0xE6, 0xBB, 0xE6, 0xBB, 0xE6, 0xBB, 0xE6, 0xBB, 0xE6, 0xBB, 0xE6, 0xBB, 0xEE, 0xBB, 0xEE, 0xBB, 0xE6, 0xBB, 
0xDE, 0x37, 0x92, 0xC2, 0x82, 0x41, 0x92, 0xE4, 0xE6, 0x37, 0xEE, 0x59, 0xEE, 0x18, 0xF5, 0xF8, 0xC4, 0x51, 0x8B, 0x4C, 0x83, 0x2C, 0x7B, 0x0B, 0x72, 0xA9, 0x62, 0x48, 0x59, 0xE6, 0x51, 0x85, 
0x49, 0x44, 0x41, 0x23, 0x41, 0x23, 0x41, 0x23, 0x49, 0x43, 0x49, 0x64, 0x51, 0x64, 0x51, 0x64, 0x49, 0x64, 0x49, 0x64, 0x41, 0x24, 0x38, 0xE3, 0x30, 0x81, 0x28, 0x40, 0x28, 0x20, 0x30, 0x20, 
0x38, 0x40, 0x38, 0x41, 0x38, 0x40, 0x30, 0x20, 0x30, 0x20, 0x38, 0x40, 0x48, 0xA1, 0x50, 0xC1, 0x50, 0xE2, 0x50, 0xE2, 0x59, 0x02, 0x61, 0x23, 0x61, 0x43, 0x61, 0x64, 0x61, 0x64, 0x61, 0x64, 
0x9B, 0x49, 0x9B, 0x49, 0x9B, 0x49, 0x9B, 0x4A, 0x9B, 0x4A, 0x9B, 0x6A, 0x9B, 0x6A, 0x9B, 0x6A, 0x9B, 0x6A, 0x9B, 0x6A, 0x9B, 0x6A, 0x93, 0x6A, 0x93, 0x6A, 0x93, 0x4A, 0x93, 0x4A, 0x93, 0x6A, 
0x93, 0x6A, 0x93, 0x6A, 0x93, 0x4A, 0x8B, 0x4A, 0x8B, 0x2A, 0x83, 0x09, 0x83, 0x09, 0x83, 0x09, 0x8B, 0x0A, 0x8B, 0x2A, 0x8B, 0x2A, 0x8B, 0x0A, 0x7A, 0x67, 0x69, 0x83, 0x69, 0x83, 0x71, 0xC4, 
0x79, 0xE5, 0x71, 0xE6, 0x10, 0x41, 0x18, 0xA3, 0x20, 0xC3, 0x92, 0xC9, 0x9A, 0xC9, 0x9A, 0xE9, 0xA3, 0x09, 0xA3, 0x2A, 0xAB, 0x4B, 0xAB, 0x6B, 0xAB, 0x6B, 0xAB, 0x6B, 0xAB, 0x6B, 0xAB, 0x6B, 
0xAB, 0x6B, 0xAB, 0x6B, 0xAB, 0x6B, 0xAB, 0x4A, 0xAB, 0x2A, 0xAB, 0x0A, 0xA2, 0xE9, 0xA2, 0xC8, 0xA2, 0xC8, 0x9A, 0xA7, 0x9A, 0x87, 0x92, 0x66, 0x8A, 0x25, 0x71, 0x62, 0x30, 0x20, 0x28, 0x20, 
0x48, 0x60, 0x48, 0x60, 0x48, 0x60, 0x48, 0x60, 0x61, 0x84, 0xA3, 0xEE, 0xA3, 0xEE, 0xAC, 0x2F, 0xB4, 0x91, 0xBC, 0xD2, 0xBC, 0xF3, 0xC5, 0x33, 0xC5, 0x34, 0xC5, 0x54, 0xCD, 0x54, 0xCD, 0x54, 
0xC5, 0x34, 0xC5, 0x13, 0xC1, 0x45, 0xC0, 0x00, 0xB8, 0x00, 0xB8, 0x00, 0xCC, 0x10, 0xCD, 0x34, 0xE9, 0x23, 0xF0, 0x60, 0xF0, 0x60, 0xF0, 0x80, 0xF0, 0x80, 0xF0, 0x80, 0xF0, 0x80, 0xF0, 0x80, 
0xF0, 0x60, 0xE8, 0x60, 0xF2, 0x89, 0xEB, 0x6C, 0xD0, 0x41, 0xD0, 0x41, 0xEB, 0x6C, 0xEA, 0x69, 0xE0, 0x00, 0xE8, 0x00, 0xE8, 0x20, 0xE8, 0x20, 0xEA, 0xAA, 0xEB, 0xCE, 0xD0, 0x81, 0xD0, 0x00, 
0xE2, 0xCA, 0xF3, 0xAD, 0xD8, 0x41, 0xD0, 0x00, 0xE2, 0x28, 0xE2, 0x08, 0xD0, 0x00, 0xE2, 0xEA, 0xD9, 0x65, 0xC8, 0x00, 0xF4, 0x0E, 0xD0, 0x61, 0xD0, 0x20, 0xEB, 0x8D, 0xE2, 0x69, 0xD0, 0x20, 
0xC8, 0x81, 0xEB, 0x4C, 0xD9, 0xC6, 0xC8, 0x00, 0xD1, 0x85, 0xF4, 0x71, 0xD9, 0x24, 0xD8, 0x00, 0xD8, 0x00, 0xD8, 0x00, 0xD8, 0x00, 0xD0, 0x61, 0xEB, 0xAE, 0xDA, 0x48, 0xD0, 0x00, 0xD8, 0xE3, 
0xE1, 0xC5, 0xD8, 0x00, 0xD8, 0x00, 0xD8, 0x00, 0xD8, 0x00, 0xD8, 0x00, 0xD8, 0x00, 0xD0, 0x20, 0xDD, 0x35, 0xDD, 0xF8, 0xC1, 0x24, 0xB8, 0x00, 0xB0, 0x00, 0xB0, 0x00, 0xDD, 0x55, 0xE6, 0x59, 
0xEE, 0x7A, 0xEE, 0x9A, 0xEE, 0x9A, 0xEE, 0x9A, 0xEE, 0x9A, 0xEE, 0x9A, 0xEE, 0x9A, 0xEE, 0x9A, 0xE6, 0x9B, 0xE6, 0xBB, 0xE6, 0x9B, 0xE6, 0xBB, 0xE6, 0xBB, 0xE6, 0xBB, 0xE6, 0xBB, 0xE6, 0xBB, 
0xE6, 0xBB, 0xE6, 0xBB, 0xE6, 0xBC, 0xE6, 0xBB, 0xE6, 0xDB, 0xE6, 0xDB, 0xE6, 0xDB, 0xE6, 0xBB, 0xE6, 0xBB, 0xE6, 0xBB, 0xE6, 0xBB, 0xE6, 0xBB, 0xEE, 0xBB, 0xEE, 0xBB, 0xEE, 0xBB, 0xEE, 0xBB, 
0xC4, 0xAD, 0x9B, 0x02, 0xDE, 0x55, 0xBC, 0xCC, 0xC4, 0xD0, 0xEE, 0x38, 0xEE, 0x18, 0xED, 0x96, 0x9B, 0x8E, 0x8B, 0x4C, 0x83, 0x4C, 0x83, 0x0B, 0x72, 0xCA, 0x6A, 0x68, 0x62, 0x06, 0x59, 0xC5, 
0x59, 0xA5, 0x51, 0x84, 0x51, 0x84, 0x51, 0x64, 0x51, 0x64, 0x51, 0x64, 0x51, 0x64, 0x51, 0x84, 0x51, 0x64, 0x49, 0x44, 0x41, 0x24, 0x38, 0xC2, 0x30, 0x61, 0x28, 0x20, 0x28, 0x20, 0x30, 0x20, 
0x30, 0x20, 0x30, 0x00, 0x30, 0x00, 0x30, 0x00, 0x30, 0x20, 0x38, 0x40, 0x48, 0x81, 0x50, 0xC1, 0x50, 0xE2, 0x50, 0xE2, 0x59, 0x02, 0x61, 0x43, 0x69, 0x64, 0x69, 0x64, 0x61, 0x63, 0x61, 0x43, 
0x9B, 0x6A, 0x9B, 0x4A, 0x9B, 0x4A, 0x9B, 0x4A, 0x9B, 0x4A, 0x9B, 0x6A, 0x93, 0x6A, 0x93, 0x4A, 0x93, 0x4A, 0x93, 0x4A, 0x93, 0x4A, 0x93, 0x4A, 0x93, 0x4A, 0x93, 0x2A, 0x8B, 0x2A, 0x8B, 0x2A, 
0x8B, 0x4A, 0x8B, 0x4A, 0x8B, 0x4A, 0x8B, 0x2A, 0x83, 0x09, 0x83, 0x09, 0x83, 0x09, 0x83, 0x09, 0x8B, 0x2A, 0x8B, 0x2A, 0x8B, 0x2A, 0x8B, 0x2A, 0x83, 0x09, 0x69, 0xC4, 0x61, 0x83, 0x69, 0x84, 
0x71, 0xC5, 0x59, 0x64, 0x10, 0x41, 0x18, 0xA3, 0x39, 0x04, 0x92, 0xA8, 0x9A, 0xA8, 0x9A, 0xC9, 0xA2, 0xE9, 0xA3, 0x0A, 0xA3, 0x2A, 0xAB, 0x4B, 0xAB, 0x4B, 0xAB, 0x6B, 0xAB, 0x6B, 0xAB, 0x6B, 
0xAB, 0x6B, 0xAB, 0x6B, 0xAB, 0x6B, 0xAB, 0x4B, 0xAB, 0x2A, 0xA3, 0x0A, 0xA2, 0xE9, 0xA2, 0xC8, 0xA2, 0xC8, 0xA2, 0xA8, 0x9A, 0xA7, 0x9A, 0x86, 0x92, 0x45, 0x79, 0xA3, 0x40, 0x80, 0x28, 0x00, 
0x40, 0x40, 0x48, 0x60, 0x48, 0x60, 0x48, 0x60, 0x61, 0x64, 0x93, 0x8C, 0x9B, 0x8C, 0xA2, 0xEA, 0xB2, 0x48, 0xB2, 0x69, 0xBA, 0x89, 0xBA, 0x8A, 0xBA, 0xAA, 0xBA, 0xAA, 0xBA, 0xCA, 0xC2, 0xCB, 
0xC4, 0x50, 0xC5, 0x13, 0xB9, 0x45, 0xC0, 0x00, 0xB8, 0x00, 0xB8, 0x00, 0xCC, 0x10, 0xCD, 0x34, 0xE9, 0x23, 0xF0, 0x60, 0xF0, 0x60, 0xF0, 0x80, 0xF0, 0x80, 0xF0, 0x80, 0xF0, 0x80, 0xF0, 0x80, 
0xF0, 0x80, 0xE8, 0x60, 0xE8, 0x60, 0xEA, 0x89, 0xF3, 0xCE, 0xD0, 0x62, 0xD0, 0x20, 0xEB, 0x4C, 0xEA, 0x89, 0xE8, 0x00, 0xE8, 0x20, 0xE8, 0x20, 0xE0, 0x20, 0xE2, 0x48, 0xF4, 0x50, 0xD0, 0xA2, 
0xD0, 0x00, 0xE3, 0x2C, 0xE2, 0xEA, 0xD0, 0x00, 0xDA, 0x28, 0xE2, 0x28, 0xD0, 0x00, 0xE2, 0xEB, 0xD9, 0x65, 0xC8, 0x00, 0xF4, 0x2F, 0xD0, 0x61, 0xD0, 0xA2, 0xEC, 0x4F, 0xD0, 0x00, 0xC8, 0x61, 
0xEB, 0xAE, 0xD1, 0x85, 0xC0, 0x00, 0xD1, 0xA6, 0xF4, 0x50, 0xD8, 0xE3, 0xD8, 0x00, 0xD8, 0x00, 0xD8, 0x00, 0xD8, 0x00, 0xD8, 0x81, 0xEB, 0xAE, 0xDA, 0x28, 0xC8, 0x00, 0xD8, 0xE3, 0xE9, 0xC5, 
0xD8, 0x20, 0xD8, 0x00, 0xD8, 0x00, 0xD8, 0x00, 0xD8, 0x00, 0xD8, 0x00, 0xD0, 0x00, 0xD0, 0x20, 0xDD, 0x35, 0xDD, 0xF8, 0xC1, 0x24, 0xB8, 0x00, 0xB8, 0x00, 0xB0, 0x00, 0xDD, 0x55, 0xE6, 0x38, 
0xD3, 0xEF, 0xD3, 0xAE, 0xD3, 0x8E, 0xD3, 0x6D, 0xD3, 0x6D, 0xCB, 0x6D, 0xCB, 0x6D, 0xCB, 0x8E, 0xDD, 0x35, 0xE6, 0x9A, 0xE6, 0x9B, 0xE6, 0x9B, 0xE6, 0xBB, 0xE6, 0xBB, 0xE6, 0xBB, 0xE6, 0xBB, 
0xE6, 0xBB, 0xE6, 0xBB, 0xE6, 0xDC, 0xE6, 0xDC, 0xE6, 0xDC, 0xE6, 0xDB, 0xEE, 0xDB, 0xEE, 0xDB, 0xEE, 0xBB, 0xE6, 0xBB, 0xE6, 0xBB, 0xEE, 0xBB, 0xEE, 0xBB, 0xEE, 0xBB, 0xEE, 0xBB, 0xDE, 0x17, 
0xA3, 0x23, 0x9B, 0x02, 0xA3, 0x44, 0x93, 0x03, 0xA3, 0x67, 0xE5, 0xF7, 0xED, 0xD7, 0xCC, 0x92, 0x8B, 0x6D, 0x8B, 0x6D, 0x83, 0x4C, 0x83, 0x0B, 0x72, 0xCA, 0x6A, 0x68, 0x61, 0xE6, 0x59, 0xC5, 
0x59, 0xA5, 0x59, 0xA5, 0x59, 0xA5, 0x59, 0xA5, 0x59, 0xA4, 0x59, 0x84, 0x51, 0x64, 0x51, 0x64, 0x49, 0x64, 0x49, 0x44, 0x41, 0x03, 0x38, 0xC2, 0x38, 0x81, 0x38, 0x41, 0x38, 0x40, 0x38, 0x20, 
0x38, 0x20, 0x30, 0x00, 0x30, 0x00, 0x30, 0x00, 0x38, 0x20, 0x40, 0x61, 0x48, 0x81, 0x50, 0xC2, 0x50, 0xE2, 0x50, 0xE2, 0x59, 0x23, 0x69, 0x43, 0x69, 0x64, 0x69, 0x64, 0x69, 0x63, 0x61, 0x63, 
0x93, 0x4A, 0x93, 0x4A, 0x93, 0x4A, 0x93, 0x2A, 0x93, 0x2A, 0x93, 0x2A, 0x93, 0x2A, 0x93, 0x2A, 0x93, 0x2A, 0x8B, 0x2A, 0x8B, 0x2A, 0x8B, 0x29, 0x8B, 0x09, 0x8B, 0x09, 0x8B, 0x09, 0x8B, 0x09, 
0x8B, 0x09, 0x8B, 0x29, 0x8B, 0x29, 0x8B, 0x09, 0x82, 0xE9, 0x82, 0xE8, 0x83, 0x09, 0x83, 0x09, 0x8B, 0x0A, 0x8B, 0x09, 0x8B, 0x2A, 0x8B, 0x2A, 0x8B, 0x29, 0x7A, 0x87, 0x61, 0x83, 0x61, 0x83, 
0x69, 0xA4, 0x38, 0xE2, 0x10, 0x62, 0x18, 0xA3, 0x49, 0x44, 0x8A, 0x67, 0x92, 0x88, 0x9A, 0xC8, 0x9A, 0xE9, 0xA3, 0x09, 0xA3, 0x2A, 0xAB, 0x2A, 0xAB, 0x4B, 0xAB, 0x4B, 0xAB, 0x6B, 0xAB, 0x6B, 
0xAB, 0x6B, 0xAB, 0x4B, 0xAB, 0x4B, 0xAB, 0x4B, 0xAB, 0x2A, 0xAB, 0x0A, 0xA3, 0x09, 0xA2, 0xE9, 0xA2, 0xC8, 0xA2, 0xC8, 0x9A, 0xA7, 0x9A, 0x87, 0x92, 0x46, 0x81, 0xC4, 0x48, 0x80, 0x28, 0x00, 
0x38, 0x40, 0x40, 0x60, 0x40, 0x40, 0x40, 0x40, 0x40, 0x60, 0x72, 0x26, 0x8A, 0xEA, 0xA0, 0xA2, 0xA8, 0x00, 0xA8, 0x00, 0xB0, 0x00, 0xB0, 0x00, 0xB0, 0x00, 0xB0, 0x00, 0xB0, 0x00, 0xB0, 0x00, 
0xBB, 0x0B, 0xC4, 0xF3, 0xB9, 0x44, 0xC0, 0x00, 0xB8, 0x00, 0xB8, 0x00, 0xCC, 0x10, 0xD5, 0x34, 0xE9, 0x23, 0xF0, 0x60, 0xF8, 0x60, 0xF0, 0x80, 0xF0, 0x80, 0xF0, 0x80, 0xF0, 0x80, 0xF0, 0x60, 
0xF0, 0x80, 0xE8, 0x60, 0xE8, 0x60, 0xE8, 0x40, 0xEA, 0x07, 0xF4, 0x70, 0xD0, 0x41, 0xD9, 0xA6, 0xEB, 0xAE, 0xE0, 0x00, 0xE0, 0x20, 0xE0, 0x20, 0xE0, 0x20, 0xE0, 0x20, 0xE2, 0x69, 0xF3, 0xEF, 
0xD0, 0x00, 0xD9, 0xE7, 0xEB, 0x8D, 0xD0, 0x00, 0xDA, 0x28, 0xE2, 0x28, 0xD0, 0x00, 0xE3, 0x0B, 0xD9, 0x86, 0xC8, 0x00, 0xF4, 0x50, 0xD0, 0x61, 0xD0, 0xE3, 0xEC, 0x30, 0xD0, 0x00, 0xDA, 0x28, 
0xE2, 0xEB, 0xC8, 0x00, 0xD1, 0x85, 0xF4, 0x0F, 0xD8, 0xA2, 0xD8, 0x00, 0xD8, 0x00, 0xD8, 0x00, 0xD8, 0x00, 0xD8, 0x81, 0xF3, 0xAE, 0xD1, 0xC7, 0xC8, 0x00, 0xD9, 0x03, 0xE9, 0xA5, 0xD8, 0x00, 
0xD8, 0x00, 0xD8, 0x00, 0xD8, 0x00, 0xD8, 0x00, 0xD8, 0x00, 0xD8, 0x00, 0xD0, 0x00, 0xD0, 0x00, 0xDD, 0x35, 0xDD, 0xF8, 0xC1, 0x04, 0xB8, 0x00, 0xB8, 0x00, 0xB0, 0x00, 0xDD, 0x35, 0xE6, 0x18, 
0xB0, 0x41, 0xB8, 0x00, 0xB8, 0x00, 0xB8, 0x00, 0xB8, 0x00, 0xB0, 0x00, 0xB0, 0x00, 0xB0, 0x00, 0xA8, 0x62, 0xE6, 0x39, 0xE6, 0x9A, 0xE6, 0x7B, 0xE6, 0x9B, 0xE6, 0x9B, 0xE6, 0x9B, 0xE6, 0xBB, 
0xE6, 0xBB, 0xE6, 0xBC, 0xE6, 0xDC, 0xE6, 0xDC, 0xE6, 0xDC, 0xEE, 0xDC, 0xEE, 0xDC, 0xEE, 0xDB, 0xEE, 0xBC, 0xEE, 0xBB, 0xEE, 0xBB, 0xEE, 0xBB, 0xEE, 0xBB, 0xEE, 0xBB, 0xE6, 0x9A, 0xBC, 0x6B, 
0xA3, 0x43, 0xBC, 0xCD, 0x8A, 0x80, 0x8A, 0x60, 0x92, 0xC2, 0xE5, 0xD6, 0xE5, 0x96, 0x9B, 0xAE, 0x8B, 0x6D, 0x8B, 0x6D, 0x83, 0x4C, 0x83, 0x0B, 0x72, 0xAA, 0x6A, 0x48, 0x61, 0xE6, 0x59, 0xC5, 
0x59, 0xC5, 0x59, 0xA5, 0x59, 0xA5, 0x59, 0xA5, 0x59, 0xA5, 0x59, 0xA4, 0x51, 0x84, 0x49, 0x44, 0x49, 0x44, 0x49, 0x24, 0x41, 0x03, 0x48, 0xE3, 0x48, 0xE2, 0x50, 0xC2, 0x48, 0xA1, 0x40, 0x61, 
0x38, 0x20, 0x38, 0x00, 0x38, 0x00, 0x38, 0x20, 0x38, 0x61, 0x40, 0x81, 0x48, 0xA1, 0x50, 0xC1, 0x50, 0xC2, 0x58, 0xE2, 0x61, 0x23, 0x69, 0x63, 0x69, 0x84, 0x69, 0x84, 0x69, 0x63, 0x61, 0x43, 
0x93, 0x29, 0x93, 0x29, 0x93, 0x29, 0x93, 0x2A, 0x93, 0x2A, 0x8B, 0x2A, 0x8B, 0x2A, 0x8B, 0x2A, 0x8B, 0x2A, 0x8B, 0x0A, 0x8B, 0x09, 0x8B, 0x09, 0x8B, 0x09, 0x82, 0xE9, 0x8A, 0xE9, 0x82, 0xE9, 
0x83, 0x09, 0x83, 0x09, 0x8B, 0x09, 0x83, 0x09, 0x82, 0xE8, 0x82, 0xE8, 0x82, 0xE9, 0x8B, 0x09, 0x8B, 0x09, 0x8B, 0x09, 0x8B, 0x29, 0x8B, 0x2A, 0x8B, 0x2A, 0x83, 0x09, 0x69, 0xC4, 0x61, 0x63, 
0x61, 0x63, 0x28, 0x81, 0x18, 0x82, 0x18, 0x62, 0x61, 0xA5, 0x8A, 0x46, 0x92, 0x67, 0x9A, 0xA8, 0x9A, 0xC9, 0xA2, 0xE9, 0xA3, 0x0A, 0xA3, 0x2A, 0xAB, 0x2A, 0xAB, 0x4A, 0xAB, 0x4B, 0xAB, 0x4B, 
0xAB, 0x4B, 0xAB, 0x4B, 0xAB, 0x4B, 0xAB, 0x4A, 0xAB, 0x2A, 0xAB, 0x0A, 0xA3, 0x09, 0xA2, 0xE9, 0xA2, 0xC9, 0xA2, 0xC8, 0x9A, 0xA7, 0x9A, 0x87, 0x92, 0x66, 0x81, 0xE4, 0x48, 0xA0, 0x28, 0x20, 
0x30, 0x20, 0x40, 0x40, 0x40, 0x40, 0x40, 0x40, 0x40, 0x40, 0x40, 0x60, 0x69, 0xE6, 0x99, 0x64, 0xA0, 0x00, 0xA8, 0x00, 0xA8, 0x00, 0xA8, 0x00, 0xA8, 0x00, 0xA8, 0x00, 0xA8, 0x00, 0xA8, 0x20, 
0xBB, 0x2C, 0xC4, 0xF3, 0xB9, 0x24, 0xC0, 0x00, 0xB8, 0x00, 0xB8, 0x00, 0xCC, 0x10, 0xD5, 0x34, 0xE9, 0x23, 0xF0, 0x60, 0xF0, 0x60, 0xF0, 0x60, 0xF0, 0x80, 0xF0, 0x60, 0xF0, 0x60, 0xF0, 0x60, 
0xE8, 0x60, 0xE8, 0x60, 0xE8, 0x60, 0xE8, 0x40, 0xE0, 0x20, 0xF4, 0x70, 0xC8, 0x82, 0xD9, 0xA6, 0xEB, 0xAE, 0xE0, 0x00, 0xE0, 0x00, 0xE0, 0x20, 0xE0, 0x20, 0xE0, 0x20, 0xD8, 0xA2, 0xF4, 0xB1, 
0xD0, 0x00, 0xD9, 0xE7, 0xE3, 0x6C, 0xD0, 0x00, 0xDA, 0x48, 0xDA, 0x28, 0xD0, 0x00, 0xE3, 0x2C, 0xD9, 0x86, 0xC8, 0x00, 0xF4, 0x91, 0xD0, 0x61, 0xD0, 0xE3, 0xEC, 0x51, 0xC8, 0x00, 0xDA, 0x69, 
0xE2, 0xCA, 0xC8, 0x00, 0xEB, 0x8D, 0xD9, 0x24, 0xD8, 0x00, 0xD8, 0x00, 0xD0, 0x00, 0xD0, 0x00, 0xD0, 0x82, 0xF3, 0xCE, 0xD9, 0xA6, 0xC8, 0x00, 0xD9, 0x03, 0xE1, 0xA5, 0xD0, 0x00, 0xD8, 0x00, 
0xD8, 0x00, 0xD8, 0x00, 0xD8, 0x00, 0xD8, 0x00, 0xD8, 0x00, 0xD8, 0x00, 0xD8, 0x00, 0xD0, 0x00, 0xDD, 0x35, 0xDD, 0xF7, 0xC1, 0x04, 0xB8, 0x00, 0xB8, 0x00, 0xA8, 0x00, 0xDD, 0x35, 0xE6, 0x18, 
0xB0, 0x41, 0xB0, 0x00, 0xB8, 0x00, 0xB8, 0x00, 0xB8, 0x00, 0xB0, 0x00, 0xB0, 0x00, 0xA8, 0x00, 0xB1, 0x25, 0xE6, 0x5A, 0xE6, 0x7A, 0xE6, 0x7A, 0xDE, 0x5A, 0xDE, 0x7A, 0xDE, 0x7A, 0xE6, 0x9B, 
0xE6, 0xBB, 0xE6, 0xBB, 0xE6, 0xBC, 0xE6, 0xDC, 0xEE, 0xDC, 0xEE, 0xDC, 0xEE, 0xDC, 0xEE, 0xDC, 0xEE, 0xDC, 0xEE, 0xBB, 0xEE, 0xBB, 0xEE, 0xBB, 0xEE, 0xBB, 0xEE, 0xBA, 0xC4, 0xCE, 0xB3, 0xE7, 
0x92, 0xA0, 0x8A, 0x60, 0x92, 0xA1, 0x9B, 0x03, 0xAB, 0xC7, 0xDD, 0x53, 0xBC, 0x71, 0x93, 0x8D, 0x8B, 0x6D, 0x8B, 0x6D, 0x83, 0x4C, 0x7B, 0x0B, 0x72, 0xAA, 0x62, 0x47, 0x61, 0xE6, 0x59, 0xC5, 
0x59, 0xA4, 0x59, 0xA5, 0x59, 0xA4, 0x59, 0xA4, 0x59, 0xA4, 0x59, 0xA5, 0x59, 0x84, 0x49, 0x64, 0x49, 0x24, 0x49, 0x24, 0x49, 0x03, 0x51, 0x03, 0x59, 0x23, 0x59, 0x03, 0x58, 0xE2, 0x50, 0xC2, 
0x48, 0x81, 0x40, 0x41, 0x38, 0x40, 0x38, 0x41, 0x38, 0x61, 0x40, 0x81, 0x48, 0xA1, 0x50, 0xC2, 0x50, 0xE2, 0x59, 0x02, 0x61, 0x43, 0x69, 0x64, 0x69, 0x84, 0x69, 0x84, 0x69, 0x63, 0x61, 0x63, 
0x93, 0x29, 0x93, 0x29, 0x93, 0x29, 0x93, 0x29, 0x8B, 0x29, 0x8B, 0x09, 0x8B, 0x09, 0x8B, 0x09, 0x8B, 0x09, 0x8B, 0x09, 0x8B, 0x09, 0x8A, 0xE9, 0x82, 0xE9, 0x82, 0xE8, 0x82, 0xE8, 0x82, 0xE8, 
0x82, 0xE9, 0x83, 0x09, 0x83, 0x09, 0x82, 0xE8, 0x82, 0xE8, 0x82, 0xC8, 0x82, 0xE9, 0x83, 0x09, 0x8B, 0x09, 0x8B, 0x09, 0x8B, 0x0A, 0x8B, 0x2A, 0x8B, 0x2A, 0x8B, 0x09, 0x7A, 0x87, 0x61, 0x63, 
0x59, 0x43, 0x18, 0x41, 0x18, 0x83, 0x10, 0x61, 0x71, 0xE5, 0x8A, 0x46, 0x8A, 0x46, 0x92, 0x87, 0x9A, 0xC8, 0x9A, 0xE9, 0xA3, 0x09, 0xA3, 0x0A, 0xAB, 0x2A, 0xAB, 0x2A, 0xAB, 0x2A, 0xAB, 0x4A, 
0xAB, 0x4B, 0xAB, 0x4A, 0xAB, 0x2A, 0xAB, 0x4A, 0xAB, 0x2A, 0xAB, 0x2A, 0xA3, 0x0A, 0xA2, 0xE9, 0xA2, 0xC8, 0xA2, 0xC8, 0x9A, 0xA8, 0x9A, 0x87, 0x92, 0x66, 0x8A, 0x05, 0x50, 0xC1, 0x30, 0x20, 
0x30, 0x20, 0x40, 0x60, 0x40, 0x40, 0x40, 0x40, 0x40, 0x40, 0x38, 0x40, 0x51, 0x23, 0x9B, 0x8C, 0xAB, 0xAD, 0xB3, 0xCE, 0xB3, 0xEE, 0xBC, 0x0F, 0xBC, 0x30, 0xBC, 0x50, 0xBC, 0x71, 0xC4, 0x91, 
0xC4, 0xD2, 0xBC, 0xD2, 0xB9, 0x24, 0xC0, 0x00, 0xB8, 0x00, 0xB8, 0x00, 0xCC, 0x10, 0xD5, 0x54, 0xE9, 0x23, 0xF0, 0x60, 0xF0, 0x60, 0xF0, 0x60, 0xF0, 0x60, 0xF0, 0x60, 0xF0, 0x40, 0xF0, 0x40, 
0xE8, 0x40, 0xE8, 0x40, 0xE8, 0x40, 0xE8, 0x40, 0xE0, 0x20, 0xF4, 0x70, 0xC8, 0x82, 0xD9, 0xA6, 0xEB, 0x8D, 0xD8, 0x00, 0xE0, 0x00, 0xE0, 0x00, 0xE0, 0x20, 0xD8, 0x00, 0xD8, 0xA2, 0xF4, 0xB1, 
0xD0, 0x00, 0xD9, 0xE7, 0xE3, 0x6C, 0xC8, 0x00, 0xDA, 0x49, 0xDA, 0x28, 0xD0, 0x00, 0xE3, 0x4C, 0xD9, 0x86, 0xC8, 0x00, 0xF4, 0x91, 0xC8, 0x61, 0xD0, 0xE3, 0xEC, 0x51, 0xC8, 0x00, 0xDA, 0x69, 
0xDA, 0xAA, 0xC8, 0x00, 0xEB, 0xAE, 0xD8, 0xE3, 0xD8, 0x00, 0xD0, 0x00, 0xD0, 0x00, 0xD0, 0x82, 0xF3, 0xCE, 0xD1, 0xA6, 0xC8, 0x00, 0xD9, 0x03, 0xE1, 0xA5, 0xD0, 0x00, 0xD0, 0x00, 0xD0, 0x00, 
0xD8, 0x00, 0xD8, 0x00, 0xD8, 0x00, 0xD8, 0x00, 0xD8, 0x00, 0xD8, 0x00, 0xD8, 0x00, 0xD0, 0x00, 0xDD, 0x55, 0xDD, 0xF8, 0xC1, 0x04, 0xB8, 0x00, 0xB8, 0x00, 0xB0, 0x00, 0xDD, 0x55, 0xE6, 0x38, 
0xDD, 0x76, 0xE5, 0x76, 0xE5, 0x76, 0xE5, 0x96, 0xDD, 0x96, 0xE5, 0x96, 0xDD, 0x96, 0xDD, 0x97, 0xE6, 0x7A, 0xE6, 0x9B, 0xE6, 0x9B, 0xE6, 0x7A, 0xDE, 0x5A, 0xDE, 0x5A, 0xDE, 0x5A, 0xDE, 0x5A, 
0xDE, 0x7A, 0xE6, 0x9B, 0xE6, 0xBB, 0xE6, 0xDC, 0xEE, 0xDC, 0xEE, 0xDC, 0xEE, 0xFC, 0xEE, 0xDC, 0xEE, 0xDC, 0xEE, 0xDB, 0xEE, 0xBB, 0xEE, 0xBB, 0xE6, 0xBB, 0xD5, 0xB4, 0xAB, 0x64, 0x92, 0xA0, 
0x8A, 0x60, 0x92, 0xC2, 0x8A, 0x60, 0x92, 0xC2, 0xDE, 0x35, 0xD5, 0x74, 0x9B, 0xAE, 0x93, 0x8D, 0x8B, 0x8D, 0x8B, 0x6D, 0x83, 0x4C, 0x7B, 0x0B, 0x72, 0xAA, 0x62, 0x47, 0x59, 0xC6, 0x59, 0xC5, 
0x59, 0xA5, 0x59, 0xA4, 0x59, 0xA4, 0x59, 0xA4, 0x59, 0xA5, 0x59, 0xA5, 0x59, 0xA5, 0x51, 0x64, 0x49, 0x24, 0x49, 0x24, 0x49, 0x03, 0x51, 0x23, 0x59, 0x23, 0x59, 0x23, 0x59, 0x03, 0x51, 0x02, 
0x50, 0xE2, 0x48, 0xC2, 0x48, 0xA2, 0x40, 0x81, 0x40, 0x81, 0x40, 0xA1, 0x50, 0xC2, 0x50, 0xE2, 0x59, 0x02, 0x61, 0x23, 0x69, 0x63, 0x69, 0x64, 0x69, 0x84, 0x69, 0x84, 0x69, 0x63, 0x61, 0x43, 
0x93, 0x29, 0x93, 0x29, 0x93, 0x29, 0x93, 0x29, 0x8B, 0x0A, 0x8B, 0x09, 0x8B, 0x09, 0x8B, 0x09, 0x8B, 0x09, 0x8A, 0xE9, 0x8A, 0xE9, 0x82, 0xE9, 0x82, 0xE8, 0x82, 0xE8, 0x82, 0xE8, 0x82, 0xE8, 
0x82, 0xE8, 0x82, 0xE8, 0x82, 0xE8, 0x82, 0xE8, 0x82, 0xC8, 0x82, 0xC8, 0x82, 0xE9, 0x83, 0x09, 0x83, 0x09, 0x8B, 0x09, 0x8B, 0x09, 0x8B, 0x29, 0x8B, 0x09, 0x8B, 0x09, 0x82, 0xE9, 0x69, 0xC4, 
0x49, 0x02, 0x10, 0x41, 0x18, 0x83, 0x20, 0x81, 0x7A, 0x06, 0x82, 0x26, 0x8A, 0x46, 0x92, 0x67, 0x9A, 0xA8, 0x9A, 0xC9, 0xA2, 0xE9, 0xA2, 0xE9, 0xA3, 0x09, 0xA3, 0x0A, 0xA3, 0x2A, 0xAB, 0x2A, 
0xAB, 0x4A, 0xAB, 0x4A, 0xAB, 0x2A, 0xAB, 0x2A, 0xAB, 0x2A, 0xAB, 0x2A, 0xA3, 0x09, 0xA3, 0x09, 0xA2, 0xE9, 0xA2, 0xC9, 0x9A, 0xC8, 0x9A, 0x87, 0x9A, 0x66, 0x92, 0x46, 0x61, 0x22, 0x38, 0x40, 
0x30, 0x20, 0x38, 0x40, 0x40, 0x40, 0x40, 0x40, 0x38, 0x40, 0x38, 0x40, 0x72, 0x26, 0x9B, 0xCD, 0xA4, 0x0E, 0xAC, 0x4F, 0xB4, 0x70, 0xB4, 0x91, 0xBC, 0xB1, 0xBC, 0xD2, 0xBC, 0xD2, 0xBC, 0xF3, 
0xBC, 0xF3, 0xBC, 0xD2, 0xB9, 0x24, 0xC0, 0x00, 0xC0, 0x00, 0xB8, 0x00, 0xCC, 0x10, 0xD5, 0x54, 0xE9, 0x03, 0xF0, 0x40, 0xF0, 0x40, 0xF0, 0x40, 0xF0, 0x60, 0xF0, 0x40, 0xF0, 0x40, 0xF0, 0x40, 
0xE8, 0x40, 0xE8, 0x20, 0xE8, 0x20, 0xE8, 0x20, 0xE0, 0x20, 0xF4, 0x70, 0xC8, 0x81, 0xD1, 0x65, 0xEB, 0x8D, 0xD8, 0x00, 0xE0, 0x00, 0xE0, 0x00, 0xD8, 0xE3, 0xE1, 0xE7, 0xE2, 0x89, 0xF4, 0xD1, 
0xD9, 0x85, 0xE3, 0x0B, 0xE3, 0xEE, 0xD1, 0xA6, 0xE3, 0x4C, 0xE3, 0x4C, 0xD9, 0xC7, 0xEB, 0xEF, 0xE2, 0xAA, 0xD9, 0xA6, 0xF4, 0xD2, 0xD1, 0xC6, 0xD2, 0x48, 0xEC, 0x91, 0xD1, 0x65, 0xE3, 0x2C, 
0xDB, 0x2C, 0xC9, 0x24, 0xEC, 0x0F, 0xD9, 0x85, 0xD0, 0x00, 0xD0, 0x00, 0xD0, 0x81, 0xF3, 0xAE, 0xD9, 0x85, 0xC8, 0x00, 0xD9, 0x03, 0xE1, 0x64, 0xD0, 0x00, 0xD0, 0x00, 0xD0, 0x00, 0xD0, 0x00, 
0xD0, 0x00, 0xD8, 0x00, 0xD8, 0x00, 0xD8, 0x41, 0xD8, 0x00, 0xD8, 0x00, 0xD8, 0x00, 0xD0, 0x00, 0xE5, 0x35, 0xDD, 0xF8, 0xC1, 0x04, 0xB8, 0x00, 0xB8, 0x00, 0xB0, 0x00, 0xDD, 0x55, 0xE6, 0x39, 
0xE6, 0x59, 0xE6, 0x59, 0xEE, 0x59, 0xEE, 0x79, 0xEE, 0x7A, 0xEE, 0x7A, 0xEE, 0x7A, 0xE6, 0x9A, 0xE6, 0x9B, 0xE6, 0xBB, 0xE6, 0xBB, 0xE6, 0x9B, 0xE6, 0x7A, 0xDE, 0x5A, 0xDE, 0x59, 0xDE, 0x39, 
0xDE, 0x39, 0xDE, 0x5A, 0xDE, 0x7A, 0xE6, 0x9B, 0xEE, 0xDC, 0xEE, 0xDC, 0xEE, 0xDC, 0xEE, 0xFC, 0xEE, 0xDC, 0xEE, 0xDB, 0xEE, 0xBB, 0xEE, 0xBA, 0xE6, 0x37, 0xBC, 0x6A, 0xC5, 0x0F, 0x8A, 0x80, 
0x8A, 0x81, 0x92, 0xA2, 0x8A, 0x60, 0x8A, 0x60, 0x9A, 0xC2, 0xA3, 0xED, 0x93, 0x8D, 0x93, 0x8E, 0x8B, 0x8D, 0x8B, 0x6D, 0x83, 0x4C, 0x7B, 0x0B, 0x72, 0xA9, 0x62, 0x27, 0x59, 0xC5, 0x59, 0xC5, 
0x59, 0xC5, 0x59, 0xC5, 0x59, 0xC5, 0x59, 0xA5, 0x59, 0xC5, 0x59, 0xC5, 0x59, 0xA5, 0x51, 0x64, 0x49, 0x44, 0x49, 0x24, 0x49, 0x03, 0x51, 0x03, 0x59, 0x23, 0x59, 0x23, 0x59, 0x23, 0x51, 0x03, 
0x51, 0x03, 0x51, 0x03, 0x48, 0xE2, 0x48, 0xE2, 0x48, 0xC2, 0x48, 0xE2, 0x59, 0x02, 0x61, 0x23, 0x61, 0x43, 0x61, 0x43, 0x69, 0x63, 0x69, 0x63, 0x69, 0x64, 0x69, 0x63, 0x61, 0x63, 0x61, 0x43, 
0x93, 0x2A, 0x93, 0x2A, 0x93, 0x2A, 0x8B, 0x09, 0x8B, 0x09, 0x8B, 0x09, 0x8B, 0x09, 0x8B, 0x09, 0x8B, 0x09, 0x8A, 0xE9, 0x82, 0xE9, 0x82, 0xE9, 0x82, 0xE9, 0x82, 0xC8, 0x82, 0xC8, 0x82, 0xC8, 
0x82, 0xE8, 0x82, 0xE8, 0x82, 0xE8, 0x82, 0xC8, 0x82, 0xC8, 0x82, 0xC8, 0x82, 0xE8, 0x82, 0xE9, 0x83, 0x09, 0x83, 0x09, 0x82, 0xE9, 0x82, 0xE8, 0x82, 0xE8, 0x82, 0xE8, 0x82, 0xE8, 0x7A, 0x87, 
0x40, 0xE2, 0x10, 0x61, 0x10, 0x82, 0x30, 0xC2, 0x71, 0xE5, 0x7A, 0x05, 0x82, 0x26, 0x92, 0x46, 0x92, 0x88, 0x9A, 0xA8, 0x9A, 0xC8, 0xA2, 0xC9, 0xA2, 0xE9, 0xA2, 0xE9, 0xA2, 0xE9, 0xA2, 0xC9, 
0xA3, 0x2A, 0xAB, 0x2A, 0xAB, 0x2B, 0xAB, 0x2A, 0xAB, 0x2A, 0xAB, 0x2A, 0xAB, 0x0A, 0xA2, 0xE9, 0xA2, 0xE9, 0xA2, 0xE9, 0xA2, 0xC8, 0x9A, 0xA7, 0x9A, 0x87, 0x92, 0x46, 0x79, 0xA3, 0x40, 0x60, 
0x38, 0x20, 0x38, 0x40, 0x38, 0x40, 0x38, 0x40, 0x38, 0x40, 0x48, 0xE2, 0x8B, 0x2A, 0xA3, 0x8C, 0xAB, 0x4B, 0xB3, 0x4B, 0xB3, 0x6C, 0xB3, 0x6C, 0xB3, 0x6C, 0xBB, 0x8D, 0xBB, 0x8D, 0xBB, 0xAE, 
0xBC, 0x91, 0xBC, 0xD2, 0xB9, 0x24, 0xC0, 0x00, 0xC0, 0x00, 0xB8, 0x00, 0xCC, 0x10, 0xD5, 0x54, 0xE8, 0xE3, 0xF0, 0x40, 0xF0, 0x40, 0xF1, 0x64, 0xFC, 0x6F, 0xEA, 0x68, 0xE0, 0x81, 0xE0, 0x81, 
0xE0, 0x81, 0xE0, 0x61, 0xE8, 0x20, 0xE0, 0x20, 0xE0, 0x20, 0xF4, 0x2F, 0xC8, 0x82, 0xC8, 0x20, 0xD0, 0xA2, 0xD8, 0x00, 0xD8, 0x00, 0xEA, 0x89, 0xF4, 0xB1, 0xF4, 0x90, 0xF4, 0x90, 0xF4, 0x70, 
0xF4, 0x70, 0xF4, 0x70, 0xF4, 0x70, 0xF4, 0x70, 0xF4, 0x91, 0xF4, 0xB1, 0xF4, 0xB2, 0xF4, 0xB1, 0xF4, 0xB1, 0xF4, 0xB2, 0xF4, 0xB2, 0xF4, 0xD2, 0xF4, 0xD2, 0xF4, 0xF2, 0xF4, 0xF2, 0xF4, 0xF2, 
0xF4, 0xD1, 0xF4, 0xD1, 0xEC, 0xD1, 0xEC, 0xB0, 0xDA, 0x28, 0xC8, 0x61, 0xEB, 0xAD, 0xD1, 0xA6, 0xC0, 0x00, 0xD9, 0x03, 0xE1, 0x64, 0xD0, 0x00, 0xD0, 0x00, 0xD0, 0x00, 0xD0, 0x00, 0xD0, 0x82, 
0xD0, 0x81, 0xD0, 0x41, 0xD9, 0xC6, 0xF5, 0x12, 0xF4, 0x0E, 0xD8, 0x20, 0xD8, 0x00, 0xD0, 0x00, 0xE5, 0x35, 0xDD, 0xF8, 0xC1, 0x04, 0xB8, 0x00, 0xB8, 0x00, 0xB0, 0x00, 0xDD, 0x75, 0xE6, 0x39, 
0xE5, 0x76, 0xDD, 0x34, 0xDD, 0x14, 0xDD, 0x14, 0xDD, 0x14, 0xDD, 0x14, 0xDD, 0x34, 0xDD, 0x76, 0xE6, 0x7A, 0xE6, 0x9B, 0xE6, 0xBB, 0xE6, 0xBB, 0xE6, 0xBB, 0xE6, 0x9B, 0xDE, 0x7A, 0xDE, 0x59, 
0xDE, 0x39, 0xDE, 0x39, 0xDE, 0x39, 0xDE, 0x59, 0xE6, 0x9B, 0xE6, 0xBB, 0xEE, 0xDC, 0xEE, 0xFC, 0xEE, 0xDC, 0xEE, 0xDB, 0xEE, 0xBB, 0xE6, 0x78, 0xBC, 0x07, 0xB3, 0xC5, 0xA3, 0x85, 0x8A, 0x61, 
0x8A, 0x40, 0x82, 0x20, 0x82, 0x40, 0x9A, 0xE2, 0xAB, 0xA7, 0x93, 0x8D, 0x93, 0x8D, 0x8B, 0x8D, 0x8B, 0x8D, 0x8B, 0x6D, 0x83, 0x4C, 0x7B, 0x0B, 0x72, 0xA9, 0x62, 0x27, 0x61, 0xE6, 0x61, 0xC5, 
0x61, 0xC5, 0x61, 0xC5, 0x59, 0xC5, 0x59, 0xC5, 0x61, 0xC6, 0x59, 0xC5, 0x59, 0x84, 0x51, 0x44, 0x49, 0x44, 0x49, 0x24, 0x51, 0x03, 0x59, 0x23, 0x59, 0x23, 0x59, 0x23, 0x59, 0x23, 0x51, 0x23, 
0x51, 0x23, 0x51, 0x03, 0x51, 0x03, 0x51, 0x02, 0x51, 0x02, 0x59, 0x02, 0x61, 0x23, 0x61, 0x63, 0x69, 0x64, 0x69, 0x64, 0x69, 0x63, 0x69, 0x63, 0x69, 0x63, 0x69, 0x63, 0x61, 0x63, 0x61, 0x43, 
0x93, 0x4A, 0x93, 0x2A, 0x93, 0x2A, 0x8B, 0x09, 0x8B, 0x09, 0x8B, 0x09, 0x8B, 0x09, 0x82, 0xE9, 0x82, 0xE9, 0x82, 0xE9, 0x82, 0xE9, 0x82, 0xC8, 0x82, 0xC8, 0x82, 0xC8, 0x7A, 0xA8, 0x82, 0xA8, 
0x82, 0xC8, 0x82, 0xC8, 0x7A, 0xA7, 0x7A, 0xA7, 0x7A, 0x87, 0x7A, 0xA7, 0x7A, 0xC7, 0x7A, 0xC8, 0x82, 0xE8, 0x82, 0xC8, 0x82, 0xC8, 0x82, 0xA7, 0x82, 0xA7, 0x82, 0xA8, 0x82, 0xA8, 0x82, 0xC8, 
0x30, 0xE2, 0x10, 0x82, 0x10, 0x41, 0x41, 0x03, 0x69, 0xC4, 0x79, 0xE5, 0x82, 0x06, 0x8A, 0x26, 0x92, 0x67, 0x9A, 0x88, 0x9A, 0xA8, 0x9A, 0xC9, 0x9A, 0xE9, 0xA2, 0xC9, 0xA2, 0xC9, 0xA2, 0xE8, 
0xA3, 0x09, 0xAB, 0x2A, 0xAB, 0x2A, 0xAB, 0x2A, 0xAB, 0x2A, 0xAB, 0x2A, 0xA3, 0x09, 0xA3, 0x09, 0xA2, 0xE9, 0xA2, 0xE8, 0x9A, 0xC8, 0x9A, 0xA8, 0x9A, 0x87, 0x92, 0x66, 0x79, 0xC3, 0x48, 0x60, 
0x38, 0x40, 0x38, 0x40, 0x38, 0x40, 0x38, 0x40, 0x48, 0xC1, 0x82, 0xE9, 0x93, 0x6B, 0xA1, 0x64, 0xA8, 0x00, 0xA8, 0x00, 0xA8, 0x00, 0xA8, 0x00, 0xA8, 0x00, 0xA8, 0x00, 0xA8, 0x00, 0xA8, 0x00, 
0xB2, 0xEB, 0xBC, 0xD2, 0xB9, 0x24, 0xC0, 0x00, 0xC0, 0x00, 0xB8, 0x00, 0xCC, 0x0F, 0xCD, 0x34, 0xE0, 0xE2, 0xF0, 0x20, 0xF0, 0x40, 0xF2, 0xA9, 0xFC, 0xAF, 0xFC, 0xD0, 0xF4, 0x70, 0xF4, 0x4F, 
0xF4, 0x2F, 0xFC, 0x4F, 0xE1, 0x65, 0xE0, 0x00, 0xE0, 0x00, 0xEA, 0xA9, 0xEB, 0xCD, 0xE3, 0x2B, 0xEB, 0x2B, 0xEB, 0x0A, 0xEB, 0x4B, 0xF4, 0xD0, 0xE2, 0xC9, 0xD0, 0x61, 0xD0, 0x20, 0xD0, 0x20, 
0xD0, 0x20, 0xD0, 0x20, 0xD0, 0x20, 0xD0, 0x20, 0xD0, 0x20, 0xC8, 0x40, 0xC8, 0x40, 0xC8, 0x40, 0xC8, 0x40, 0xC8, 0x60, 0xC8, 0x40, 0xC8, 0x40, 0xC0, 0x41, 0xC0, 0x41, 0xC0, 0x41, 0xC0, 0x61, 
0xC0, 0x61, 0xC8, 0xA2, 0xC9, 0x24, 0xDA, 0xCA, 0xEC, 0xB1, 0xEC, 0x0E, 0xD1, 0x86, 0xB8, 0x00, 0xD9, 0x44, 0xE1, 0x64, 0xD0, 0x00, 0xD0, 0x00, 0xD0, 0x00, 0xC8, 0x00, 0xE2, 0x68, 0xF4, 0x4E, 
0xEB, 0xAD, 0xF3, 0xEE, 0xF4, 0xB1, 0xF5, 0x53, 0xF4, 0xF1, 0xD8, 0x61, 0xD8, 0x00, 0xD0, 0x00, 0xE5, 0x35, 0xE5, 0xF8, 0xC1, 0x24, 0xB8, 0x00, 0xB8, 0x00, 0xB0, 0x00, 0xDD, 0x75, 0xE6, 0x38, 
0xB0, 0x41, 0xB8, 0x00, 0xB8, 0x00, 0xB8, 0x00, 0xB0, 0x00, 0xB0, 0x00, 0xB0, 0x00, 0xA8, 0x00, 0xB1, 0x25, 0xE6, 0x9A, 0xE6, 0xBB, 0xE6, 0x9B, 0xE6, 0x9A, 0xE6, 0x9B, 0xE6, 0x9B, 0xE6, 0x7A, 
0xDE, 0x7A, 0xDE, 0x59, 0xDE, 0x39, 0xDE, 0x19, 0xDE, 0x39, 0xE6, 0x9A, 0xEE, 0xBB, 0xEE, 0xDC, 0xEE, 0xDB, 0xEE, 0xDB, 0xE6, 0x79, 0xC4, 0x28, 0xCD, 0x2D, 0xD5, 0x90, 0xA3, 0x43, 0x8A, 0x61, 
0x82, 0x40, 0x82, 0x41, 0xB4, 0x2A, 0xC4, 0xAB, 0xB4, 0x4D, 0x93, 0x8E, 0x93, 0x8D, 0x8B, 0x8D, 0x8B, 0x8D, 0x8B, 0x6D, 0x83, 0x4C, 0x7B, 0x0B, 0x72, 0x89, 0x62, 0x27, 0x62, 0x06, 0x61, 0xE5, 
0x61, 0xE6, 0x61, 0xE5, 0x61, 0xC5, 0x61, 0xC5, 0x61, 0xC5, 0x59, 0xC5, 0x51, 0x84, 0x51, 0x64, 0x51, 0x65, 0x51, 0x44, 0x51, 0x03, 0x59, 0x23, 0x59, 0x23, 0x59, 0x23, 0x51, 0x23, 0x51, 0x03, 
0x51, 0x03, 0x51, 0x02, 0x51, 0x02, 0x51, 0x02, 0x59, 0x23, 0x59, 0x23, 0x61, 0x43, 0x69, 0x63, 0x69, 0x84, 0x69, 0x84, 0x69, 0x63, 0x69, 0x63, 0x69, 0x63, 0x69, 0x63, 0x69, 0x63, 0x61, 0x43, 
0x93, 0x4A, 0x93, 0x2A, 0x8B, 0x09, 0x8A, 0xE9, 0x82, 0xE9, 0x82, 0xE9, 0x82, 0xC9, 0x82, 0xC8, 0x7A, 0xA8, 0x7A, 0xA8, 0x7A, 0xA8, 0x7A, 0x88, 0x7A, 0x88, 0x72, 0x87, 0x72, 0x67, 0x72, 0x67, 
0x72, 0x67, 0x7A, 0x87, 0x72, 0x87, 0x72, 0x66, 0x72, 0x66, 0x72, 0x67, 0x7A, 0x87, 0x7A, 0xA8, 0x82, 0xC8, 0x82, 0xC8, 0x82, 0xC8, 0x82, 0xC8, 0x82, 0xC8, 0x82, 0xC8, 0x82, 0xC8, 0x82, 0xA8, 
0x18, 0x81, 0x10, 0x82, 0x10, 0x41, 0x51, 0x43, 0x61, 0x83, 0x71, 0xA4, 0x79, 0xE5, 0x82, 0x26, 0x8A, 0x47, 0x92, 0x87, 0x9A, 0xA8, 0x9A, 0xA8, 0x9A, 0xC8, 0xA2, 0xC9, 0xA2, 0xE9, 0xA2, 0xE9, 
0xA3, 0x09, 0xA3, 0x0A, 0xA3, 0x0A, 0xAB, 0x0A, 0xAB, 0x0A, 0xAB, 0x0A, 0xA3, 0x09, 0xA3, 0x09, 0xA2, 0xE9, 0xA2, 0xE9, 0x9A, 0xC8, 0x9A, 0xA8, 0x92, 0x87, 0x92, 0x46, 0x71, 0xA3, 0x40, 0x60, 
0x38, 0x40, 0x38, 0x40, 0x38, 0x40, 0x51, 0x23, 0x93, 0x8C, 0xA3, 0xED, 0xA3, 0xED, 0xA1, 0x64, 0xA8, 0x00, 0xA8, 0x00, 0xA8, 0x00, 0xA8, 0x00, 0xA8, 0x00, 0xA8, 0x00, 0xA8, 0x00, 0xA8, 0x00, 
0xB2, 0xEB, 0xBC, 0xD2, 0xB9, 0x24, 0xC0, 0x00, 0xC0, 0x00, 0xB8, 0x00, 0xC3, 0xCE, 0xCC, 0xF3, 0xE0, 0xC2, 0xE8, 0x20, 0xE8, 0x20, 0xE8, 0x81, 0xEA, 0xC9, 0xE1, 0x84, 0xE0, 0x00, 0xE0, 0x00, 
0xE0, 0x00, 0xD8, 0x61, 0xF3, 0xAD, 0xE1, 0x65, 0xE0, 0x00, 0xD8, 0x00, 0xD8, 0xE3, 0xD9, 0x24, 0xD9, 0x44, 0xD1, 0x65, 0xE3, 0xAD, 0xEB, 0xEE, 0xD0, 0x00, 0xD0, 0x00, 0xD0, 0x00, 0xD0, 0x00, 
0xD0, 0x00, 0xD0, 0x00, 0xD0, 0x00, 0xD0, 0x20, 0xD0, 0x60, 0xD0, 0x80, 0xD0, 0xA0, 0xC8, 0xA0, 0xC8, 0xA0, 0xC8, 0x80, 0xC8, 0x60, 0xC8, 0x40, 0xC8, 0x20, 0xC8, 0x00, 0xC0, 0x00, 0xC0, 0x00, 
0xC0, 0x00, 0xC0, 0x00, 0xC0, 0x00, 0xC0, 0x00, 0xDB, 0x8C, 0xE3, 0xAD, 0xB8, 0x00, 0xD9, 0x85, 0xE1, 0xA5, 0xD0, 0x00, 0xD0, 0x00, 0xD0, 0x00, 0xC8, 0x00, 0xDA, 0x68, 0xF3, 0x8C, 0xD0, 0x41, 
0xD0, 0x00, 0xD0, 0x00, 0xD0, 0x20, 0xDA, 0x27, 0xD9, 0x24, 0xD8, 0x00, 0xD8, 0x00, 0xD0, 0x00, 0xE5, 0x35, 0xE6, 0x18, 0xC1, 0x24, 0xB8, 0x00, 0xB8, 0x00, 0xB0, 0x00, 0xDD, 0x75, 0xE6, 0x18, 
0xB0, 0x41, 0xB0, 0x00, 0xB8, 0x00, 0xB8, 0x00, 0xB0, 0x00, 0xB0, 0x00, 0xB0, 0x00, 0xB0, 0x00, 0xA8, 0x41, 0xE6, 0x5A, 0xE6, 0xDB, 0xE6, 0xBB, 0xE6, 0xBB, 0xDE, 0x9B, 0xDE, 0x7A, 0xDE, 0x7A, 
0xDE, 0x7A, 0xDE, 0x7A, 0xE6, 0x7A, 0xDE, 0x5A, 0xDE, 0x39, 0xDE, 0x59, 0xE6, 0x9A, 0xEE, 0xBB, 0xEE, 0xDB, 0xE6, 0x59, 0xB3, 0xE7, 0xB3, 0x84, 0xB4, 0x08, 0xD5, 0xD2, 0xA3, 0x43, 0x92, 0xC2, 
0x9B, 0x03, 0x92, 0xA1, 0x92, 0xA2, 0x9A, 0xC2, 0x9B, 0xAC, 0x93, 0x8D, 0x8B, 0x8E, 0x93, 0x8E, 0x8B, 0x8D, 0x8B, 0x6D, 0x83, 0x4C, 0x7A, 0xEA, 0x72, 0x89, 0x62, 0x27, 0x62, 0x06, 0x62, 0x06, 
0x62, 0x06, 0x61, 0xE6, 0x61, 0xE5, 0x61, 0xE5, 0x61, 0xE5, 0x59, 0xC5, 0x51, 0x84, 0x51, 0x44, 0x51, 0x65, 0x51, 0x24, 0x51, 0x03, 0x59, 0x23, 0x59, 0x23, 0x59, 0x23, 0x51, 0x23, 0x51, 0x03, 
0x51, 0x03, 0x51, 0x02, 0x51, 0x02, 0x51, 0x23, 0x59, 0x43, 0x61, 0x43, 0x61, 0x63, 0x69, 0x64, 0x69, 0x84, 0x69, 0x84, 0x69, 0x63, 0x69, 0x63, 0x69, 0x63, 0x69, 0x63, 0x69, 0x63, 0x69, 0x63, 
0x82, 0xE8, 0x82, 0xA8, 0x7A, 0xA8, 0x7A, 0x88, 0x72, 0x67, 0x72, 0x67, 0x72, 0x47, 0x6A, 0x47, 0x6A, 0x47, 0x6A, 0x26, 0x6A, 0x26, 0x6A, 0x26, 0x6A, 0x06, 0x6A, 0x06, 0x6A, 0x26, 0x6A, 0x26, 
0x72, 0x46, 0x72, 0x67, 0x7A, 0x87, 0x7A, 0x67, 0x7A, 0x87, 0x7A, 0xA8, 0x7A, 0xC8, 0x82, 0xC9, 0x82, 0xE9, 0x8A, 0xE9, 0x82, 0xE9, 0x83, 0x09, 0x83, 0x09, 0x82, 0xE9, 0x82, 0xE8, 0x72, 0x47, 
0x10, 0x61, 0x18, 0xA2, 0x18, 0x61, 0x59, 0x43, 0x61, 0x63, 0x69, 0x83, 0x71, 0xC4, 0x81, 0xE5, 0x8A, 0x26, 0x8A, 0x67, 0x92, 0x87, 0x9A, 0xA8, 0x9A, 0xA8, 0x9A, 0xC8, 0xA2, 0xE9, 0xA2, 0xE9, 
0xA3, 0x09, 0xA3, 0x09, 0xA3, 0x09, 0xA3, 0x09, 0xA3, 0x09, 0xA3, 0x09, 0xA3, 0x09, 0xA2, 0xE9, 0xA2, 0xE9, 0xA2, 0xE8, 0x9A, 0xC8, 0x9A, 0xA7, 0x92, 0x87, 0x8A, 0x26, 0x69, 0x22, 0x40, 0x40, 
0x38, 0x40, 0x38, 0x40, 0x38, 0x40, 0x93, 0x8C, 0xAC, 0x4F, 0xAC, 0x90, 0xB4, 0x90, 0xB4, 0x0E, 0xB3, 0x0B, 0xB2, 0xEB, 0xB3, 0x0B, 0xBB, 0x0B, 0xBB, 0x0B, 0xBB, 0x2C, 0xBB, 0x4C, 0xBB, 0x6D, 
0xBC, 0x71, 0xC4, 0xD2, 0xB9, 0x24, 0xC0, 0x00, 0xC0, 0x00, 0xB8, 0x00, 0xCB, 0xEF, 0xCD, 0x13, 0xE0, 0xA2, 0xE8, 0x20, 0xE8, 0x20, 0xE8, 0x40, 0xEA, 0x47, 0xE1, 0x03, 0xE0, 0x00, 0xE0, 0x00, 
0xE0, 0x00, 0xD8, 0x00, 0xD8, 0x81, 0xEB, 0xAD, 0xE1, 0xE6, 0xD8, 0x41, 0xD0, 0x20, 0xD0, 0x20, 0xD0, 0x20, 0xC8, 0x20, 0xE3, 0x4C, 0xE3, 0x2B, 0xD8, 0x00, 0xD0, 0x00, 0xD0, 0x00, 0xD0, 0x00, 
0xD0, 0x00, 0xD0, 0x00, 0xD0, 0x60, 0xC8, 0xC0, 0xC8, 0xE0, 0xC9, 0x20, 0xC9, 0x40, 0xC9, 0x40, 0xC9, 0x40, 0xC9, 0x40, 0xC9, 0x00, 0xC8, 0xC0, 0xC8, 0x80, 0xC8, 0x40, 0xC0, 0x00, 0xC0, 0x00, 
0xC0, 0x00, 0xC0, 0x00, 0xC0, 0x00, 0xC0, 0x00, 0xD2, 0x89, 0xEC, 0x90, 0xEB, 0x2B, 0xE1, 0x85, 0xD0, 0x00, 0xD0, 0x00, 0xD0, 0x00, 0xC8, 0x00, 0xDA, 0x48, 0xEB, 0xAC, 0xD0, 0x41, 0xD0, 0x00, 
0xD0, 0x00, 0xD8, 0x00, 0xD0, 0x41, 0xE2, 0xEA, 0xD9, 0xA5, 0xD8, 0x00, 0xD8, 0x00, 0xD0, 0x00, 0xE5, 0x35, 0xE6, 0x18, 0xC1, 0x24, 0xB8, 0x00, 0xB8, 0x00, 0xB0, 0x00, 0xDD, 0x76, 0xE6, 0x39, 
0xCB, 0xCF, 0xD3, 0xCF, 0xD3, 0xCF, 0xD3, 0xF0, 0xD3, 0xF0, 0xD3, 0xF0, 0xD3, 0xF0, 0xCC, 0x10, 0xDD, 0x35, 0xE6, 0xBB, 0xE6, 0xBB, 0xE6, 0xBB, 0xE6, 0xBB, 0xE6, 0xBB, 0xE6, 0xBB, 0xE6, 0x9B, 
0xDE, 0x7A, 0xDE, 0x5A, 0xDE, 0x5A, 0xDE, 0x5A, 0xE6, 0x7A, 0xE6, 0x7A, 0xE6, 0x7A, 0xE6, 0x9A, 0xDE, 0x17, 0xB3, 0xC6, 0xAB, 0x22, 0xA3, 0x02, 0x92, 0x81, 0x9A, 0xC1, 0x9A, 0xE1, 0xCD, 0x2E, 
0xE6, 0xB7, 0xA3, 0x65, 0xBC, 0xAC, 0xA3, 0xC9, 0x93, 0xAE, 0x93, 0x8D, 0x93, 0x8E, 0x8B, 0x8D, 0x8B, 0x8D, 0x8B, 0x6D, 0x83, 0x2C, 0x7A, 0xEA, 0x6A, 0x88, 0x62, 0x27, 0x62, 0x06, 0x62, 0x06, 
0x62, 0x06, 0x62, 0x06, 0x62, 0x06, 0x61, 0xE5, 0x61, 0xE6, 0x59, 0xC5, 0x51, 0x64, 0x51, 0x44, 0x51, 0x65, 0x49, 0x03, 0x51, 0x03, 0x59, 0x23, 0x59, 0x43, 0x59, 0x43, 0x59, 0x23, 0x51, 0x23, 
0x51, 0x02, 0x51, 0x02, 0x51, 0x22, 0x59, 0x43, 0x61, 0x43, 0x61, 0x63, 0x69, 0x64, 0x69, 0x84, 0x69, 0x84, 0x69, 0x64, 0x69, 0x63, 0x61, 0x63, 0x69, 0x63, 0x69, 0x63, 0x71, 0x84, 0xCB, 0xAB, 
0x6A, 0x26, 0x6A, 0x06, 0x62, 0x06, 0x62, 0x06, 0x62, 0x06, 0x62, 0x06, 0x62, 0x06, 0x62, 0x06, 0x6A, 0x26, 0x6A, 0x26, 0x6A, 0x06, 0x6A, 0x06, 0x6A, 0x26, 0x6A, 0x26, 0x6A, 0x46, 0x72, 0x46, 
0x72, 0x67, 0x7A, 0x87, 0x7A, 0xA7, 0x7A, 0x87, 0x7A, 0xA7, 0x82, 0xC8, 0x82, 0xC8, 0x82, 0xE9, 0x82, 0xE9, 0x82, 0xE9, 0x82, 0xE9, 0x82, 0xE9, 0x82, 0xE8, 0x82, 0xE8, 0x8A, 0xE8, 0x49, 0x85, 
0x10, 0x62, 0x18, 0x82, 0x39, 0x03, 0x59, 0x43, 0x59, 0x43, 0x61, 0x63, 0x69, 0xA4, 0x71, 0xC4, 0x82, 0x05, 0x8A, 0x46, 0x92, 0x67, 0x92, 0x88, 0x9A, 0xA8, 0x9A, 0xA8, 0x9A, 0xC8, 0xA2, 0xC9, 
0xA2, 0xE9, 0xA2, 0xE9, 0xA2, 0xE9, 0xA2, 0xE9, 0xA2, 0xE9, 0xA3, 0x09, 0xA2, 0xE9, 0xA2, 0xE9, 0xA2, 0xE9, 0x9A, 0xC8, 0x9A, 0xC8, 0x9A, 0xA7, 0x92, 0x67, 0x82, 0x05, 0x58, 0xE1, 0x38, 0x40, 
0x38, 0x40, 0x38, 0x40, 0x38, 0x40, 0x8B, 0x4B, 0xAC, 0x4F, 0xB4, 0xB1, 0xB4, 0xB1, 0xB4, 0xB1, 0xBC, 0xB1, 0xBC, 0xB1, 0xBC, 0xD2, 0xC4, 0xD2, 0xC4, 0xD2, 0xC4, 0xD2, 0xC4, 0xD2, 0xC4, 0xD3, 
0xC4, 0xF3, 0xC4, 0xD2, 0xB9, 0x24, 0xC0, 0x00, 0xC0, 0x00, 0xB8, 0x00, 0xCC, 0x0F, 0xD5, 0x33, 0xD8, 0x82, 0xE8, 0x20, 0xE8, 0x20, 0xF2, 0x88, 0xFC, 0xF0, 0xFC, 0x90, 0xEA, 0x89, 0xEA, 0xCA, 
0xEA, 0xCA, 0xE1, 0xC6, 0xD0, 0x00, 0xD0, 0x61, 0xE3, 0x4C, 0xF4, 0x0F, 0xF4, 0x2F, 0xF4, 0x4F, 0xF4, 0x8F, 0xF4, 0xB0, 0xF5, 0x33, 0xE2, 0xEA, 0xD0, 0x00, 0xD0, 0x00, 0xD0, 0x00, 0xD0, 0x00, 
0xD0, 0x20, 0xD0, 0x80, 0xC8, 0xE0, 0xC9, 0x40, 0xC9, 0x80, 0xC9, 0xC0, 0xC9, 0xE0, 0xC9, 0xE0, 0xC9, 0xE0, 0xC9, 0xC0, 0xC9, 0xA0, 0xC9, 0x60, 0xC9, 0x20, 0xC8, 0xC0, 0xC8, 0x60, 0xC0, 0x20, 
0xC0, 0x00, 0xC0, 0x00, 0xC0, 0x00, 0xC0, 0x00, 0xD2, 0x48, 0xE4, 0x0E, 0xD0, 0x20, 0xD0, 0x00, 0xD0, 0x00, 0xD0, 0x00, 0xD0, 0x00, 0xDA, 0x68, 0xEB, 0xAD, 0xC8, 0x41, 0xD0, 0x61, 0xEB, 0x2B, 
0xF3, 0xAC, 0xEB, 0x8C, 0xF4, 0x0E, 0xF5, 0x53, 0xF5, 0x12, 0xD8, 0x41, 0xD8, 0x00, 0xD0, 0x00, 0xE5, 0x35, 0xE6, 0x18, 0xC1, 0x24, 0xB8, 0x00, 0xB8, 0x00, 0xB0, 0x00, 0xE5, 0x76, 0xE6, 0x59, 
0xE6, 0x59, 0xE6, 0x79, 0xE6, 0x7A, 0xE6, 0x79, 0xEE, 0x7A, 0xEE, 0x7A, 0xE6, 0x7A, 0xE6, 0x9B, 0xEE, 0xBB, 0xE6, 0xBC, 0xE6, 0xDB, 0xE6, 0xBC, 0xE6, 0xBB, 0xE6, 0xBB, 0xE6, 0xBB, 0xE6, 0xBB, 
0xE6, 0xBB, 0xE6, 0x9A, 0xE6, 0x7A, 0xDE, 0x5A, 0xDE, 0x59, 0xDE, 0x5A, 0xDE, 0x79, 0xD5, 0xB4, 0xA3, 0x44, 0x9B, 0x02, 0x8A, 0x60, 0x92, 0x60, 0x92, 0xC1, 0xAB, 0x63, 0xA3, 0x43, 0xB4, 0x49, 
0xD5, 0xB1, 0x92, 0xC1, 0xA3, 0x66, 0x9B, 0xAD, 0x93, 0xAE, 0x93, 0xAE, 0x93, 0x8D, 0x8B, 0x8D, 0x8B, 0x8D, 0x8B, 0x6C, 0x83, 0x2C, 0x7A, 0xCA, 0x6A, 0x68, 0x62, 0x26, 0x62, 0x06, 0x6A, 0x06, 
0x62, 0x06, 0x62, 0x06, 0x61, 0xE6, 0x61, 0xE5, 0x61, 0xE5, 0x59, 0xA5, 0x51, 0x44, 0x49, 0x23, 0x49, 0x24, 0x51, 0x03, 0x51, 0x03, 0x59, 0x23, 0x61, 0x43, 0x59, 0x43, 0x59, 0x43, 0x51, 0x23, 
0x51, 0x23, 0x51, 0x23, 0x59, 0x43, 0x59, 0x43, 0x61, 0x64, 0x61, 0x64, 0x69, 0x84, 0x69, 0x84, 0x69, 0x63, 0x69, 0x63, 0x69, 0x63, 0x61, 0x63, 0x69, 0x63, 0x69, 0x63, 0x9A, 0x25, 0xF4, 0xF1, 
0x72, 0x47, 0x6A, 0x26, 0x6A, 0x26, 0x6A, 0x26, 0x6A, 0x26, 0x6A, 0x26, 0x6A, 0x26, 0x6A, 0x26, 0x6A, 0x27, 0x6A, 0x26, 0x6A, 0x26, 0x6A, 0x26, 0x6A, 0x26, 0x6A, 0x46, 0x72, 0x47, 0x72, 0x67, 
0x7A, 0x87, 0x7A, 0x87, 0x7A, 0x87, 0x7A, 0x87, 0x7A, 0xA8, 0x82, 0xC8, 0x82, 0xC8, 0x82, 0xC8, 0x82, 0xE9, 0x82, 0xC9, 0x82, 0xC8, 0x82, 0xC8, 0x82, 0xC8, 0x82, 0xC8, 0x82, 0xC9, 0x28, 0xC2, 
0x18, 0x82, 0x18, 0x82, 0x6A, 0x27, 0x61, 0x84, 0x59, 0x42, 0x59, 0x43, 0x61, 0x63, 0x71, 0xA4, 0x79, 0xE5, 0x82, 0x06, 0x8A, 0x46, 0x8A, 0x67, 0x92, 0x88, 0x92, 0xA8, 0x9A, 0xA8, 0x9A, 0xA8, 
0x9A, 0xC9, 0x9A, 0xC9, 0xA2, 0xC9, 0xA2, 0xE9, 0xA2, 0xE9, 0xA2, 0xE9, 0xA2, 0xE9, 0xA2, 0xC9, 0xA2, 0xC9, 0x9A, 0xC8, 0x9A, 0xA8, 0x9A, 0xA7, 0x92, 0x87, 0x81, 0xE5, 0x50, 0xA1, 0x38, 0x40, 
0x38, 0x40, 0x38, 0x40, 0x30, 0x20, 0x6A, 0x26, 0xA4, 0x2E, 0xAC, 0x90, 0xB4, 0xB1, 0xB4, 0xB1, 0xBC, 0x91, 0xBC, 0x91, 0xC4, 0x91, 0xC4, 0x91, 0xC4, 0xB1, 0xC4, 0xB1, 0xC4, 0xB1, 0xC4, 0xD2, 
0xC4, 0xF2, 0xC4, 0xF2, 0xB9, 0x24, 0xC0, 0x00, 0xB8, 0x00, 0xB8, 0x00, 0xCC, 0x30, 0xD5, 0x33, 0xD8, 0x82, 0xE8, 0x20, 0xE8, 0x20, 0xE9, 0xA5, 0xFC, 0x8F, 0xF3, 0xAC, 0xE1, 0xC6, 0xD9, 0x44, 
0xD9, 0x44, 0xE2, 0xC9, 0xEA, 0xEA, 0xC8, 0x20, 0xC8, 0x00, 0xC8, 0x00, 0xC8, 0x00, 0xC8, 0x00, 0xC0, 0x00, 0xC0, 0x00, 0xDB, 0x4B, 0xE2, 0xCA, 0xD0, 0x00, 0xD0, 0x00, 0xD0, 0x00, 0xD0, 0x20, 
0xC8, 0xA0, 0xC9, 0x00, 0xC9, 0x60, 0xC9, 0xC0, 0xCA, 0x21, 0xCA, 0x81, 0xCA, 0xA1, 0xCA, 0xC1, 0xCA, 0xA1, 0xCA, 0x81, 0xCA, 0x61, 0xC2, 0x00, 0xC9, 0xA0, 0xC9, 0x40, 0xC0, 0xE0, 0xC8, 0x80, 
0xC0, 0x20, 0xC0, 0x00, 0xC0, 0x00, 0xC0, 0x00, 0xD2, 0x27, 0xE4, 0x2F, 0xD9, 0x23, 0xD9, 0x23, 0xD9, 0x24, 0xD9, 0x44, 0xE2, 0xAA, 0xEB, 0xAD, 0xC8, 0x41, 0xC8, 0x41, 0xF3, 0xAC, 0xE2, 0x68, 
0xD1, 0x03, 0xD1, 0x44, 0xD9, 0xE6, 0xF4, 0x2E, 0xEB, 0x2B, 0xD0, 0x00, 0xD0, 0x00, 0xC8, 0x00, 0xE5, 0x35, 0xE6, 0x18, 0xC1, 0x24, 0xB8, 0x00, 0xB8, 0x00, 0xB0, 0x00, 0xE5, 0x76, 0xE6, 0x59, 
0xE6, 0x59, 0xE6, 0x59, 0xE6, 0x59, 0xEE, 0x59, 0xEE, 0x59, 0xEE, 0x7A, 0xEE, 0x7A, 0xEE, 0x9A, 0xEE, 0xBB, 0xEE, 0xDB, 0xEE, 0xDC, 0xEE, 0xDC, 0xEE, 0xDC, 0xE6, 0xDC, 0xE6, 0xBB, 0xE6, 0x9B, 
0xE6, 0x9B, 0xE6, 0x7A, 0xE6, 0x7A, 0xDE, 0x7A, 0xDE, 0x7A, 0xDE, 0x59, 0xD5, 0x72, 0xAB, 0x23, 0x9A, 0xA0, 0x8A, 0x40, 0x92, 0x81, 0x8A, 0x80, 0x92, 0xA1, 0xA3, 0x44, 0x92, 0xA1, 0x82, 0x20, 
0x8A, 0x81, 0x8A, 0x41, 0xA3, 0xA9, 0x93, 0xAE, 0x93, 0x8E, 0x93, 0xAE, 0x93, 0x8E, 0x93, 0x8E, 0x8B, 0x8D, 0x8B, 0x4D, 0x7B, 0x2B, 0x72, 0xAA, 0x6A, 0x48, 0x6A, 0x27, 0x62, 0x06, 0x62, 0x06, 
0x62, 0x06, 0x62, 0x06, 0x61, 0xE5, 0x61, 0xE5, 0x61, 0xC5, 0x59, 0x85, 0x49, 0x23, 0x49, 0x03, 0x48, 0xE3, 0x50, 0xE2, 0x59, 0x03, 0x59, 0x23, 0x61, 0x43, 0x61, 0x43, 0x59, 0x43, 0x59, 0x43, 
0x59, 0x43, 0x59, 0x43, 0x59, 0x43, 0x61, 0x63, 0x61, 0x64, 0x69, 0x84, 0x69, 0x84, 0x69, 0x84, 0x69, 0x63, 0x69, 0x63, 0x61, 0x63, 0x69, 0x63, 0x69, 0x64, 0x69, 0x63, 0xB2, 0xC7, 0xF5, 0x11, 
0x83, 0x0A, 0x7A, 0xA8, 0x72, 0x67, 0x72, 0x47, 0x72, 0x47, 0x6A, 0x47, 0x6A, 0x27, 0x6A, 0x46, 0x6A, 0x26, 0x6A, 0x27, 0x6A, 0x27, 0x6A, 0x26, 0x72, 0x46, 0x72, 0x47, 0x72, 0x67, 0x72, 0x67, 
0x7A, 0x87, 0x7A, 0x87, 0x7A, 0x87, 0x7A, 0x67, 0x7A, 0xA8, 0x82, 0xC8, 0x82, 0xC8, 0x82, 0xC9, 0x82, 0xE9, 0x82, 0xC8, 0x82, 0xC8, 0x82, 0xC8, 0x82, 0xC8, 0x82, 0xC9, 0x72, 0x47, 0x10, 0x41, 
0x18, 0x83, 0x28, 0xC3, 0x7A, 0xC9, 0x72, 0x46, 0x59, 0x63, 0x59, 0x42, 0x61, 0x43, 0x69, 0x83, 0x71, 0xA4, 0x79, 0xE5, 0x82, 0x26, 0x8A, 0x46, 0x8A, 0x67, 0x92, 0x87, 0x92, 0x87, 0x9A, 0xA8, 
0x9A, 0xA8, 0x9A, 0xA8, 0x9A, 0xC9, 0xA2, 0xC9, 0xA2, 0xC9, 0xA2, 0xE8, 0xA2, 0xC9, 0x9A, 0xC8, 0x9A, 0xC8, 0x9A, 0xC8, 0x9A, 0xA8, 0x9A, 0xA8, 0x92, 0x87, 0x79, 0xC4, 0x48, 0x80, 0x38, 0x40, 
0x38, 0x40, 0x38, 0x40, 0x30, 0x20, 0x72, 0x47, 0xA4, 0x0E, 0xAC, 0x70, 0xB4, 0x90, 0xB3, 0x2B, 0xB0, 0x82, 0xB0, 0x61, 0xB0, 0x61, 0xB0, 0x61, 0xB0, 0x61, 0xB0, 0x61, 0xB0, 0x61, 0xB0, 0x82, 
0xBB, 0x4C, 0xBC, 0xD2, 0xB9, 0x24, 0xB8, 0x00, 0xB8, 0x00, 0xB8, 0x00, 0xCC, 0x30, 0xD5, 0x33, 0xD8, 0x81, 0xE0, 0x00, 0xE0, 0x20, 0xE0, 0x20, 0xD0, 0xA2, 0xD0, 0x20, 0xD8, 0x00, 0xD8, 0x00, 
0xD8, 0x00, 0xD0, 0x00, 0xDA, 0x48, 0xEB, 0x2B, 0xD1, 0x65, 0xD9, 0x85, 0xD9, 0xA6, 0xD9, 0xC7, 0xD9, 0xE7, 0xD2, 0x07, 0xE4, 0x0E, 0xE2, 0xC9, 0xD0, 0x00, 0xD0, 0x00, 0xD0, 0x40, 0xD0, 0xA0, 
0xC9, 0x20, 0xC1, 0x80, 0xC2, 0x00, 0xCA, 0x61, 0xCA, 0xC1, 0xD3, 0x22, 0xD3, 0x62, 0xD3, 0x62, 0xD3, 0x63, 0xD3, 0x62, 0xCB, 0x22, 0xCA, 0xC1, 0xC2, 0x61, 0xC1, 0xE0, 0xC1, 0x60, 0xC1, 0x00, 
0xC8, 0x80, 0xC0, 0x20, 0xC0, 0x00, 0xC0, 0x00, 0xD2, 0x28, 0xEC, 0xD1, 0xE3, 0xCD, 0xE3, 0xAC, 0xEB, 0x8C, 0xE3, 0x6C, 0xE2, 0xC9, 0xC0, 0x61, 0xC0, 0x20, 0xEB, 0x6C, 0xE2, 0x89, 0xC8, 0x00, 
0xC8, 0x00, 0xC8, 0x00, 0xC8, 0x00, 0xD1, 0x03, 0xD0, 0x41, 0xD0, 0x00, 0xD0, 0x00, 0xC8, 0x00, 0xE5, 0x55, 0xE6, 0x18, 0xC1, 0x24, 0xB8, 0x00, 0xB8, 0x00, 0xB0, 0x00, 0xDD, 0x76, 0xE6, 0x39, 
0xC1, 0xA6, 0xC1, 0x65, 0xC1, 0x45, 0xC1, 0x45, 0xC1, 0x45, 0xC1, 0x45, 0xC1, 0x65, 0xC1, 0x86, 0xCB, 0xCF, 0xEE, 0xDB, 0xEE, 0xDC, 0xEE, 0xDC, 0xEE, 0xDC, 0xEE, 0xDC, 0xEE, 0xDC, 0xE6, 0xDB, 
0xE6, 0xBB, 0xE6, 0x9A, 0xE6, 0x5A, 0xDE, 0x59, 0xDE, 0x59, 0xCD, 0x0F, 0xAB, 0x22, 0x9A, 0xC1, 0xA3, 0x02, 0x92, 0x81, 0x82, 0x20, 0x8A, 0x40, 0x8A, 0x60, 0x8A, 0x40, 0x8A, 0x40, 0x82, 0x00, 
0x82, 0x20, 0x8A, 0x42, 0x9B, 0xAD, 0x93, 0xAE, 0x93, 0x8E, 0x93, 0xAE, 0x93, 0xAE, 0x93, 0x8E, 0x8B, 0x8D, 0x83, 0x4C, 0x7B, 0x0B, 0x72, 0xA9, 0x6A, 0x47, 0x6A, 0x26, 0x62, 0x06, 0x62, 0x06, 
0x62, 0x06, 0x6A, 0x06, 0x62, 0x06, 0x61, 0xE6, 0x61, 0xC5, 0x51, 0x84, 0x49, 0x23, 0x40, 0xE2, 0x48, 0xC2, 0x50, 0xE2, 0x59, 0x02, 0x61, 0x43, 0x61, 0x43, 0x61, 0x64, 0x61, 0x64, 0x59, 0x63, 
0x59, 0x43, 0x59, 0x63, 0x61, 0x63, 0x61, 0x64, 0x69, 0x84, 0x69, 0x84, 0x69, 0x84, 0x69, 0x84, 0x69, 0x84, 0x69, 0x64, 0x69, 0x63, 0x69, 0x63, 0x69, 0x63, 0x69, 0x63, 0xC3, 0x29, 0xF5, 0x11, 
0x8B, 0x4C, 0x82, 0xE9, 0x7A, 0x88, 0x72, 0x67, 0x72, 0x47, 0x72, 0x47, 0x72, 0x47, 0x72, 0x46, 0x6A, 0x46, 0x6A, 0x26, 0x6A, 0x26, 0x72, 0x46, 0x72, 0x47, 0x72, 0x47, 0x72, 0x67, 0x7A, 0x87, 
0x7A, 0x87, 0x7A, 0x87, 0x72, 0x66, 0x7A, 0x67, 0x7A, 0xA8, 0x82, 0xC8, 0x82, 0xC9, 0x82, 0xE9, 0x82, 0xE9, 0x82, 0xC9, 0x82, 0xC8, 0x82, 0xC9, 0x82, 0xC8, 0x82, 0xC8, 0x41, 0x44, 0x10, 0x41, 
0x18, 0xA2, 0x49, 0xA5, 0x82, 0xE9, 0x7A, 0xC8, 0x6A, 0x05, 0x59, 0x43, 0x59, 0x43, 0x61, 0x63, 0x69, 0x83, 0x71, 0xA4, 0x79, 0xE5, 0x82, 0x26, 0x8A, 0x46, 0x8A, 0x67, 0x92, 0x67, 0x92, 0x88, 
0x92, 0xA8, 0x9A, 0xA8, 0x9A, 0xA8, 0x9A, 0xA8, 0x9A, 0xC8, 0x9A, 0xC8, 0x9A, 0xC8, 0x9A, 0xC8, 0x9A, 0xC8, 0x9A, 0xA8, 0x9A, 0xA8, 0x9A, 0xA8, 0x92, 0x67, 0x79, 0xA4, 0x48, 0x60, 0x38, 0x40, 
0x38, 0x40, 0x38, 0x40, 0x40, 0xC2, 0x9B, 0xAC, 0xAC, 0x2E, 0xAC, 0x70, 0xB4, 0x90, 0xA9, 0xE7, 0xB0, 0x00, 0xB0, 0x00, 0xB8, 0x00, 0xB8, 0x00, 0xB0, 0x00, 0xB0, 0x00, 0xB0, 0x00, 0xB0, 0x00, 
0xBA, 0xEA, 0xBC, 0xB1, 0xB9, 0x24, 0xB8, 0x00, 0xB8, 0x00, 0xB8, 0x00, 0xCC, 0x30, 0xD5, 0x33, 0xD8, 0x82, 0xE0, 0x00, 0xE0, 0x00, 0xE1, 0x44, 0xF4, 0xB1, 0xEB, 0x8C, 0xC8, 0x41, 0xD0, 0x61, 
0xD0, 0x82, 0xC8, 0x20, 0xC8, 0x00, 0xD9, 0xC6, 0xDA, 0x89, 0xDA, 0xA9, 0xDA, 0xA9, 0xDA, 0xA9, 0xDA, 0xC9, 0xDA, 0xCA, 0xE4, 0x70, 0xE2, 0xCA, 0xD0, 0x00, 0xD0, 0x40, 0xD0, 0xA0, 0xC9, 0x00, 
0xC9, 0x80, 0xC2, 0x00, 0xCA, 0x81, 0xCB, 0x02, 0xD3, 0x83, 0xD3, 0xE3, 0xDC, 0x24, 0xDC, 0x65, 0xDC, 0x65, 0xDC, 0x44, 0xD3, 0xE4, 0xCB, 0x83, 0xCB, 0x02, 0xC2, 0x81, 0xC1, 0xE0, 0xC1, 0x80, 
0xC1, 0x00, 0xC0, 0x60, 0xC0, 0x00, 0xC0, 0x00, 0xD2, 0x28, 0xE4, 0x0E, 0xC0, 0x00, 0xC0, 0x00, 0xC0, 0x00, 0xC0, 0x00, 0xC0, 0x00, 0xC0, 0x00, 0xEA, 0xEA, 0xE2, 0xA9, 0xC8, 0x20, 0xD9, 0x44, 
0xD9, 0x44, 0xD9, 0x24, 0xDA, 0x48, 0xF5, 0x12, 0xF3, 0xEE, 0xD0, 0x00, 0xD0, 0x00, 0xC8, 0x00, 0xE5, 0x55, 0xE6, 0x18, 0xC1, 0x04, 0xB8, 0x00, 0xB8, 0x00, 0xB0, 0x00, 0xDD, 0x76, 0xE6, 0x18, 
0xB0, 0x21, 0xB8, 0x00, 0xB8, 0x00, 0xC0, 0x00, 0xB8, 0x00, 0xB8, 0x00, 0xB8, 0x00, 0xB0, 0x00, 0xA8, 0x62, 0xEE, 0xBB, 0xEE, 0xDB, 0xEE, 0xDC, 0xEE, 0xDB, 0xEE, 0xDB, 0xEE, 0xDC, 0xEE, 0xDC, 
0xE6, 0xBB, 0xE6, 0xBB, 0xE6, 0x9B, 0xDE, 0x17, 0xC4, 0xAC, 0xB3, 0x83, 0x9A, 0xE1, 0x9A, 0xC1, 0xCD, 0x0E, 0xA3, 0x22, 0x82, 0x20, 0x82, 0x20, 0x8A, 0x40, 0x82, 0x40, 0x82, 0x20, 0xA3, 0x86, 
0xC4, 0x48, 0xAB, 0xCB, 0x93, 0x8D, 0x93, 0x8E, 0x93, 0x8E, 0x93, 0x8E, 0x93, 0x8E, 0x8B, 0x8D, 0x8B, 0x6D, 0x83, 0x4C, 0x7A, 0xEB, 0x72, 0x88, 0x6A, 0x47, 0x6A, 0x26, 0x62, 0x06, 0x62, 0x06, 
0x6A, 0x06, 0x6A, 0x06, 0x62, 0x06, 0x62, 0x05, 0x59, 0xC5, 0x51, 0x64, 0x41, 0x03, 0x40, 0xC2, 0x48, 0xC2, 0x50, 0xE2, 0x59, 0x02, 0x61, 0x43, 0x61, 0x63, 0x61, 0x64, 0x61, 0x64, 0x61, 0x64, 
0x61, 0x63, 0x61, 0x63, 0x61, 0x64, 0x61, 0x84, 0x69, 0x84, 0x69, 0x84, 0x69, 0x84, 0x69, 0x84, 0x69, 0x84, 0x69, 0x64, 0x69, 0x63, 0x69, 0x63, 0x69, 0x63, 0x71, 0x63, 0xD3, 0x6A, 0xF4, 0xF0, 
0x93, 0x8C, 0x8B, 0x2B, 0x82, 0xC9, 0x7A, 0x87, 0x72, 0x67, 0x72, 0x47, 0x72, 0x47, 0x72, 0x47, 0x6A, 0x46, 0x72, 0x47, 0x72, 0x46, 0x72, 0x46, 0x72, 0x47, 0x72, 0x67, 0x7A, 0x67, 0x7A, 0x87, 
0x7A, 0x87, 0x7A, 0x87, 0x72, 0x66, 0x7A, 0x87, 0x82, 0xA8, 0x82, 0xC8, 0x82, 0xC9, 0x82, 0xE9, 0x82, 0xE9, 0x82, 0xC8, 0x82, 0xC8, 0x82, 0xC8, 0x82, 0xC8, 0x7A, 0xA8, 0x18, 0x61, 0x18, 0x82, 
0x18, 0x82, 0x6A, 0x68, 0x82, 0xE9, 0x82, 0xE9, 0x7A, 0xA8, 0x69, 0xC4, 0x59, 0x42, 0x59, 0x43, 0x61, 0x43, 0x69, 0x84, 0x71, 0xC4, 0x79, 0xE5, 0x82, 0x26, 0x82, 0x46, 0x8A, 0x47, 0x92, 0x67, 
0x92, 0x87, 0x92, 0x88, 0x9A, 0xA8, 0x9A, 0x88, 0x9A, 0xA8, 0x9A, 0xA8, 0x9A, 0xA8, 0x9A, 0xA8, 0x9A, 0xC8, 0x9A, 0xA8, 0x9A, 0xA8, 0x92, 0x87, 0x8A, 0x46, 0x69, 0x63, 0x40, 0x60, 0x38, 0x40, 
0x38, 0x40, 0x38, 0x40, 0x7A, 0x88, 0xA4, 0x0D, 0xAC, 0x2E, 0xAC, 0x6F, 0xB4, 0x90, 0xB3, 0xEE, 0xB1, 0xE7, 0xB1, 0xC7, 0xB1, 0xE7, 0xB1, 0xE7, 0xB1, 0xE7, 0xB1, 0xE7, 0xB1, 0xE7, 0xB1, 0xE7, 
0xBB, 0xCE, 0xBC, 0xB1, 0xB9, 0x04, 0xB8, 0x00, 0xB8, 0x00, 0xB0, 0x00, 0xCC, 0x30, 0xD5, 0x33, 0xD8, 0x81, 0xE0, 0x00, 0xE0, 0x00, 0xEB, 0x2B, 0xF4, 0xF1, 0xF4, 0xD1, 0xF4, 0x2F, 0xEC, 0x0E, 
0xEB, 0xEE, 0xEC, 0x0E, 0xC8, 0x81, 0xC0, 0x00, 0xC0, 0x00, 0xC0, 0x00, 0xC0, 0x00, 0xC0, 0x00, 0xC0, 0x00, 0xB8, 0x00, 0xDB, 0x8D, 0xDA, 0xCA, 0xD0, 0x20, 0xD0, 0x60, 0xC8, 0xE0, 0xC9, 0x60, 
0xC1, 0xE0, 0xC2, 0x81, 0xCB, 0x02, 0xD3, 0xA3, 0xDC, 0x44, 0xDC, 0xC6, 0xE5, 0x27, 0xE5, 0x68, 0xE5, 0x68, 0xE5, 0x27, 0xDC, 0xC6, 0xD4, 0x44, 0xD3, 0xA3, 0xCB, 0x22, 0xC2, 0x80, 0xC1, 0xE0, 
0xC1, 0x60, 0xC0, 0xC0, 0xC0, 0x40, 0xC0, 0x00, 0xD2, 0x27, 0xE4, 0x90, 0xD2, 0x89, 0xDA, 0xC9, 0xDA, 0xCA, 0xDA, 0xAA, 0xDA, 0x89, 0xEB, 0x4B, 0xE2, 0xA9, 0xC0, 0x00, 0xC8, 0x20, 0xD9, 0x44, 
0xD9, 0x85, 0xD9, 0xC6, 0xE2, 0xCA, 0xF4, 0xF2, 0xEB, 0xAD, 0xD0, 0x00, 0xD0, 0x00, 0xC8, 0x00, 0xE5, 0x55, 0xE6, 0x18, 0xC1, 0x04, 0xB8, 0x00, 0xB8, 0x00, 0xB0, 0x00, 0xDD, 0x75, 0xE6, 0x18, 
0xB9, 0xC7, 0xC1, 0x86, 0xC1, 0xA6, 0xC1, 0xA6, 0xC1, 0xA6, 0xC1, 0x86, 0xB9, 0x86, 0xB9, 0x86, 0xCB, 0xCF, 0xEE, 0xDB, 0xEE, 0xDB, 0xEE, 0xDC, 0xEE, 0xDB, 0xEE, 0xDC, 0xEE, 0xDB, 0xEE, 0xDB, 
0xEE, 0xDB, 0xEE, 0xBB, 0xDE, 0x16, 0xBC, 0x28, 0xA3, 0x22, 0xA3, 0x21, 0xA3, 0x23, 0xAB, 0x64, 0x9B, 0x23, 0x8A, 0x81, 0x92, 0x81, 0x92, 0xA1, 0xC4, 0xED, 0xB4, 0x09, 0x82, 0x20, 0x9A, 0xC3, 
0xC4, 0x4B, 0x9B, 0xAE, 0x93, 0x8D, 0x93, 0x8D, 0x93, 0xAE, 0x93, 0x8E, 0x93, 0x8E, 0x8B, 0x8D, 0x8B, 0x6D, 0x83, 0x2C, 0x7A, 0xCA, 0x6A, 0x68, 0x6A, 0x27, 0x6A, 0x06, 0x62, 0x06, 0x62, 0x06, 
0x62, 0x06, 0x6A, 0x06, 0x6A, 0x06, 0x62, 0x06, 0x59, 0xA5, 0x51, 0x44, 0x40, 0xE3, 0x40, 0xC2, 0x48, 0xA2, 0x50, 0xE2, 0x59, 0x22, 0x61, 0x43, 0x61, 0x63, 0x61, 0x64, 0x61, 0x64, 0x61, 0x64, 
0x61, 0x63, 0x61, 0x64, 0x61, 0x64, 0x69, 0x84, 0x69, 0x84, 0x69, 0x84, 0x69, 0x84, 0x69, 0x84, 0x69, 0x84, 0x79, 0x84, 0xA2, 0x26, 0xBA, 0xC8, 0xC2, 0xE8, 0xC2, 0xE8, 0xEB, 0xEC, 0xF4, 0xD0, 
0x93, 0xAD, 0x8B, 0x6C, 0x82, 0xEA, 0x7A, 0x88, 0x7A, 0x67, 0x72, 0x47, 0x72, 0x47, 0x72, 0x47, 0x72, 0x47, 0x72, 0x47, 0x72, 0x47, 0x72, 0x47, 0x7A, 0x67, 0x7A, 0x67, 0x7A, 0x87, 0x7A, 0x87, 
0x7A, 0x87, 0x7A, 0x87, 0x7A, 0x67, 0x7A, 0x87, 0x82, 0xA8, 0x82, 0xC8, 0x82, 0xE9, 0x82, 0xE9, 0x82, 0xE9, 0x82, 0xC9, 0x82, 0xC8, 0x82, 0xC8, 0x82, 0xC8, 0x59, 0xE6, 0x08, 0x41, 0x18, 0x82, 
0x28, 0xC2, 0x82, 0xE9, 0x82, 0xE9, 0x82, 0xE9, 0x82, 0xE9, 0x7A, 0xA7, 0x61, 0x83, 0x59, 0x42, 0x59, 0x42, 0x61, 0x63, 0x69, 0xA4, 0x71, 0xC5, 0x7A, 0x05, 0x82, 0x06, 0x82, 0x26, 0x8A, 0x46, 
0x8A, 0x47, 0x92, 0x67, 0x92, 0x67, 0x92, 0x67, 0x92, 0x87, 0x92, 0x87, 0x9A, 0x87, 0x9A, 0xA8, 0x9A, 0xA8, 0x9A, 0xA8, 0x92, 0x87, 0x92, 0x67, 0x8A, 0x26, 0x61, 0x02, 0x40, 0x40, 0x38, 0x40, 
0x38, 0x40, 0x59, 0x43, 0xA3, 0xED, 0xAC, 0x2E, 0xAC, 0x4F, 0xAC, 0x6F, 0xB4, 0x70, 0xB4, 0xB0, 0xBC, 0xB1, 0xBC, 0xB1, 0xBC, 0xD1, 0xBC, 0xB1, 0xBC, 0xB1, 0xBC, 0xB1, 0xC4, 0xB1, 0xC4, 0xD1, 
0xC4, 0xD1, 0xBC, 0xB1, 0xB9, 0x04, 0xB8, 0x00, 0xB8, 0x00, 0xB0, 0x00, 0xCC, 0x2F, 0xD5, 0x33, 0xD0, 0x81, 0xD8, 0x00, 0xD8, 0x00, 0xD8, 0xA2, 0xE2, 0xC9, 0xD9, 0xC6, 0xD0, 0x00, 0xD0, 0x00, 
0xD0, 0x00, 0xD1, 0x44, 0xF4, 0x4F, 0xEB, 0xCD, 0xEB, 0xEE, 0xEC, 0x0E, 0xEC, 0x2F, 0xEC, 0x2F, 0xEC, 0x2F, 0xEC, 0x2F, 0xEC, 0xD1, 0xDA, 0xCA, 0xD0, 0x20, 0xD0, 0x80, 0xC9, 0x20, 0xC1, 0xA0, 
0xC2, 0x41, 0xCA, 0xE2, 0xCB, 0x83, 0xD4, 0x24, 0xE4, 0xE6, 0xE5, 0x88, 0xED, 0xEA, 0xEE, 0x2C, 0xEE, 0x2C, 0xEE, 0x0B, 0xE5, 0x88, 0xDC, 0xE6, 0xDC, 0x44, 0xD3, 0xA3, 0xCA, 0xE1, 0xC2, 0x40, 
0xC1, 0xA0, 0xC1, 0x20, 0xC0, 0x80, 0xC0, 0x00, 0xD2, 0x27, 0xE4, 0x4F, 0xDA, 0x28, 0xDA, 0x07, 0xD9, 0xE7, 0xD9, 0xC6, 0xD9, 0xC6, 0xD1, 0x85, 0xC8, 0x00, 0xC8, 0x00, 0xC8, 0x00, 0xC8, 0x00, 
0xC8, 0x00, 0xC8, 0x00, 0xC8, 0x00, 0xC8, 0xA2, 0xC8, 0x20, 0xD0, 0x00, 0xD0, 0x00, 0xC8, 0x00, 0xE5, 0x76, 0xE6, 0x18, 0xC1, 0x04, 0xB8, 0x00, 0xB8, 0x00, 0xB0, 0x00, 0xDD, 0x76, 0xE6, 0x39, 
0xE6, 0x59, 0xE6, 0x39, 0xE6, 0x39, 0xE6, 0x39, 0xE6, 0x39, 0xE6, 0x59, 0xE6, 0x59, 0xE6, 0x7A, 0xE6, 0x9A, 0xEE, 0xBB, 0xEE, 0xBB, 0xEE, 0xDB, 0xEE, 0xDB, 0xEE, 0xDB, 0xEE, 0xDB, 0xEE, 0xDB, 
0xEE, 0xBB, 0xCD, 0x30, 0xB3, 0x84, 0xBC, 0x05, 0xA3, 0x21, 0xBC, 0x48, 0x9A, 0xE1, 0x92, 0xC1, 0x8A, 0x60, 0x82, 0x40, 0x8A, 0x60, 0x9B, 0x45, 0xFF, 0xDE, 0xEE, 0xD7, 0x8A, 0x60, 0xB3, 0x47, 
0xAB, 0xEF, 0x93, 0x8D, 0x93, 0x8D, 0x93, 0x8E, 0x93, 0x8E, 0x93, 0x8E, 0x8B, 0x8D, 0x8B, 0x6D, 0x83, 0x2C, 0x7B, 0x0B, 0x72, 0xA9, 0x6A, 0x48, 0x62, 0x26, 0x62, 0x06, 0x62, 0x06, 0x62, 0x06, 
0x62, 0x06, 0x6A, 0x06, 0x6A, 0x06, 0x61, 0xE5, 0x59, 0xA4, 0x49, 0x23, 0x40, 0xE3, 0x40, 0xA2, 0x48, 0xA2, 0x50, 0xE2, 0x61, 0x43, 0x61, 0x63, 0x61, 0x64, 0x61, 0x84, 0x61, 0x84, 0x61, 0x64, 
0x61, 0x63, 0x61, 0x64, 0x61, 0x84, 0x69, 0x84, 0x69, 0x84, 0x69, 0x84, 0x69, 0x84, 0x69, 0x84, 0x71, 0x84, 0xBA, 0xA7, 0xEC, 0x4E, 0xF4, 0xF1, 0xFD, 0x12, 0xFD, 0x12, 0xFD, 0x12, 0xF5, 0x12, 
0x93, 0xAE, 0x93, 0x6D, 0x8B, 0x2B, 0x7A, 0xC9, 0x7A, 0x88, 0x7A, 0x67, 0x72, 0x67, 0x72, 0x67, 0x72, 0x67, 0x7A, 0x67, 0x7A, 0x67, 0x7A, 0x87, 0x7A, 0x87, 0x7A, 0x88, 0x7A, 0x87, 0x7A, 0x87, 
0x7A, 0x87, 0x7A, 0x87, 0x7A, 0x87, 0x7A, 0xA8, 0x82, 0xA8, 0x82, 0xC8, 0x82, 0xE9, 0x82, 0xC9, 0x82, 0xC9, 0x82, 0xC8, 0x82, 0xC8, 0x82, 0xC8, 0x7A, 0xC8, 0x31, 0x03, 0x10, 0x61, 0x18, 0x82, 
0x51, 0xC6, 0x82, 0xE9, 0x82, 0xE8, 0x82, 0xE9, 0x82, 0xE9, 0x82, 0xE8, 0x72, 0x46, 0x59, 0x42, 0x59, 0x22, 0x59, 0x42, 0x69, 0x83, 0x71, 0xA4, 0x71, 0xE5, 0x7A, 0x05, 0x82, 0x06, 0x82, 0x26, 
0x8A, 0x47, 0x8A, 0x47, 0x8A, 0x46, 0x92, 0x67, 0x92, 0x67, 0x92, 0x67, 0x92, 0x67, 0x92, 0x87, 0x92, 0x87, 0x92, 0x87, 0x92, 0x87, 0x92, 0x46, 0x79, 0xC5, 0x50, 0xA0, 0x40, 0x40, 0x38, 0x40, 
0x40, 0xA1, 0x93, 0xAC, 0xAC, 0x4F, 0xAC, 0x6F, 0xB4, 0x90, 0xB4, 0x90, 0xB4, 0xB0, 0xB4, 0xB0, 0xBC, 0xB1, 0xBC, 0xB1, 0xBC, 0xB1, 0xBC, 0xB1, 0xC4, 0xB1, 0xC4, 0xB1, 0xC4, 0xB1, 0xC4, 0xD1, 
0xC4, 0xD1, 0xC4, 0xB1, 0xB9, 0x04, 0xB8, 0x00, 0xB8, 0x00, 0xB0, 0x00, 0xCC, 0x2F, 0xD5, 0x13, 0xD0, 0x62, 0xD8, 0x00, 0xD8, 0x00, 0xD0, 0x41, 0xDA, 0x28, 0xD9, 0x04, 0xD8, 0x00, 0xD8, 0x00, 
0xD8, 0x00, 0xD0, 0x00, 0xD0, 0x61, 0xD0, 0xA2, 0xC8, 0xA2, 0xC8, 0xA2, 0xC8, 0xA2, 0xC8, 0xA2, 0xC8, 0xA2, 0xC8, 0xC2, 0xDB, 0x6C, 0xDA, 0xAA, 0xD0, 0x40, 0xC8, 0xA0, 0xC9, 0x40, 0xC1, 0xC1, 
0xC2, 0x61, 0xCB, 0x23, 0xD3, 0xE4, 0xDC, 0xA5, 0xE5, 0x68, 0xEE, 0x2C, 0xEE, 0x8E, 0xF6, 0xB0, 0xF6, 0xD1, 0xEE, 0x8F, 0xEE, 0x2B, 0xE5, 0x88, 0xDC, 0xC6, 0xD4, 0x04, 0xCB, 0x42, 0xC2, 0xA1, 
0xC1, 0xE0, 0xC1, 0x40, 0xC0, 0xA0, 0xC0, 0x20, 0xD2, 0x27, 0xE3, 0xCD, 0xC0, 0x20, 0xC0, 0x20, 0xC8, 0x20, 0xC8, 0x00, 0xC8, 0x00, 0xC0, 0x00, 0xC8, 0x00, 0xC8, 0x00, 0xC8, 0x00, 0xC8, 0x00, 
0xC8, 0x00, 0xC8, 0x00, 0xC9, 0x03, 0xF4, 0x2F, 0xE3, 0x0B, 0xD0, 0x00, 0xD0, 0x00, 0xC8, 0x00, 0xE5, 0x76, 0xE6, 0x18, 0xC0, 0xE4, 0xB8, 0x00, 0xB8, 0x00, 0xB0, 0x00, 0xDD, 0x76, 0xE6, 0x59, 
0xE6, 0x59, 0xE6, 0x39, 0xE6, 0x39, 0xE6, 0x39, 0xE6, 0x59, 0xE6, 0x59, 0xE6, 0x5A, 0xE6, 0x7A, 0xE6, 0x9A, 0xE6, 0xBB, 0xEE, 0xBB, 0xEE, 0xDB, 0xEE, 0xDB, 0xEE, 0xDB, 0xEE, 0xDB, 0xE6, 0x78, 
0xC4, 0xAC, 0xBC, 0x26, 0xB3, 0xC3, 0xB3, 0xC4, 0xB3, 0x83, 0xB4, 0x06, 0x9A, 0xC1, 0x9A, 0xC1, 0x92, 0xC1, 0x8A, 0x60, 0x8A, 0x60, 0x8A, 0x61, 0xBC, 0xAC, 0xA3, 0x66, 0xB3, 0x66, 0xCC, 0x51, 
0x93, 0x8E, 0x93, 0x6D, 0x8B, 0x8D, 0x8B, 0x6D, 0x8B, 0x6D, 0x8B, 0x6D, 0x8B, 0x4D, 0x83, 0x2C, 0x7A, 0xEB, 0x72, 0xCA, 0x6A, 0x88, 0x6A, 0x27, 0x62, 0x06, 0x61, 0xE5, 0x61, 0xE5, 0x61, 0xE5, 
0x61, 0xE5, 0x62, 0x05, 0x61, 0xE6, 0x61, 0xC5, 0x51, 0x84, 0x49, 0x23, 0x40, 0xE2, 0x40, 0xA2, 0x48, 0xC2, 0x59, 0x02, 0x61, 0x43, 0x61, 0x64, 0x61, 0x84, 0x61, 0x84, 0x61, 0x84, 0x61, 0x64, 
0x61, 0x64, 0x61, 0x84, 0x69, 0x84, 0x69, 0x84, 0x69, 0x84, 0x69, 0x84, 0x69, 0x84, 0x69, 0x84, 0x71, 0x84, 0xC3, 0x09, 0xEC, 0x6F, 0xF5, 0x33, 0xF5, 0x95, 0xFD, 0xB6, 0xFD, 0xB6, 0xF5, 0xB6, 
0x93, 0xCE, 0x93, 0x8D, 0x8B, 0x6C, 0x83, 0x0B, 0x82, 0xC9, 0x7A, 0xA8, 0x7A, 0x88, 0x7A, 0x88, 0x7A, 0x88, 0x7A, 0x88, 0x7A, 0x88, 0x7A, 0xA8, 0x7A, 0xA8, 0x7A, 0x88, 0x7A, 0x88, 0x7A, 0xA8, 
0x7A, 0x87, 0x7A, 0x87, 0x7A, 0x87, 0x7A, 0xA8, 0x82, 0xC8, 0x82, 0xC8, 0x82, 0xE9, 0x82, 0xE9, 0x82, 0xC9, 0x82, 0xC8, 0x82, 0xC8, 0x82, 0xC8, 0x72, 0x67, 0x10, 0x41, 0x18, 0x82, 0x18, 0x81, 
0x7A, 0xC9, 0x82, 0xC9, 0x82, 0xC8, 0x82, 0xE8, 0x82, 0xE9, 0x82, 0xE9, 0x82, 0xC8, 0x6A, 0x05, 0x59, 0x22, 0x59, 0x22, 0x61, 0x43, 0x69, 0x83, 0x71, 0xA4, 0x71, 0xE5, 0x7A, 0x06, 0x82, 0x26, 
0x82, 0x26, 0x8A, 0x46, 0x8A, 0x46, 0x8A, 0x47, 0x92, 0x67, 0x92, 0x67, 0x92, 0x67, 0x92, 0x67, 0x92, 0x67, 0x92, 0x67, 0x92, 0x67, 0x8A, 0x26, 0x61, 0x23, 0x40, 0x60, 0x38, 0x40, 0x38, 0x40, 
0x7A, 0xA9, 0xAC, 0x6F, 0xAC, 0x90, 0xB4, 0xB1, 0xB4, 0xB1, 0xB4, 0xB1, 0xB4, 0xD1, 0xB3, 0x8D, 0xA9, 0xA6, 0xB1, 0xA6, 0xB1, 0xA6, 0xB9, 0xA6, 0xB9, 0xA6, 0xB9, 0xA6, 0xB9, 0xA6, 0xB9, 0xA6, 
0xBB, 0x6D, 0xBC, 0xB1, 0xB1, 0x04, 0xB8, 0x00, 0xB8, 0x00, 0xB0, 0x00, 0xCC, 0x2F, 0xD5, 0x12, 0xD0, 0x61, 0xD0, 0x00, 0xD8, 0x00, 0xEB, 0x4C, 0xF4, 0xD2, 0xF4, 0x70, 0xDA, 0x07, 0xE1, 0xE7, 
0xE1, 0xE7, 0xD9, 0xE7, 0xD9, 0xE7, 0xD9, 0xE7, 0xD9, 0xE7, 0xD9, 0xE6, 0xD9, 0xE7, 0xDA, 0x07, 0xDA, 0x07, 0xDA, 0x07, 0xE3, 0xEE, 0xDA, 0xA9, 0xD0, 0x40, 0xC8, 0xC0, 0xC1, 0x40, 0xC1, 0xE1, 
0xC2, 0x82, 0xCB, 0x63, 0xD4, 0x24, 0xDD, 0x06, 0xED, 0xCA, 0xF6, 0x8E, 0xF6, 0xF2, 0xF7, 0x35, 0xF7, 0x35, 0xF7, 0x13, 0xF6, 0x8E, 0xED, 0xEA, 0xE5, 0x27, 0xD4, 0x44, 0xCB, 0x82, 0xCA, 0xC1, 
0xC2, 0x21, 0xC1, 0x60, 0xC0, 0xC0, 0xC0, 0x40, 0xD2, 0x27, 0xEC, 0xB0, 0xF4, 0x6F, 0xF4, 0x4F, 0xF4, 0x4F, 0xF4, 0x4F, 0xF4, 0x2F, 0xF4, 0x2F, 0xF4, 0x0E, 0xF3, 0xEE, 0xF4, 0x0E, 0xF4, 0x0F, 
0xFC, 0x2F, 0xFC, 0x50, 0xFC, 0xB1, 0xF4, 0xD2, 0xFC, 0x90, 0xD8, 0x82, 0xD0, 0x00, 0xC8, 0x00, 0xE5, 0x76, 0xE6, 0x38, 0xC0, 0xE3, 0xB8, 0x00, 0xB8, 0x00, 0xB0, 0x00, 0xDD, 0x76, 0xE6, 0x39, 
0xCB, 0x8E, 0xD3, 0x6E, 0xD3, 0x6D, 0xD3, 0x4D, 0xD3, 0x4D, 0xD3, 0x4D, 0xD3, 0x6D, 0xD3, 0x8E, 0xE5, 0xB7, 0xEE, 0xBB, 0xEE, 0xBB, 0xEE, 0xDB, 0xEE, 0xDB, 0xEE, 0xDB, 0xDD, 0xB2, 0xC4, 0x68, 
0xB3, 0xE5, 0xBB, 0xC5, 0xB3, 0x83, 0xD5, 0xB1, 0xBB, 0xE5, 0xAB, 0x42, 0x9A, 0xE1, 0xA3, 0x63, 0xCC, 0xEC, 0x92, 0x81, 0x82, 0x20, 0x8A, 0x81, 0x92, 0x61, 0xB3, 0x66, 0xE4, 0xD2, 0xA3, 0xAE, 
0x8B, 0x6D, 0x8B, 0x4C, 0x8B, 0x4C, 0x8B, 0x4C, 0x83, 0x4C, 0x83, 0x2C, 0x83, 0x2C, 0x83, 0x0B, 0x7A, 0xEB, 0x72, 0xAA, 0x6A, 0x68, 0x6A, 0x26, 0x62, 0x06, 0x61, 0xE5, 0x61, 0xC5, 0x61, 0xC5, 
0x61, 0xE5, 0x61, 0xE5, 0x61, 0xE5, 0x59, 0xA4, 0x51, 0x64, 0x41, 0x03, 0x38, 0xC2, 0x40, 0xA2, 0x50, 0xE2, 0x59, 0x23, 0x61, 0x63, 0x61, 0x64, 0x61, 0x84, 0x61, 0x84, 0x61, 0x84, 0x61, 0x84, 
0x61, 0x84, 0x61, 0x84, 0x69, 0x84, 0x69, 0x84, 0x69, 0x84, 0x69, 0x84, 0x69, 0x84, 0x69, 0x64, 0x79, 0x84, 0xBA, 0xE9, 0xD4, 0x0E, 0xDC, 0xB1, 0xE5, 0x13, 0xED, 0x54, 0xF5, 0x96, 0xF5, 0xB6, 
0x9C, 0x10, 0x9B, 0xEF, 0x9B, 0xCE, 0x93, 0x8D, 0x8B, 0x2B, 0x82, 0xE9, 0x82, 0xC9, 0x82, 0xA8, 0x82, 0xA8, 0x82, 0xA8, 0x82, 0xA8, 0x82, 0xA8, 0x82, 0xA8, 0x82, 0xA8, 0x7A, 0xA8, 0x7A, 0xA8, 
0x7A, 0x87, 0x7A, 0x87, 0x7A, 0x87, 0x7A, 0xA8, 0x82, 0xC8, 0x82, 0xC9, 0x82, 0xE9, 0x82, 0xE9, 0x82, 0xC8, 0x82, 0xC8, 0x82, 0xC8, 0x82, 0xC9, 0x41, 0x44, 0x10, 0x41, 0x18, 0x82, 0x39, 0x44, 
0x82, 0xE9, 0x82, 0xC8, 0x82, 0xC8, 0x82, 0xE8, 0x82, 0xE9, 0x82, 0xE9, 0x82, 0xE9, 0x82, 0xC8, 0x69, 0xC4, 0x59, 0x22, 0x59, 0x22, 0x61, 0x43, 0x69, 0x63, 0x69, 0xA4, 0x71, 0xC5, 0x7A, 0x05, 
0x82, 0x06, 0x82, 0x26, 0x82, 0x26, 0x8A, 0x26, 0x8A, 0x26, 0x8A, 0x46, 0x8A, 0x46, 0x92, 0x46, 0x92, 0x47, 0x92, 0x66, 0x8A, 0x46, 0x79, 0xC4, 0x50, 0xA1, 0x40, 0x60, 0x38, 0x40, 0x38, 0x40, 
0x93, 0x8C, 0xAC, 0x90, 0xB4, 0xB1, 0xB4, 0xD1, 0xB4, 0xD1, 0xB4, 0xF2, 0xBC, 0xF2, 0xA1, 0x65, 0xA8, 0x00, 0xA8, 0x00, 0xB0, 0x00, 0xB0, 0x00, 0xB0, 0x00, 0xB8, 0x00, 0xB8, 0x00, 0xB0, 0x00, 
0xBA, 0xA9, 0xBC, 0x90, 0xB1, 0x04, 0xB8, 0x00, 0xB8, 0x00, 0xB0, 0x00, 0xCC, 0x0F, 0xD4, 0xF2, 0xD0, 0x61, 0xD0, 0x00, 0xD0, 0x00, 0xDA, 0x48, 0xF4, 0xF2, 0xEB, 0xAD, 0xE2, 0x68, 0xE2, 0x89, 
0xE2, 0x89, 0xE2, 0xA9, 0xE2, 0xA9, 0xE2, 0xA9, 0xE2, 0xC9, 0xE2, 0xC9, 0xE2, 0xCA, 0xE2, 0xCA, 0xE2, 0xCA, 0xDA, 0xEA, 0xE4, 0x4F, 0xDA, 0xA9, 0xC8, 0x40, 0xC8, 0xC0, 0xC1, 0x40, 0xC1, 0xE1, 
0xC2, 0xA2, 0xCB, 0x63, 0xD4, 0x45, 0xE5, 0x27, 0xED, 0xEB, 0xF6, 0xAF, 0xF7, 0x14, 0xF7, 0x57, 0xF7, 0x57, 0xF7, 0x35, 0xF6, 0xD0, 0xEE, 0x2B, 0xE5, 0x47, 0xDC, 0x64, 0xD3, 0xA3, 0xCA, 0xE1, 
0xC2, 0x21, 0xC1, 0x60, 0xC0, 0xE0, 0xC0, 0x40, 0xD2, 0x27, 0xE3, 0xCD, 0xC0, 0x20, 0xC8, 0x00, 0xC8, 0x00, 0xC8, 0x00, 0xC8, 0x20, 0xC8, 0x00, 0xC8, 0x20, 0xC8, 0x20, 0xD0, 0x00, 0xD0, 0x20, 
0xD0, 0x20, 0xD0, 0x20, 0xD0, 0x82, 0xEB, 0x2B, 0xD9, 0xA5, 0xD0, 0x00, 0xD0, 0x00, 0xC8, 0x00, 0xE5, 0x76, 0xE6, 0x38, 0xC0, 0xE3, 0xB8, 0x00, 0xB8, 0x00, 0xB0, 0x00, 0xDD, 0x76, 0xE6, 0x18, 
0xB8, 0x00, 0xC0, 0x00, 0xC0, 0x00, 0xB8, 0x00, 0xB8, 0x00, 0xB8, 0x00, 0xB8, 0x00, 0xB8, 0x00, 0xB9, 0x24, 0xEE, 0xBB, 0xEE, 0xDB, 0xEE, 0xDB, 0xE6, 0x99, 0xDD, 0xD2, 0xB3, 0xC4, 0xAB, 0x83, 
0xB3, 0xC5, 0xBC, 0x06, 0xAB, 0x84, 0xF7, 0x7B, 0xBC, 0x06, 0xA3, 0x22, 0xA3, 0x44, 0xAB, 0xA5, 0x92, 0xA1, 0x92, 0xA1, 0x8A, 0x82, 0x92, 0xC2, 0xBB, 0xC8, 0xEC, 0xF2, 0xBB, 0xF0, 0x8B, 0x4C, 
0x83, 0x2C, 0x83, 0x2C, 0x83, 0x2C, 0x83, 0x2C, 0x83, 0x2C, 0x83, 0x4C, 0x83, 0x4C, 0x83, 0x2C, 0x7B, 0x0B, 0x7A, 0xCA, 0x72, 0x88, 0x6A, 0x47, 0x62, 0x06, 0x62, 0x05, 0x61, 0xE5, 0x61, 0xE5, 
0x61, 0xE5, 0x61, 0xE5, 0x61, 0xC5, 0x59, 0x84, 0x49, 0x43, 0x41, 0x03, 0x38, 0xC2, 0x40, 0xA2, 0x50, 0xE2, 0x59, 0x23, 0x61, 0x63, 0x61, 0x64, 0x61, 0x84, 0x61, 0x84, 0x61, 0x84, 0x61, 0x64, 
0x61, 0x64, 0x61, 0x64, 0x69, 0x84, 0x69, 0x84, 0x69, 0x84, 0x69, 0x84, 0x69, 0x64, 0x69, 0x64, 0x79, 0x84, 0xBB, 0x09, 0xD4, 0x0E, 0xDC, 0x70, 0xDC, 0xD2, 0xE4, 0xF3, 0xE5, 0x14, 0xE5, 0x54, 
0xA4, 0x71, 0xA4, 0x31, 0x9C, 0x10, 0x93, 0xCE, 0x93, 0x6C, 0x8B, 0x2B, 0x82, 0xE9, 0x82, 0xC9, 0x82, 0xC8, 0x82, 0xC8, 0x82, 0xA8, 0x82, 0xA8, 0x82, 0xA8, 0x82, 0xA8, 0x82, 0xA8, 0x7A, 0xA8, 
0x7A, 0xA8, 0x7A, 0x87, 0x7A, 0x87, 0x7A, 0xA8, 0x82, 0xC8, 0x82, 0xC9, 0x82, 0xC9, 0x82, 0xC9, 0x82, 0xC8, 0x82, 0xC9, 0x82, 0xC9, 0x72, 0x88, 0x10, 0x61, 0x18, 0x82, 0x10, 0x41, 0x6A, 0x67, 
0x82, 0xE9, 0x82, 0xC9, 0x82, 0xE8, 0x82, 0xE9, 0x82, 0xE9, 0x82, 0xE9, 0x82, 0xE9, 0x82, 0xE9, 0x7A, 0xA8, 0x61, 0x84, 0x59, 0x22, 0x59, 0x22, 0x61, 0x43, 0x61, 0x83, 0x69, 0xA4, 0x71, 0xC5, 
0x79, 0xE5, 0x79, 0xE5, 0x82, 0x05, 0x82, 0x06, 0x82, 0x06, 0x8A, 0x26, 0x8A, 0x26, 0x8A, 0x26, 0x8A, 0x46, 0x8A, 0x26, 0x81, 0xE5, 0x61, 0x02, 0x40, 0x60, 0x38, 0x40, 0x38, 0x40, 0x30, 0x40, 
0x59, 0xA5, 0x9C, 0x0E, 0xB4, 0xB1, 0xB4, 0xD2, 0xB4, 0xF2, 0xBC, 0xF2, 0xBC, 0xF2, 0xB3, 0x2C, 0xA0, 0x81, 0xA8, 0x41, 0xA8, 0x41, 0xA8, 0x41, 0xB0, 0x41, 0xB0, 0x41, 0xB0, 0x41, 0xB0, 0x41, 
0xB2, 0xEA, 0xBC, 0x90, 0xB1, 0x03, 0xB8, 0x00, 0xB8, 0x00, 0xB0, 0x00, 0xCC, 0x0F, 0xD4, 0xF1, 0xC8, 0x61, 0xD0, 0x00, 0xD0, 0x00, 0xC8, 0x00, 0xC9, 0x65, 0xC8, 0xA1, 0xD8, 0x20, 0xD8, 0x20, 
0xD8, 0x00, 0xD8, 0x20, 0xD8, 0x20, 0xD0, 0x00, 0xD0, 0x00, 0xD0, 0x00, 0xD0, 0x00, 0xD0, 0x00, 0xD0, 0x00, 0xC8, 0x00, 0xDB, 0x4C, 0xDA, 0xA9, 0xC8, 0x40, 0xC8, 0xA0, 0xC1, 0x40, 0xC1, 0xE1, 
0xC2, 0x82, 0xCB, 0x63, 0xD4, 0x45, 0xE5, 0x27, 0xED, 0xEB, 0xF6, 0xAF, 0xF7, 0x14, 0xF7, 0x56, 0xF7, 0x57, 0xF7, 0x34, 0xF6, 0xCF, 0xEE, 0x2B, 0xE5, 0x47, 0xD4, 0x64, 0xCB, 0xA3, 0xCA, 0xE2, 
0xC2, 0x21, 0xC1, 0x60, 0xC0, 0xC0, 0xC0, 0x40, 0xD2, 0x27, 0xE3, 0xCD, 0xC8, 0x20, 0xC8, 0x20, 0xC8, 0x20, 0xD0, 0x40, 0xC8, 0x20, 0xC8, 0x20, 0xD0, 0x20, 0xC8, 0x20, 0xD0, 0x20, 0xD0, 0x20, 
0xD0, 0x20, 0xC8, 0x40, 0xC8, 0x61, 0xD9, 0xE6, 0xD9, 0x24, 0xD0, 0x00, 0xD0, 0x00, 0xC8, 0x00, 0xE5, 0x76, 0xE6, 0x38, 0xB8, 0xE3, 0xB8, 0x00, 0xB8, 0x00, 0xB0, 0x00, 0xDD, 0x96, 0xE6, 0x18, 
0xB0, 0x00, 0xB8, 0x00, 0xB8, 0x00, 0xB8, 0x00, 0xB8, 0x00, 0xB8, 0x00, 0xB0, 0x00, 0xB0, 0x20, 0xC1, 0xE7, 0xEE, 0xFC, 0xEE, 0xBA, 0xDE, 0x15, 0xD5, 0x4D, 0xBC, 0x27, 0xAB, 0x83, 0xB3, 0xE5, 
0xB3, 0xE6, 0xBC, 0x47, 0xD5, 0x6E, 0xFF, 0xFF, 0xD5, 0x8F, 0xBC, 0x67, 0xAB, 0xA5, 0x92, 0xE2, 0x8A, 0x61, 0x92, 0xC2, 0xBC, 0x6A, 0xC4, 0x6C, 0xF5, 0x13, 0xDC, 0x71, 0x93, 0x4C, 0x83, 0x0B, 
0x83, 0x0B, 0x83, 0x2C, 0x8B, 0x2C, 0x8B, 0x4C, 0x8B, 0x6D, 0x8B, 0x6D, 0x8B, 0x8D, 0x8B, 0x6D, 0x83, 0x4C, 0x7A, 0xEB, 0x72, 0x89, 0x6A, 0x47, 0x6A, 0x26, 0x6A, 0x06, 0x62, 0x06, 0x6A, 0x06, 
0x62, 0x06, 0x61, 0xE5, 0x59, 0xC5, 0x51, 0x64, 0x41, 0x23, 0x38, 0xE2, 0x38, 0xA2, 0x40, 0xA2, 0x50, 0xE2, 0x59, 0x23, 0x61, 0x43, 0x61, 0x63, 0x61, 0x63, 0x61, 0x64, 0x61, 0x64, 0x61, 0x64, 
0x61, 0x64, 0x61, 0x64, 0x69, 0x64, 0x69, 0x83, 0x69, 0x84, 0x69, 0x84, 0x69, 0x64, 0x69, 0x64, 0x81, 0xC4, 0xBB, 0x2A, 0xD4, 0x2F, 0xDC, 0x91, 0xDC, 0xD2, 0xDC, 0xF3, 0xE5, 0x34, 0xE5, 0x54, 
0xA4, 0x92, 0xA4, 0x71, 0xA4, 0x31, 0x9C, 0x0F, 0x93, 0xCE, 0x8B, 0x6C, 0x8B, 0x0A, 0x82, 0xE9, 0x82, 0xC9, 0x82, 0xC8, 0x82, 0xC8, 0x82, 0xA8, 0x82, 0xA8, 0x82, 0xA8, 0x82, 0xA8, 0x7A, 0xA8, 
0x7A, 0xA8, 0x7A, 0x87, 0x7A, 0xA8, 0x7A, 0xA8, 0x82, 0xC8, 0x82, 0xC9, 0x82, 0xE9, 0x82, 0xC9, 0x82, 0xC9, 0x82, 0xC9, 0x82, 0xC9, 0x41, 0x64, 0x10, 0x41, 0x18, 0x82, 0x28, 0xC2, 0x82, 0xE9, 
0x82, 0xE9, 0x82, 0xC8, 0x82, 0xC8, 0x82, 0xE9, 0x82, 0xE9, 0x82, 0xE9, 0x82, 0xE9, 0x82, 0xE9, 0x82, 0xE9, 0x7A, 0x87, 0x59, 0x63, 0x59, 0x22, 0x59, 0x22, 0x59, 0x43, 0x61, 0x83, 0x69, 0xA4, 
0x71, 0xC4, 0x79, 0xC5, 0x79, 0xE5, 0x82, 0x05, 0x82, 0x05, 0x82, 0x05, 0x82, 0x26, 0x8A, 0x25, 0x82, 0x26, 0x81, 0xE5, 0x69, 0x63, 0x48, 0x80, 0x38, 0x40, 0x38, 0x40, 0x30, 0x20, 0x30, 0x20, 
0x51, 0x01, 0x69, 0xE5, 0x8B, 0x6B, 0xAC, 0x90, 0xB4, 0xD2, 0xBC, 0xF2, 0xBC, 0xF2, 0xBD, 0x13, 0xC4, 0xF2, 0xC4, 0xB1, 0xC4, 0x90, 0xC4, 0x70, 0xBC, 0x2F, 0xC4, 0x2F, 0xC4, 0x70, 0xC4, 0x90, 
0xC4, 0xB1, 0xC4, 0x70, 0xB1, 0x03, 0xB8, 0x00, 0xB0, 0x00, 0xB0, 0x00, 0xCC, 0x0F, 0xCC, 0xD1, 0xC8, 0x61, 0xD0, 0x00, 0xD0, 0x00, 0xDA, 0x48, 0xF4, 0xF0, 0xEC, 0x4E, 0xE2, 0xA9, 0xE2, 0x88, 
0xE2, 0x89, 0xE2, 0xA9, 0xEA, 0xC9, 0xE2, 0xEA, 0xE2, 0xEA, 0xE3, 0x0A, 0xE3, 0x0B, 0xE3, 0x4B, 0xE3, 0x4B, 0xE3, 0x4C, 0xE4, 0x70, 0xDA, 0x89, 0xC8, 0x40, 0xC8, 0x80, 0xC1, 0x20, 0xC1, 0xC1, 
0xC2, 0x62, 0xCB, 0x23, 0xD4, 0x05, 0xDC, 0xE7, 0xE5, 0xAA, 0xEE, 0x4D, 0xF6, 0xD0, 0xF7, 0x13, 0xF7, 0x13, 0xF6, 0xF0, 0xF6, 0x6D, 0xED, 0xC9, 0xE5, 0x06, 0xD4, 0x24, 0xCB, 0x62, 0xC2, 0xA2, 
0xC2, 0x00, 0xC1, 0x60, 0xC0, 0xC0, 0xC0, 0x20, 0xD2, 0x27, 0xEC, 0xB0, 0xF4, 0x0D, 0xF3, 0xED, 0xF3, 0xED, 0xF3, 0xED, 0xF3, 0xED, 0xF3, 0xCD, 0xF3, 0xCD, 0xF3, 0xCD, 0xF3, 0xCD, 0xF3, 0xCD, 
0xF3, 0xEE, 0xF3, 0xED, 0xF4, 0x6F, 0xF4, 0xD0, 0xF4, 0x90, 0xD0, 0x81, 0xD0, 0x00, 0xC0, 0x00, 0xE5, 0x76, 0xE6, 0x38, 0xB8, 0xE3, 0xB8, 0x00, 0xB8, 0x00, 0xB0, 0x00, 0xDD, 0x96, 0xE6, 0x59, 
0xDD, 0x76, 0xE5, 0x76, 0xE5, 0x76, 0xE5, 0x76, 0xE5, 0x76, 0xE5, 0x96, 0xE5, 0xB7, 0xE5, 0xD8, 0xEE, 0x9A, 0xDE, 0x14, 0xCC, 0x89, 0xCC, 0xEB, 0xBC, 0x06, 0xA3, 0x42, 0xA3, 0x42, 0xBC, 0x69, 
0xEE, 0xD8, 0xFF, 0xDE, 0xFF, 0xFF, 0xFF, 0xFF, 0xFF, 0xFF, 0xFF, 0xDE, 0xDE, 0x54, 0xA3, 0x65, 0x9A, 0xC3, 0xAB, 0x65, 0xB3, 0xA8, 0xF5, 0x13, 0xF5, 0x14, 0xAB, 0x8D, 0x8B, 0x2C, 0x8B, 0x2C, 
0x8B, 0x4C, 0x8B, 0x4D, 0x8B, 0x6D, 0x8B, 0x8D, 0x93, 0x8E, 0x93, 0xAE, 0x93, 0x8D, 0x8B, 0x6D, 0x83, 0x4C, 0x7A, 0xEA, 0x72, 0x88, 0x6A, 0x47, 0x6A, 0x26, 0x6A, 0x06, 0x6A, 0x06, 0x6A, 0x06, 
0x6A, 0x06, 0x62, 0x05, 0x59, 0xC5, 0x51, 0x64, 0x41, 0x03, 0x38, 0xE2, 0x38, 0xA2, 0x40, 0xC1, 0x51, 0x02, 0x59, 0x23, 0x61, 0x43, 0x61, 0x43, 0x61, 0x63, 0x61, 0x63, 0x61, 0x63, 0x61, 0x63, 
0x61, 0x64, 0x61, 0x64, 0x69, 0x64, 0x69, 0x64, 0x69, 0x64, 0x69, 0x64, 0x69, 0x64, 0x69, 0x63, 0x92, 0x05, 0xC3, 0x6B, 0xD4, 0x2F, 0xDC, 0x91, 0xDC, 0xD2, 0xDC, 0xF3, 0xDD, 0x34, 0xE5, 0x35, 
0xAC, 0x92, 0xA4, 0x72, 0xA4, 0x71, 0xA4, 0x30, 0x9B, 0xEF, 0x93, 0xAE, 0x8B, 0x6C, 0x8B, 0x0A, 0x8A, 0xC9, 0x82, 0xC9, 0x82, 0xC9, 0x82, 0xC9, 0x82, 0xC8, 0x82, 0xA8, 0x82, 0xA8, 0x7A, 0xA8, 
0x7A, 0xA8, 0x7A, 0x87, 0x7A, 0xA8, 0x7A, 0xA8, 0x82, 0xC9, 0x82, 0xE9, 0x82, 0xE9, 0x82, 0xE9, 0x82, 0xE9, 0x82, 0xC9, 0x72, 0x88, 0x10, 0x61, 0x18, 0x82, 0x10, 0x41, 0x5A, 0x07, 0x82, 0xE9, 
0x82, 0xE9, 0x82, 0xC9, 0x82, 0xC8, 0x82, 0xE8, 0x82, 0xE9, 0x82, 0xE9, 0x83, 0x09, 0x83, 0x09, 0x83, 0x09, 0x82, 0xE9, 0x72, 0x67, 0x59, 0x43, 0x59, 0x22, 0x59, 0x22, 0x59, 0x43, 0x61, 0x84, 
0x69, 0xA4, 0x71, 0xA4, 0x71, 0xC5, 0x79, 0xC5, 0x79, 0xE5, 0x81, 0xE5, 0x82, 0x05, 0x82, 0x05, 0x81, 0xE5, 0x71, 0x83, 0x50, 0xA1, 0x40, 0x60, 0x38, 0x40, 0x30, 0x20, 0x30, 0x20, 0x38, 0x80, 
0x69, 0xA3, 0x71, 0xC3, 0x69, 0xC3, 0x72, 0x26, 0x93, 0x6C, 0xAC, 0x70, 0xB4, 0xD1, 0xB4, 0xD2, 0xBC, 0xD2, 0xBC, 0xD2, 0xBC, 0x70, 0xBC, 0x4F, 0xBC, 0x6F, 0xBC, 0x70, 0xBC, 0x70, 0xC4, 0x90, 
0xC4, 0x90, 0xC4, 0x50, 0xB1, 0x03, 0xB8, 0x00, 0xB0, 0x00, 0xB0, 0x00, 0xCC, 0x0E, 0xD4, 0xD1, 0xC8, 0x41, 0xD0, 0x00, 0xD0, 0x00, 0xE2, 0xE9, 0xF4, 0xCF, 0xE3, 0x4B, 0xD9, 0x23, 0xD9, 0x24, 
0xD9, 0x44, 0xD9, 0x44, 0xD9, 0x64, 0xD9, 0x65, 0xD1, 0x65, 0xD1, 0x65, 0xD1, 0x65, 0xD1, 0x64, 0xD1, 0x64, 0xC9, 0x65, 0xDB, 0xCE, 0xD2, 0x89, 0xC8, 0x20, 0xC8, 0x80, 0xC0, 0xE0, 0xC1, 0x81, 
0xC2, 0x22, 0xC2, 0xE3, 0xCB, 0xA4, 0xD4, 0x86, 0xE5, 0x28, 0xED, 0xCA, 0xEE, 0x4C, 0xF6, 0x6D, 0xF6, 0x6D, 0xF6, 0x4C, 0xED, 0xEA, 0xE5, 0x47, 0xDC, 0xA5, 0xD3, 0xE3, 0xCB, 0x02, 0xC2, 0x61, 
0xC1, 0xC0, 0xC1, 0x20, 0xC0, 0x80, 0xC0, 0x20, 0xD2, 0x27, 0xE3, 0xED, 0xC0, 0x00, 0xC0, 0x00, 0xC0, 0x00, 0xC0, 0x00, 0xC8, 0x00, 0xC8, 0x00, 0xC8, 0x00, 0xC8, 0x00, 0xC8, 0x00, 0xC8, 0x00, 
0xC8, 0x00, 0xC8, 0x00, 0xD0, 0xC3, 0xF4, 0x0E, 0xEB, 0x4B, 0xC8, 0x20, 0xC8, 0x00, 0xC0, 0x00, 0xE5, 0x96, 0xEE, 0x38, 0xB8, 0xC3, 0xB8, 0x00, 0xB0, 0x00, 0xB0, 0x00, 0xDD, 0x96, 0xE6, 0x59, 
0xE6, 0x39, 0xE6, 0x39, 0xE6, 0x39, 0xE6, 0x39, 0xE6, 0x39, 0xE6, 0x59, 0xE6, 0x59, 0xDE, 0x36, 0xE6, 0x34, 0xCC, 0x68, 0xBC, 0x27, 0xBC, 0x26, 0xB3, 0xC4, 0xAB, 0xA4, 0xB3, 0xC5, 0xAB, 0x83, 
0xAB, 0xA4, 0xD5, 0x90, 0xFF, 0xFF, 0xFF, 0xFF, 0xF7, 0x9D, 0xB4, 0x08, 0x92, 0xC2, 0x8A, 0x41, 0x82, 0x20, 0xC4, 0x0A, 0xEC, 0xD2, 0xFD, 0x34, 0xE4, 0x71, 0x93, 0x4C, 0x93, 0x6D, 0x8B, 0x6D, 
0x93, 0x8D, 0x93, 0x8D, 0x93, 0x8D, 0x93, 0x8D, 0x93, 0xAE, 0x93, 0xAE, 0x93, 0xAE, 0x8B, 0x6D, 0x83, 0x2C, 0x7A, 0xCA, 0x6A, 0x68, 0x6A, 0x27, 0x6A, 0x06, 0x6A, 0x06, 0x6A, 0x06, 0x6A, 0x06, 
0x6A, 0x06, 0x62, 0x05, 0x59, 0xA5, 0x49, 0x44, 0x41, 0x03, 0x38, 0xC2, 0x38, 0xA1, 0x48, 0xC2, 0x59, 0x02, 0x59, 0x23, 0x61, 0x43, 0x61, 0x43, 0x61, 0x63, 0x61, 0x43, 0x61, 0x43, 0x61, 0x63, 
0x61, 0x63, 0x61, 0x64, 0x61, 0x63, 0x61, 0x63, 0x61, 0x63, 0x61, 0x64, 0x61, 0x64, 0x69, 0x63, 0x9A, 0x26, 0xC3, 0x8C, 0xD4, 0x4F, 0xDC, 0x91, 0xDC, 0xD2, 0xDC, 0xF3, 0xE5, 0x14, 0xE5, 0x35, 
0xAC, 0x92, 0xAC, 0x92, 0xA4, 0x92, 0xA4, 0x51, 0x9C, 0x10, 0x9B, 0xEF, 0x93, 0xAD, 0x8B, 0x4B, 0x8B, 0x0A, 0x82, 0xC8, 0x82, 0xC9, 0x82, 0xC9, 0x82, 0xC8, 0x82, 0xC8, 0x82, 0xC8, 0x82, 0xA8, 
0x7A, 0xA8, 0x7A, 0xA7, 0x7A, 0xA8, 0x7A, 0xC8, 0x82, 0xC9, 0x82, 0xE9, 0x82, 0xE9, 0x82, 0xC9, 0x82, 0xE9, 0x82, 0xC9, 0x41, 0x64, 0x10, 0x61, 0x18, 0x82, 0x20, 0xA2, 0x7A, 0xE9, 0x82, 0xE9, 
0x82, 0xC8, 0x82, 0xC8, 0x82, 0xC8, 0x82, 0xE9, 0x82, 0xE9, 0x82, 0xE8, 0x82, 0xE9, 0x83, 0x09, 0x82, 0xE9, 0x82, 0xE9, 0x82, 0xE9, 0x72, 0x46, 0x59, 0x42, 0x59, 0x22, 0x59, 0x22, 0x59, 0x43, 
0x61, 0x63, 0x69, 0x84, 0x69, 0xA4, 0x71, 0xA5, 0x79, 0xC4, 0x79, 0xC4, 0x79, 0xC4, 0x79, 0xC4, 0x71, 0xA4, 0x58, 0xE1, 0x40, 0x60, 0x38, 0x40, 0x38, 0x40, 0x30, 0x20, 0x30, 0x40, 0x59, 0x22, 
0x71, 0xC3, 0x7A, 0x04, 0x82, 0x24, 0x7A, 0x24, 0x71, 0xE4, 0x72, 0x25, 0x8B, 0x2A, 0xAB, 0xED, 0xB3, 0x4B, 0xBB, 0x8C, 0xC3, 0xCD, 0xC3, 0xCD, 0xC3, 0xCD, 0xC3, 0xAD, 0xC3, 0xAD, 0xBB, 0xAD, 
0xBC, 0x2E, 0xBC, 0x4F, 0xB1, 0x03, 0xB0, 0x00, 0xB0, 0x00, 0xB0, 0x00, 0xCC, 0x0E, 0xCC, 0xB0, 0xC8, 0x41, 0xC8, 0x00, 0xC8, 0x00, 0xC8, 0x00, 0xD1, 0x44, 0xD0, 0x61, 0xD0, 0x00, 0xD0, 0x00, 
0xD0, 0x00, 0xD0, 0x00, 0xD0, 0x41, 0xD0, 0xE3, 0xD0, 0xC2, 0xD0, 0xC2, 0xC8, 0xC2, 0xD0, 0xC2, 0xC8, 0xC3, 0xC8, 0xE3, 0xDB, 0xAD, 0xDA, 0x89, 0xC0, 0x00, 0xC0, 0x40, 0xC0, 0xC0, 0xC1, 0x20, 
0xC1, 0xC1, 0xC2, 0x82, 0xCB, 0x23, 0xD3, 0xE5, 0xDC, 0x86, 0xDD, 0x07, 0xE5, 0x89, 0xE5, 0xA9, 0xED, 0xA9, 0xE5, 0x88, 0xE5, 0x27, 0xDC, 0xA5, 0xD4, 0x04, 0xCB, 0x62, 0xC2, 0xA2, 0xC2, 0x01, 
0xC1, 0x60, 0xB8, 0xE0, 0xC0, 0x60, 0xC0, 0x00, 0xD2, 0x27, 0xEC, 0x4F, 0xDA, 0x27, 0xDA, 0x27, 0xDA, 0x27, 0xDA, 0x28, 0xDA, 0x28, 0xDA, 0x07, 0xD9, 0xC6, 0xC8, 0x61, 0xC8, 0x00, 0xC8, 0x00, 
0xC8, 0x00, 0xC8, 0x00, 0xC8, 0x00, 0xC8, 0x00, 0xD0, 0x00, 0xC8, 0x00, 0xC8, 0x00, 0xC0, 0x00, 0xE5, 0x96, 0xEE, 0x18, 0xB8, 0xC3, 0xB8, 0x00, 0xB0, 0x00, 0xA8, 0x00, 0xDD, 0x96, 0xE6, 0x59, 
0xE5, 0x96, 0xE5, 0x76, 0xE5, 0x76, 0xE5, 0x75, 0xE5, 0x96, 0xE6, 0x17, 0xDD, 0xD3, 0xCC, 0xA9, 0xCC, 0xEB, 0xCC, 0x88, 0xD5, 0x6E, 0xBC, 0x26, 0xBC, 0x69, 0xB3, 0xE5, 0xBC, 0x48, 0xAB, 0x84, 
0xBC, 0x68, 0xD5, 0xB1, 0xFF, 0xFF, 0xF7, 0xBD, 0xFF, 0xBE, 0xA3, 0x44, 0xAB, 0xA5, 0x9B, 0x04, 0xCC, 0x6E, 0xF5, 0x35, 0xF4, 0x92, 0xFD, 0x34, 0xC3, 0xEF, 0x93, 0x8D, 0x93, 0x8D, 0x93, 0x8D, 
0x93, 0x8D, 0x93, 0xAE, 0x93, 0xAE, 0x93, 0x8D, 0x93, 0xAE, 0x93, 0xAE, 0x93, 0x8E, 0x8B, 0x6D, 0x83, 0x0C, 0x72, 0xA9, 0x6A, 0x67, 0x6A, 0x26, 0x62, 0x06, 0x62, 0x06, 0x6A, 0x06, 0x6A, 0x06, 
0x6A, 0x06, 0x61, 0xE5, 0x59, 0x84, 0x49, 0x23, 0x38, 0xE3, 0x38, 0xC2, 0x40, 0xC1, 0x48, 0xE2, 0x59, 0x23, 0x61, 0x43, 0x61, 0x64, 0x61, 0x84, 0x61, 0x64, 0x61, 0x63, 0x61, 0x63, 0x61, 0x43, 
0x61, 0x43, 0x61, 0x43, 0x61, 0x43, 0x61, 0x43, 0x61, 0x43, 0x61, 0x43, 0x61, 0x43, 0x69, 0x63, 0xAA, 0x87, 0xCB, 0xAD, 0xD4, 0x50, 0xDC, 0xB1, 0xDC, 0xD2, 0xDC, 0xF3, 0xE5, 0x14, 0xE5, 0x35, 
0xAC, 0xB3, 0xAC, 0xB3, 0xAC, 0x92, 0xA4, 0x72, 0xA4, 0x51, 0x9C, 0x10, 0x93, 0xCF, 0x93, 0x8D, 0x8B, 0x4B, 0x83, 0x0A, 0x82, 0xC9, 0x82, 0xC8, 0x82, 0xC8, 0x82, 0xC8, 0x82, 0xA8, 0x82, 0xA8, 
0x7A, 0xA8, 0x7A, 0xA8, 0x7A, 0xC8, 0x82, 0xC9, 0x82, 0xE9, 0x82, 0xE9, 0x82, 0xE9, 0x82, 0xC9, 0x82, 0xC9, 0x72, 0x68, 0x10, 0x61, 0x18, 0xA3, 0x10, 0x41, 0x5A, 0x06, 0x82, 0xE9, 0x82, 0xC9, 
0x82, 0xC8, 0x82, 0xC8, 0x82, 0xE9, 0x82, 0xE9, 0x82, 0xE9, 0x82, 0xE9, 0x82, 0xE9, 0x82, 0xE9, 0x82, 0xE9, 0x82, 0xE9, 0x82, 0xE9, 0x82, 0xE9, 0x6A, 0x06, 0x59, 0x42, 0x51, 0x22, 0x59, 0x22, 
0x59, 0x43, 0x61, 0x63, 0x61, 0x84, 0x69, 0x84, 0x71, 0xA4, 0x71, 0xA4, 0x71, 0xA4, 0x69, 0x84, 0x59, 0x02, 0x40, 0x80, 0x38, 0x40, 0x38, 0x40, 0x30, 0x20, 0x30, 0x20, 0x40, 0xA0, 0x71, 0xA3, 
0x79, 0xE4, 0x82, 0x24, 0x82, 0x44, 0x8A, 0x65, 0x8A, 0x85, 0x8A, 0x65, 0x8A, 0x85, 0x91, 0x23, 0xA0, 0x00, 0xA0, 0x00, 0xA8, 0x00, 0xA8, 0x00, 0xA8, 0x00, 0xA8, 0x00, 0xA8, 0x00, 0xA8, 0x00, 
0xB2, 0xA9, 0xBC, 0x2E, 0xB0, 0xE3, 0xB0, 0x00, 0xB0, 0x00, 0xB0, 0x00, 0xCC, 0x0E, 0xCC, 0x90, 0xC8, 0x41, 0xC8, 0x00, 0xC8, 0x00, 0xC8, 0x00, 0xC8, 0x00, 0xD0, 0x00, 0xD0, 0x00, 0xD0, 0x00, 
0xD0, 0x00, 0xC8, 0x20, 0xEB, 0x8D, 0xEC, 0x0E, 0xEB, 0xAD, 0xEB, 0xCD, 0xEB, 0xEE, 0xEC, 0x0E, 0xEC, 0x0F, 0xEC, 0x0F, 0xEC, 0xD1, 0xDA, 0x89, 0xC0, 0x00, 0xC0, 0x00, 0xC0, 0x60, 0xC0, 0xE0, 
0xB9, 0x61, 0xBA, 0x01, 0xC2, 0xA3, 0xCB, 0x43, 0xD3, 0xC4, 0xD4, 0x45, 0xDC, 0xA6, 0xDC, 0xC6, 0xDC, 0xC6, 0xDC, 0xA6, 0xDC, 0x65, 0xD3, 0xE4, 0xCB, 0x63, 0xC2, 0xC2, 0xC2, 0x21, 0xC1, 0xA0, 
0xB9, 0x00, 0xC0, 0x80, 0xC0, 0x20, 0xB8, 0x00, 0xD2, 0x27, 0xEC, 0x4F, 0xD2, 0x48, 0xDA, 0x48, 0xDA, 0x27, 0xDA, 0x27, 0xDA, 0x07, 0xDA, 0x07, 0xDA, 0x89, 0xEB, 0x6C, 0xC8, 0x41, 0xC8, 0x00, 
0xC8, 0x00, 0xC8, 0x00, 0xC0, 0x20, 0xE2, 0xE9, 0xD9, 0xA6, 0xC8, 0x00, 0xC8, 0x00, 0xC0, 0x00, 0xE5, 0x96, 0xEE, 0x18, 0xB8, 0xA2, 0xB0, 0x00, 0xB0, 0x00, 0xA8, 0x00, 0xDD, 0x96, 0xE6, 0x18, 
0xA0, 0x00, 0xA8, 0x00, 0xB0, 0x20, 0xA8, 0x40, 0xB9, 0xE4, 0xD4, 0x69, 0xCC, 0xA8, 0xC4, 0x87, 0xDD, 0xD0, 0xCC, 0xEA, 0xBC, 0x06, 0xBC, 0x06, 0xDD, 0xB1, 0xAB, 0xA5, 0xAB, 0x63, 0xAB, 0xA4, 
0xBC, 0x06, 0xE6, 0x75, 0xD5, 0xD0, 0xB3, 0xE5, 0xDE, 0x34, 0xC5, 0x0E, 0xAB, 0x65, 0xE5, 0x73, 0xF5, 0x97, 0xF5, 0x55, 0xF4, 0x92, 0xF4, 0xD3, 0xA3, 0xAE, 0x93, 0x8D, 0x93, 0x8D, 0x93, 0x8E, 
0x93, 0xAE, 0x93, 0xAE, 0x93, 0xAE, 0x93, 0x8E, 0x93, 0xAE, 0x93, 0x8E, 0x8B, 0x8D, 0x8B, 0x4C, 0x7B, 0x0B, 0x72, 0x89, 0x6A, 0x47, 0x6A, 0x26, 0x6A, 0x06, 0x62, 0x06, 0x6A, 0x06, 0x6A, 0x06, 
0x6A, 0x06, 0x61, 0xE5, 0x51, 0x84, 0x41, 0x23, 0x38, 0xE3, 0x38, 0xC2, 0x40, 0xC2, 0x50, 0xE2, 0x59, 0x23, 0x61, 0x63, 0x61, 0x84, 0x69, 0x84, 0x69, 0x84, 0x61, 0x84, 0x61, 0x64, 0x61, 0x64, 
0x61, 0x63, 0x61, 0x63, 0x61, 0x43, 0x61, 0x43, 0x61, 0x43, 0x61, 0x43, 0x61, 0x43, 0x71, 0x63, 0xB2, 0xC8, 0xCB, 0xCD, 0xD4, 0x70, 0xDC, 0xB1, 0xDC, 0xD2, 0xDC, 0xF3, 0xE5, 0x34, 0xE5, 0x35, 
0xAC, 0xB3, 0xAC, 0xB3, 0xAC, 0xB3, 0xA4, 0x92, 0xA4, 0x72, 0x9C, 0x51, 0x9C, 0x10, 0x93, 0xCE, 0x8B, 0x8D, 0x8B, 0x2B, 0x82, 0xEA, 0x82, 0xC9, 0x82, 0xC8, 0x82, 0xC8, 0x82, 0xC8, 0x82, 0xA8, 
0x7A, 0xA8, 0x7A, 0xA8, 0x7A, 0xC8, 0x82, 0xE9, 0x82, 0xE9, 0x82, 0xE9, 0x82, 0xE9, 0x82, 0xC9, 0x7A, 0xC8, 0x39, 0x24, 0x10, 0x61, 0x18, 0xA3, 0x20, 0xA2, 0x7A, 0xC9, 0x7A, 0xE9, 0x82, 0xC9, 
0x82, 0xC8, 0x82, 0xE9, 0x82, 0xE9, 0x82, 0xE9, 0x82, 0xE9, 0x82, 0xE9, 0x82, 0xE9, 0x82, 0xE9, 0x82, 0xE9, 0x83, 0x09, 0x83, 0x09, 0x82, 0xE9, 0x7A, 0xC8, 0x6A, 0x05, 0x59, 0x22, 0x51, 0x02, 
0x51, 0x22, 0x59, 0x22, 0x59, 0x43, 0x61, 0x63, 0x69, 0x64, 0x69, 0x83, 0x61, 0x63, 0x59, 0x02, 0x40, 0x80, 0x38, 0x60, 0x38, 0x40, 0x30, 0x40, 0x30, 0x20, 0x30, 0x40, 0x61, 0x42, 0x71, 0xC3, 
0x79, 0xE4, 0x82, 0x24, 0x8A, 0x65, 0x8A, 0x65, 0x92, 0xA5, 0xA3, 0x67, 0x9B, 0x27, 0x99, 0x22, 0xA0, 0x00, 0xA0, 0x00, 0xA8, 0x00, 0xA8, 0x00, 0xA8, 0x00, 0xA8, 0x00, 0xA8, 0x00, 0xA8, 0x00, 
0xB2, 0x68, 0xBB, 0xED, 0xB0, 0xE3, 0xB0, 0x00, 0xB0, 0x00, 0xB0, 0x00, 0xCB, 0xED, 0xCC, 0x8F, 0xC0, 0x41, 0xC8, 0x00, 0xC8, 0x00, 0xD9, 0x85, 0xE2, 0x07, 0xE2, 0x08, 0xE2, 0x07, 0xE2, 0x28, 
0xE2, 0x28, 0xEB, 0x0A, 0xE2, 0x68, 0xC8, 0x00, 0xC8, 0x00, 0xC8, 0x00, 0xC8, 0x00, 0xC8, 0x00, 0xC8, 0x00, 0xC0, 0x00, 0xE3, 0xEE, 0xDA, 0x89, 0xC0, 0x00, 0xC0, 0x00, 0xC0, 0x20, 0xC0, 0x80, 
0xC1, 0x00, 0xB9, 0x81, 0xC2, 0x01, 0xC2, 0x82, 0xCB, 0x03, 0xCB, 0x63, 0xCB, 0xA4, 0xD3, 0xC4, 0xD3, 0xE4, 0xD3, 0xC4, 0xCB, 0x83, 0xCB, 0x02, 0xC2, 0xA2, 0xC2, 0x21, 0xC1, 0xA1, 0xC1, 0x20, 
0xC0, 0xA0, 0xC0, 0x20, 0xC0, 0x00, 0xB8, 0x00, 0xD2, 0x28, 0xE3, 0xAD, 0xC0, 0x00, 0xC0, 0x00, 0xC0, 0x00, 0xC0, 0x00, 0xC0, 0x00, 0xC0, 0x00, 0xC8, 0x00, 0xD9, 0xC6, 0xEB, 0x6C, 0xE2, 0xA9, 
0xE2, 0xCA, 0xE2, 0xEA, 0xEB, 0xAC, 0xF4, 0xB0, 0xF4, 0x6F, 0xC8, 0x61, 0xC8, 0x00, 0xC0, 0x00, 0xE5, 0x96, 0xE5, 0xF7, 0xB8, 0xA2, 0xB0, 0x00, 0xB0, 0x00, 0xA8, 0x00, 0xDD, 0x96, 0xE6, 0x38, 
0xA8, 0x20, 0xA8, 0x20, 0xB9, 0x63, 0xCB, 0xC7, 0xD4, 0xC8, 0xCC, 0x67, 0xC4, 0x47, 0xC4, 0x47, 0xBC, 0x06, 0xB3, 0xE5, 0xBC, 0x27, 0xBC, 0x06, 0xB3, 0xE5, 0xB3, 0xC5, 0xAB, 0xA4, 0xBC, 0x06, 
0xB3, 0xC4, 0xC4, 0xA9, 0xAB, 0x83, 0xAB, 0x42, 0xAB, 0x43, 0xC4, 0x8A, 0xE5, 0xB4, 0xF5, 0xB7, 0xF5, 0x97, 0xF5, 0x14, 0xF4, 0x92, 0xD4, 0x10, 0x93, 0x8E, 0x93, 0x8E, 0x93, 0xAE, 0x93, 0xAE, 
0x93, 0xAE, 0x93, 0xAE, 0x93, 0xAE, 0x93, 0xAE, 0x93, 0xAE, 0x93, 0x8D, 0x8B, 0x6D, 0x83, 0x4C, 0x7A, 0xEA, 0x6A, 0x89, 0x6A, 0x47, 0x6A, 0x26, 0x6A, 0x06, 0x6A, 0x06, 0x6A, 0x06, 0x6A, 0x06, 
0x62, 0x06, 0x59, 0xC5, 0x51, 0x64, 0x41, 0x23, 0x38, 0xE3, 0x38, 0xC2, 0x48, 0xE2, 0x51, 0x02, 0x59, 0x23, 0x61, 0x63, 0x61, 0x84, 0x61, 0x84, 0x69, 0x84, 0x69, 0x84, 0x69, 0x84, 0x61, 0x84, 
0x61, 0x84, 0x69, 0x84, 0x61, 0x64, 0x61, 0x64, 0x61, 0x63, 0x61, 0x43, 0x61, 0x43, 0x79, 0x84, 0xBB, 0x09, 0xD4, 0x0E, 0xD4, 0x70, 0xDC, 0xB2, 0xDC, 0xD2, 0xDD, 0x13, 0xE5, 0x34, 0xE5, 0x54, 
0xAC, 0xB3, 0xAC, 0xB3, 0xAC, 0xB3, 0xAC, 0xB2, 0xA4, 0x92, 0xA4, 0x71, 0x9C, 0x30, 0x93, 0xEF, 0x93, 0xAE, 0x8B, 0x6C, 0x83, 0x2B, 0x82, 0xEA, 0x82, 0xC8, 0x82, 0xC8, 0x82, 0xC8, 0x82, 0xA8, 
0x7A, 0xA8, 0x7A, 0xA8, 0x7A, 0xC8, 0x82, 0xE9, 0x82, 0xE9, 0x82, 0xE9, 0x82, 0xE9, 0x82, 0xC9, 0x6A, 0x67, 0x10, 0x61, 0x18, 0xC3, 0x10, 0x41, 0x51, 0xE6, 0x7A, 0xC9, 0x7A, 0xC8, 0x82, 0xC9, 
0x82, 0xC8, 0x82, 0xE8, 0x82, 0xE9, 0x82, 0xE9, 0x82, 0xE9, 0x82, 0xE8, 0x82, 0xE9, 0x82, 0xE8, 0x82, 0xE9, 0x83, 0x09, 0x83, 0x09, 0x83, 0x09, 0x82, 0xE9, 0x7A, 0xA8, 0x61, 0xC4, 0x51, 0x01, 
0x51, 0x01, 0x51, 0x02, 0x59, 0x02, 0x59, 0x22, 0x59, 0x22, 0x59, 0x22, 0x50, 0xE1, 0x48, 0x80, 0x40, 0x60, 0x38, 0x40, 0x38, 0x40, 0x30, 0x20, 0x30, 0x20, 0x48, 0xC1, 0x69, 0xA3, 0x71, 0xC3, 
0x82, 0x04, 0x8A, 0x44, 0x8A, 0x65, 0xAB, 0x88, 0xBC, 0x09, 0x9A, 0xC6, 0x92, 0xA6, 0x9A, 0x86, 0xA2, 0x25, 0xA2, 0x26, 0xAA, 0x25, 0xAA, 0x46, 0xB2, 0x46, 0xB2, 0x66, 0xB2, 0x87, 0xB2, 0xA8, 
0xBB, 0x4A, 0xBB, 0xAB, 0xB0, 0xC2, 0xB0, 0x00, 0xB0, 0x00, 0xB0, 0x00, 0xCB, 0xED, 0xCC, 0x6F, 0xC0, 0x61, 0xC8, 0x00, 0xC8, 0x00, 0xD0, 0xA2, 0xD0, 0xC3, 0xD0, 0xC3, 0xD0, 0xE3, 0xD0, 0xE3, 
0xD0, 0xE3, 0xD0, 0xC3, 0xC8, 0x00, 0xC8, 0xA2, 0xDA, 0x69, 0xE2, 0xCA, 0xE2, 0xCA, 0xE2, 0xEA, 0xE2, 0xEB, 0xDB, 0x0B, 0xEC, 0xB1, 0xD2, 0x89, 0xC0, 0x00, 0xC0, 0x00, 0xC0, 0x00, 0xC0, 0x40, 
0xC0, 0xA0, 0xB9, 0x00, 0xB9, 0x81, 0xB9, 0xE1, 0xC2, 0x42, 0xC2, 0xA2, 0xC2, 0xC2, 0xC2, 0xE2, 0xC3, 0x02, 0xC2, 0xE2, 0xC2, 0xA2, 0xC2, 0x61, 0xC2, 0x01, 0xC1, 0x80, 0xC1, 0x20, 0xC0, 0xA0, 
0xC0, 0x40, 0xC0, 0x00, 0xC0, 0x00, 0xB8, 0x00, 0xD2, 0x48, 0xF4, 0xB1, 0xF3, 0xED, 0xF3, 0xED, 0xF3, 0xEE, 0xF4, 0x0E, 0xF4, 0x0E, 0xEB, 0xCD, 0xD1, 0x24, 0xC8, 0x00, 0xD0, 0xA2, 0xD1, 0x03, 
0xD9, 0x24, 0xD9, 0x64, 0xD9, 0xA6, 0xE3, 0x0A, 0xD9, 0xC6, 0xC8, 0x00, 0xC8, 0x00, 0xC0, 0x20, 0xE5, 0x96, 0xED, 0xF7, 0xB0, 0xA3, 0xB0, 0x00, 0xB0, 0x00, 0xA8, 0x00, 0xE5, 0xB6, 0xEE, 0x79, 
0xC3, 0xED, 0xCC, 0x2A, 0xD5, 0x0A, 0xD4, 0xE9, 0xD5, 0x4D, 0xC4, 0x88, 0xBC, 0x26, 0xC4, 0x68, 0xB3, 0xE5, 0xB3, 0xE6, 0xD5, 0x6E, 0xD5, 0x90, 0xB3, 0xC5, 0xAB, 0xA4, 0xCD, 0x0D, 0xDE, 0x12, 
0xB3, 0xC4, 0xB3, 0x83, 0xAB, 0x63, 0xAB, 0x63, 0xC4, 0x6A, 0xED, 0xF7, 0xED, 0xB7, 0xF5, 0xB7, 0xF5, 0x97, 0xF4, 0xB2, 0xE4, 0x50, 0x9B, 0xAE, 0x93, 0x8E, 0x93, 0xAE, 0x93, 0xAE, 0x93, 0xAE, 
0x93, 0xAE, 0x93, 0xAE, 0x93, 0xAE, 0x93, 0xAE, 0x93, 0x8E, 0x8B, 0x8D, 0x8B, 0x6D, 0x83, 0x2C, 0x7A, 0xCA, 0x6A, 0x68, 0x6A, 0x27, 0x6A, 0x26, 0x62, 0x06, 0x6A, 0x05, 0x6A, 0x06, 0x6A, 0x06, 
0x61, 0xE5, 0x59, 0xA4, 0x49, 0x44, 0x41, 0x03, 0x38, 0xE3, 0x40, 0xC2, 0x50, 0xE2, 0x51, 0x22, 0x59, 0x22, 0x59, 0x43, 0x61, 0x64, 0x61, 0x84, 0x69, 0x84, 0x69, 0x84, 0x69, 0x84, 0x69, 0x84, 
0x69, 0x84, 0x69, 0x84, 0x69, 0x84, 0x69, 0x84, 0x69, 0x84, 0x69, 0x84, 0x61, 0x63, 0x89, 0xE5, 0xC3, 0x4B, 0xD4, 0x2F, 0xD4, 0x91, 0xDC, 0xB2, 0xDC, 0xF3, 0xDD, 0x13, 0xE5, 0x34, 0xE5, 0x54, 
0xAC, 0xB3, 0xAC, 0xB3, 0xAC, 0xB3, 0xAC, 0xB3, 0xA4, 0x93, 0xA4, 0x72, 0x9C, 0x51, 0x9C, 0x30, 0x93, 0xEF, 0x93, 0xAD, 0x8B, 0x6C, 0x83, 0x2B, 0x83, 0x0A, 0x82, 0xE9, 0x82, 0xC8, 0x82, 0xA8, 
0x7A, 0xA8, 0x7A, 0xA8, 0x7A, 0xC9, 0x82, 0xE9, 0x82, 0xE9, 0x82, 0xE9, 0x82, 0xE9, 0x7A, 0xC9, 0x39, 0x23, 0x10, 0x61, 0x18, 0x82, 0x20, 0xA2, 0x7A, 0xA9, 0x7A, 0xC8, 0x7A, 0xC8, 0x82, 0xC8, 
0x82, 0xC8, 0x82, 0xE8, 0x82, 0xE9, 0x82, 0xE9, 0x82, 0xE9, 0x82, 0xE9, 0x82, 0xE9, 0x82, 0xE9, 0x82, 0xE9, 0x82, 0xE9, 0x83, 0x09, 0x82, 0xE9, 0x82, 0xC8, 0x7A, 0xA8, 0x72, 0x67, 0x61, 0x84, 
0x51, 0x02, 0x50, 0xE2, 0x51, 0x02, 0x51, 0x02, 0x50, 0xE1, 0x48, 0xC1, 0x48, 0x80, 0x40, 0x80, 0x38, 0x60, 0x38, 0x40, 0x30, 0x20, 0x30, 0x20, 0x38, 0x60, 0x69, 0x83, 0x71, 0xC3, 0x79, 0xE4, 
0x82, 0x24, 0x9B, 0x06, 0xC4, 0x8A, 0xAB, 0x88, 0x92, 0xA6, 0x92, 0xA6, 0x92, 0xA6, 0x9A, 0xA6, 0x9A, 0xC7, 0xA2, 0xE7, 0xA2, 0xE8, 0xAB, 0x08, 0xAB, 0x28, 0xB3, 0x29, 0xB3, 0x49, 0xB3, 0x6A, 
0xBB, 0x8A, 0xBB, 0x8A, 0xB0, 0xC2, 0xB0, 0x00, 0xB0, 0x00, 0xA8, 0x00, 0xC3, 0xED, 0xCC, 0x4F, 0xC0, 0x61, 0xC8, 0x00, 0xC8, 0x00, 0xC8, 0x00, 0xC0, 0x00, 0xC8, 0x00, 0xC8, 0x00, 0xC8, 0x00, 
0xC8, 0x00, 0xC8, 0x00, 0xC9, 0x03, 0xEC, 0x0E, 0xDA, 0x68, 0xD9, 0xC6, 0xD9, 0xC6, 0xD9, 0xC6, 0xD9, 0xE6, 0xD1, 0xE6, 0xE4, 0x70, 0xD2, 0x89, 0xC0, 0x00, 0xC0, 0x00, 0xC0, 0x00, 0xC0, 0x00, 
0xC0, 0x20, 0xC0, 0x80, 0xB8, 0xE0, 0xB9, 0x41, 0xB9, 0x81, 0xC1, 0xE1, 0xC2, 0x01, 0xC2, 0x22, 0xC2, 0x21, 0xC2, 0x01, 0xC1, 0xE1, 0xC1, 0xA0, 0xC1, 0x40, 0xC0, 0xE0, 0xC0, 0x80, 0xC0, 0x20, 
0xC0, 0x00, 0xC0, 0x00, 0xC0, 0x00, 0xB8, 0x00, 0xD2, 0x48, 0xEB, 0xEE, 0xC0, 0xA2, 0xC0, 0x81, 0xC0, 0x61, 0xC0, 0x61, 0xC0, 0x61, 0xD1, 0x24, 0xEB, 0x8C, 0xD0, 0xE3, 0xC8, 0x00, 0xD0, 0x00, 
0xD0, 0x00, 0xD0, 0x00, 0xD0, 0x00, 0xD0, 0x81, 0xC8, 0x20, 0xC8, 0x00, 0xC0, 0x00, 0xC0, 0x00, 0xE5, 0x96, 0xE5, 0xF7, 0xB0, 0xC3, 0xB8, 0x00, 0xB0, 0x00, 0xA8, 0x20, 0xD5, 0x11, 0xD5, 0x6F, 
0xCC, 0xCA, 0xD5, 0x2B, 0xD5, 0x4B, 0xD5, 0x4C, 0xE6, 0x73, 0xCC, 0xA9, 0xBC, 0x06, 0xBC, 0x06, 0xB3, 0xE5, 0xBC, 0x06, 0xC4, 0x48, 0xC4, 0x68, 0xB3, 0xC5, 0xAB, 0x63, 0xBC, 0x06, 0xC4, 0x68, 
0xB3, 0x83, 0xB3, 0xA4, 0xBB, 0xE6, 0xDD, 0x93, 0xEE, 0x79, 0xED, 0xD8, 0xED, 0x97, 0xF5, 0x97, 0xF5, 0x56, 0xE4, 0x30, 0xA3, 0x8E, 0x93, 0x8D, 0x93, 0x8D, 0x93, 0xAE, 0x93, 0xAE, 0x93, 0xAE, 
0x93, 0xAE, 0x93, 0xAE, 0x93, 0xAE, 0x93, 0xAE, 0x93, 0x8E, 0x8B, 0x8D, 0x8B, 0x6D, 0x83, 0x2C, 0x72, 0xCA, 0x6A, 0x68, 0x6A, 0x26, 0x6A, 0x06, 0x62, 0x06, 0x61, 0xE5, 0x62, 0x06, 0x6A, 0x06, 
0x61, 0xC5, 0x51, 0x84, 0x41, 0x23, 0x41, 0x03, 0x38, 0xE3, 0x40, 0xE2, 0x51, 0x23, 0x51, 0x23, 0x51, 0x23, 0x59, 0x43, 0x61, 0x64, 0x61, 0x84, 0x69, 0x84, 0x69, 0x84, 0x69, 0x84, 0x69, 0x84, 
0x69, 0x84, 0x69, 0x84, 0x69, 0x84, 0x69, 0x84, 0x69, 0x84, 0x69, 0x64, 0x69, 0x63, 0x9A, 0x26, 0xC3, 0x8C, 0xD4, 0x4F, 0xDC, 0x91, 0xDC, 0xD2, 0xDC, 0xF3, 0xE5, 0x14, 0xE5, 0x34, 0xE5, 0x34, 
0xAC, 0xB3, 0xAC, 0xB3, 0xAC, 0xB3, 0xAC, 0xB3, 0xA4, 0xB2, 0xA4, 0x92, 0xA4, 0x72, 0x9C, 0x51, 0x9C, 0x10, 0x93, 0xCE, 0x8B, 0xAD, 0x8B, 0x6C, 0x83, 0x2B, 0x83, 0x0A, 0x82, 0xE9, 0x7A, 0xC8, 
0x7A, 0xA8, 0x7A, 0xA8, 0x82, 0xE9, 0x82, 0xE9, 0x82, 0xE9, 0x82, 0xE9, 0x82, 0xE9, 0x6A, 0x47, 0x10, 0x61, 0x18, 0xA2, 0x10, 0x41, 0x5A, 0x07, 0x7A, 0xA8, 0x7A, 0xA8, 0x7A, 0xC8, 0x82, 0xC8, 
0x82, 0xC8, 0x82, 0xC8, 0x82, 0xE9, 0x82, 0xE9, 0x82, 0xE9, 0x82, 0xE9, 0x82, 0xE9, 0x82, 0xE9, 0x82, 0xE9, 0x82, 0xE9, 0x82, 0xE8, 0x82, 0xE9, 0x82, 0xC8, 0x7A, 0xA7, 0x7A, 0x87, 0x72, 0x67, 
0x59, 0x63, 0x50, 0xE1, 0x50, 0xE1, 0x50, 0xE1, 0x48, 0xC1, 0x48, 0xA0, 0x40, 0x80, 0x40, 0x80, 0x38, 0x60, 0x38, 0x40, 0x30, 0x20, 0x30, 0x40, 0x59, 0x22, 0x71, 0xA3, 0x79, 0xE3, 0x82, 0x64, 
0xB4, 0x09, 0xC4, 0x8A, 0x9A, 0xE6, 0x92, 0xA6, 0x92, 0xA6, 0x92, 0xA6, 0x9A, 0xA6, 0x9A, 0xA6, 0xA2, 0x86, 0xAA, 0xA7, 0xAA, 0xA7, 0xAA, 0xC7, 0xB2, 0xE8, 0xB3, 0x08, 0xB3, 0x09, 0xBB, 0x29, 
0xBB, 0x6A, 0xBB, 0x8A, 0xA8, 0xC2, 0xB0, 0x00, 0xB0, 0x00, 0xA8, 0x00, 0xC3, 0xED, 0xCC, 0x4E, 0xC0, 0x61, 0xC8, 0x00, 0xC8, 0x00, 0xC8, 0xE3, 0xDA, 0xE9, 0xC9, 0x44, 0xC0, 0x00, 0xC0, 0x00, 
0xC0, 0x00, 0xC9, 0x03, 0xEC, 0x0E, 0xC9, 0x44, 0xC8, 0x00, 0xC8, 0x41, 0xC8, 0x61, 0xC8, 0x41, 0xC8, 0x41, 0xC0, 0x20, 0xE4, 0x0F, 0xD2, 0x69, 0xC0, 0x00, 0xC0, 0x00, 0xC0, 0x00, 0xC0, 0x00, 
0xC0, 0x00, 0xC0, 0x20, 0xC0, 0x60, 0xC0, 0xA0, 0xC0, 0xE0, 0xB9, 0x21, 0xC1, 0x41, 0xC1, 0x41, 0xC1, 0x41, 0xC1, 0x20, 0xC1, 0x20, 0xC0, 0xE0, 0xC0, 0xA0, 0xC0, 0x60, 0xC0, 0x00, 0xC0, 0x00, 
0xC0, 0x00, 0xC0, 0x00, 0xC0, 0x00, 0xB8, 0x00, 0xD2, 0x48, 0xEC, 0x0E, 0xC9, 0x44, 0xD1, 0x44, 0xD1, 0x44, 0xD1, 0x24, 0xC8, 0x81, 0xC8, 0x00, 0xC8, 0xC2, 0xEB, 0x6B, 0xD1, 0x85, 0xD1, 0x03, 
0xD1, 0x03, 0xD1, 0x03, 0xD9, 0xE6, 0xF4, 0x2D, 0xE3, 0x0A, 0xC0, 0x00, 0xC0, 0x00, 0xB8, 0x00, 0xE5, 0x76, 0xE5, 0xF7, 0xB8, 0xE3, 0xB0, 0x20, 0xB9, 0x83, 0xCB, 0xA7, 0xCC, 0xCA, 0xCC, 0xCA, 
0xC4, 0x89, 0xCC, 0xA8, 0xC4, 0xA9, 0xE6, 0x53, 0xCC, 0xA9, 0xBC, 0x46, 0xBC, 0x06, 0xBC, 0x06, 0xBB, 0xE6, 0xC4, 0x88, 0xC4, 0x47, 0xBC, 0x06, 0xB3, 0xA4, 0xAB, 0x64, 0xAB, 0x63, 0xAB, 0x63, 
0xBB, 0xE6, 0xCC, 0xED, 0xEE, 0x38, 0xEE, 0x79, 0xEE, 0x59, 0xED, 0x76, 0xF5, 0x76, 0xF5, 0x97, 0xE4, 0xB3, 0x92, 0x89, 0x7A, 0x8A, 0x82, 0xEB, 0x83, 0x2C, 0x8B, 0x6D, 0x8B, 0x8D, 0x93, 0xAE, 
0x93, 0xAE, 0x93, 0xAE, 0x93, 0xAE, 0x93, 0xAE, 0x93, 0xAE, 0x8B, 0x8D, 0x8B, 0x4D, 0x7B, 0x0B, 0x72, 0xA9, 0x6A, 0x48, 0x6A, 0x26, 0x62, 0x06, 0x62, 0x05, 0x69, 0xE5, 0x6A, 0x06, 0x62, 0x06, 
0x59, 0xC5, 0x51, 0x64, 0x41, 0x23, 0x41, 0x03, 0x41, 0x03, 0x49, 0x03, 0x51, 0x23, 0x51, 0x22, 0x51, 0x22, 0x59, 0x43, 0x61, 0x64, 0x61, 0x84, 0x69, 0x84, 0x69, 0x84, 0x69, 0x84, 0x69, 0x84, 
0x69, 0x84, 0x69, 0x84, 0x69, 0x84, 0x69, 0x84, 0x69, 0x84, 0x69, 0x64, 0x69, 0x63, 0xA2, 0x87, 0xCB, 0xAC, 0xD4, 0x50, 0xDC, 0xB1, 0xDC, 0xD2, 0xDC, 0xF3, 0xE5, 0x14, 0xE5, 0x34, 0xE5, 0x34, 
0xAC, 0xB3, 0xAC, 0xB3, 0xAC, 0xB3, 0xA4, 0xB3, 0xA4, 0xB3, 0xA4, 0x93, 0xA4, 0x92, 0xA4, 0x72, 0x9C, 0x31, 0x94, 0x0F, 0x93, 0xCE, 0x8B, 0x8D, 0x8B, 0x6C, 0x83, 0x2B, 0x83, 0x0A, 0x7A, 0xC8, 
0x7A, 0xA8, 0x7A, 0xC8, 0x82, 0xE9, 0x82, 0xE9, 0x82, 0xE9, 0x82, 0xE9, 0x7A, 0xE9, 0x31, 0x23, 0x10, 0x61, 0x10, 0x61, 0x28, 0xC2, 0x7A, 0xC9, 0x7A, 0xC8, 0x7A, 0xC8, 0x7A, 0xC8, 0x82, 0xC9, 
0x82, 0xC8, 0x82, 0xC8, 0x82, 0xE9, 0x82, 0xE9, 0x82, 0xE9, 0x82, 0xE9, 0x82, 0xE9, 0x82, 0xE9, 0x82, 0xE9, 0x82, 0xE9, 0x82, 0xE9, 0x82, 0xE9, 0x82, 0xC8, 0x7A, 0xA7, 0x7A, 0xA7, 0x7A, 0xA8, 
0x72, 0x46, 0x59, 0x22, 0x50, 0xE1, 0x48, 0xC1, 0x48, 0xC1, 0x48, 0xA1, 0x40, 0x80, 0x40, 0x80, 0x38, 0x60, 0x38, 0x40, 0x30, 0x40, 0x48, 0xC1, 0x69, 0xA3, 0x71, 0xE3, 0x9B, 0x27, 0xCC, 0xEB, 
0xB3, 0xE9, 0x8A, 0x85, 0x92, 0x86, 0x92, 0xA6, 0x92, 0xA6, 0x92, 0xA6, 0x9A, 0xA6, 0xA1, 0x02, 0xA8, 0x20, 0xA8, 0x00, 0xA8, 0x00, 0xA8, 0x00, 0xA8, 0x00, 0xA8, 0x20, 0xB0, 0x20, 0xA8, 0x20, 
0xB2, 0x66, 0xBB, 0x6A, 0xA8, 0xC2, 0xB0, 0x00, 0xB0, 0x00, 0xA8, 0x00, 0xC3, 0xCC, 0xCC, 0x4E, 0xC0, 0x61, 0xC8, 0x00, 0xC0, 0x00, 0xE3, 0x2B, 0xEC, 0x2E, 0xEC, 0x0E, 0xF3, 0xAD, 0xF3, 0x8D, 
0xF3, 0xAD, 0xF3, 0xCD, 0xC9, 0x04, 0xC0, 0x20, 0xE3, 0x0B, 0xF4, 0x2F, 0xF4, 0x0E, 0xF4, 0x2F, 0xF4, 0x70, 0xF4, 0x91, 0xEC, 0xF2, 0xD2, 0x68, 0xC0, 0x00, 0xC0, 0x00, 0xC0, 0x00, 0xC0, 0x00, 
0xC0, 0x00, 0xC0, 0x00, 0xC0, 0x00, 0xC0, 0x20, 0xC0, 0x60, 0xC0, 0x60, 0xC0, 0x80, 0xC0, 0xA0, 0xC0, 0xA0, 0xC0, 0x80, 0xC0, 0x60, 0xC0, 0x40, 0xC0, 0x20, 0xC0, 0x00, 0xC0, 0x00, 0xC0, 0x00, 
0xC0, 0x00, 0xC0, 0x00, 0xC0, 0x00, 0xB8, 0x00, 0xDA, 0x89, 0xEC, 0x4F, 0xE3, 0x4B, 0xE3, 0x2B, 0xE3, 0x2B, 0xE3, 0x8C, 0xEB, 0xAC, 0xC0, 0x00, 0xC8, 0x00, 0xC8, 0xE3, 0xE2, 0x88, 0xE2, 0xA8, 
0xE2, 0xA9, 0xE2, 0xE9, 0xE3, 0x4A, 0xF4, 0x2E, 0xE3, 0x0A, 0xC0, 0x00, 0xC0, 0x00, 0xB8, 0x00, 0xE5, 0x75, 0xE5, 0xD5, 0xC3, 0x49, 0xD4, 0x49, 0xCC, 0xC8, 0xCC, 0x88, 0xD5, 0x0A, 0xC4, 0x67, 
0xC4, 0x68, 0xC4, 0x68, 0xBC, 0x47, 0xC4, 0x47, 0xC4, 0x68, 0xC4, 0x47, 0xCC, 0xCB, 0xCC, 0xCB, 0xC4, 0x47, 0xDD, 0xAF, 0xE6, 0x74, 0xBC, 0x47, 0xAB, 0x84, 0xAB, 0x84, 0xB3, 0x84, 0xB3, 0xE6, 
0xDD, 0x93, 0xEE, 0x39, 0xEE, 0x59, 0xEE, 0x7A, 0xF6, 0x18, 0xED, 0x55, 0xF5, 0x75, 0xF5, 0x76, 0xB3, 0x2C, 0x59, 0x22, 0x50, 0xE2, 0x59, 0x23, 0x61, 0x86, 0x72, 0x07, 0x7A, 0xAA, 0x83, 0x0B, 
0x8B, 0x4C, 0x8B, 0x6D, 0x8B, 0x8E, 0x8B, 0x8D, 0x8B, 0x8E, 0x8B, 0x6D, 0x83, 0x4C, 0x7B, 0x0B, 0x72, 0xA9, 0x6A, 0x47, 0x62, 0x06, 0x61, 0xE5, 0x69, 0xE5, 0x6A, 0x05, 0x6A, 0x06, 0x61, 0xE5, 
0x59, 0xA5, 0x49, 0x44, 0x41, 0x03, 0x41, 0x03, 0x41, 0x03, 0x51, 0x03, 0x51, 0x23, 0x51, 0x23, 0x51, 0x22, 0x59, 0x43, 0x61, 0x64, 0x61, 0x84, 0x69, 0x84, 0x69, 0x84, 0x69, 0x84, 0x69, 0x84, 
0x69, 0x84, 0x69, 0x84, 0x69, 0x84, 0x69, 0x84, 0x69, 0x64, 0x69, 0x64, 0x71, 0x64, 0xB2, 0xC8, 0xCB, 0xED, 0xD4, 0x70, 0xDC, 0xB1, 0xDC, 0xD2, 0xDC, 0xF3, 0xE5, 0x14, 0xE5, 0x34, 0xE5, 0x34, 
0xA4, 0xB3, 0xAC, 0xB3, 0xA4, 0xB3, 0xA4, 0xB3, 0xA4, 0xB3, 0xA4, 0xB3, 0xA4, 0x93, 0xA4, 0x72, 0xA4, 0x71, 0x9C, 0x30, 0x93, 0xEF, 0x93, 0xCE, 0x8B, 0x8D, 0x8B, 0x4C, 0x83, 0x2A, 0x7A, 0xE9, 
0x7A, 0xA8, 0x7A, 0xC8, 0x82, 0xE9, 0x82, 0xE9, 0x82, 0xE9, 0x82, 0xE9, 0x6A, 0x47, 0x10, 0x61, 0x10, 0x62, 0x10, 0x40, 0x62, 0x27, 0x7A, 0xA8, 0x7A, 0xC8, 0x7A, 0xC8, 0x7A, 0xC8, 0x7A, 0xC8, 
0x82, 0xC8, 0x82, 0xC8, 0x82, 0xE9, 0x82, 0xE9, 0x82, 0xE8, 0x82, 0xE8, 0x82, 0xE8, 0x82, 0xE9, 0x82, 0xE9, 0x82, 0xE9, 0x82, 0xE9, 0x82, 0xE8, 0x7A, 0xC8, 0x7A, 0xA7, 0x7A, 0xA8, 0x7A, 0xC8, 
0x7A, 0xA8, 0x69, 0xC4, 0x50, 0xE1, 0x50, 0xC1, 0x48, 0xC1, 0x48, 0xA0, 0x40, 0x80, 0x40, 0x60, 0x38, 0x60, 0x38, 0x40, 0x38, 0x80, 0x61, 0x63, 0x7A, 0x45, 0xC4, 0x6B, 0xD4, 0xEB, 0xAB, 0x67, 
0x8A, 0x85, 0x92, 0x86, 0x92, 0xA6, 0x92, 0xA6, 0x92, 0xA6, 0x92, 0xA6, 0x9A, 0xA6, 0xA0, 0xC1, 0xA8, 0x00, 0xA8, 0x00, 0xB0, 0x00, 0xB0, 0x00, 0xB0, 0x00, 0xB0, 0x00, 0xB0, 0x00, 0xB0, 0x00, 
0xB2, 0x26, 0xBB, 0x49, 0xA8, 0xC2, 0xB0, 0x00, 0xA8, 0x00, 0xA8, 0x00, 0xC3, 0xCC, 0xCC, 0x2D, 0xC0, 0x61, 0xC0, 0x00, 0xC0, 0x00, 0xC9, 0x23, 0xE3, 0x8C, 0xDA, 0x07, 0xC8, 0x40, 0xC8, 0x41, 
0xC8, 0x61, 0xC8, 0x41, 0xC0, 0x00, 0xE3, 0x0A, 0xE2, 0xEA, 0xC0, 0x00, 0xC0, 0x00, 0xC0, 0x00, 0xC0, 0x00, 0xC0, 0x20, 0xE4, 0x0F, 0xE3, 0xAD, 0xC0, 0x41, 0xC0, 0x00, 0xC0, 0x00, 0xC0, 0x00, 
0xC0, 0x00, 0xC8, 0x00, 0xC8, 0x00, 0xC0, 0x00, 0xC0, 0x00, 0xC0, 0x00, 0xC0, 0x00, 0xC0, 0x20, 0xC0, 0x20, 0xC8, 0x20, 0xC0, 0x00, 0xC0, 0x00, 0xC8, 0x00, 0xC8, 0x00, 0xC8, 0x00, 0xC0, 0x00, 
0xC0, 0x00, 0xC0, 0x00, 0xC0, 0x00, 0xC0, 0x61, 0xEB, 0xAD, 0xE2, 0xCA, 0xC8, 0x00, 0xC0, 0x00, 0xC0, 0x00, 0xC0, 0x82, 0xF4, 0x0E, 0xC0, 0x20, 0xC8, 0x00, 0xC0, 0x00, 0xC0, 0x00, 0xC8, 0x00, 
0xC8, 0x00, 0xC8, 0x00, 0xC8, 0x00, 0xC8, 0x41, 0xC0, 0x20, 0xC0, 0x00, 0xC0, 0x00, 0xB8, 0x81, 0xE5, 0x91, 0xDD, 0xAF, 0xE5, 0xEF, 0xE6, 0x31, 0xD5, 0x2C, 0xCC, 0xA8, 0xCC, 0xA9, 0xC4, 0x67, 
0xC4, 0xA8, 0xBC, 0x47, 0xBC, 0x26, 0xC4, 0x67, 0xCC, 0xA9, 0xBC, 0x06, 0xBC, 0x47, 0xC4, 0x47, 0xC4, 0x26, 0xDD, 0xAF, 0xE6, 0x32, 0xCC, 0xEA, 0xB3, 0xC6, 0xAB, 0x84, 0xC4, 0xAC, 0xE6, 0x37, 
0xE6, 0x59, 0xEE, 0x39, 0xEE, 0x59, 0xEE, 0x59, 0xED, 0xD7, 0xF5, 0x35, 0xF5, 0x55, 0xED, 0x14, 0xA2, 0xC9, 0xB4, 0x2B, 0x69, 0x23, 0x58, 0xE2, 0x50, 0xC2, 0x50, 0xC2, 0x59, 0x03, 0x61, 0x65, 
0x69, 0xE7, 0x72, 0x68, 0x7A, 0xCA, 0x83, 0x2C, 0x8B, 0x4C, 0x8B, 0x4D, 0x83, 0x4C, 0x7A, 0xEB, 0x72, 0x89, 0x6A, 0x47, 0x62, 0x06, 0x62, 0x05, 0x6A, 0x05, 0x6A, 0x06, 0x6A, 0x06, 0x61, 0xE5, 
0x59, 0x85, 0x41, 0x23, 0x41, 0x03, 0x41, 0x03, 0x49, 0x23, 0x51, 0x43, 0x59, 0x43, 0x51, 0x22, 0x51, 0x23, 0x59, 0x43, 0x61, 0x63, 0x61, 0x84, 0x69, 0x84, 0x69, 0x84, 0x69, 0x84, 0x69, 0x84, 
0x69, 0x84, 0x69, 0x84, 0x69, 0x84, 0x69, 0x84, 0x69, 0x84, 0x69, 0x64, 0x79, 0xA4, 0xBB, 0x2A, 0xD4, 0x0E, 0xD4, 0x70, 0xDC, 0xB1, 0xDC, 0xD2, 0xDC, 0xF3, 0xE5, 0x14, 0xE5, 0x34, 0xE5, 0x34, 
0xA4, 0xB3, 0xA4, 0xB3, 0xA4, 0xB3, 0xA4, 0xB3, 0xA4, 0xB3, 0xA4, 0xB3, 0xA4, 0xB2, 0xA4, 0x92, 0xA4, 0x72, 0x9C, 0x51, 0x9C, 0x30, 0x93, 0xEF, 0x93, 0xAE, 0x8B, 0x6C, 0x83, 0x4B, 0x82, 0xE9, 
0x7A, 0xC8, 0x7A, 0xC8, 0x82, 0xC9, 0x82, 0xE9, 0x82, 0xE9, 0x7A, 0xC9, 0x31, 0x23, 0x10, 0x61, 0x10, 0x41, 0x31, 0x03, 0x7A, 0xC9, 0x7A, 0xA8, 0x7A, 0xC8, 0x7A, 0xC8, 0x7A, 0xC8, 0x7A, 0xC8, 
0x7A, 0xC8, 0x82, 0xC9, 0x82, 0xE9, 0x82, 0xE9, 0x82, 0xE9, 0x82, 0xE8, 0x82, 0xE9, 0x82, 0xE9, 0x82, 0xE8, 0x82, 0xE9, 0x82, 0xE9, 0x7A, 0xC8, 0x7A, 0xA7, 0x7A, 0x87, 0x7A, 0xA7, 0x7A, 0xA7, 
0x7A, 0xA8, 0x72, 0x66, 0x59, 0x42, 0x50, 0xE1, 0x50, 0xC0, 0x48, 0xA0, 0x40, 0x80, 0x40, 0x60, 0x38, 0x60, 0x38, 0x60, 0x59, 0x42, 0x8A, 0xC6, 0xCC, 0xCB, 0xD5, 0x0C, 0x9B, 0x26, 0x8A, 0x85, 
0x92, 0x85, 0x92, 0xA6, 0x92, 0xA6, 0x92, 0xA6, 0x92, 0xA6, 0x92, 0xA6, 0x92, 0xA6, 0x9A, 0x65, 0xA1, 0x83, 0xA1, 0x84, 0xA9, 0xA4, 0xA9, 0xA4, 0xA9, 0xA4, 0xA9, 0xC4, 0xB1, 0xC5, 0xB1, 0xE5, 
0xB2, 0xE8, 0xB3, 0x49, 0xA8, 0xC2, 0xB0, 0x00, 0xA8, 0x00, 0xA8, 0x00, 0xC3, 0xCC, 0xCC, 0x2D, 0xC0, 0x41, 0xC0, 0x00, 0xC0, 0x00, 0xB8, 0x00, 0xC9, 0x44, 0xC8, 0x41, 0xC8, 0x00, 0xD0, 0x00, 
0xC8, 0x00, 0xC8, 0x20, 0xEB, 0x0B, 0xE2, 0x89, 0xC8, 0x00, 0xC8, 0x00, 0xC8, 0x00, 0xC8, 0x00, 0xC8, 0x00, 0xC9, 0x44, 0xEC, 0x4F, 0xEC, 0x90, 0xE3, 0xED, 0xD2, 0x48, 0xD2, 0x07, 0xD2, 0x07, 
0xD2, 0x27, 0xD2, 0x27, 0xD2, 0x27, 0xD2, 0x47, 0xD2, 0x48, 0xD2, 0x47, 0xD2, 0x48, 0xD2, 0x47, 0xD2, 0x48, 0xD2, 0x28, 0xD2, 0x48, 0xD2, 0x28, 0xD2, 0x48, 0xD2, 0x28, 0xD2, 0x28, 0xD2, 0x28, 
0xD2, 0x07, 0xD2, 0x08, 0xD2, 0x69, 0xEB, 0xAD, 0xEB, 0x8C, 0xC8, 0xA2, 0xC0, 0x00, 0xC0, 0x00, 0xC0, 0x00, 0xC0, 0xA2, 0xF4, 0x0E, 0xC9, 0x64, 0xC8, 0x81, 0xC0, 0x00, 0xC0, 0x00, 0xC0, 0x00, 
0xC8, 0x00, 0xC8, 0x00, 0xC8, 0x00, 0xC8, 0x00, 0xC0, 0x00, 0xC0, 0x61, 0xD2, 0xE6, 0xE5, 0x4D, 0xE5, 0xCE, 0xDD, 0x4B, 0xDD, 0x8C, 0xD5, 0x4C, 0xEE, 0x94, 0xCD, 0x0B, 0xD5, 0x4C, 0xC4, 0x68, 
0xC4, 0x88, 0xBC, 0x47, 0xC4, 0x88, 0xCC, 0xEA, 0xC4, 0x47, 0xBC, 0x06, 0xBC, 0x26, 0xB3, 0xE5, 0xC4, 0x88, 0xC4, 0x47, 0xC4, 0x26, 0xC4, 0x26, 0xC4, 0x6A, 0xDD, 0xB4, 0xEE, 0x79, 0xEE, 0x59, 
0xEE, 0x59, 0xEE, 0x59, 0xEE, 0x59, 0xED, 0xF7, 0xED, 0xB6, 0xED, 0x35, 0xED, 0x14, 0xD4, 0x51, 0xAB, 0x8B, 0xDD, 0x8F, 0x8A, 0x46, 0x79, 0xC5, 0x71, 0x85, 0x69, 0x43, 0x61, 0x23, 0x58, 0xE2, 
0x58, 0xE2, 0x59, 0x03, 0x61, 0x44, 0x69, 0xA6, 0x72, 0x27, 0x72, 0x89, 0x7A, 0xCA, 0x72, 0xCA, 0x72, 0x89, 0x6A, 0x47, 0x6A, 0x06, 0x62, 0x06, 0x6A, 0x05, 0x6A, 0x06, 0x6A, 0x06, 0x61, 0xE5, 
0x51, 0x84, 0x41, 0x23, 0x41, 0x23, 0x41, 0x23, 0x51, 0x44, 0x59, 0x64, 0x59, 0x63, 0x51, 0x22, 0x51, 0x02, 0x59, 0x23, 0x61, 0x63, 0x61, 0x84, 0x69, 0x84, 0x69, 0x84, 0x69, 0x84, 0x69, 0x84, 
0x69, 0x83, 0x69, 0x84, 0x69, 0x84, 0x69, 0x84, 0x69, 0x84, 0x69, 0x64, 0x89, 0xE5, 0xC3, 0x6B, 0xD4, 0x2F, 0xD4, 0x91, 0xDC, 0xB2, 0xDC, 0xD2, 0xDC, 0xF3, 0xE5, 0x34, 0xE5, 0x34, 0xED, 0x34, 
0xA4, 0xB3, 0xA4, 0xB3, 0xAC, 0xD3, 0xAC, 0xB3, 0xAC, 0xB3, 0xA4, 0xB3, 0xA4, 0xB2, 0xA4, 0xB2, 0xA4, 0x92, 0xA4, 0x71, 0x9C, 0x50, 0x9C, 0x10, 0x93, 0xCF, 0x8B, 0x8D, 0x83, 0x4B, 0x83, 0x0A, 
0x7A, 0xC9, 0x7A, 0xC8, 0x82, 0xC8, 0x82, 0xE9, 0x82, 0xE9, 0x6A, 0x68, 0x10, 0x61, 0x10, 0x61, 0x10, 0x40, 0x6A, 0x48, 0x7A, 0xA8, 0x7A, 0xA8, 0x7A, 0xC8, 0x7A, 0xA8, 0x7A, 0xC8, 0x7A, 0xC8, 
0x7A, 0xC8, 0x82, 0xC9, 0x82, 0xE9, 0x82, 0xE9, 0x82, 0xC9, 0x82, 0xE8, 0x82, 0xE8, 0x82, 0xC8, 0x82, 0xC8, 0x82, 0xC8, 0x7A, 0xC8, 0x7A, 0xA7, 0x7A, 0x87, 0x72, 0x66, 0x72, 0x66, 0x72, 0x87, 
0x72, 0x87, 0x72, 0x87, 0x6A, 0x25, 0x51, 0x01, 0x48, 0xA0, 0x48, 0xA0, 0x40, 0x80, 0x40, 0x60, 0x40, 0x80, 0x59, 0x62, 0xB4, 0x0A, 0xD5, 0x2D, 0xCC, 0xEC, 0x92, 0xE6, 0x8A, 0x65, 0x92, 0x85, 
0x92, 0x85, 0x92, 0xA5, 0x92, 0xA6, 0x92, 0xA6, 0x92, 0xA6, 0x92, 0xA6, 0x92, 0x86, 0x9A, 0x86, 0x9A, 0xA6, 0xA2, 0xA6, 0xA2, 0xC7, 0xAA, 0xE7, 0xAA, 0xE7, 0xAB, 0x08, 0xB3, 0x08, 0xB3, 0x28, 
0xB3, 0x49, 0xB3, 0x49, 0xA8, 0xC2, 0xA8, 0x00, 0xA8, 0x00, 0xA8, 0x00, 0xC3, 0xAC, 0xCC, 0x0D, 0xC0, 0x41, 0xC0, 0x00, 0xC0, 0x00, 0xDA, 0x89, 0xF4, 0xB0, 0xEB, 0xCD, 0xDA, 0x07, 0xDA, 0x07, 
0xDA, 0x48, 0xEB, 0x6C, 0xDA, 0x07, 0xC8, 0x00, 0xC8, 0x00, 0xC8, 0x00, 0xC8, 0x00, 0xC0, 0x00, 0xC9, 0x65, 0xF3, 0xEE, 0xC8, 0xA2, 0xC9, 0x03, 0xEC, 0xB0, 0xE4, 0x0E, 0xE4, 0x2E, 0xE4, 0x90, 
0xE3, 0xED, 0xE4, 0x4F, 0xE4, 0x6F, 0xE3, 0xED, 0xE4, 0x2E, 0xE4, 0x0E, 0xE3, 0xCD, 0xE4, 0x4E, 0xE3, 0xAC, 0xDB, 0x6C, 0xE4, 0x6F, 0xE3, 0xAD, 0xE3, 0xCD, 0xE4, 0x6F, 0xE3, 0x8C, 0xE3, 0xEE, 
0xE4, 0x0E, 0xE3, 0x6C, 0xEC, 0x2F, 0xDA, 0x89, 0xC0, 0x41, 0xC0, 0x00, 0xC0, 0x00, 0xC0, 0x00, 0xC0, 0x00, 0xC0, 0xC2, 0xEB, 0xCD, 0xB8, 0x82, 0xD1, 0xC5, 0xD1, 0x23, 0xD0, 0xC2, 0xD0, 0xA2, 
0xD0, 0xC2, 0xD1, 0x23, 0xC8, 0x81, 0xD2, 0x45, 0xD3, 0x47, 0xDD, 0x0B, 0xDD, 0x6C, 0xDD, 0x4C, 0xDD, 0x6D, 0xE6, 0x12, 0xD5, 0x4C, 0xD5, 0x0A, 0xCC, 0xEA, 0xCC, 0xCA, 0xCC, 0xEB, 0xC4, 0x88, 
0xC4, 0x68, 0xD5, 0x6F, 0xDD, 0xD0, 0xD5, 0x2B, 0xC4, 0x88, 0xCD, 0x0C, 0xBC, 0x07, 0xBB, 0xE6, 0xCC, 0xA9, 0xC4, 0x27, 0xC4, 0x27, 0xD5, 0x50, 0xEE, 0x79, 0xEE, 0x79, 0xEE, 0x79, 0xEE, 0x59, 
0xEE, 0x59, 0xEE, 0x79, 0xEE, 0x18, 0xED, 0xF7, 0xED, 0xB7, 0xED, 0x34, 0xDC, 0x92, 0xC3, 0xAF, 0xBC, 0x2A, 0xD5, 0x6D, 0xB4, 0x0C, 0x8A, 0x26, 0x8A, 0x06, 0x8A, 0x06, 0x82, 0x06, 0x81, 0xE6, 
0x71, 0xA5, 0x69, 0x64, 0x61, 0x23, 0x59, 0x02, 0x50, 0xE3, 0x51, 0x03, 0x59, 0x64, 0x61, 0xA6, 0x61, 0xE6, 0x6A, 0x07, 0x6A, 0x27, 0x6A, 0x07, 0x69, 0xE6, 0x6A, 0x06, 0x6A, 0x06, 0x61, 0xC5, 
0x51, 0x64, 0x51, 0x64, 0x51, 0x85, 0x49, 0x23, 0x51, 0x64, 0x59, 0x85, 0x59, 0x64, 0x51, 0x23, 0x51, 0x22, 0x59, 0x43, 0x61, 0x63, 0x69, 0x84, 0x69, 0x84, 0x69, 0x84, 0x69, 0x84, 0x69, 0x84, 
0x69, 0x84, 0x69, 0x84, 0x69, 0x84, 0x69, 0x84, 0x69, 0x84, 0x69, 0x64, 0x92, 0x26, 0xC3, 0x8C, 0xD4, 0x2F, 0xD4, 0x91, 0xDC, 0xB2, 0xDC, 0xD2, 0xE5, 0x13, 0xE5, 0x34, 0xED, 0x34, 0xED, 0x34, 
0xA4, 0xB3, 0xA4, 0xB3, 0xA4, 0xB3, 0xA4, 0xB3, 0xAC, 0xB3, 0xA4, 0xB3, 0xA4, 0xB3, 0xA4, 0xB2, 0xA4, 0x92, 0xA4, 0x72, 0x9C, 0x51, 0x9C, 0x10, 0x93, 0xEF, 0x8B, 0x8D, 0x8B, 0x4C, 0x83, 0x0A, 
0x7A, 0xE9, 0x7A, 0xC8, 0x82, 0xE9, 0x82, 0xE9, 0x82, 0xE9, 0x31, 0x23, 0x10, 0x61, 0x10, 0x61, 0x31, 0x03, 0x7A, 0xA9, 0x7A, 0xA8, 0x7A, 0xA8, 0x7A, 0xA8, 0x7A, 0xA8, 0x7A, 0xC8, 0x7A, 0xA8, 
0x7A, 0xC8, 0x7A, 0xC8, 0x7A, 0xC8, 0x7A, 0xC8, 0x7A, 0xC8, 0x7A, 0xC8, 0x7A, 0xC8, 0x7A, 0xA8, 0x7A, 0xA8, 0x7A, 0xA7, 0x7A, 0xA7, 0x7A, 0x87, 0x72, 0x66, 0x72, 0x46, 0x72, 0x66, 0x72, 0x66, 
0x72, 0x87, 0x72, 0x87, 0x72, 0x87, 0x6A, 0x05, 0x50, 0xE1, 0x48, 0xA0, 0x40, 0x80, 0x40, 0xA0, 0x69, 0xE3, 0xBC, 0x4A, 0xCC, 0xCB, 0xCD, 0x0D, 0x92, 0xA5, 0x8A, 0x65, 0x8A, 0x85, 0x92, 0x85, 
0x92, 0xA5, 0x92, 0xA5, 0x92, 0xA6, 0x92, 0xA6, 0x92, 0xA6, 0x92, 0x86, 0x92, 0x86, 0x9A, 0x86, 0x9A, 0x86, 0xA2, 0xA6, 0xAA, 0xC7, 0xAA, 0xC7, 0xAA, 0xE7, 0xB3, 0x08, 0xB3, 0x08, 0xB3, 0x28, 
0xB3, 0x49, 0xB3, 0x49, 0xA8, 0xC2, 0xA8, 0x00, 0xA8, 0x00, 0xA8, 0x00, 0xC3, 0xAC, 0xCC, 0x0C, 0xC0, 0x41, 0xC0, 0x00, 0xC0, 0x00, 0xE3, 0x0A, 0xF4, 0x90, 0xE3, 0x8C, 0xDA, 0x07, 0xD9, 0xE6, 
0xD9, 0xA6, 0xD1, 0x03, 0xC8, 0x00, 0xC8, 0x00, 0xC8, 0x00, 0xC8, 0x00, 0xC0, 0x00, 0xD1, 0xC6, 0xF4, 0x2F, 0xC8, 0xA2, 0xC8, 0x00, 0xC8, 0x00, 0xEC, 0x2E, 0xC0, 0xC2, 0xC1, 0x03, 0xEC, 0x2E, 
0xC0, 0x00, 0xDA, 0x89, 0xDA, 0xCA, 0xC0, 0x00, 0xDA, 0xCA, 0xDA, 0x07, 0xC8, 0x00, 0xE3, 0x4A, 0xC9, 0x64, 0xC0, 0x00, 0xEC, 0x2E, 0xC8, 0x61, 0xC0, 0x61, 0xF4, 0x70, 0xC0, 0x00, 0xC9, 0xE7, 
0xDA, 0xCA, 0xB8, 0x00, 0xE3, 0x8C, 0xD0, 0xC2, 0xC0, 0x00, 0xC0, 0x00, 0xC0, 0x00, 0xC0, 0x00, 0xB8, 0x00, 0xC0, 0x82, 0xF4, 0x8F, 0xB9, 0x04, 0xA8, 0x00, 0xB8, 0x81, 0xC0, 0xC2, 0xC8, 0xC2, 
0xC8, 0xE2, 0xDA, 0xC7, 0xE4, 0x8A, 0xE5, 0x8C, 0xDD, 0x6C, 0xDD, 0x4C, 0xDD, 0x4B, 0xD5, 0x2A, 0xD5, 0x2A, 0xDD, 0x6D, 0xD5, 0x0A, 0xD5, 0x0A, 0xCC, 0xCA, 0xC4, 0x88, 0xCC, 0xAA, 0xCC, 0xCA, 
0xD5, 0x6E, 0xF7, 0x7C, 0xFF, 0xDE, 0xE6, 0x75, 0xBC, 0x27, 0xC4, 0x68, 0xBB, 0xE5, 0xBC, 0x06, 0xBC, 0x27, 0xD4, 0xED, 0xEE, 0x36, 0xEE, 0x7A, 0xEE, 0x7A, 0xEE, 0x7A, 0xEE, 0x59, 0xEE, 0x59, 
0xEE, 0x59, 0xF6, 0x38, 0xED, 0xF7, 0xED, 0xF7, 0xED, 0x96, 0xE5, 0x14, 0xCB, 0xEF, 0xBB, 0xAD, 0xD5, 0x2E, 0xD5, 0x8F, 0xCD, 0x30, 0x92, 0x67, 0x92, 0x47, 0x92, 0x47, 0x8A, 0x47, 0x8A, 0x27, 
0x8A, 0x26, 0x8A, 0x06, 0x81, 0xE6, 0x79, 0xC5, 0x71, 0x84, 0x61, 0x43, 0x59, 0x03, 0x50, 0xE3, 0x50, 0xE3, 0x51, 0x23, 0x59, 0x44, 0x61, 0xA5, 0x69, 0xE6, 0x72, 0x06, 0x72, 0x06, 0x71, 0xC5, 
0x69, 0x64, 0x69, 0x64, 0x61, 0x85, 0x51, 0x44, 0x51, 0x64, 0x59, 0x84, 0x59, 0x64, 0x51, 0x43, 0x51, 0x22, 0x59, 0x43, 0x61, 0x64, 0x69, 0x84, 0x69, 0x84, 0x69, 0x84, 0x69, 0x84, 0x69, 0x84, 
0x69, 0x84, 0x69, 0x84, 0x69, 0x84, 0x69, 0x84, 0x69, 0x84, 0x69, 0x64, 0xA2, 0x67, 0xC3, 0xAC, 0xD4, 0x50, 0xDC, 0x91, 0xDC, 0xD2, 0xDC, 0xF3, 0xE5, 0x13, 0xE5, 0x34, 0xED, 0x34, 0xED, 0x34, 
0xA4, 0xB3, 0xA4, 0xB3, 0xA4, 0xB3, 0xA4, 0xB3, 0xA4, 0xB3, 0xA4, 0xB3, 0xA4, 0xB3, 0xA4, 0xB3, 0xA4, 0x92, 0xA4, 0x72, 0x9C, 0x51, 0x9C, 0x10, 0x93, 0xEF, 0x93, 0xAE, 0x8B, 0x4C, 0x82, 0xEA, 
0x82, 0xE9, 0x82, 0xE9, 0x82, 0xE9, 0x82, 0xE9, 0x6A, 0x67, 0x10, 0x41, 0x18, 0x82, 0x10, 0x41, 0x62, 0x47, 0x7A, 0xA8, 0x7A, 0xA8, 0x7A, 0xA8, 0x7A, 0xA8, 0x7A, 0xA8, 0x7A, 0xA8, 0x7A, 0xA8, 
0x7A, 0xA8, 0x7A, 0xA8, 0x7A, 0xA8, 0x7A, 0xA7, 0x7A, 0x87, 0x7A, 0x87, 0x7A, 0x87, 0x7A, 0x87, 0x7A, 0x87, 0x7A, 0x87, 0x7A, 0x87, 0x7A, 0x87, 0x72, 0x66, 0x72, 0x66, 0x7A, 0x87, 0x7A, 0xA7, 
0x7A, 0xA7, 0x7A, 0xA7, 0x7A, 0xA7, 0x72, 0x87, 0x6A, 0x46, 0x59, 0x42, 0x50, 0xE1, 0x82, 0x85, 0xC4, 0xCB, 0xCC, 0xCB, 0xCC, 0xCB, 0x92, 0xC6, 0x8A, 0x44, 0x8A, 0x65, 0x92, 0x85, 0x92, 0xA5, 
0x92, 0xA5, 0x92, 0xA6, 0x92, 0xA6, 0x92, 0xA6, 0x92, 0xA6, 0x92, 0x85, 0x92, 0x85, 0x99, 0x63, 0xA8, 0xA1, 0xA8, 0x81, 0xA8, 0x81, 0xA8, 0x81, 0xA8, 0x81, 0xA8, 0xA1, 0xB0, 0xA1, 0xA8, 0xA2, 
0xB2, 0x87, 0xBB, 0x69, 0xA8, 0xC2, 0xA8, 0x00, 0xA8, 0x00, 0xA8, 0x00, 0xC3, 0xAB, 0xCC, 0x0C, 0xC0, 0x41, 0xC0, 0x00, 0xC8, 0x00, 0xC0, 0x41, 0xD1, 0x65, 0xC8, 0x61, 0xC8, 0x00, 0xC8, 0x00, 
0xC8, 0x00, 0xC8, 0x00, 0xC8, 0x00, 0xC8, 0x00, 0xC8, 0x00, 0xC0, 0x00, 0xDA, 0x48, 0xF4, 0x4F, 0xC8, 0x82, 0xC8, 0x00, 0xC8, 0x00, 0xC8, 0x20, 0xF4, 0x4F, 0xC0, 0xA2, 0xC1, 0x03, 0xEC, 0x0E, 
0xC8, 0x00, 0xDA, 0x68, 0xDA, 0xA9, 0xC0, 0x00, 0xDA, 0xEA, 0xDA, 0x07, 0xC8, 0x00, 0xE3, 0x4B, 0xC9, 0x64, 0xC0, 0x00, 0xEC, 0x0E, 0xC0, 0x61, 0xC8, 0x82, 0xEC, 0x50, 0xC8, 0x00, 0xD1, 0xE6, 
0xDA, 0xA9, 0xB8, 0x00, 0xE3, 0x8C, 0xC8, 0xC2, 0xC0, 0x00, 0xB8, 0x00, 0xB8, 0x00, 0xC0, 0x20, 0xC9, 0x24, 0xB8, 0x00, 0xC1, 0x03, 0xF4, 0x0E, 0xC1, 0x85, 0xA8, 0x00, 0xA8, 0x00, 0xB9, 0xA4, 
0xD4, 0x4A, 0xE5, 0xEE, 0xDD, 0x8C, 0xDD, 0x6B, 0xDD, 0x6B, 0xE5, 0xAD, 0xE5, 0xAD, 0xDD, 0x8D, 0xD5, 0x2B, 0xDD, 0x6C, 0xD5, 0x2B, 0xC4, 0xA9, 0xBC, 0x47, 0xCC, 0xCA, 0xCC, 0xA9, 0xC4, 0x88, 
0xC4, 0xAA, 0xEE, 0xF8, 0xEE, 0xF8, 0xC4, 0x68, 0xC4, 0x67, 0xD4, 0xEB, 0xC4, 0x48, 0xC3, 0x66, 0xA9, 0x83, 0xE5, 0xF7, 0xEE, 0x79, 0xEE, 0x7A, 0xEE, 0x7A, 0xEE, 0x7A, 0xEE, 0x59, 0xEE, 0x59, 
0xEE, 0x59, 0xED, 0xD6, 0xED, 0xD6, 0xED, 0xF7, 0xED, 0x95, 0xDC, 0xD3, 0xC3, 0xCE, 0xB3, 0xEA, 0xC4, 0x89, 0xDD, 0xCF, 0xE6, 0x53, 0xA3, 0x0A, 0x9A, 0xA9, 0x9A, 0xA8, 0x92, 0x88, 0x92, 0x47, 
0x92, 0x47, 0x8A, 0x26, 0x8A, 0x26, 0x8A, 0x06, 0x8A, 0x06, 0x82, 0x06, 0x81, 0xE5, 0x79, 0xA5, 0x69, 0x64, 0x61, 0x23, 0x58, 0xE3, 0x50, 0xE3, 0x50, 0xE3, 0x51, 0x24, 0x61, 0x45, 0x71, 0x64, 
0x89, 0x63, 0x91, 0x63, 0x89, 0x43, 0x79, 0x43, 0x69, 0x44, 0x69, 0x64, 0x61, 0x64, 0x59, 0x43, 0x51, 0x23, 0x59, 0x43, 0x61, 0x64, 0x69, 0x84, 0x69, 0x84, 0x69, 0x84, 0x69, 0x84, 0x69, 0x84, 
0x69, 0x84, 0x69, 0x84, 0x69, 0x84, 0x69, 0x84, 0x69, 0x84, 0x71, 0xA4, 0xAA, 0xC9, 0xCB, 0xCD, 0xDC, 0x50, 0xDC, 0x92, 0xDC, 0xD2, 0xE4, 0xF2, 0xE5, 0x13, 0xE5, 0x14, 0xED, 0x34, 0xED, 0x14, 
0xA4, 0xD3, 0xA4, 0xB3, 0xA4, 0xB3, 0xA4, 0xB3, 0xA4, 0xB3, 0xA4, 0xB3, 0xA4, 0xB3, 0xA4, 0xB3, 0xA4, 0x92, 0xA4, 0x72, 0x9C, 0x51, 0x9C, 0x30, 0x93, 0xEF, 0x8B, 0xAD, 0x83, 0x4B, 0x82, 0xEA, 
0x82, 0xC9, 0x82, 0xE9, 0x82, 0xE9, 0x82, 0xE9, 0x39, 0x23, 0x10, 0x61, 0x10, 0x61, 0x31, 0x03, 0x7A, 0xA8, 0x7A, 0xA8, 0x7A, 0x88, 0x7A, 0x87, 0x7A, 0x88, 0x72, 0x87, 0x72, 0x87, 0x72, 0x67, 
0x72, 0x67, 0x72, 0x67, 0x72, 0x67, 0x72, 0x67, 0x7A, 0x67, 0x7A, 0x87, 0x7A, 0x87, 0x7A, 0x87, 0x7A, 0xA7, 0x7A, 0xA7, 0x7A, 0xC8, 0x7A, 0xA7, 0x7A, 0x87, 0x7A, 0x87, 0x7A, 0xA7, 0x7A, 0xA8, 
0x7A, 0xA8, 0x7A, 0xA8, 0x7A, 0xA8, 0x7A, 0xA8, 0x7A, 0xA7, 0x7A, 0xA7, 0x9B, 0x88, 0xC4, 0x69, 0xCC, 0xCA, 0xCC, 0xCB, 0x92, 0xC6, 0x8A, 0x44, 0x8A, 0x65, 0x8A, 0x85, 0x92, 0x85, 0x92, 0xA5, 
0x92, 0xA5, 0x92, 0xA5, 0x92, 0xA6, 0x92, 0xA6, 0x92, 0x86, 0x92, 0x85, 0x92, 0x86, 0xA0, 0x61, 0xA8, 0x00, 0xA8, 0x00, 0xB0, 0x00, 0xB0, 0x00, 0xB0, 0x00, 0xB0, 0x00, 0xB0, 0x00, 0xA8, 0x00, 
0xB2, 0x46, 0xBB, 0x6A, 0xA8, 0xE2, 0xA8, 0x00, 0xA8, 0x00, 0xA8, 0x00, 0xCB, 0xAC, 0xCC, 0x0C, 0xC0, 0x41, 0xC0, 0x00, 0xC0, 0x00, 0xC0, 0x00, 0xC0, 0x00, 0xC8, 0x00, 0xC8, 0x00, 0xC8, 0x00, 
0xC8, 0x00, 0xC8, 0x00, 0xC8, 0x00, 0xC8, 0x00, 0xC0, 0x00, 0xDA, 0x89, 0xF4, 0x2F, 0xC8, 0x82, 0xC8, 0x00, 0xC8, 0x00, 0xC8, 0x20, 0xE3, 0x0A, 0xDA, 0xC9, 0xB8, 0x00, 0xC9, 0x65, 0xEB, 0xED, 
0xC0, 0x00, 0xDA, 0x47, 0xDA, 0xA9, 0xC0, 0x00, 0xDA, 0xCA, 0xD9, 0xE7, 0xC8, 0x00, 0xE3, 0x2A, 0xC9, 0x44, 0xC0, 0x00, 0xEB, 0xED, 0xC0, 0x61, 0xC8, 0xA2, 0xEC, 0x0F, 0xC0, 0x00, 0xD1, 0xE6, 
0xDA, 0x88, 0xB0, 0x00, 0xDA, 0xEA, 0xE3, 0x2A, 0xC0, 0x41, 0xB8, 0x00, 0xB8, 0x00, 0xB8, 0x20, 0xEB, 0x6C, 0xD2, 0x07, 0xB0, 0x00, 0xB8, 0x82, 0xE3, 0xED, 0xCA, 0xC8, 0xDC, 0xEC, 0xEE, 0x2F, 
0xE6, 0x0E, 0xEE, 0x92, 0xE5, 0xCE, 0xDD, 0x8C, 0xE5, 0xEE, 0xE5, 0xAD, 0xEE, 0x52, 0xE6, 0x31, 0xD5, 0x0A, 0xD5, 0x0A, 0xCC, 0xA9, 0xCC, 0xEA, 0xBC, 0x06, 0xCC, 0xCA, 0xBC, 0x06, 0xC4, 0x68, 
0xDD, 0x6E, 0xC4, 0x68, 0xD5, 0x6D, 0xCC, 0xEA, 0xC4, 0x68, 0xCC, 0x8A, 0xC2, 0xA6, 0xA8, 0xE1, 0xA8, 0xC1, 0xE5, 0xD6, 0xEE, 0x79, 0xEE, 0x79, 0xEE, 0x7A, 0xEE, 0x7A, 0xEE, 0x79, 0xEE, 0x59, 
0xEE, 0x17, 0xED, 0x96, 0xED, 0xB6, 0xED, 0xD6, 0xE5, 0x75, 0xD4, 0xB2, 0xC4, 0x2F, 0xC4, 0xAC, 0xC4, 0xA9, 0xD5, 0x4D, 0xE6, 0x31, 0xCC, 0xEF, 0xBC, 0x4E, 0xBC, 0x2D, 0xB3, 0xED, 0xAB, 0xAC, 
0xA3, 0x4A, 0xA3, 0x29, 0x92, 0x87, 0x8A, 0x47, 0x8A, 0x26, 0x8A, 0x26, 0x8A, 0x06, 0x89, 0xE6, 0x81, 0xE6, 0x81, 0xE6, 0x81, 0xC5, 0x79, 0xA5, 0x69, 0x64, 0x59, 0x23, 0x50, 0xE3, 0x50, 0xC2, 
0x58, 0xC2, 0x70, 0xE2, 0x81, 0x02, 0x91, 0x22, 0x99, 0x22, 0x99, 0x43, 0x91, 0x43, 0x79, 0x23, 0x61, 0x22, 0x61, 0x43, 0x69, 0x64, 0x69, 0x84, 0x69, 0xA4, 0x71, 0xA4, 0x71, 0xA4, 0x71, 0x84, 
0x69, 0x84, 0x69, 0xA4, 0x69, 0xA5, 0x69, 0xC6, 0x71, 0xC6, 0x81, 0xC5, 0xB3, 0x0A, 0xCB, 0xEE, 0xDC, 0x70, 0xDC, 0xB2, 0xDC, 0xD2, 0xE4, 0xF3, 0xE5, 0x13, 0xE5, 0x13, 0xED, 0x14, 0xED, 0x13, 
0xA4, 0xD3, 0xA4, 0xB3, 0xA4, 0xD3, 0xA4, 0xB3, 0xA4, 0xB3, 0xA4, 0xB3, 0xA4, 0xB3, 0xA4, 0x93, 0xA4, 0x92, 0xA4, 0x72, 0x9C, 0x51, 0x9C, 0x10, 0x93, 0xCE, 0x8B, 0x8D, 0x83, 0x2B, 0x82, 0xE9, 
0x7A, 0xC9, 0x7A, 0xC9, 0x82, 0xE9, 0x6A, 0x67, 0x10, 0x41, 0x10, 0x61, 0x10, 0x41, 0x62, 0x07, 0x72, 0x87, 0x72, 0x67, 0x72, 0x67, 0x72, 0x67, 0x72, 0x67, 0x72, 0x66, 0x72, 0x67, 0x72, 0x67, 
0x72, 0x67, 0x72, 0x67, 0x7A, 0x87, 0x7A, 0x87, 0x7A, 0xA7, 0x7A, 0xA7, 0x7A, 0xA8, 0x7A, 0xA8, 0x7A, 0xC8, 0x7A, 0xC8, 0x7A, 0xC8, 0x7A, 0xA7, 0x7A, 0x87, 0x7A, 0x87, 0x7A, 0xA7, 0x7A, 0xA8, 
0x7A, 0xA8, 0x7A, 0xA8, 0x7A, 0xA8, 0x7A, 0xC8, 0x7A, 0xC8, 0xAC, 0x0A, 0xD5, 0x0C, 0xC4, 0x89, 0xC4, 0xAA, 0xA3, 0x27, 0x8A, 0x44, 0x8A, 0x65, 0x8A, 0x85, 0x92, 0x85, 0x92, 0x85, 0x92, 0xA5, 
0x92, 0xA5, 0x92, 0xA5, 0x92, 0xA6, 0x92, 0xA5, 0x92, 0x85, 0x92, 0x85, 0x92, 0x86, 0x99, 0xE4, 0xA1, 0x02, 0xA9, 0x02, 0xA9, 0x03, 0xA9, 0x03, 0xA9, 0x03, 0xA9, 0x23, 0xA9, 0x23, 0xA9, 0x43, 
0xB2, 0xC8, 0xBB, 0x6A, 0xA8, 0xC2, 0xA8, 0x00, 0xA8, 0x00, 0xA0, 0x00, 0xCB, 0xCC, 0xCC, 0x0D, 0xC0, 0x41, 0xC0, 0x00, 0xC0, 0x00, 0xC0, 0x00, 0xC0, 0x00, 0xC0, 0x00, 0xC0, 0x00, 0xC8, 0x00, 
0xC8, 0x00, 0xC8, 0x00, 0xC8, 0x00, 0xC0, 0x00, 0xDA, 0xAA, 0xEB, 0xEE, 0xC8, 0x61, 0xC8, 0x00, 0xC8, 0x00, 0xC8, 0x20, 0xE3, 0x0A, 0xD2, 0x48, 0xB8, 0x00, 0xC0, 0xA2, 0xEB, 0xED, 0xD1, 0xC6, 
0xC0, 0x00, 0xE2, 0x89, 0xDA, 0x88, 0xB8, 0x00, 0xDA, 0xC9, 0xD9, 0xE6, 0xC8, 0x00, 0xE3, 0x0A, 0xC9, 0x24, 0xB8, 0x00, 0xF3, 0xCD, 0xC0, 0x61, 0xC8, 0xC2, 0xEB, 0xEE, 0xC0, 0x00, 0xC9, 0xA5, 
0xEB, 0xAB, 0xB0, 0x41, 0xA0, 0x21, 0xCA, 0x27, 0xEC, 0x0E, 0xC0, 0xC3, 0xB8, 0x00, 0xB8, 0x00, 0xB8, 0x20, 0xE3, 0x4C, 0xDB, 0x2B, 0xCB, 0x8A, 0xE5, 0xD0, 0xE6, 0x2F, 0xE6, 0x0E, 0xE6, 0x2E, 
0xE5, 0xED, 0xF7, 0x38, 0xE6, 0x73, 0xDD, 0xAD, 0xDD, 0x6C, 0xDD, 0x4B, 0xDD, 0xCF, 0xDD, 0xCF, 0xDD, 0x4C, 0xD5, 0x4C, 0xCC, 0xCA, 0xC4, 0x67, 0xC4, 0x88, 0xCC, 0xCA, 0xCC, 0xA9, 0xC4, 0x89, 
0xCC, 0xA9, 0xCC, 0xE9, 0xCC, 0xE9, 0xD5, 0x2C, 0xE5, 0xB2, 0xE5, 0xB5, 0xDC, 0xF2, 0xD4, 0x4F, 0xD4, 0x92, 0xEE, 0x59, 0xEE, 0x59, 0xEE, 0x59, 0xEE, 0x59, 0xEE, 0x59, 0xEE, 0x59, 0xEE, 0x59, 
0xE5, 0xB6, 0xCC, 0xAE, 0xBC, 0x29, 0xBC, 0x08, 0xB3, 0xC6, 0xBB, 0xE7, 0xCC, 0xCC, 0xBC, 0x8A, 0xCC, 0xEA, 0xE6, 0x33, 0xF6, 0xF7, 0xEE, 0xB4, 0xE6, 0x72, 0xE6, 0x73, 0xEE, 0xB6, 0xDD, 0xD0, 
0xCD, 0x2D, 0xBC, 0x8E, 0xA3, 0x6C, 0x9B, 0x2A, 0x9A, 0xC9, 0x92, 0x88, 0x92, 0x47, 0x8A, 0x26, 0x8A, 0x06, 0x8A, 0x06, 0x8A, 0x06, 0x89, 0xE6, 0x89, 0xE6, 0x81, 0xE6, 0x81, 0xC6, 0x71, 0x85, 
0x61, 0x24, 0x58, 0xE3, 0x58, 0xC2, 0x60, 0xA2, 0x70, 0xC2, 0x88, 0xE2, 0x99, 0x02, 0x99, 0x02, 0x91, 0x02, 0x99, 0x22, 0x91, 0x43, 0x79, 0x63, 0x71, 0x84, 0x71, 0xA4, 0x71, 0xA5, 0x71, 0xA5, 
0x71, 0xA4, 0x71, 0xA5, 0x72, 0x07, 0x69, 0xE6, 0x71, 0xC6, 0x8A, 0x06, 0xBB, 0x2B, 0xD4, 0x0F, 0xDC, 0x71, 0xDC, 0xB2, 0xDC, 0xD2, 0xE4, 0xF3, 0xE4, 0xF3, 0xED, 0x14, 0xED, 0x13, 0xED, 0x13, 
0xA4, 0xB3, 0xA4, 0xB3, 0xA4, 0xB3, 0xA4, 0xB3, 0xA4, 0xB3, 0xA4, 0xB3, 0xA4, 0x93, 0xA4, 0x92, 0xA4, 0x72, 0x9C, 0x51, 0x9C, 0x30, 0x93, 0xEF, 0x8B, 0xAD, 0x83, 0x4C, 0x83, 0x0A, 0x7A, 0xC9, 
0x7A, 0xA8, 0x7A, 0xA8, 0x7A, 0xC9, 0x41, 0x44, 0x10, 0x41, 0x10, 0x61, 0x28, 0xE3, 0x72, 0x67, 0x72, 0x47, 0x72, 0x46, 0x72, 0x67, 0x72, 0x67, 0x72, 0x67, 0x72, 0x67, 0x7A, 0x87, 0x7A, 0x87, 
0x7A, 0xA8, 0x7A, 0xA8, 0x7A, 0xA8, 0x7A, 0xA8, 0x7A, 0xA8, 0x7A, 0xA8, 0x7A, 0xA8, 0x7A, 0xC8, 0x7A, 0xC8, 0x7A, 0xC8, 0x7A, 0xA8, 0x7A, 0xA7, 0x72, 0x87, 0x72, 0x87, 0x7A, 0xA7, 0x7A, 0xA8, 
0x7A, 0xA8, 0x7A, 0xA8, 0x7A, 0xC8, 0x7A, 0xC7, 0xAB, 0xE9, 0xD5, 0x2C, 0xCC, 0xEB, 0xC4, 0x8A, 0xB3, 0xC8, 0x8A, 0x44, 0x8A, 0x45, 0x8A, 0x65, 0x92, 0x85, 0x92, 0x85, 0x92, 0x85, 0x92, 0xA5, 
0x92, 0xA5, 0x92, 0xA5, 0x92, 0xA5, 0x92, 0x85, 0x8A, 0x65, 0x92, 0x86, 0x92, 0x86, 0x9A, 0xA6, 0x9A, 0xA7, 0xA2, 0xC7, 0xA2, 0xE7, 0xAA, 0xE8, 0xAB, 0x08, 0xB3, 0x08, 0xB3, 0x29, 0xB3, 0x49, 
0xB3, 0x69, 0xBB, 0x6A, 0xA8, 0xC2, 0xA8, 0x00, 0xA8, 0x00, 0xA0, 0x00, 0xCB, 0xCC, 0xCC, 0x0D, 0xC0, 0x41, 0xC0, 0x00, 0xC0, 0x00, 0xC0, 0x00, 0xC0, 0x00, 0xC0, 0x00, 0xC0, 0x00, 0xC0, 0x00, 
0xC0, 0x00, 0xC8, 0x00, 0xC0, 0x00, 0xDA, 0xCA, 0xEB, 0x8D, 0xC0, 0x41, 0xC0, 0x00, 0xC8, 0x00, 0xC8, 0x41, 0xE3, 0x4B, 0xD1, 0xE7, 0xB8, 0x00, 0xC9, 0x04, 0xEB, 0xED, 0xD1, 0x64, 0xC0, 0x00, 
0xD1, 0x85, 0xF4, 0x0D, 0xC0, 0xC2, 0xB8, 0x00, 0xDA, 0xEA, 0xD9, 0xC6, 0xC8, 0x00, 0xE3, 0x0A, 0xC9, 0x04, 0xB8, 0x00, 0xF3, 0xCD, 0xC0, 0x61, 0xC0, 0xC2, 0xEB, 0xED, 0xB8, 0x20, 0xB8, 0x41, 
0xD2, 0x88, 0xE3, 0xAC, 0xB0, 0xC3, 0xA8, 0x00, 0xB9, 0x03, 0xEC, 0x2F, 0xC1, 0x44, 0xB8, 0x00, 0xC1, 0x43, 0xDC, 0x6C, 0xF6, 0xD4, 0xEE, 0xB3, 0xE6, 0x30, 0xE6, 0x0F, 0xE6, 0x2F, 0xE6, 0x0E, 
0xE5, 0xCD, 0xF7, 0xBC, 0xF7, 0x7B, 0xE5, 0xEF, 0xDD, 0xAD, 0xDD, 0x4C, 0xD5, 0x0B, 0xCC, 0xC9, 0xD5, 0x2B, 0xCD, 0x0A, 0xD5, 0x0A, 0xCC, 0xA9, 0xCC, 0xA9, 0xE6, 0x54, 0xCC, 0xAA, 0xC4, 0x47, 
0xD5, 0x0B, 0xCC, 0x68, 0xDD, 0x70, 0xEE, 0x58, 0xEE, 0x79, 0xEE, 0x79, 0xEE, 0x59, 0xEE, 0x59, 0xEE, 0x7A, 0xEE, 0x59, 0xEE, 0x59, 0xEE, 0x59, 0xEE, 0x38, 0xEE, 0x59, 0xEE, 0x59, 0xEE, 0x59, 
0xED, 0xF7, 0xE5, 0x75, 0xC4, 0x4D, 0xA3, 0x44, 0x9A, 0xE2, 0x9B, 0x02, 0xA3, 0x64, 0xBC, 0x48, 0xCC, 0xA9, 0xF6, 0xF7, 0xFF, 0xBD, 0xF7, 0x7B, 0xEE, 0xB5, 0xD5, 0x2B, 0xDD, 0xB0, 0xCC, 0xCD, 
0xBC, 0x4F, 0xB4, 0x30, 0xB4, 0x10, 0xB4, 0x10, 0xAB, 0xCF, 0xAB, 0x8D, 0xA3, 0x2C, 0x9A, 0xEA, 0x92, 0x88, 0x92, 0x47, 0x92, 0x27, 0x8A, 0x06, 0x89, 0xE6, 0x89, 0xE6, 0x89, 0xE5, 0x81, 0xE5, 
0x81, 0xC5, 0x81, 0xC5, 0x79, 0xC5, 0x71, 0x85, 0x69, 0x44, 0x60, 0xE3, 0x60, 0xA2, 0x68, 0xA1, 0x78, 0xA1, 0x90, 0xC2, 0xA8, 0xE2, 0xA9, 0x02, 0xA1, 0x02, 0x91, 0x42, 0x89, 0x63, 0x81, 0x84, 
0x89, 0xA4, 0x79, 0xA4, 0x82, 0x8A, 0x72, 0x28, 0x71, 0xC6, 0x9A, 0x47, 0xC3, 0x6C, 0xD4, 0x2F, 0xDC, 0x71, 0xDC, 0xB2, 0xE4, 0xD2, 0xE4, 0xF3, 0xEC, 0xF3, 0xED, 0x14, 0xED, 0x13, 0xEC, 0xF3, 
0xA4, 0xB3, 0xA4, 0xB3, 0xA4, 0xB3, 0xA4, 0xB3, 0xA4, 0xB3, 0xA4, 0x92, 0xA4, 0x92, 0x9C, 0x72, 0x9C, 0x51, 0x9C, 0x30, 0x93, 0xEF, 0x8B, 0x8D, 0x83, 0x4C, 0x7B, 0x0A, 0x7A, 0xC9, 0x72, 0x88, 
0x7A, 0x88, 0x7A, 0xA8, 0x72, 0x67, 0x18, 0x61, 0x10, 0x61, 0x10, 0x41, 0x59, 0xE6, 0x72, 0x87, 0x7A, 0x87, 0x7A, 0x87, 0x7A, 0x88, 0x7A, 0x87, 0x7A, 0xA8, 0x7A, 0xA8, 0x7A, 0xA8, 0x7A, 0xA8, 
0x7A, 0xA8, 0x7A, 0xA8, 0x7A, 0xA8, 0x7A, 0xA8, 0x7A, 0xA8, 0x7A, 0xC8, 0x7A, 0xA8, 0x7A, 0xC8, 0x7A, 0xA8, 0x7A, 0xC8, 0x7A, 0xA8, 0x7A, 0x87, 0x72, 0x66, 0x72, 0x87, 0x7A, 0xA7, 0x7A, 0xA8, 
0x7A, 0xA8, 0x7A, 0xA8, 0x7A, 0xC8, 0xAB, 0xC8, 0xC4, 0x8A, 0xCC, 0x88, 0xCC, 0xCA, 0xC4, 0x6A, 0x8A, 0x65, 0x8A, 0x45, 0x8A, 0x65, 0x92, 0x85, 0x92, 0x85, 0x92, 0x85, 0x92, 0xA5, 0x92, 0xA5, 
0x92, 0xA6, 0x92, 0xA5, 0x92, 0xA5, 0x92, 0x85, 0x8A, 0x65, 0x92, 0x86, 0x92, 0x86, 0x9A, 0xA6, 0xA2, 0xA6, 0xA2, 0xC7, 0xAA, 0xE7, 0xAA, 0xE8, 0xAB, 0x08, 0xB3, 0x08, 0xB3, 0x29, 0xB3, 0x49, 
0xB3, 0x69, 0xBB, 0x69, 0xA8, 0xC2, 0xA8, 0x00, 0xA8, 0x00, 0xA8, 0x00, 0xCB, 0xCC, 0xCC, 0x2D, 0xC0, 0x41, 0xC0, 0x00, 0xC0, 0x00, 0xC0, 0x00, 0xC0, 0x00, 0xC0, 0x00, 0xC0, 0x00, 0xC0, 0x00, 
0xC0, 0x00, 0xC0, 0x20, 0xE2, 0xEA, 0xE3, 0x4C, 0xC0, 0x20, 0xC0, 0x00, 0xC0, 0x00, 0xC0, 0x81, 0xEB, 0x8C, 0xC9, 0xA5, 0xC0, 0x00, 0xD1, 0x65, 0xF3, 0xED, 0xC8, 0xE3, 0xC0, 0x00, 0xD1, 0xE7, 
0xEC, 0x0E, 0xC0, 0xC2, 0xB8, 0x00, 0xC9, 0xA5, 0xEB, 0xAC, 0xC8, 0x61, 0xC0, 0x00, 0xE2, 0xEA, 0xC1, 0x03, 0xB8, 0x00, 0xF3, 0xAD, 0xB8, 0x41, 0xB8, 0x20, 0xE3, 0x6B, 0xE3, 0x0A, 0xB8, 0x61, 
0xB8, 0x41, 0xC1, 0x84, 0xEC, 0x0D, 0xC1, 0x44, 0xB8, 0x00, 0xB9, 0x23, 0xED, 0x91, 0xE5, 0x4F, 0xEE, 0x92, 0xEE, 0x91, 0xE6, 0x72, 0xEE, 0x71, 0xE6, 0x51, 0xEE, 0xF6, 0xF7, 0x39, 0xF7, 0x59, 
0xF7, 0x7B, 0xFF, 0xFF, 0xFF, 0xFF, 0xFF, 0xBD, 0xF7, 0x9B, 0xF7, 0x38, 0xDD, 0xF0, 0xCC, 0xA8, 0xCC, 0xE9, 0xD5, 0x6D, 0xDD, 0x8E, 0xC4, 0x88, 0xCC, 0xA9, 0xE6, 0x73, 0xCC, 0xCA, 0xCC, 0x88, 
0xDC, 0xEC, 0xED, 0xD4, 0xEE, 0x18, 0xEE, 0x38, 0xEE, 0x39, 0xEE, 0x38, 0xEE, 0x38, 0xEE, 0x38, 0xEE, 0x79, 0xEE, 0x9A, 0xEE, 0x79, 0xEE, 0x59, 0xEE, 0x38, 0xEE, 0x59, 0xF6, 0x59, 0xF6, 0x39, 
0xED, 0xD7, 0xDD, 0x75, 0xC4, 0x51, 0xB3, 0xEE, 0xA3, 0x66, 0x9A, 0xE2, 0xA3, 0x44, 0xAB, 0x84, 0xC4, 0x89, 0xE6, 0x33, 0xFF, 0x9C, 0xEE, 0x53, 0xD5, 0x2C, 0xC4, 0x89, 0xC4, 0x8C, 0xBC, 0x70, 
0xBC, 0x51, 0xB4, 0x51, 0xB4, 0x51, 0xB4, 0x30, 0xB4, 0x30, 0xB4, 0x30, 0xB4, 0x10, 0xAB, 0xEF, 0xAB, 0xAE, 0xA3, 0x6C, 0xA3, 0x0B, 0x9A, 0xA9, 0x92, 0x68, 0x92, 0x27, 0x8A, 0x06, 0x89, 0xE6, 
0x89, 0xE6, 0x89, 0xE6, 0x89, 0xE6, 0x89, 0xE6, 0x89, 0xE6, 0x81, 0xE6, 0x81, 0xC6, 0x79, 0x85, 0x69, 0x24, 0x58, 0xA2, 0x58, 0x81, 0x70, 0x81, 0x88, 0xA2, 0x98, 0xE2, 0xA1, 0x02, 0xA0, 0xE2, 
0xB1, 0x23, 0xA9, 0x43, 0x99, 0xC6, 0x81, 0xC6, 0x79, 0xC6, 0xAA, 0x68, 0xCB, 0x8C, 0xD4, 0x2F, 0xDC, 0x71, 0xDC, 0xB2, 0xE4, 0xD2, 0xE4, 0xF3, 0xEC, 0xF3, 0xED, 0x14, 0xED, 0x13, 0xEC, 0xF3, 
0xA4, 0x92, 0xA4, 0x92, 0xA4, 0x92, 0xA4, 0x72, 0x9C, 0x51, 0x9C, 0x51, 0x9C, 0x31, 0x94, 0x10, 0x93, 0xEF, 0x8B, 0xAE, 0x8B, 0x8D, 0x83, 0x4C, 0x7B, 0x2B, 0x7A, 0xEA, 0x7A, 0xA8, 0x7A, 0xA8, 
0x7A, 0xA8, 0x7A, 0xA8, 0x51, 0xC6, 0x08, 0x21, 0x10, 0x41, 0x20, 0x82, 0x7A, 0xA8, 0x7A, 0xA8, 0x7A, 0xA8, 0x7A, 0xA8, 0x7A, 0xA8, 0x7A, 0xA8, 0x7A, 0xA8, 0x7A, 0xA8, 0x7A, 0xA8, 0x7A, 0xA8, 
0x7A, 0xA8, 0x7A, 0xA8, 0x7A, 0xA8, 0x7A, 0xA8, 0x7A, 0xA8, 0x7A, 0xA8, 0x7A, 0xA8, 0x7A, 0xA8, 0x7A, 0xA8, 0x7A, 0xA8, 0x7A, 0xA8, 0x72, 0x87, 0x72, 0x66, 0x72, 0x87, 0x7A, 0xA7, 0x7A, 0xA8, 
0x7A, 0xA8, 0x7A, 0xA7, 0xA3, 0x67, 0xC4, 0x47, 0xDD, 0x8F, 0xCC, 0xCB, 0xCC, 0xAA, 0x9B, 0x06, 0x8A, 0x44, 0x8A, 0x65, 0x8A, 0x65, 0x92, 0x85, 0x92, 0xA5, 0x92, 0xA6, 0x92, 0xA5, 0x92, 0xA5, 
0x92, 0xA6, 0x92, 0xA5, 0x92, 0x85, 0x92, 0x85, 0x8A, 0x65, 0x92, 0x86, 0x92, 0xA6, 0xA1, 0xE4, 0xA1, 0x23, 0xA9, 0x23, 0xA9, 0x03, 0xA9, 0x23, 0xA9, 0x23, 0xA9, 0x23, 0xB1, 0x23, 0xB1, 0x43, 
0xB2, 0xC8, 0xB3, 0x69, 0xA8, 0xC2, 0xA8, 0x00, 0xA8, 0x00, 0xA8, 0x00, 0xCB, 0xEC, 0xCC, 0x2D, 0xC0, 0x41, 0xC0, 0x00, 0xC0, 0x00, 0xC0, 0x00, 0xC0, 0x00, 0xC0, 0x00, 0xC0, 0x00, 0xC0, 0x00, 
0xC0, 0x20, 0xE3, 0x2B, 0xE3, 0x4B, 0xC0, 0x20, 0xC0, 0x00, 0xB8, 0x00, 0xB8, 0x00, 0xDA, 0xE9, 0xC9, 0xC6, 0xB8, 0x00, 0xC0, 0xE3, 0xEB, 0xED, 0xC0, 0xA2, 0xC0, 0x00, 0xD2, 0x07, 0xE3, 0xCD, 
0xB8, 0x81, 0xB8, 0x00, 0xD2, 0x48, 0xEB, 0x8C, 0xC0, 0x61, 0xC0, 0x00, 0xC0, 0x20, 0xEB, 0x4B, 0xC0, 0xC2, 0xB8, 0x00, 0xEB, 0xAC, 0xB8, 0x40, 0xB8, 0x00, 0xB8, 0x20, 0xDA, 0x88, 0xEB, 0x8C, 
0xC0, 0x61, 0xC0, 0x00, 0xB9, 0x03, 0xEC, 0xF0, 0xDC, 0x4D, 0xF6, 0x72, 0xF6, 0xD3, 0xEE, 0x50, 0xEE, 0x92, 0xEE, 0x71, 0xE6, 0x50, 0xE6, 0x30, 0xDD, 0x6C, 0xD5, 0x8D, 0xEE, 0xB5, 0xFF, 0xBD, 
0xFF, 0xFF, 0xFF, 0xFF, 0xFF, 0xFF, 0xFF, 0xDE, 0xEE, 0x94, 0xD5, 0x4C, 0xD5, 0x4B, 0xCC, 0xE9, 0xD5, 0x2B, 0xE6, 0x31, 0xE6, 0x52, 0xCC, 0xA9, 0xCC, 0xC9, 0xD4, 0xA9, 0xD5, 0x0F, 0xE5, 0x53, 
0xB0, 0x81, 0xB0, 0x41, 0xA8, 0x61, 0xB0, 0x41, 0xB0, 0x41, 0xB0, 0x61, 0xB0, 0x61, 0xA8, 0x61, 0xC2, 0x28, 0xF6, 0x9A, 0xF6, 0x9A, 0xF6, 0x9A, 0xEE, 0x79, 0xEE, 0x59, 0xF6, 0x59, 0xF6, 0x39, 
0xE5, 0xB6, 0xD4, 0xF3, 0xBC, 0x30, 0xB4, 0x10, 0xBC, 0x30, 0xB3, 0xEB, 0xA3, 0x23, 0xB3, 0xE6, 0xC4, 0x89, 0xB3, 0xE5, 0xDD, 0xB0, 0xD5, 0x6E, 0xC4, 0xAB, 0xBC, 0x4D, 0xBC, 0x71, 0xBC, 0x71, 
0xBC, 0x51, 0xBC, 0x51, 0xB4, 0x51, 0xB4, 0x51, 0xB4, 0x51, 0xB4, 0x51, 0xB4, 0x51, 0xB4, 0x31, 0xB4, 0x30, 0xB4, 0x30, 0xB4, 0x10, 0xAB, 0xEF, 0xAB, 0xAE, 0xA3, 0x4D, 0x9A, 0xEA, 0x9A, 0x89, 
0x92, 0x47, 0x92, 0x27, 0x92, 0x06, 0x8A, 0x06, 0x89, 0xE6, 0x8A, 0x07, 0x8A, 0x07, 0x8A, 0x06, 0x89, 0xE6, 0x81, 0xE6, 0x79, 0xA6, 0x69, 0x44, 0x60, 0xE3, 0x58, 0xA1, 0x68, 0x81, 0x78, 0xA1, 
0xA0, 0xE2, 0xB1, 0x02, 0xC1, 0x23, 0xB9, 0x43, 0xB1, 0x64, 0xC2, 0x68, 0xD3, 0x8C, 0xDC, 0x2F, 0xDC, 0x71, 0xE4, 0x92, 0xE4, 0xD2, 0xE4, 0xF3, 0xEC, 0xF3, 0xED, 0x13, 0xED, 0x13, 0xEC, 0xF3, 
0x9C, 0x30, 0x94, 0x10, 0x94, 0x10, 0x94, 0x10, 0x94, 0x10, 0x94, 0x10, 0x9C, 0x10, 0x9C, 0x10, 0x94, 0x10, 0x93, 0xCF, 0x8B, 0xAE, 0x8B, 0x8D, 0x83, 0x4B, 0x83, 0x0A, 0x7A, 0xE9, 0x7A, 0xC9, 
0x7A, 0xC9, 0x7A, 0xC9, 0x28, 0xE2, 0x08, 0x41, 0x10, 0x41, 0x49, 0xA5, 0x7A, 0xC8, 0x7A, 0xA8, 0x7A, 0xA8, 0x7A, 0xA8, 0x7A, 0xA8, 0x7A, 0xA8, 0x7A, 0x88, 0x7A, 0xA8, 0x7A, 0x88, 0x7A, 0xA8, 
0x7A, 0xA7, 0x7A, 0xA8, 0x7A, 0xA8, 0x7A, 0xA8, 0x7A, 0xA8, 0x7A, 0xA8, 0x7A, 0xA8, 0x7A, 0xA8, 0x7A, 0xA8, 0x7A, 0xA8, 0x7A, 0xA8, 0x72, 0x87, 0x72, 0x66, 0x7A, 0x87, 0x7A, 0xA8, 0x7A, 0xA8, 
0x7A, 0xA7, 0x93, 0x06, 0xBB, 0xE5, 0xC4, 0x47, 0xC4, 0x68, 0xC4, 0x48, 0xBC, 0x09, 0x8A, 0x44, 0x8A, 0x45, 0x8A, 0x65, 0x92, 0x85, 0x92, 0xA5, 0x92, 0xA6, 0x92, 0xA6, 0x92, 0xA5, 0x92, 0xA5, 
0x92, 0xA5, 0x92, 0xA5, 0x92, 0x85, 0x92, 0x85, 0x92, 0x85, 0x92, 0x86, 0x9A, 0xA6, 0xA0, 0x81, 0xA8, 0x00, 0xA8, 0x00, 0xA8, 0x00, 0xA8, 0x00, 0xA8, 0x00, 0xA8, 0x00, 0xA8, 0x00, 0xA8, 0x00, 
0xB2, 0x67, 0xB3, 0x69, 0xA8, 0xC2, 0xA8, 0x00, 0xA8, 0x00, 0xA8, 0x00, 0xCB, 0xED, 0xCC, 0x2D, 0xC0, 0x41, 0xC0, 0x00, 0xC0, 0x00, 0xC0, 0x00, 0xC0, 0x00, 0xC0, 0x41, 0xD2, 0x27, 0xDA, 0x88, 
0xE3, 0xAD, 0xE3, 0x4B, 0xC0, 0x20, 0xC0, 0x00, 0xC0, 0x00, 0xB8, 0x00, 0xB8, 0x00, 0xE3, 0x6B, 0xB8, 0x82, 0xB8, 0x00, 0xD2, 0x48, 0xD1, 0xC6, 0xB8, 0x00, 0xC0, 0x61, 0xEC, 0x50, 0xB8, 0x41, 
0xB8, 0x00, 0xCA, 0x27, 0xEB, 0x8C, 0xC0, 0x41, 0xC0, 0x00, 0xC8, 0xE2, 0xEA, 0xE8, 0xD1, 0xA5, 0xB0, 0x00, 0xB0, 0x00, 0xEB, 0x8C, 0xB8, 0x40, 0xB8, 0x20, 0xD1, 0x24, 0xB0, 0x00, 0xD2, 0x67, 
0xEC, 0x4E, 0xD3, 0x8B, 0xEE, 0x12, 0xEE, 0xB2, 0xE6, 0x71, 0xF6, 0xF4, 0xF7, 0x15, 0xEE, 0x93, 0xF6, 0xF6, 0xEE, 0x71, 0xE6, 0x30, 0xE5, 0xEF, 0xDD, 0xAD, 0xD5, 0x6C, 0xD5, 0x4C, 0xDD, 0xAE, 
0xFF, 0xFE, 0xFF, 0xFF, 0xFF, 0xFF, 0xF7, 0x7B, 0xDD, 0x8D, 0xDD, 0x6C, 0xDD, 0x6C, 0xD5, 0x0A, 0xDD, 0x6C, 0xD5, 0x0B, 0xCC, 0xEA, 0xCC, 0x89, 0xC3, 0x27, 0xA9, 0x02, 0xDD, 0x13, 0xE5, 0x75, 
0xB0, 0x00, 0xB0, 0x20, 0xB0, 0x20, 0xB0, 0x20, 0xB0, 0x20, 0xB0, 0x20, 0xB0, 0x20, 0xB0, 0x20, 0xB0, 0x40, 0xEE, 0x18, 0xF6, 0x99, 0xF6, 0x9A, 0xF6, 0x9A, 0xF6, 0x9A, 0xF6, 0x79, 0xF6, 0x39, 
0xE5, 0x95, 0xC4, 0x51, 0xBC, 0x31, 0xBC, 0x31, 0xBC, 0x31, 0xB4, 0x0E, 0xA3, 0x43, 0xB4, 0x06, 0xB3, 0xE6, 0xA3, 0x43, 0xAB, 0x63, 0xC4, 0xAA, 0xBC, 0x28, 0xBC, 0x71, 0xBC, 0x71, 0xBC, 0x71, 
0xBC, 0x71, 0xBC, 0x71, 0xBC, 0x71, 0xBC, 0x71, 0xB4, 0x71, 0xB4, 0x71, 0xB4, 0x71, 0xB4, 0x51, 0xB4, 0x51, 0xB4, 0x51, 0xB4, 0x51, 0xB4, 0x51, 0xB4, 0x51, 0xB4, 0x31, 0xB4, 0x10, 0xB3, 0xEF, 
0xAB, 0x8E, 0xAB, 0x4C, 0xA2, 0xEA, 0x9A, 0x88, 0x92, 0x27, 0x92, 0x47, 0x92, 0x27, 0x92, 0x06, 0x8A, 0x06, 0x8A, 0x06, 0x89, 0xE6, 0x89, 0xE6, 0x89, 0xE6, 0x81, 0xE6, 0x79, 0xA5, 0x71, 0x44, 
0x68, 0xC2, 0x68, 0x81, 0x80, 0xA1, 0xA0, 0xC2, 0xC1, 0x02, 0xD9, 0x43, 0xE9, 0xC5, 0xEA, 0xA9, 0xEB, 0x8D, 0xE4, 0x50, 0xE4, 0xB2, 0xE4, 0xD3, 0xEC, 0xF3, 0xEC, 0xF3, 0xEC, 0xF3, 0xEC, 0xF3, 
0x94, 0x0F, 0x9C, 0x30, 0x9C, 0x51, 0xA4, 0x72, 0xA4, 0x92, 0xA4, 0x92, 0xA4, 0x72, 0x9C, 0x71, 0x9C, 0x30, 0x94, 0x0F, 0x93, 0xCE, 0x8B, 0x8D, 0x83, 0x4B, 0x83, 0x0A, 0x7A, 0xE9, 0x7A, 0xE9, 
0x7A, 0xC9, 0x72, 0x68, 0x10, 0x41, 0x10, 0x41, 0x10, 0x61, 0x72, 0xA8, 0x7A, 0xA8, 0x7A, 0xA8, 0x7A, 0xA8, 0x7A, 0xA8, 0x7A, 0xA8, 0x7A, 0xA8, 0x7A, 0xA8, 0x7A, 0xA8, 0x7A, 0xA7, 0x7A, 0x88, 
0x7A, 0xA8, 0x7A, 0xA8, 0x7A, 0xA8, 0x7A, 0xA8, 0x7A, 0xA8, 0x7A, 0xA8, 0x7A, 0xA8, 0x7A, 0xA8, 0x7A, 0xA8, 0x7A, 0xA8, 0x7A, 0xA7, 0x72, 0x87, 0x7A, 0x87, 0x7A, 0x87, 0x7A, 0x87, 0x7A, 0x87, 
0x82, 0xA6, 0xB3, 0x84, 0xBB, 0xE5, 0xD5, 0x2D, 0xC4, 0x68, 0xCC, 0xAA, 0x9A, 0xE6, 0x8A, 0x65, 0x8A, 0x65, 0x92, 0x65, 0x92, 0x85, 0x92, 0xA6, 0x92, 0xA6, 0x92, 0xA6, 0x92, 0xA5, 0x92, 0xA5, 
0x92, 0x85, 0x92, 0x85, 0x92, 0x85, 0x92, 0x85, 0x92, 0x85, 0x92, 0x86, 0x9A, 0xA6, 0xA1, 0x84, 0xA0, 0xA1, 0xA0, 0x81, 0xA8, 0x81, 0xA8, 0x81, 0xA8, 0x81, 0xA8, 0x81, 0xA8, 0x81, 0xA8, 0xA2, 
0xB2, 0xA7, 0xB3, 0x6A, 0xA8, 0xC2, 0xA8, 0x00, 0xA8, 0x00, 0xA8, 0x00, 0xCC, 0x0D, 0xCC, 0x4D, 0xC0, 0x41, 0xC0, 0x00, 0xC0, 0x00, 0xC0, 0x00, 0xC0, 0x41, 0xE3, 0xCD, 0xE4, 0x0D, 0xE3, 0xAC, 
0xEC, 0xB0, 0xD2, 0x07, 0xC0, 0x00, 0xC0, 0x00, 0xB8, 0x00, 0xB8, 0x00, 0xB8, 0x00, 0xE3, 0x8C, 0xB8, 0x61, 0xB8, 0x00, 0xD2, 0x68, 0xD1, 0xA6, 0xC0, 0x00, 0xC0, 0xC3, 0xE3, 0xEF, 0xB0, 0x00, 
0xB0, 0x00, 0xDB, 0x6C, 0xC9, 0x03, 0xB8, 0x00, 0xC9, 0x23, 0xEB, 0x09, 0xC0, 0xC2, 0xB0, 0x00, 0xB0, 0x00, 0xB0, 0x00, 0xEB, 0x8B, 0xB0, 0x20, 0xB0, 0x20, 0xD2, 0x47, 0xD3, 0x49, 0xE5, 0xB0, 
0xEE, 0xD3, 0xEE, 0xB3, 0xEE, 0xB2, 0xEE, 0xB2, 0xEE, 0xB3, 0xEE, 0xD4, 0xF6, 0xD3, 0xF7, 0x37, 0xF7, 0x7A, 0xE6, 0x51, 0xDD, 0xEE, 0xEE, 0x93, 0xD5, 0x2B, 0xD5, 0x2B, 0xDD, 0x6C, 0xE6, 0x11, 
0xFF, 0xFF, 0xEF, 0x39, 0xEF, 0x19, 0xFF, 0xDD, 0xDD, 0xAD, 0xDD, 0x6C, 0xDD, 0x6C, 0xDD, 0x6C, 0xD5, 0x2B, 0xD4, 0xEC, 0xC3, 0x48, 0xA8, 0xE2, 0xA8, 0x00, 0xA8, 0x00, 0xDD, 0x13, 0xE5, 0xB6, 
0xC2, 0x07, 0xC2, 0x08, 0xC2, 0x28, 0xC2, 0x28, 0xC2, 0x28, 0xC2, 0x48, 0xC2, 0x48, 0xC2, 0x69, 0xD3, 0xCE, 0xF6, 0x79, 0xF6, 0x99, 0xF6, 0x99, 0xF6, 0x9A, 0xF6, 0xBA, 0xF6, 0x99, 0xF6, 0x59, 
0xDD, 0x54, 0xBC, 0x31, 0xBC, 0x31, 0xBC, 0x31, 0xBC, 0x51, 0xAB, 0xA9, 0xAB, 0xA5, 0xB3, 0xE6, 0xAB, 0xC5, 0xA3, 0x01, 0xA3, 0x23, 0xAB, 0xA5, 0xB3, 0xC6, 0xB4, 0x0C, 0xBC, 0x71, 0xBC, 0x71, 
0xBC, 0x71, 0xBC, 0x71, 0xBC, 0x71, 0xBC, 0x71, 0xBC, 0x71, 0xBC, 0x71, 0xBC, 0x71, 0xB4, 0x71, 0xB4, 0x71, 0xB4, 0x71, 0xBC, 0x51, 0xB4, 0x51, 0xBC, 0x51, 0xBC, 0x51, 0xB4, 0x51, 0xB4, 0x51, 
0xB4, 0x51, 0xB4, 0x31, 0xB4, 0x10, 0xAB, 0xAE, 0xA3, 0x4C, 0xA3, 0x4C, 0x9A, 0xEA, 0x9A, 0x88, 0x92, 0x47, 0x92, 0x26, 0x92, 0x06, 0x8A, 0x06, 0x89, 0xE6, 0x89, 0xE6, 0x89, 0xE6, 0x89, 0xE6, 
0x89, 0xE6, 0x81, 0xC6, 0x79, 0x85, 0x71, 0x23, 0x70, 0xC2, 0x80, 0xA1, 0xA8, 0xC2, 0xD9, 0x43, 0xF1, 0xA4, 0xFA, 0x06, 0xFA, 0xA9, 0xF3, 0x4C, 0xF4, 0x30, 0xF4, 0xB2, 0xEC, 0xD3, 0xEC, 0xD3, 
0xAC, 0xD3, 0xA4, 0xB3, 0xA4, 0xB3, 0xA4, 0xB3, 0xA4, 0xB3, 0xA4, 0x93, 0xA4, 0x72, 0x9C, 0x51, 0x9C, 0x30, 0x93, 0xEF, 0x8B, 0xAD, 0x83, 0x4C, 0x83, 0x2A, 0x7A, 0xE9, 0x7A, 0xC8, 0x7A, 0xC8, 
0x7A, 0xC9, 0x49, 0x85, 0x08, 0x21, 0x10, 0x41, 0x31, 0x23, 0x7A, 0xC8, 0x7A, 0xA8, 0x7A, 0xA8, 0x7A, 0xA8, 0x7A, 0xA8, 0x7A, 0xA8, 0x7A, 0xA8, 0x7A, 0xA8, 0x7A, 0xA8, 0x7A, 0xA8, 0x7A, 0xA8, 
0x7A, 0xA8, 0x7A, 0xA8, 0x7A, 0xA8, 0x7A, 0xA8, 0x7A, 0xA8, 0x7A, 0xA8, 0x7A, 0xA8, 0x7A, 0xA8, 0x7A, 0xA8, 0x7A, 0xA8, 0x7A, 0xA7, 0x7A, 0x87, 0x7A, 0x87, 0x7A, 0x87, 0x7A, 0x67, 0x7A, 0x66, 
0xA3, 0x24, 0xAB, 0x63, 0xBB, 0xE5, 0xF7, 0x7C, 0xDD, 0xF2, 0xC4, 0x4A, 0x8A, 0x65, 0x8A, 0x65, 0x92, 0x65, 0x92, 0x85, 0x92, 0x86, 0x92, 0xA6, 0x92, 0xA6, 0x92, 0xA6, 0x92, 0xA5, 0x92, 0x86, 
0x92, 0x85, 0x92, 0x85, 0x92, 0x85, 0x92, 0x85, 0x92, 0x86, 0x92, 0x86, 0x9A, 0xA6, 0x9A, 0xC7, 0xA2, 0xC7, 0xAA, 0xE8, 0xB2, 0xE8, 0xB3, 0x29, 0xB3, 0x29, 0xB3, 0x29, 0xBB, 0x4A, 0xBB, 0x6A, 
0xB3, 0x8A, 0xB3, 0x6A, 0xA8, 0xC2, 0xA8, 0x00, 0xA8, 0x00, 0xA0, 0x00, 0xCC, 0x0D, 0xCC, 0x4E, 0xB8, 0x41, 0xC0, 0x00, 0xC0, 0x00, 0xC0, 0x00, 0xD2, 0x48, 0xE3, 0xED, 0xC0, 0x41, 0xB8, 0x00, 
0xD2, 0x27, 0xEC, 0x8F, 0xC0, 0x82, 0xC0, 0x00, 0xB8, 0x00, 0xB8, 0x00, 0xB8, 0x00, 0xEB, 0x8C, 0xB8, 0x61, 0xB8, 0x00, 0xD2, 0x68, 0xD1, 0xA6, 0xC0, 0x00, 0xC0, 0xC3, 0xE3, 0xEE, 0xB0, 0x00, 
0xB0, 0x00, 0xDB, 0x6C, 0xC1, 0x03, 0xC0, 0x00, 0xDA, 0xA8, 0xC9, 0x84, 0xB8, 0x00, 0xB8, 0xC2, 0xB8, 0x81, 0xB0, 0x00, 0xE4, 0x0D, 0xC2, 0xE8, 0xE5, 0x70, 0xF6, 0xD5, 0xEE, 0xF4, 0xEE, 0xD4, 
0xEE, 0xD4, 0xE6, 0x51, 0xEE, 0xB2, 0xF6, 0xD3, 0xEE, 0xD4, 0xEE, 0xB3, 0xEE, 0xB3, 0xEE, 0x71, 0xEE, 0x71, 0xE6, 0x30, 0xDD, 0xCD, 0xE6, 0x0F, 0xD5, 0x6C, 0xE5, 0xCE, 0xDD, 0xAE, 0xEF, 0x39, 
0xEE, 0xD7, 0xD5, 0x4C, 0xD5, 0x0A, 0xEE, 0xB6, 0xE6, 0x11, 0xDD, 0x6D, 0xDD, 0x4C, 0xD4, 0xAB, 0xDD, 0x30, 0xDC, 0xF2, 0xA8, 0x41, 0xA8, 0x00, 0xA8, 0x00, 0xA8, 0x00, 0xDD, 0x13, 0xE5, 0xF7, 
0xEE, 0x38, 0xEE, 0x38, 0xEE, 0x38, 0xEE, 0x59, 0xEE, 0x59, 0xEE, 0x59, 0xEE, 0x59, 0xEE, 0x59, 0xEE, 0x59, 0xEE, 0x79, 0xF6, 0x99, 0xF6, 0x9A, 0xF6, 0x9A, 0xF6, 0x9A, 0xF6, 0x59, 0xF6, 0x17, 
0xE5, 0x75, 0xBC, 0x31, 0xBC, 0x51, 0xBC, 0x51, 0xBC, 0x51, 0x9B, 0x04, 0xA3, 0x63, 0xAB, 0xA5, 0xAB, 0xA8, 0xAB, 0xEB, 0xA3, 0x44, 0xA3, 0x02, 0xBC, 0x49, 0xAB, 0x87, 0xBC, 0x71, 0xBC, 0x71, 
0xBC, 0x91, 0xBC, 0x92, 0xBC, 0x91, 0xBC, 0x91, 0xBC, 0x71, 0xBC, 0x71, 0xBC, 0x71, 0xB4, 0x71, 0xBC, 0x71, 0xBC, 0x71, 0xBC, 0x71, 0xBC, 0x71, 0xBC, 0x71, 0xBC, 0x71, 0xBC, 0x71, 0xBC, 0x71, 
0xBC, 0x71, 0xBC, 0x72, 0xBC, 0x71, 0xB4, 0x30, 0xB4, 0x10, 0xB4, 0x51, 0xB4, 0x31, 0xB4, 0x10, 0xAB, 0xAE, 0xA3, 0x4C, 0x9A, 0xC9, 0x9A, 0x68, 0x92, 0x26, 0x92, 0x06, 0x92, 0x06, 0x92, 0x06, 
0x89, 0xE6, 0x89, 0xE6, 0x89, 0xE6, 0x89, 0xE6, 0x92, 0x06, 0x89, 0xE6, 0x81, 0xA5, 0x79, 0x23, 0x80, 0xC2, 0xA0, 0xA1, 0xC8, 0xE2, 0xE9, 0x23, 0xF9, 0x64, 0xF9, 0xC5, 0xFA, 0x68, 0xF3, 0x0B, 
0xAC, 0xD3, 0xA4, 0xB3, 0xA4, 0xB3, 0xA4, 0x93, 0xA4, 0x92, 0xA4, 0x72, 0x9C, 0x51, 0x9C, 0x30, 0x93, 0xEF, 0x8B, 0xAE, 0x83, 0x6C, 0x83, 0x2B, 0x7A, 0xE9, 0x7A, 0xC8, 0x7A, 0xA8, 0x7A, 0xA8, 
0x7A, 0xC9, 0x20, 0xC2, 0x08, 0x41, 0x10, 0x41, 0x5A, 0x06, 0x7A, 0xA8, 0x7A, 0xA8, 0x7A, 0xA8, 0x7A, 0xA8, 0x7A, 0xA8, 0x7A, 0xA8, 0x7A, 0xA8, 0x7A, 0xA8, 0x7A, 0x88, 0x7A, 0xA8, 0x7A, 0xA8, 
0x7A, 0xA8, 0x7A, 0xA8, 0x7A, 0xA8, 0x7A, 0xA8, 0x7A, 0xA8, 0x7A, 0xA8, 0x7A, 0xA8, 0x7A, 0xA8, 0x7A, 0xA8, 0x7A, 0xA8, 0x7A, 0xA8, 0x7A, 0x87, 0x7A, 0x87, 0x7A, 0x67, 0x7A, 0x66, 0x92, 0xA3, 
0x9A, 0xC1, 0xAB, 0x43, 0xB3, 0xA4, 0xCC, 0xA9, 0xBC, 0x07, 0xAB, 0x47, 0x8A, 0x65, 0x92, 0x65, 0x92, 0x85, 0x92, 0x85, 0x92, 0xA6, 0x92, 0xA6, 0x92, 0xA6, 0x92, 0xA6, 0x92, 0x85, 0x92, 0x85, 
0x92, 0x85, 0x92, 0x85, 0x92, 0x85, 0x92, 0x86, 0x92, 0x86, 0x92, 0x86, 0x9A, 0xA6, 0x9A, 0xC7, 0xA2, 0xC7, 0xAA, 0xE8, 0xAB, 0x08, 0xAB, 0x28, 0xB3, 0x29, 0xB3, 0x49, 0xB3, 0x4A, 0xBB, 0x6A, 
0xBB, 0x8A, 0xBB, 0x8A, 0xA8, 0xC2, 0xA8, 0x00, 0xA8, 0x00, 0xA0, 0x00, 0xCC, 0x2E, 0xD4, 0x4E, 0xB8, 0x41, 0xC0, 0x00, 0xC0, 0x00, 0xB8, 0x00, 0xDB, 0x6B, 0xDA, 0xEA, 0xC0, 0x00, 0xC0, 0x00, 
0xC0, 0xC2, 0xF4, 0xAF, 0xC9, 0x24, 0xC0, 0x00, 0xB8, 0x00, 0xB8, 0x00, 0xB8, 0x00, 0xEB, 0xCD, 0xB8, 0xA2, 0xB8, 0x00, 0xD2, 0xA9, 0xC9, 0xC6, 0xB8, 0x00, 0xC0, 0xA2, 0xE4, 0x2F, 0xA8, 0x00, 
0xB0, 0x00, 0xD3, 0x6C, 0xC9, 0x44, 0xC0, 0x00, 0xDB, 0x29, 0xD2, 0x26, 0xB8, 0x20, 0xCA, 0x66, 0xDC, 0x6C, 0xE5, 0x70, 0xF6, 0xD5, 0xEE, 0xD4, 0xEE, 0xB3, 0xEE, 0xD4, 0xEE, 0xB3, 0xEE, 0xD4, 
0xEE, 0xF4, 0xF6, 0xD4, 0xF6, 0xF4, 0xEE, 0xD4, 0xF7, 0x16, 0xF6, 0xD3, 0xEE, 0x92, 0xEE, 0x72, 0xEE, 0x51, 0xE5, 0xF0, 0xE6, 0x10, 0xDD, 0x8D, 0xE5, 0xEF, 0xE5, 0xCF, 0xD5, 0x4C, 0xEE, 0x94, 
0xDD, 0x6C, 0xDD, 0x8D, 0xDD, 0xAE, 0xD5, 0x2C, 0xE5, 0xD0, 0xD4, 0x4B, 0xC1, 0xE5, 0xB0, 0x61, 0xDC, 0xF2, 0xDC, 0xD2, 0xA8, 0x61, 0xA8, 0x00, 0xA8, 0x00, 0xA8, 0x00, 0xDC, 0xF3, 0xE5, 0xF7, 
0xEE, 0x17, 0xEE, 0x38, 0xEE, 0x38, 0xEE, 0x38, 0xEE, 0x58, 0xEE, 0x58, 0xEE, 0x38, 0xEE, 0x58, 0xEE, 0x79, 0xF6, 0x79, 0xF6, 0x79, 0xF6, 0x9A, 0xF6, 0x9A, 0xF6, 0x79, 0xF6, 0x17, 0xF5, 0xD6, 
0xDD, 0x14, 0xBC, 0x51, 0xBC, 0x51, 0xBC, 0x51, 0xB4, 0x2F, 0xA3, 0x44, 0x9B, 0x03, 0xB4, 0x0D, 0xBC, 0xB3, 0xBC, 0xB3, 0xBC, 0x91, 0xA3, 0x88, 0x9B, 0x03, 0xA3, 0x03, 0xBC, 0x4F, 0xBC, 0x92, 
0xBC, 0x92, 0xBC, 0x92, 0xBC, 0x92, 0xBC, 0x92, 0xBC, 0x91, 0xBC, 0x91, 0xBC, 0x71, 0xBC, 0x71, 0xBC, 0x71, 0xBC, 0x71, 0xBC, 0x71, 0xBC, 0x71, 0xBC, 0x71, 0xBC, 0x71, 0xBC, 0x71, 0xBC, 0x71, 
0xBC, 0x72, 0xBC, 0x72, 0xBC, 0x72, 0xB4, 0x50, 0xB4, 0x30, 0xB4, 0x71, 0xBC, 0x72, 0xBC, 0x72, 0xB4, 0x72, 0xB4, 0x51, 0xB4, 0x31, 0xB3, 0xF0, 0xAB, 0x8D, 0xA3, 0x0B, 0x9A, 0xA9, 0x9A, 0x68, 
0x92, 0x27, 0x92, 0x06, 0x92, 0x06, 0x92, 0x06, 0x92, 0x06, 0x92, 0x07, 0x92, 0x07, 0x92, 0x06, 0x92, 0x06, 0x89, 0xE6, 0x81, 0x85, 0x79, 0x03, 0x80, 0x81, 0xA0, 0x81, 0xC8, 0xA1, 0xE8, 0xE2, 
0xA4, 0xB3, 0xA4, 0xB2, 0xA4, 0x92, 0xA4, 0x92, 0x9C, 0x72, 0x9C, 0x51, 0x9C, 0x30, 0x93, 0xEF, 0x8B, 0xAE, 0x83, 0x6C, 0x83, 0x2B, 0x7A, 0xE9, 0x7A, 0xC8, 0x7A, 0xA8, 0x7A, 0xA8, 0x7A, 0xA8, 
0x6A, 0x68, 0x10, 0x40, 0x10, 0x41, 0x10, 0x61, 0x72, 0xA8, 0x7A, 0xA8, 0x7A, 0xA8, 0x7A, 0xA8, 0x7A, 0xA8, 0x7A, 0xA8, 0x7A, 0xA8, 0x7A, 0xA8, 0x7A, 0xA8, 0x7A, 0xA8, 0x7A, 0xA8, 0x7A, 0x88, 
0x7A, 0xA8, 0x7A, 0xA8, 0x7A, 0xA8, 0x7A, 0xA8, 0x7A, 0xA8, 0x7A, 0xA8, 0x7A, 0xA8, 0x7A, 0xA8, 0x7A, 0xA8, 0x7A, 0xC8, 0x83, 0x09, 0x8B, 0x4B, 0x8B, 0x0A, 0x7A, 0x87, 0x82, 0x85, 0x9A, 0xC2, 
0x92, 0xA1, 0xAB, 0x85, 0xA3, 0x44, 0xAB, 0x84, 0xB3, 0xC6, 0x9A, 0xE7, 0x92, 0x65, 0x92, 0x86, 0x92, 0x86, 0x92, 0x86, 0x92, 0xA6, 0x92, 0xA6, 0x92, 0xA6, 0x92, 0xA5, 0x92, 0x86, 0x8A, 0x85, 
0x8A, 0x65, 0x8A, 0x65, 0x92, 0x86, 0x92, 0x86, 0x92, 0x86, 0x92, 0xA6, 0x9A, 0xA6, 0xA2, 0x46, 0xA9, 0xA4, 0xA9, 0xA4, 0xA9, 0xC4, 0xB1, 0xC5, 0xB1, 0xC5, 0xB1, 0xC5, 0xB1, 0xC5, 0xB1, 0xE5, 
0xB3, 0x29, 0xBB, 0x8A, 0xA8, 0xC2, 0xA8, 0x00, 0xA8, 0x00, 0xA0, 0x00, 0xCC, 0x2E, 0xD4, 0x4E, 0xB8, 0x41, 0xB8, 0x00, 0xB8, 0x00, 0xB8, 0x00, 0xDA, 0xC9, 0xEC, 0x4E, 0xC0, 0xC2, 0xB8, 0x20, 
0xDA, 0xC9, 0xEC, 0x2E, 0xB8, 0x41, 0xB8, 0x00, 0xB8, 0x00, 0xB8, 0x00, 0xD1, 0xE6, 0xF4, 0xF0, 0xDB, 0x0A, 0xB8, 0xC2, 0xEC, 0xB0, 0xEC, 0x8F, 0xB8, 0x82, 0xD2, 0x88, 0xF5, 0x11, 0xC1, 0xE6, 
0xB9, 0x64, 0xED, 0x32, 0xD3, 0x4B, 0xB8, 0x00, 0xDB, 0x8B, 0xDC, 0x6D, 0xE4, 0xEE, 0xEE, 0xB3, 0xF6, 0xF4, 0xEE, 0xD4, 0xEE, 0xB3, 0xEE, 0x92, 0xEE, 0xD4, 0xF7, 0x15, 0xE6, 0x71, 0xE6, 0x30, 
0xEE, 0xB3, 0xF6, 0xF5, 0xEE, 0xF4, 0xF7, 0x58, 0xF7, 0x59, 0xEE, 0x92, 0xEE, 0x71, 0xEE, 0x51, 0xD5, 0x6C, 0xE6, 0x30, 0xE6, 0x30, 0xE6, 0x0F, 0xE6, 0x10, 0xE5, 0xCE, 0xE5, 0xCF, 0xDD, 0x6D, 
0xDD, 0x6D, 0xE5, 0xCF, 0xE5, 0xAE, 0xDC, 0x8C, 0xC1, 0xA4, 0xB8, 0x00, 0xB8, 0x00, 0xB8, 0x20, 0xDC, 0xB1, 0xDC, 0xB1, 0xA8, 0x61, 0xA8, 0x00, 0xA8, 0x00, 0xA8, 0x00, 0xDC, 0x10, 0xDC, 0x50, 
0xCA, 0x8A, 0xCA, 0x8A, 0xCA, 0x8A, 0xCA, 0x8A, 0xCA, 0x89, 0xCA, 0x69, 0xCA, 0x49, 0xCA, 0x28, 0xDB, 0xAE, 0xF6, 0x79, 0xF6, 0x79, 0xF6, 0x99, 0xF6, 0x99, 0xF6, 0x38, 0xF5, 0xD6, 0xED, 0x75, 
0xC4, 0x51, 0xBC, 0x31, 0xBC, 0x51, 0xBC, 0x51, 0xAB, 0x8A, 0xA3, 0x68, 0xBC, 0x70, 0xBC, 0xB3, 0xBC, 0xB3, 0xBC, 0xB2, 0xBC, 0xB3, 0xBC, 0x92, 0xAC, 0x0D, 0xAB, 0xC7, 0xB4, 0x0B, 0xBC, 0x91, 
0xBC, 0x92, 0xBC, 0x92, 0xBC, 0x92, 0xBC, 0x92, 0xBC, 0x92, 0xBC, 0x91, 0xBC, 0x91, 0xBC, 0x91, 0xBC, 0x91, 0xBC, 0x91, 0xBC, 0x72, 0xBC, 0x91, 0xBC, 0x92, 0xBC, 0x92, 0xBC, 0x72, 0xBC, 0x71, 
0xBC, 0x71, 0xBC, 0x72, 0xBC, 0x72, 0xB4, 0x50, 0xB4, 0x30, 0xBC, 0x72, 0xBC, 0x92, 0xBC, 0x92, 0xBC, 0x92, 0xBC, 0x92, 0xBC, 0x72, 0xBC, 0x72, 0xBC, 0x72, 0xB4, 0x51, 0xB4, 0x31, 0xB3, 0xEF, 
0xAB, 0x6D, 0xA3, 0x0B, 0x9A, 0x89, 0x9A, 0x67, 0x9A, 0x27, 0x9A, 0x27, 0x9A, 0x27, 0x92, 0x26, 0x92, 0x06, 0x92, 0x07, 0x92, 0x06, 0x92, 0x06, 0x92, 0x06, 0x89, 0xC5, 0x79, 0x44, 0x70, 0xC2, 
0xA4, 0xB2, 0xA4, 0x92, 0xA4, 0x92, 0x9C, 0x72, 0x9C, 0x51, 0x9C, 0x31, 0x93, 0xF0, 0x8B, 0xAE, 0x8B, 0x6D, 0x83, 0x2B, 0x7A, 0xE9, 0x7A, 0xC8, 0x7A, 0xA8, 0x72, 0xA8, 0x7A, 0xA8, 0x7A, 0xA8, 
0x51, 0xA5, 0x10, 0x41, 0x10, 0x61, 0x31, 0x03, 0x72, 0xA8, 0x7A, 0x88, 0x7A, 0xA8, 0x7A, 0xA8, 0x7A, 0xA8, 0x7A, 0xA8, 0x7A, 0xA8, 0x7A, 0xA8, 0x7A, 0xA8, 0x7A, 0xA8, 0x7A, 0x88, 0x7A, 0xA8, 
0x7A, 0xA8, 0x7A, 0xA8, 0x7A, 0xA8, 0x7A, 0xA8, 0x7A, 0xA8, 0x7A, 0xA8, 0x7A, 0xA8, 0x7A, 0xA8, 0x83, 0x09, 0x9B, 0xCD, 0xA4, 0x70, 0x9B, 0xCD, 0x82, 0xA8, 0x82, 0x65, 0x92, 0x82, 0x92, 0xA1, 
0x9B, 0x02, 0x92, 0x80, 0x92, 0x80, 0x9B, 0x02, 0x9A, 0xE2, 0x92, 0xA6, 0x92, 0x86, 0x92, 0x86, 0x92, 0xA6, 0x92, 0xA6, 0x92, 0xA6, 0x92, 0xA6, 0x92, 0xA6, 0x92, 0x86, 0x8A, 0x85, 0x8A, 0x85, 
0x8A, 0x65, 0x8A, 0x85, 0x92, 0x86, 0x92, 0x86, 0x92, 0x86, 0x9A, 0xA6, 0x9A, 0xC7, 0xA0, 0x81, 0xA8, 0x00, 0xA8, 0x00, 0xA8, 0x00, 0xA8, 0x00, 0xA8, 0x00, 0xB0, 0x00, 0xA8, 0x00, 0xA8, 0x00, 
0xB2, 0x87, 0xBB, 0xAB, 0xA8, 0xC2, 0xA8, 0x00, 0xA8, 0x00, 0xA0, 0x00, 0xCC, 0x4E, 0xD4, 0x6F, 0xB8, 0x41, 0xB8, 0x00, 0xB8, 0x00, 0xB8, 0x00, 0xB8, 0x61, 0xE3, 0xCD, 0xEC, 0x6F, 0xEC, 0x4E, 
0xEC, 0x4E, 0xC1, 0x44, 0xB8, 0x00, 0xB8, 0x00, 0xB8, 0x00, 0xB8, 0x00, 0xD2, 0x07, 0xF5, 0x31, 0xE3, 0xCC, 0xB9, 0x23, 0xF5, 0x11, 0xF4, 0xD0, 0xB8, 0xA2, 0xDB, 0x4B, 0xED, 0x11, 0xCA, 0xA9, 
0xA9, 0x44, 0xE5, 0xB3, 0xE5, 0xB2, 0xDD, 0x6F, 0xF6, 0xD3, 0xEE, 0xD3, 0xEE, 0xB2, 0xF7, 0x15, 0xF6, 0xF4, 0xEE, 0xB2, 0xF6, 0xD4, 0xEE, 0x92, 0xEE, 0x71, 0xE6, 0x71, 0xEE, 0x72, 0xE6, 0x71, 
0xF6, 0xD4, 0xF6, 0xF5, 0xF6, 0xF4, 0xEE, 0xD4, 0xEE, 0xB3, 0xEE, 0x51, 0xEE, 0x72, 0xEE, 0x71, 0xE6, 0x0F, 0xEE, 0x51, 0xE6, 0x10, 0xEE, 0x50, 0xE5, 0xEF, 0xE5, 0xCE, 0xE5, 0xCE, 0xE5, 0x6D, 
0xE5, 0x4E, 0xE4, 0xED, 0xE4, 0x6C, 0xD2, 0xA8, 0xB8, 0x00, 0xB8, 0x00, 0xB8, 0x00, 0xB8, 0x20, 0xDC, 0xB1, 0xDC, 0xB1, 0xA8, 0x61, 0xA8, 0x00, 0xA8, 0x00, 0xA8, 0x00, 0xC2, 0xC9, 0xD2, 0xA9, 
0xB0, 0x00, 0xB8, 0x00, 0xB8, 0x00, 0xC0, 0x00, 0xC0, 0x00, 0xB8, 0x00, 0xB8, 0x00, 0xB8, 0x00, 0xB8, 0x82, 0xF6, 0x59, 0xF6, 0x79, 0xF6, 0x79, 0xF6, 0x79, 0xF6, 0x18, 0xF5, 0xF7, 0xDC, 0xD3, 
0xBC, 0x31, 0xBC, 0x31, 0xBC, 0x51, 0xBC, 0x51, 0xAB, 0xED, 0xBC, 0x92, 0xBC, 0xB2, 0xBC, 0xB2, 0xBC, 0xB2, 0xBC, 0xB2, 0xBC, 0xB2, 0xBC, 0x92, 0xBC, 0x92, 0xBC, 0x91, 0xAB, 0xEC, 0xBC, 0x91, 
0xBC, 0x92, 0xBC, 0x92, 0xBC, 0x92, 0xBC, 0x92, 0xBC, 0x92, 0xBC, 0x92, 0xBC, 0x91, 0xBC, 0x91, 0xBC, 0x91, 0xBC, 0x91, 0xBC, 0x71, 0xBC, 0x91, 0xBC, 0x91, 0xBC, 0x91, 0xBC, 0x92, 0xBC, 0x71, 
0xBC, 0x71, 0xBC, 0x92, 0xBC, 0x71, 0xBC, 0x50, 0xB4, 0x50, 0xBC, 0x72, 0xBC, 0x92, 0xBC, 0x92, 0xBC, 0x92, 0xBC, 0x92, 0xBC, 0x92, 0xBC, 0x92, 0xBC, 0x92, 0xBC, 0x92, 0xBC, 0x92, 0xBC, 0x92, 
0xBC, 0x72, 0xBC, 0x72, 0xBC, 0x31, 0xB3, 0xCF, 0xAB, 0x6D, 0xA2, 0xEA, 0x9A, 0x88, 0x9A, 0x47, 0x9A, 0x27, 0x9A, 0x27, 0x9A, 0x07, 0x9A, 0x07, 0x92, 0x06, 0x92, 0x06, 0x92, 0x07, 0x92, 0x27, 
0xA4, 0x92, 0xA4, 0x92, 0x9C, 0x72, 0x9C, 0x71, 0x9C, 0x51, 0x94, 0x10, 0x8B, 0xCE, 0x8B, 0x6D, 0x83, 0x2B, 0x7A, 0xEA, 0x7A, 0xA8, 0x7A, 0xA8, 0x7A, 0xA8, 0x7A, 0xA8, 0x7A, 0xA8, 0x7A, 0xA8, 
0x28, 0xE3, 0x10, 0x41, 0x10, 0x61, 0x49, 0xC5, 0x72, 0x88, 0x7A, 0x88, 0x7A, 0x88, 0x7A, 0x88, 0x7A, 0xA8, 0x7A, 0xA8, 0x7A, 0xA8, 0x7A, 0xA8, 0x7A, 0xA8, 0x7A, 0xA8, 0x7A, 0x88, 0x7A, 0xA8, 
0x7A, 0xA8, 0x7A, 0xA8, 0x7A, 0xA8, 0x7A, 0xA8, 0x7A, 0xA8, 0x7A, 0xA8, 0x7A, 0xA8, 0x82, 0xE9, 0xA4, 0x70, 0xB5, 0x13, 0xAC, 0x50, 0x71, 0xE4, 0x79, 0xE4, 0x92, 0x84, 0x9A, 0xE2, 0x9A, 0xE1, 
0x92, 0xC2, 0x8A, 0x60, 0x8A, 0x60, 0x92, 0x80, 0x9A, 0xC1, 0x9B, 0x07, 0x92, 0x86, 0x92, 0xA6, 0x92, 0xA6, 0x92, 0xA6, 0x92, 0xA6, 0x92, 0xA6, 0x92, 0x86, 0x8A, 0x85, 0x8A, 0x65, 0x8A, 0x65, 
0x8A, 0x65, 0x92, 0x85, 0x92, 0x86, 0x92, 0x86, 0x92, 0xA6, 0x9A, 0xA6, 0x9A, 0xC7, 0xA1, 0x43, 0xA0, 0x40, 0xA0, 0x40, 0xA8, 0x40, 0xA8, 0x40, 0xA8, 0x20, 0xA8, 0x40, 0xA8, 0x40, 0xA0, 0x41, 
0xB2, 0xA8, 0xBB, 0xCB, 0xA0, 0xC2, 0xA8, 0x00, 0xA0, 0x00, 0xA0, 0x00, 0xCC, 0x6F, 0xD4, 0x6F, 0xB0, 0x41, 0xB8, 0x00, 0xB8, 0x00, 0xB8, 0x00, 0xB0, 0x00, 0xB0, 0x20, 0xC1, 0x44, 0xC1, 0x65, 
0xB8, 0x61, 0xB8, 0x00, 0xB8, 0x00, 0xB8, 0x00, 0xB8, 0x00, 0xB8, 0x00, 0xB8, 0x00, 0xC1, 0x03, 0xB8, 0x61, 0xB0, 0x00, 0xC1, 0xA5, 0xB9, 0x44, 0xA8, 0x00, 0xA8, 0xE2, 0xCB, 0x8B, 0xC3, 0x89, 
0xDD, 0x0E, 0xF6, 0xF5, 0xF6, 0xF4, 0xF6, 0xD3, 0xEE, 0x92, 0xEE, 0xD2, 0xEE, 0xD3, 0xF6, 0xF4, 0xF6, 0xF4, 0xEE, 0x92, 0xEE, 0xB3, 0xEE, 0x93, 0xEE, 0x93, 0xEE, 0xD4, 0xEE, 0xD5, 0xEE, 0xF4, 
0xF6, 0xF5, 0xEE, 0xB3, 0xEE, 0x92, 0xEE, 0x71, 0xEE, 0x92, 0xE6, 0x10, 0xE6, 0x52, 0xEE, 0x51, 0xEE, 0x93, 0xF7, 0x38, 0xEE, 0x93, 0xEE, 0x51, 0xDD, 0x6C, 0xE5, 0x4C, 0xDB, 0xC9, 0xC1, 0x63, 
0xC0, 0xE2, 0xD2, 0x47, 0xD1, 0xE5, 0xB8, 0x20, 0xB8, 0x00, 0xB8, 0x00, 0xB8, 0x00, 0xB8, 0x20, 0xDC, 0xB1, 0xDC, 0xB1, 0xB0, 0x82, 0xA8, 0x00, 0xA8, 0x00, 0xA8, 0x00, 0xBA, 0x47, 0xC2, 0x06, 
0xB0, 0x61, 0xB8, 0x40, 0xB8, 0x20, 0xB8, 0x20, 0xB8, 0x61, 0xB8, 0xA2, 0xB8, 0xC3, 0xB9, 0x25, 0xDB, 0xF0, 0xF6, 0x59, 0xF6, 0x59, 0xF6, 0x79, 0xF6, 0x59, 0xF6, 0x18, 0xF5, 0xD6, 0xC4, 0x51, 
0xBC, 0x31, 0xBC, 0x51, 0xBC, 0x51, 0xBC, 0x51, 0xB4, 0x51, 0xBC, 0x72, 0xBC, 0x92, 0xBC, 0xB2, 0xBC, 0xB3, 0xBC, 0xB3, 0xBC, 0xB2, 0xBC, 0xB2, 0xBC, 0xB2, 0xBC, 0x92, 0xBC, 0x92, 0xBC, 0x92, 
0xBC, 0xB2, 0xBC, 0xB2, 0xBC, 0xB2, 0xBC, 0x92, 0xBC, 0x92, 0xBC, 0x92, 0xBC, 0x91, 0xBC, 0x91, 0xBC, 0x91, 0xBC, 0x91, 0xBC, 0x91, 0xBC, 0x92, 0xBC, 0x92, 0xBC, 0x92, 0xBC, 0x92, 0xBC, 0x91, 
0xBC, 0x92, 0xBC, 0x92, 0xBC, 0x71, 0xBC, 0x50, 0xBC, 0x51, 0xBC, 0x92, 0xBC, 0x92, 0xBC, 0xB2, 0xBC, 0xB2, 0xBC, 0xB3, 0xBC, 0xB3, 0xBC, 0xB3, 0xBC, 0xB3, 0xBC, 0xB2, 0xBC, 0xB2, 0xBC, 0xB3, 
0xC4, 0xB3, 0xC4, 0xB3, 0xC4, 0xB3, 0xC4, 0x92, 0xBC, 0x92, 0xBC, 0x72, 0xBC, 0x30, 0xB3, 0xCE, 0xAB, 0x4C, 0xA2, 0xC9, 0x9A, 0x68, 0x9A, 0x47, 0x9A, 0x27, 0x9A, 0x27, 0x9A, 0x27, 0x9A, 0x27, 
0xA4, 0x92, 0x9C, 0x72, 0x9C, 0x71, 0x9C, 0x31, 0x94, 0x10, 0x8B, 0xCF, 0x8B, 0x8D, 0x83, 0x4B, 0x7B, 0x0A, 0x7A, 0xC9, 0x72, 0xA8, 0x72, 0xA8, 0x7A, 0xA8, 0x7A, 0xA8, 0x7A, 0xA8, 0x72, 0x88, 
0x10, 0x41, 0x10, 0x61, 0x10, 0x61, 0x6A, 0x68, 0x72, 0x88, 0x7A, 0x88, 0x7A, 0x88, 0x7A, 0xA8, 0x7A, 0xA8, 0x7A, 0xA8, 0x7A, 0xA8, 0x7A, 0xA8, 0x7A, 0x88, 0x7A, 0x88, 0x7A, 0xA8, 0x7A, 0xA8, 
0x7A, 0xA8, 0x7A, 0xA8, 0x7A, 0xA8, 0x7A, 0xA8, 0x7A, 0xA8, 0x7A, 0xA8, 0x7A, 0xC8, 0x9B, 0xEE, 0xB5, 0x34, 0xBD, 0x33, 0x93, 0x6B, 0x79, 0xA3, 0x8A, 0x24, 0xA2, 0xE3, 0xA3, 0x02, 0x92, 0xA1, 
0x8A, 0x60, 0x8A, 0x60, 0x92, 0x81, 0x92, 0x81, 0x92, 0x80, 0x9B, 0x26, 0x92, 0xA6, 0x92, 0xA6, 0x92, 0xA6, 0x92, 0xA6, 0x92, 0xA6, 0x92, 0xA6, 0x92, 0x86, 0x8A, 0x65, 0x8A, 0x65, 0x8A, 0x65, 
0x8A, 0x65, 0x8A, 0x86, 0x92, 0x86, 0x92, 0x86, 0x92, 0xA6, 0x9A, 0xC7, 0x9A, 0xC7, 0xA2, 0xE8, 0xAA, 0xE8, 0xAB, 0x08, 0xB3, 0x29, 0xB3, 0x49, 0xBB, 0x69, 0xBB, 0x6A, 0xBB, 0x8A, 0xBB, 0xAB, 
0xBB, 0xCB, 0xBB, 0xCB, 0xA0, 0xC2, 0xA0, 0x00, 0xA0, 0x00, 0xA0, 0x00, 0xD4, 0x8F, 0xD4, 0x8F, 0xB8, 0x82, 0xB8, 0x00, 0xB0, 0x00, 0xB0, 0x00, 0xB0, 0x00, 0xB0, 0x00, 0xB0, 0x00, 0xB0, 0x00, 
0xB0, 0x00, 0xB0, 0x00, 0xB8, 0x00, 0xB8, 0x00, 0xB8, 0x00, 0xB8, 0x00, 0xB0, 0x00, 0xB8, 0x00, 0xB0, 0x00, 0xB0, 0x20, 0xB9, 0x63, 0xCB, 0x48, 0xDD, 0x0D, 0xF6, 0x92, 0xEE, 0xB2, 0xEE, 0xB2, 
0xEE, 0x92, 0xEE, 0xB2, 0xEE, 0x92, 0xEE, 0xB3, 0xEE, 0xD3, 0xF7, 0x36, 0xEE, 0xD3, 0xEE, 0x71, 0xEE, 0x71, 0xE6, 0x0F, 0xEE, 0xD3, 0xEE, 0xB4, 0xEE, 0xF6, 0xF7, 0x37, 0xEE, 0xF5, 0xF6, 0xF4, 
0xEE, 0xB3, 0xEE, 0xB3, 0xEE, 0x93, 0xEE, 0xB3, 0xEE, 0x93, 0xE6, 0x30, 0xD5, 0xAE, 0xEE, 0x92, 0xEE, 0xB3, 0xFF, 0xBD, 0xF7, 0x18, 0xEE, 0x31, 0xD3, 0x89, 0xC1, 0x02, 0xC0, 0x00, 0xC0, 0x00, 
0xB8, 0x00, 0xB8, 0x00, 0xB8, 0x00, 0xB8, 0x00, 0xB8, 0x00, 0xB8, 0x00, 0xB8, 0x00, 0xB8, 0x82, 0xE4, 0xB1, 0xDC, 0xB1, 0xB0, 0x82, 0xB0, 0x00, 0xA8, 0x00, 0xA8, 0x00, 0xCA, 0xA9, 0xC2, 0x88, 
0xC1, 0xE5, 0xB9, 0x84, 0xB9, 0x63, 0xB1, 0x63, 0xB1, 0xC5, 0xBA, 0x89, 0xCB, 0xAE, 0xDC, 0xD3, 0xED, 0xB6, 0xED, 0xF8, 0xEE, 0x18, 0xF6, 0x39, 0xF6, 0x18, 0xF6, 0x18, 0xED, 0x75, 0xBC, 0x31, 
0xBC, 0x31, 0xBC, 0x51, 0xBC, 0x71, 0xB4, 0x51, 0xB4, 0x51, 0xBC, 0x92, 0xBC, 0x92, 0xBC, 0xB2, 0xBC, 0xB3, 0xBC, 0xB3, 0xBC, 0xB3, 0xBC, 0xB3, 0xBC, 0xB2, 0xBC, 0xB2, 0xBC, 0xB2, 0xBC, 0xB2, 
0xBC, 0xB2, 0xBC, 0x92, 0xBC, 0xB2, 0xBC, 0x92, 0xBC, 0x92, 0xBC, 0x92, 0xBC, 0x91, 0xBC, 0x91, 0xBC, 0x92, 0xBC, 0x92, 0xBC, 0x92, 0xBC, 0x91, 0xBC, 0x92, 0xBC, 0x92, 0xBC, 0x92, 0xBC, 0x91, 
0xBC, 0x92, 0xBC, 0x92, 0xBC, 0x71, 0xBC, 0x50, 0xBC, 0x71, 0xBC, 0x92, 0xBC, 0xB2, 0xBC, 0xB3, 0xBC, 0xB3, 0xC4, 0xB3, 0xC4, 0xB3, 0xC4, 0xB3, 0xC4, 0xD3, 0xC4, 0xD3, 0xC4, 0xB3, 0xC4, 0xB3, 
0xC4, 0xB3, 0xC4, 0xB3, 0xC4, 0xB3, 0xC4, 0xB3, 0xC4, 0xB3, 0xC4, 0xB3, 0xC4, 0xB3, 0xC4, 0x92, 0xBC, 0x92, 0xBC, 0x72, 0xBC, 0x30, 0xB3, 0xAE, 0xAB, 0x2B, 0xA2, 0xA9, 0x9A, 0x67, 0x9A, 0x47, 
0x9C, 0x72, 0x9C, 0x51, 0x9C, 0x31, 0x94, 0x10, 0x8B, 0xCF, 0x8B, 0x8D, 0x83, 0x4C, 0x7B, 0x0B, 0x7A, 0xC9, 0x72, 0xA8, 0x72, 0x88, 0x72, 0xA8, 0x72, 0xA8, 0x72, 0x88, 0x72, 0x88, 0x59, 0xE6, 
0x08, 0x41, 0x10, 0x82, 0x20, 0xC2, 0x72, 0x88, 0x72, 0x88, 0x72, 0x87, 0x7A, 0x88, 0x7A, 0x88, 0x7A, 0xA8, 0x7A, 0xA8, 0x7A, 0xA8, 0x7A, 0xA8, 0x7A, 0x88, 0x7A, 0xA8, 0x7A, 0xA8, 0x7A, 0xA8, 
0x7A, 0xA8, 0x7A, 0xA8, 0x7A, 0xA8, 0x7A, 0xA8, 0x7A, 0xA8, 0x82, 0xE9, 0x9B, 0xCD, 0xB4, 0xF2, 0xBD, 0x74, 0xB4, 0xF3, 0x82, 0x66, 0x82, 0x04, 0x92, 0x84, 0x9B, 0x03, 0xE6, 0x55, 0x92, 0xA1, 
0x8A, 0x40, 0x8A, 0x40, 0x8A, 0x40, 0x92, 0xA2, 0x8A, 0x60, 0x9A, 0xE3, 0x92, 0xA6, 0x92, 0xA6, 0x92, 0xA6, 0x92, 0xA6, 0x92, 0xA6, 0x92, 0x86, 0x8A, 0x86, 0x8A, 0x65, 0x8A, 0x65, 0x8A, 0x65, 
0x8A, 0x65, 0x8A, 0x86, 0x92, 0x86, 0x92, 0xA6, 0x9A, 0xA6, 0x9A, 0xC7, 0x9A, 0xE7, 0xA2, 0xE7, 0xAB, 0x28, 0xAB, 0x48, 0xAB, 0x69, 0xB3, 0x6A, 0xB3, 0x8A, 0xB3, 0x8A, 0xBB, 0xAB, 0xBB, 0xCB, 
0xBB, 0xEC, 0xBB, 0xEC, 0xA0, 0xA2, 0xA0, 0x00, 0xA0, 0x00, 0xA0, 0x00, 0xCC, 0x0E, 0xD4, 0xD0, 0xC2, 0xA8, 0xB0, 0x00, 0xB0, 0x00, 0xB0, 0x00, 0xB0, 0x00, 0xB0, 0x00, 0xB0, 0x00, 0xB0, 0x00, 
0xB0, 0x00, 0xB0, 0x00, 0xB8, 0x00, 0xB8, 0x00, 0xB0, 0x00, 0xB0, 0x40, 0xB9, 0x22, 0xCA, 0xE7, 0xD4, 0x4B, 0xE5, 0x8E, 0xEE, 0x2F, 0xE6, 0x0F, 0xF6, 0xD3, 0xEE, 0x50, 0xEE, 0x71, 0xEE, 0xF5, 
0xDD, 0xEE, 0xE6, 0x10, 0xEE, 0x71, 0xEE, 0x72, 0xF7, 0x17, 0xFF, 0xBC, 0xEE, 0x71, 0xE6, 0x30, 0xEE, 0x71, 0xE6, 0x51, 0xEE, 0xB3, 0xEE, 0xD4, 0xEE, 0xB4, 0xEE, 0xF5, 0xF6, 0xF4, 0xEE, 0xB2, 
0xF6, 0xF5, 0xF6, 0xF5, 0xE6, 0x30, 0xEE, 0xB3, 0xE6, 0x51, 0xEE, 0xD4, 0xEE, 0xD4, 0xEE, 0x93, 0xF6, 0x93, 0xF6, 0x54, 0xE3, 0xCC, 0xC8, 0xC2, 0xC0, 0x00, 0xC0, 0x00, 0xC0, 0x00, 0xC0, 0x00, 
0xC0, 0x00, 0xC0, 0x00, 0xC0, 0x00, 0xC0, 0x00, 0xB8, 0x00, 0xC0, 0x00, 0xB8, 0x00, 0xD2, 0xCA, 0xE4, 0x90, 0xE4, 0x50, 0xA8, 0x20, 0xB0, 0x00, 0xA8, 0x00, 0xA8, 0x00, 0xD3, 0x0B, 0xD3, 0x6B, 
0xD3, 0x4A, 0xCA, 0xA8, 0xC1, 0xE5, 0xB9, 0x83, 0xB1, 0x63, 0xA9, 0x63, 0xA1, 0x43, 0x99, 0x22, 0x91, 0x84, 0xAA, 0xCA, 0xDC, 0xB2, 0xED, 0x96, 0xF5, 0xB6, 0xF6, 0x39, 0xE5, 0x55, 0xBC, 0x31, 
0xBC, 0x51, 0xBC, 0x51, 0xBC, 0x71, 0xB4, 0x51, 0xB4, 0x51, 0xBC, 0x92, 0xBC, 0x92, 0xBC, 0xB2, 0xBC, 0xB3, 0xBC, 0xB3, 0xBC, 0xB3, 0xBC, 0xB2, 0xBC, 0xB2, 0xBC, 0xB2, 0xBC, 0xB2, 0xBC, 0xB2, 
0xBC, 0xB2, 0xBC, 0xB2, 0xBC, 0xB2, 0xBC, 0x92, 0xBC, 0x92, 0xBC, 0x92, 0xBC, 0x92, 0xBC, 0x92, 0xBC, 0x92, 0xBC, 0x92, 0xBC, 0x92, 0xBC, 0x92, 0xBC, 0x92, 0xBC, 0x92, 0xBC, 0x92, 0xBC, 0x92, 
0xBC, 0x92, 0xBC, 0x92, 0xBC, 0x71, 0xBC, 0x50, 0xBC, 0x92, 0xBC, 0xB2, 0xBC, 0xB2, 0xBC, 0xB3, 0xC4, 0xB3, 0xC4, 0xB3, 0xC4, 0xD3, 0xC4, 0xD3, 0xC4, 0xD3, 0xC4, 0xD3, 0xC4, 0xD3, 0xC4, 0xD3, 
0xC4, 0xD3, 0xC4, 0xD3, 0xC4, 0xD3, 0xC4, 0xD3, 0xC4, 0xD3, 0xC4, 0xB3, 0xC4, 0xB3, 0xC4, 0xB3, 0xC4, 0xB3, 0xC4, 0xB3, 0xC4, 0xB3, 0xC4, 0x93, 0xBC, 0x92, 0xBC, 0x71, 0xBC, 0x10, 0xB3, 0x8E, 
0x9C, 0x71, 0x9C, 0x51, 0x94, 0x10, 0x93, 0xCF, 0x8B, 0x8D, 0x83, 0x4C, 0x7B, 0x0B, 0x7A, 0xC9, 0x72, 0xA8, 0x72, 0x88, 0x72, 0x88, 0x72, 0x88, 0x72, 0x88, 0x72, 0x88, 0x72, 0x88, 0x39, 0x44, 
0x10, 0x41, 0x10, 0x62, 0x41, 0x64, 0x72, 0x88, 0x72, 0x87, 0x72, 0x87, 0x7A, 0x87, 0x7A, 0x87, 0x7A, 0x88, 0x7A, 0x88, 0x7A, 0x88, 0x7A, 0xA8, 0x7A, 0x88, 0x7A, 0x88, 0x7A, 0x88, 0x7A, 0xA8, 
0x7A, 0xA8, 0x7A, 0xA8, 0x7A, 0x88, 0x7A, 0xA8, 0x8B, 0x2A, 0xA4, 0x0F, 0xAC, 0x92, 0xBD, 0x34, 0xC5, 0xB5, 0xB4, 0xD2, 0x79, 0xE4, 0x8A, 0x45, 0x9A, 0xC4, 0x8A, 0x60, 0x9A, 0xE3, 0x8A, 0x60, 
0x8A, 0x60, 0x8A, 0x60, 0x92, 0xC2, 0x8A, 0x41, 0x8A, 0x40, 0x92, 0x60, 0x92, 0xC4, 0x92, 0xA6, 0x92, 0xA7, 0x92, 0xA7, 0x92, 0xA6, 0x8A, 0x86, 0x8A, 0x66, 0x8A, 0x65, 0x8A, 0x65, 0x8A, 0x45, 
0x8A, 0x66, 0x92, 0x86, 0x92, 0xA6, 0x92, 0xA6, 0x9A, 0xA6, 0x9A, 0xC7, 0xA2, 0xE7, 0xA3, 0x08, 0xAB, 0x48, 0xAB, 0x49, 0xB3, 0x69, 0xB3, 0x8A, 0xB3, 0x8A, 0xB3, 0xAB, 0xBB, 0xAB, 0xBB, 0xCB, 
0xBB, 0xEC, 0xC3, 0xEC, 0xA0, 0xA2, 0xA0, 0x00, 0xA0, 0x00, 0x98, 0x00, 0xB2, 0x27, 0xD5, 0x11, 0xD5, 0x11, 0xCA, 0xC9, 0xB0, 0xA2, 0xB0, 0x20, 0xB0, 0x00, 0xB0, 0x00, 0xB0, 0x00, 0xB0, 0x20, 
0xB0, 0x20, 0xB0, 0x60, 0xB9, 0xA4, 0xCB, 0x08, 0xD4, 0x8C, 0xD4, 0xC9, 0xDD, 0x8C, 0xE6, 0x30, 0xE6, 0x50, 0xE6, 0x0F, 0xE6, 0x2F, 0xE6, 0x0F, 0xEE, 0xD3, 0xEE, 0x91, 0xEE, 0x70, 0xE6, 0x0F, 
0xEE, 0x71, 0xEE, 0xB3, 0xEE, 0xD5, 0xF7, 0x39, 0xFF, 0xBD, 0xFF, 0xFE, 0xF7, 0x59, 0xF7, 0x17, 0xEE, 0xF6, 0xEE, 0xB3, 0xEE, 0x93, 0xEE, 0xD4, 0xE6, 0x30, 0xF7, 0x15, 0xF6, 0xF5, 0xF6, 0xF4, 
0xEE, 0xD3, 0xF6, 0xF5, 0xEE, 0xB3, 0xEE, 0xB3, 0xEE, 0xD4, 0xF6, 0xF5, 0xF6, 0xD5, 0xDD, 0x0F, 0xCA, 0x26, 0xC0, 0x40, 0xC8, 0x00, 0xC8, 0x00, 0xC0, 0x00, 0xC0, 0x00, 0xC0, 0x00, 0xC0, 0x00, 
0xC0, 0x00, 0xB8, 0x00, 0xB8, 0x00, 0xB8, 0x00, 0xB8, 0x00, 0xB8, 0x82, 0xD2, 0xCA, 0xE4, 0x90, 0xE4, 0x70, 0xCA, 0xAA, 0xA8, 0x00, 0xA8, 0x00, 0xA8, 0x00, 0xA8, 0x00, 0xD3, 0x0A, 0xD3, 0x6B, 
0xD3, 0x6B, 0xD3, 0x4B, 0xD3, 0x2A, 0xCA, 0xC8, 0xC1, 0xE5, 0xB1, 0x63, 0xA1, 0x42, 0x99, 0x22, 0x89, 0x22, 0x99, 0xE4, 0xB2, 0x66, 0xCB, 0x4A, 0xED, 0x54, 0xF6, 0x5A, 0xE5, 0x55, 0xBC, 0x51, 
0xBC, 0x51, 0xBC, 0x71, 0xBC, 0x72, 0xB4, 0x51, 0xBC, 0x71, 0xBC, 0x92, 0xBC, 0xB2, 0xBC, 0xB2, 0xBC, 0xB2, 0xBC, 0xB2, 0xBC, 0xB2, 0xBC, 0xB2, 0xBC, 0xB2, 0xBC, 0xB2, 0xBC, 0xB2, 0xBC, 0xB2, 
0xBC, 0xB2, 0xBC, 0xB2, 0xBC, 0x92, 0xBC, 0xB2, 0xBC, 0x92, 0xBC, 0x92, 0xBC, 0x92, 0xBC, 0x92, 0xBC, 0x92, 0xBC, 0x92, 0xBC, 0x92, 0xBC, 0x92, 0xBC, 0x92, 0xBC, 0xB2, 0xBC, 0x92, 0xBC, 0x92, 
0xBC, 0xB2, 0xBC, 0x92, 0xBC, 0x71, 0xBC, 0x50, 0xBC, 0x92, 0xC4, 0xB3, 0xC4, 0xB3, 0xC4, 0xD3, 0xC4, 0xD3, 0xC4, 0xD3, 0xC4, 0xD3, 0xC4, 0xD3, 0xC4, 0xD3, 0xC4, 0xD3, 0xC4, 0xD3, 0xC4, 0xD3, 
0xC4, 0xD3, 0xC4, 0xD3, 0xC4, 0xD3, 0xC4, 0xD3, 0xC4, 0xD3, 0xC4, 0xD3, 0xC4, 0xD3, 0xC4, 0xD3, 0xC4, 0xB3, 0xC4, 0xB3, 0xC4, 0xD3, 0xC4, 0xD3, 0xC4, 0xB3, 0xC4, 0xB3, 0xC4, 0xB3, 0xC4, 0xB3, 
0x9C, 0x51, 0x9C, 0x30, 0x93, 0xEF, 0x8B, 0xAE, 0x83, 0x4C, 0x7B, 0x2B, 0x7A, 0xEA, 0x72, 0xA9, 0x72, 0x88, 0x72, 0x88, 0x72, 0x88, 0x72, 0x88, 0x72, 0x88, 0x72, 0x87, 0x72, 0x87, 0x20, 0xA2, 
0x10, 0x62, 0x10, 0x62, 0x59, 0xE6, 0x72, 0x88, 0x72, 0x87, 0x72, 0x87, 0x72, 0x87, 0x7A, 0x87, 0x7A, 0x87, 0x7A, 0x88, 0x7A, 0x88, 0x7A, 0x88, 0x7A, 0x88, 0x7A, 0x88, 0x7A, 0x88, 0x7A, 0x88, 
0x72, 0x88, 0x72, 0x88, 0x7A, 0x88, 0x82, 0xE9, 0x9B, 0x4C, 0x9A, 0xEA, 0xA3, 0xCE, 0xBD, 0x74, 0xC5, 0xB6, 0xBD, 0x33, 0x8A, 0x66, 0x92, 0x65, 0x9A, 0xE5, 0x82, 0x20, 0x82, 0x20, 0x92, 0x81, 
0xD5, 0x90, 0x92, 0xA1, 0x8A, 0x61, 0x82, 0x20, 0x8A, 0x40, 0x8A, 0x60, 0x92, 0x60, 0x9A, 0xE3, 0x92, 0xC6, 0x92, 0xA7, 0x8A, 0xA6, 0x8A, 0x86, 0x8A, 0x66, 0x8A, 0x65, 0x8A, 0x45, 0x8A, 0x65, 
0x8A, 0x66, 0x92, 0x86, 0x92, 0xA6, 0x92, 0xA6, 0x9A, 0xC7, 0xA2, 0xE7, 0xA3, 0x07, 0xA3, 0x08, 0xAB, 0x48, 0xB3, 0x69, 0xB3, 0x8A, 0xB3, 0x8A, 0xB3, 0x8A, 0xBB, 0xAB, 0xBB, 0xCB, 0xBB, 0xEB, 
0xBB, 0xEC, 0xC4, 0x0C, 0xA1, 0x44, 0xA0, 0x00, 0xA0, 0x00, 0x98, 0x00, 0x98, 0x00, 0xBB, 0x0A, 0xD5, 0x11, 0xD5, 0x31, 0xDD, 0x52, 0xDD, 0x52, 0xE5, 0x51, 0xE5, 0x91, 0xE5, 0x90, 0xDD, 0x6E, 
0xD4, 0x89, 0xD4, 0xC9, 0xD5, 0x2B, 0xE5, 0xEF, 0xEE, 0x71, 0xDD, 0xAD, 0xDD, 0xAD, 0xE6, 0x0F, 0xEE, 0x93, 0xE6, 0x10, 0xDD, 0xEE, 0xE5, 0xEF, 0xD5, 0x4B, 0xDD, 0xCE, 0xEE, 0x92, 0xE6, 0x30, 
0xE6, 0x30, 0xEE, 0xB4, 0xF7, 0x7A, 0xFF, 0xFE, 0xFF, 0xFF, 0xFF, 0xFF, 0xFF, 0xFF, 0xF7, 0x7A, 0xE6, 0x72, 0xE6, 0x51, 0xEE, 0x72, 0xF6, 0xD5, 0xEE, 0xB3, 0xF7, 0x15, 0xF7, 0x15, 0xF7, 0x16, 
0xF6, 0xD4, 0xF6, 0xD3, 0xF6, 0xD4, 0xF6, 0xF5, 0xEE, 0xB5, 0xEE, 0x34, 0xE5, 0xB3, 0xDC, 0xF2, 0xE4, 0xB1, 0xE4, 0x90, 0xE4, 0x90, 0xE4, 0x90, 0xE4, 0x70, 0xE4, 0x70, 0xE4, 0x4F, 0xE4, 0x4F, 
0xE4, 0x4F, 0xE4, 0x4F, 0xE4, 0x2F, 0xE4, 0x2F, 0xE4, 0x4F, 0xE4, 0xB0, 0xE4, 0x90, 0xE4, 0x70, 0xDB, 0x8D, 0xA8, 0x41, 0xA8, 0x00, 0xA8, 0x00, 0xA8, 0x00, 0xA8, 0x20, 0xDB, 0x4B, 0xDB, 0x6B, 
0xDB, 0x6B, 0xDB, 0x2A, 0xD3, 0x2A, 0xD3, 0x09, 0xD2, 0xA8, 0xC2, 0x05, 0xA9, 0x63, 0x91, 0x22, 0x91, 0x62, 0xA2, 0x04, 0xB2, 0x65, 0xC2, 0xA6, 0xCB, 0x28, 0xED, 0x75, 0xD4, 0xF3, 0xBC, 0x51, 
0xBC, 0x51, 0xBC, 0x72, 0xBC, 0x72, 0xBC, 0x51, 0xBC, 0x72, 0xBC, 0x92, 0xBC, 0xB2, 0xBC, 0xB3, 0xBC, 0xB2, 0xBC, 0xB2, 0xBC, 0xB2, 0xBC, 0xB2, 0xBC, 0xB2, 0xBC, 0xB2, 0xBC, 0xB2, 0xBC, 0xB2, 
0xBC, 0xB2, 0xBC, 0xB2, 0xBC, 0xB2, 0xBC, 0xB2, 0xBC, 0x92, 0xBC, 0x92, 0xBC, 0x92, 0xBC, 0x92, 0xBC, 0x92, 0xBC, 0x92, 0xBC, 0x92, 0xBC, 0x92, 0xBC, 0xB2, 0xBC, 0xB2, 0xBC, 0xB2, 0xBC, 0xB2, 
0xC4, 0xB2, 0xC4, 0xB2, 0xC4, 0x71, 0xBC, 0x4F, 0xC4, 0x92, 0xC4, 0xB2, 0xC4, 0xD3, 0xC4, 0xD3, 0xC4, 0xD3, 0xC4, 0xD3, 0xC4, 0xD3, 0xC4, 0xD3, 0xC4, 0xD3, 0xC4, 0xD3, 0xC4, 0xD3, 0xC4, 0xD3, 
0xC4, 0xD3, 0xC4, 0xD3, 0xC4, 0xD3, 0xC4, 0xD3, 0xC4, 0xD3, 0xC4, 0xD3, 0xC4, 0xD3, 0xC4, 0xD3, 0xC4, 0xD3, 0xC4, 0xD3, 0xC4, 0xD3, 0xC4, 0xD3, 0xC4, 0xD3, 0xC4, 0xD3, 0xC4, 0xD3, 0xC4, 0xD3, 
0x9C, 0x30, 0x94, 0x0F, 0x8B, 0xAE, 0x83, 0x6D, 0x7B, 0x2B, 0x7A, 0xEA, 0x72, 0xA9, 0x72, 0x88, 0x72, 0x88, 0x72, 0x88, 0x72, 0x88, 0x72, 0x88, 0x72, 0x88, 0x72, 0x87, 0x6A, 0x67, 0x10, 0x41, 
0x10, 0x82, 0x10, 0x62, 0x6A, 0x68, 0x72, 0x67, 0x72, 0x87, 0x72, 0x87, 0x72, 0x87, 0x72, 0x87, 0x7A, 0x88, 0x7A, 0x88, 0x7A, 0x87, 0x72, 0x87, 0x72, 0x88, 0x72, 0x87, 0x72, 0x87, 0x72, 0x87, 
0x72, 0x87, 0x72, 0x88, 0x7A, 0x88, 0x8B, 0x2B, 0x9A, 0x88, 0x92, 0x67, 0xB4, 0xB2, 0xC5, 0xB6, 0xCD, 0xF7, 0xAC, 0xB1, 0x82, 0x24, 0x92, 0x85, 0x92, 0x83, 0x79, 0xE0, 0x82, 0x00, 0x8A, 0x60, 
0xB4, 0x29, 0x92, 0xA1, 0x8A, 0x40, 0x8A, 0x40, 0x8A, 0x60, 0x92, 0x81, 0x92, 0xA0, 0x92, 0xA1, 0x9A, 0xC1, 0x9A, 0xC4, 0x8A, 0xA6, 0x8A, 0x86, 0x8A, 0x66, 0x8A, 0x65, 0x8A, 0x65, 0x8A, 0x66, 
0x8A, 0x86, 0x92, 0x86, 0x92, 0xA6, 0x9A, 0xC7, 0x9A, 0xE7, 0xA3, 0x08, 0xA3, 0x28, 0xAB, 0x28, 0xAB, 0x48, 0xB3, 0x89, 0xB3, 0x8A, 0xB3, 0x8A, 0xB3, 0xAA, 0xBB, 0xCB, 0xBB, 0xCB, 0xBB, 0xEC, 
0xBC, 0x0C, 0xC4, 0x0C, 0xBB, 0x29, 0x98, 0x00, 0x98, 0x00, 0xA0, 0x00, 0x98, 0x00, 0x90, 0x20, 0xAA, 0x87, 0xD5, 0x2F, 0xDD, 0x6F, 0xDD, 0x6E, 0xDD, 0x4C, 0xD5, 0x2C, 0xDD, 0x2B, 0xD5, 0x2B, 
0xDD, 0x6C, 0xDD, 0xAE, 0xE5, 0xCE, 0xDD, 0x8D, 0xE6, 0x30, 0xDD, 0xAD, 0xDD, 0xCE, 0xE5, 0xEE, 0xE6, 0x31, 0xDD, 0xAD, 0xE5, 0xEE, 0xE6, 0x10, 0xE5, 0xEF, 0xE6, 0x30, 0xEE, 0x51, 0xEE, 0xB4, 
0xE6, 0x72, 0xE6, 0x51, 0xE6, 0x72, 0xEE, 0xB5, 0xFF, 0xFF, 0xFF, 0xFF, 0xFF, 0xDD, 0xEE, 0x72, 0xEE, 0x71, 0xEE, 0x72, 0xEE, 0xB3, 0xF7, 0x16, 0xF7, 0x15, 0xF7, 0x15, 0xF6, 0xF5, 0xF6, 0xF5, 
0xF6, 0xF5, 0xF6, 0x94, 0xEE, 0x13, 0xED, 0xF4, 0xED, 0xB4, 0xE5, 0x94, 0xE5, 0x73, 0xE5, 0x53, 0xE5, 0x32, 0xE5, 0x12, 0xDC, 0xF2, 0xE4, 0xF2, 0xE4, 0xD1, 0xE4, 0xD1, 0xE4, 0xB0, 0xE4, 0xB0, 
0xE4, 0x90, 0xE4, 0x90, 0xE4, 0x90, 0xE4, 0x90, 0xE4, 0x90, 0xE4, 0x90, 0xE4, 0x4F, 0xCA, 0x89, 0xB0, 0x41, 0xA8, 0x00, 0xA8, 0x00, 0xA8, 0x00, 0xA8, 0x00, 0xB1, 0x23, 0xDB, 0x8B, 0xDB, 0x6B, 
0xDB, 0x4A, 0xDB, 0x2A, 0xDB, 0x09, 0xD2, 0xE8, 0xD2, 0xA8, 0xCA, 0x66, 0xA9, 0x83, 0x91, 0x62, 0xA2, 0x05, 0xAA, 0x66, 0xBA, 0xA6, 0xC2, 0xE7, 0xCB, 0x4A, 0xCC, 0x50, 0xBC, 0x51, 0xBC, 0x51, 
0xBC, 0x71, 0xBC, 0x72, 0xBC, 0x71, 0xBC, 0x51, 0xBC, 0x72, 0xBC, 0x92, 0xBC, 0xB3, 0xBC, 0xB3, 0xBC, 0xB2, 0xBC, 0xB2, 0xBC, 0xB2, 0xBC, 0xB2, 0xBC, 0xB2, 0xBC, 0xB2, 0xBC, 0xB2, 0xBC, 0xB2, 
0xBC, 0xB2, 0xBC, 0xB2, 0xBC, 0xB2, 0xBC, 0xB2, 0xBC, 0xB2, 0xBC, 0xB2, 0xBC, 0xB2, 0xBC, 0x92, 0xBC, 0xB2, 0xBC, 0xB2, 0xBC, 0xB2, 0xBC, 0xB2, 0xBC, 0xB2, 0xBC, 0xB2, 0xBC, 0xB2, 0xC4, 0xB2, 
0xC4, 0xB2, 0xC4, 0xB2, 0xBC, 0x50, 0xBC, 0x2F, 0xC4, 0x92, 0xC4, 0xB2, 0xC4, 0xD3, 0xC4, 0xD3, 0xC4, 0xD3, 0xC4, 0xD3, 0xC4, 0xD3, 0xC4, 0xD3, 0xC4, 0xD3, 0xC4, 0xD3, 0xC4, 0xD3, 0xC4, 0xD3, 
0xC4, 0xD3, 0xC4, 0xD3, 0xC4, 0xD3, 0xC4, 0xF3, 0xC4, 0xD3, 0xC4, 0xD3, 0xC4, 0xD3, 0xC4, 0xD3, 0xC4, 0xD3, 0xC4, 0xD3, 0xC4, 0xD3, 0xC4, 0xD3, 0xC4, 0xD3, 0xC4, 0xD3, 0xC4, 0xD3, 0xC4, 0xD3, 
0x94, 0x10, 0x93, 0xCF, 0x8B, 0x8D, 0x83, 0x4C, 0x7B, 0x0A, 0x72, 0xC9, 0x72, 0x88, 0x72, 0x88, 0x72, 0x88, 0x72, 0x88, 0x72, 0x88, 0x72, 0x88, 0x72, 0x87, 0x72, 0x87, 0x5A, 0x06, 0x08, 0x20, 
0x10, 0x82, 0x20, 0xC2, 0x72, 0x88, 0x72, 0x87, 0x72, 0x67, 0x72, 0x87, 0x72, 0x87, 0x72, 0x87, 0x72, 0x88, 0x7A, 0x88, 0x72, 0x87, 0x72, 0x87, 0x72, 0x87, 0x72, 0x87, 0x72, 0x87, 0x72, 0x87, 
0x72, 0x87, 0x72, 0x87, 0x7A, 0x87, 0x8A, 0xA8, 0x8A, 0x67, 0xAC, 0x91, 0xBD, 0x74, 0xC5, 0xB5, 0xCD, 0xF6, 0xCD, 0xB6, 0x92, 0xC7, 0x92, 0x85, 0x82, 0x02, 0x82, 0x00, 0x82, 0x20, 0x82, 0x20, 
0x8A, 0x40, 0x8A, 0x40, 0x92, 0x60, 0x9A, 0xE2, 0x92, 0xA1, 0x92, 0x81, 0x92, 0x80, 0xA3, 0x44, 0x92, 0xA1, 0x9A, 0xA1, 0x9A, 0xE1, 0xA3, 0x24, 0x92, 0xC4, 0x92, 0xC5, 0x8A, 0x85, 0x8A, 0x86, 
0x92, 0x86, 0x92, 0xA6, 0x92, 0xC6, 0x9A, 0xC7, 0x9A, 0xE7, 0xA3, 0x08, 0xA3, 0x28, 0xAB, 0x49, 0xAB, 0x69, 0xB3, 0x8A, 0xB3, 0xAA, 0xB3, 0xAA, 0xBB, 0xCB, 0xBB, 0xCB, 0xBB, 0xEC, 0xBC, 0x0C, 
0xBC, 0x0C, 0xC4, 0x2C, 0xC4, 0x4C, 0xB2, 0xE7, 0xB2, 0x04, 0xB2, 0x64, 0xC3, 0x46, 0xD4, 0x8A, 0xD4, 0xEA, 0xD4, 0xC9, 0xE5, 0xCF, 0xCC, 0xA9, 0xCC, 0x68, 0xDD, 0x4C, 0xD5, 0x2C, 0xCC, 0xA8, 
0xD5, 0x0B, 0xDD, 0xCF, 0xDD, 0xAE, 0xDD, 0xAE, 0xDD, 0xAE, 0xDD, 0x8D, 0xD5, 0x6C, 0xDD, 0x8D, 0xCC, 0xC9, 0xD5, 0x4C, 0xE6, 0x0F, 0xE6, 0x0F, 0xE5, 0xEF, 0xEE, 0x92, 0xEE, 0xB3, 0xEE, 0xB3, 
0xEE, 0x92, 0xEE, 0x93, 0xE6, 0x52, 0xF7, 0x38, 0xFF, 0xDE, 0xEE, 0xB5, 0xF7, 0x9B, 0xF7, 0x17, 0xEE, 0x51, 0xEE, 0x93, 0xF6, 0xF6, 0xF6, 0xD4, 0xEE, 0xB3, 0xF6, 0xD4, 0xF6, 0x94, 0xE5, 0x10, 
0xCA, 0x88, 0xB0, 0xC2, 0xB0, 0xC2, 0xB8, 0xE3, 0xB8, 0xE3, 0xB8, 0xE3, 0xB8, 0xE3, 0xB8, 0xE3, 0xB8, 0xE3, 0xB8, 0xC3, 0xB0, 0xC3, 0xB0, 0xC2, 0xB0, 0xC2, 0xB0, 0xC2, 0xB0, 0xA2, 0xB0, 0xA2, 
0xB0, 0xA2, 0xB0, 0xA2, 0xB0, 0xA2, 0xB8, 0xA2, 0xB8, 0xA2, 0xB8, 0xA2, 0xB0, 0x20, 0xB0, 0x00, 0xA8, 0x00, 0xA8, 0x00, 0xA8, 0x00, 0xA8, 0x00, 0xA8, 0x40, 0xD2, 0xEA, 0xDB, 0x6B, 0xDB, 0x4A, 
0xDB, 0x2A, 0xDB, 0x09, 0xD2, 0xE8, 0xD2, 0xA8, 0xCA, 0x87, 0xBA, 0x26, 0xAA, 0xA8, 0xAA, 0xE9, 0xB3, 0x4B, 0xBB, 0xAE, 0xBB, 0xEF, 0xBC, 0x10, 0xBC, 0x30, 0xBC, 0x31, 0xBC, 0x51, 0xBC, 0x51, 
0xBC, 0x72, 0xBC, 0x72, 0xBC, 0x71, 0xB4, 0x51, 0xBC, 0x92, 0xBC, 0x92, 0xBC, 0xB2, 0xBC, 0xB2, 0xBC, 0xB2, 0xBC, 0xB2, 0xBC, 0xB2, 0xBC, 0xB2, 0xBC, 0xB2, 0xBC, 0xB2, 0xBC, 0xB2, 0xBC, 0xB2, 
0xBC, 0xB2, 0xBC, 0xB3, 0xBC, 0xB2, 0xBC, 0xB2, 0xBC, 0xB2, 0xBC, 0xB2, 0xBC, 0xB2, 0xBC, 0xB2, 0xBC, 0xB2, 0xBC, 0xB2, 0xBC, 0xB2, 0xBC, 0xB2, 0xC4, 0xB2, 0xC4, 0xB2, 0xC4, 0xB2, 0xC4, 0xB2, 
0xC4, 0xB2, 0xC4, 0xB2, 0xC4, 0x50, 0xBC, 0x50, 0xC4, 0xB2, 0xC4, 0xD3, 0xC4, 0xD3, 0xC4, 0xD3, 0xC4, 0xD3, 0xC4, 0xD3, 0xC4, 0xD3, 0xC4, 0xD3, 0xC4, 0xD3, 0xC4, 0xD3, 0xC4, 0xD3, 0xC4, 0xD3, 
0xC4, 0xD3, 0xC4, 0xD3, 0xC4, 0xD3, 0xC4, 0xD3, 0xC4, 0xF3, 0xCC, 0xD3, 0xCC, 0xD3, 0xC4, 0xD3, 0xC4, 0xD3, 0xC4, 0xD3, 0xC4, 0xD3, 0xC4, 0xF3, 0xC4, 0xF3, 0xC4, 0xF3, 0xC4, 0xD3, 0xC4, 0xD3, 
0x93, 0xEF, 0x8B, 0xAE, 0x83, 0x6C, 0x7B, 0x2B, 0x7A, 0xC9, 0x72, 0xA8, 0x72, 0x87, 0x72, 0x87, 0x72, 0x88, 0x72, 0x88, 0x72, 0x88, 0x72, 0x88, 0x72, 0x87, 0x72, 0x87, 0x49, 0x85, 0x08, 0x41, 
0x10, 0x62, 0x39, 0x24, 0x72, 0x88, 0x72, 0x67, 0x72, 0x87, 0x72, 0x87, 0x72, 0x87, 0x72, 0x87, 0x72, 0x87, 0x72, 0x87, 0x72, 0x87, 0x72, 0x87, 0x72, 0x87, 0x72, 0x87, 0x72, 0x87, 0x72, 0x87, 
0x72, 0x87, 0x7A, 0x87, 0x72, 0x05, 0x82, 0xA8, 0xA4, 0x2F, 0xB4, 0xF2, 0xB5, 0x33, 0xC5, 0xB6, 0xCD, 0xF7, 0xCD, 0xF7, 0xA3, 0x8B, 0x92, 0xA5, 0x8A, 0x42, 0x82, 0x00, 0x82, 0x20, 0x82, 0x20, 
0x8A, 0x60, 0x92, 0x80, 0xC4, 0xED, 0xF7, 0x5B, 0x9B, 0x02, 0x92, 0x80, 0x92, 0xC1, 0x92, 0x80, 0x92, 0xC1, 0xA3, 0x23, 0xB3, 0xE7, 0xA3, 0x42, 0x9A, 0xC1, 0xAB, 0x63, 0xA3, 0x23, 0x9B, 0x23, 
0xA3, 0x24, 0xA3, 0x25, 0xA3, 0x46, 0xAB, 0x67, 0xA3, 0x47, 0xAB, 0x88, 0xB3, 0xA9, 0xBB, 0xEA, 0xC4, 0x8E, 0xBC, 0x2B, 0xBC, 0x0A, 0xBC, 0x2A, 0xC4, 0x4A, 0xBC, 0x29, 0xBC, 0x09, 0xBB, 0xE7, 
0xC4, 0x69, 0xC4, 0x27, 0xC4, 0x68, 0xCC, 0xA9, 0xD5, 0x0A, 0xCC, 0xA8, 0xCC, 0x88, 0xD5, 0x2C, 0xCC, 0xA9, 0xDD, 0x6D, 0xCC, 0xC9, 0xD5, 0x0B, 0xCC, 0x88, 0xCC, 0xA9, 0xD5, 0x0B, 0xCC, 0xC9, 
0xCC, 0xEA, 0xDD, 0xAE, 0xE6, 0x73, 0xE6, 0x31, 0xDD, 0xF0, 0xCD, 0x2B, 0xCC, 0xCA, 0xD5, 0x2B, 0xDD, 0x8D, 0xDD, 0xAD, 0xE6, 0x31, 0xEE, 0x51, 0xE6, 0x30, 0xEE, 0x93, 0xEE, 0xD4, 0xEE, 0x92, 
0xEE, 0x51, 0xE6, 0x51, 0xE6, 0x30, 0xF7, 0x38, 0xE6, 0x94, 0xE6, 0x32, 0xE6, 0x51, 0xEE, 0xD6, 0xEE, 0x72, 0xEE, 0xD4, 0xF7, 0x16, 0xF6, 0xF5, 0xED, 0x90, 0xCB, 0x09, 0xB8, 0xC2, 0xB0, 0x00, 
0xB8, 0x00, 0xB0, 0x00, 0xB0, 0x00, 0xB8, 0x00, 0xB8, 0x00, 0xB8, 0x00, 0xB8, 0x00, 0xB0, 0x00, 0xB0, 0x00, 0xB0, 0x00, 0xB0, 0x00, 0xB0, 0x00, 0xB0, 0x00, 0xB8, 0x00, 0xB8, 0x00, 0xB0, 0x00, 
0xB0, 0x00, 0xB0, 0x00, 0xB0, 0x00, 0xB0, 0x00, 0xB0, 0x00, 0xB0, 0x00, 0xB0, 0x00, 0xB0, 0x00, 0xA8, 0x00, 0xA8, 0x00, 0xA8, 0x00, 0xA8, 0x20, 0xD2, 0x88, 0xDB, 0x4B, 0xDB, 0x4A, 0xDB, 0x2A, 
0xDB, 0x09, 0xDA, 0xE8, 0xD2, 0xC7, 0xD2, 0x87, 0xC2, 0x46, 0xB2, 0xE9, 0xC4, 0x70, 0xBC, 0x51, 0xBC, 0x51, 0xBC, 0x50, 0xBC, 0x30, 0xBC, 0x31, 0xBC, 0x51, 0xBC, 0x51, 0xBC, 0x51, 0xBC, 0x51, 
0xBC, 0x71, 0xBC, 0x91, 0xBC, 0x71, 0xB4, 0x51, 0xBC, 0x92, 0xBC, 0xB2, 0xBC, 0xB2, 0xBC, 0xB3, 0xBC, 0xB2, 0xBC, 0xB2, 0xBC, 0xB3, 0xBC, 0xB2, 0xBC, 0xB2, 0xBC, 0xB2, 0xBC, 0xB2, 0xBC, 0xB2, 
0xBC, 0xB2, 0xBC, 0xB2, 0xBC, 0xB2, 0xBC, 0xB2, 0xBC, 0xB2, 0xBC, 0xB2, 0xBC, 0xB2, 0xBC, 0xB2, 0xBC, 0xB2, 0xC4, 0xB2, 0xBC, 0xB2, 0xC4, 0xB2, 0xC4, 0xB2, 0xC4, 0xB2, 0xC4, 0xB2, 0xC4, 0xB2, 
0xC4, 0xB2, 0xC4, 0xB2, 0xC4, 0x50, 0xC4, 0x91, 0xC4, 0xB2, 0xC4, 0xD3, 0xC4, 0xD3, 0xC4, 0xD3, 0xC4, 0xD3, 0xC4, 0xD3, 0xC4, 0xD3, 0xC4, 0xD3, 0xC4, 0xD3, 0xC4, 0xD3, 0xC4, 0xF3, 0xC4, 0xF3, 
0xC4, 0xF3, 0xC4, 0xF3, 0xC4, 0xF3, 0xC4, 0xD3, 0xCC, 0xF3, 0xCC, 0xD3, 0xCC, 0xF3, 0xC4, 0xD3, 0xC4, 0xD3, 0xC4, 0xD3, 0xC4, 0xF3, 0xC4, 0xF3, 0xC4, 0xF3, 0xC4, 0xF3, 0xC4, 0xF3, 0xC4, 0xD4, 
0x93, 0xCE, 0x8B, 0x8D, 0x83, 0x4C, 0x7A, 0xEA, 0x72, 0xA8, 0x72, 0x88, 0x72, 0x87, 0x72, 0x87, 0x72, 0x88, 0x72, 0x88, 0x72, 0x88, 0x72, 0x87, 0x72, 0x87, 0x72, 0x87, 0x31, 0x23, 0x10, 0x41, 
0x10, 0x61, 0x49, 0xA5, 0x72, 0x67, 0x72, 0x67, 0x72, 0x87, 0x72, 0x87, 0x72, 0x87, 0x72, 0x87, 0x72, 0x87, 0x72, 0x87, 0x72, 0x87, 0x72, 0x87, 0x72, 0x87, 0x72, 0x67, 0x72, 0x87, 0x72, 0x88, 
0x7A, 0xA8, 0x8B, 0x4A, 0x69, 0xE5, 0x9B, 0xED, 0xAC, 0xB1, 0xB4, 0xF2, 0xBD, 0x74, 0xC5, 0x95, 0xC5, 0xD6, 0xCD, 0xD6, 0xBC, 0xD2, 0x9A, 0xC6, 0xA3, 0x05, 0x9A, 0xE3, 0x82, 0x40, 0x82, 0x20, 
0x82, 0x20, 0x8A, 0x40, 0xB4, 0x07, 0xE6, 0x96, 0xAB, 0x84, 0x92, 0x80, 0xA3, 0x01, 0x9B, 0x02, 0xAB, 0xA6, 0xA3, 0x42, 0xB3, 0xE6, 0xA3, 0x01, 0x9A, 0xC1, 0x9A, 0xE1, 0x92, 0xA1, 0xAB, 0x64, 
0x9A, 0xE1, 0xA3, 0x22, 0xB3, 0xE5, 0xB3, 0xA4, 0xB3, 0xC4, 0xBC, 0x06, 0xB3, 0xC4, 0xD5, 0x8F, 0xFF, 0xBD, 0xCC, 0xCB, 0xC4, 0x47, 0xDD, 0x8E, 0xC4, 0x27, 0xBB, 0xE6, 0xBB, 0xE6, 0xBB, 0xE6, 
0xB3, 0xC5, 0xBC, 0x06, 0xC4, 0x88, 0xCC, 0xC9, 0xC4, 0x47, 0xD5, 0x6E, 0xC4, 0x67, 0xCD, 0x0B, 0xC4, 0x67, 0xCC, 0xA9, 0xCC, 0xA9, 0xEE, 0x74, 0xCC, 0xEA, 0xB3, 0xE5, 0xCC, 0xA9, 0xD5, 0x2B, 
0xD5, 0x2B, 0xCC, 0xCA, 0xD5, 0x4C, 0xD5, 0x6C, 0xD5, 0x2B, 0xD5, 0x6C, 0xD5, 0x6D, 0xDD, 0x8D, 0xD5, 0x0A, 0xE5, 0xEF, 0xEE, 0x93, 0xE6, 0x51, 0xEE, 0x51, 0xE6, 0x51, 0xF6, 0xF5, 0xEE, 0x93, 
0xEE, 0x71, 0xEE, 0x72, 0xDD, 0xCF, 0xEE, 0x72, 0xEE, 0x51, 0xE6, 0x10, 0xE6, 0x30, 0xEE, 0x51, 0xEE, 0x52, 0xEE, 0x32, 0xD3, 0xEC, 0xB9, 0x43, 0xB0, 0x00, 0xB0, 0x00, 0xB0, 0x00, 0xB0, 0x00, 
0xB8, 0x00, 0xB0, 0x00, 0xB0, 0x00, 0xB0, 0x00, 0xB0, 0x00, 0xB8, 0x00, 0xB0, 0x00, 0xB0, 0x00, 0xB0, 0x00, 0xB0, 0x00, 0xB0, 0x00, 0xB0, 0x00, 0xB0, 0x00, 0xB0, 0x00, 0xB0, 0x00, 0xB0, 0x00, 
0xB8, 0x00, 0xB0, 0x00, 0xB0, 0x00, 0xB0, 0x00, 0xB0, 0x00, 0xB0, 0x00, 0xB0, 0x00, 0xB0, 0x00, 0xB0, 0x00, 0xA8, 0x00, 0xB0, 0xC2, 0xDA, 0xC9, 0xDB, 0x4A, 0xDB, 0x2A, 0xDB, 0x2A, 0xDB, 0x09, 
0xDA, 0xE9, 0xDA, 0xC8, 0xD2, 0x87, 0xCA, 0x66, 0xB2, 0xC9, 0xAB, 0xCE, 0xC4, 0xAE, 0xB4, 0x10, 0xB4, 0x30, 0xB4, 0x30, 0xB4, 0x30, 0xBC, 0x31, 0xBC, 0x51, 0xBC, 0x51, 0xBC, 0x51, 0xBC, 0x71, 
0xBC, 0x72, 0xBC, 0x92, 0xB4, 0x71, 0xB4, 0x71, 0xBC, 0x92, 0xBC, 0xB2, 0xBC, 0xB2, 0xBC, 0xB3, 0xBC, 0xB2, 0xBC, 0xB2, 0xBC, 0xD2, 0xBC, 0xB3, 0xBC, 0xB2, 0xBC, 0xB2, 0xBC, 0xB2, 0xBC, 0xB2, 
0xBC, 0xB2, 0xBC, 0xB2, 0xBC, 0xB2, 0xBC, 0xB2, 0xBC, 0xB2, 0xBC, 0xB2, 0xC4, 0xB2, 0xC4, 0xB2, 0xC4, 0xB2, 0xC4, 0xB2, 0xC4, 0xB2, 0xC4, 0xB2, 0xC4, 0xB2, 0xC4, 0xB2, 0xC4, 0xB2, 0xC4, 0xB2, 
0xC4, 0xB2, 0xC4, 0xB2, 0xC4, 0x50, 0xC4, 0x92, 0xC4, 0xB2, 0xC4, 0xD3, 0xC4, 0xD3, 0xC4, 0xD3, 0xC4, 0xD3, 0xC4, 0xD3, 0xC4, 0xD3, 0xC4, 0xD3, 0xC4, 0xF3, 0xC4, 0xF3, 0xC4, 0xF3, 0xC4, 0xF3, 
0xC4, 0xF3, 0xC4, 0xF3, 0xC4, 0xF3, 0xC4, 0xF3, 0xC4, 0xF3, 0xCC, 0xF3, 0xCC, 0xF3, 0xC4, 0xF3, 0xC4, 0xF3, 0xC4, 0xF3, 0xC4, 0xF3, 0xC4, 0xF3, 0xC4, 0xF3, 0xC4, 0xF3, 0xC4, 0xF3, 0xC4, 0xF3, 
0x8B, 0xAE, 0x83, 0x6C, 0x7B, 0x0B, 0x72, 0xA9, 0x72, 0x88, 0x72, 0x87, 0x72, 0x67, 0x72, 0x87, 0x72, 0x88, 0x72, 0x87, 0x72, 0x87, 0x72, 0x87, 0x72, 0x87, 0x72, 0x87, 0x20, 0xA2, 0x10, 0x41, 
0x10, 0x61, 0x5A, 0x27, 0x72, 0x87, 0x72, 0x87, 0x72, 0x87, 0x72, 0x87, 0x72, 0x87, 0x72, 0x87, 0x72, 0x87, 0x72, 0x87, 0x72, 0x87, 0x72, 0x87, 0x72, 0x87, 0x72, 0x87, 0x72, 0x87, 0x7A, 0xA8, 
0x93, 0xAC, 0xAC, 0x6F, 0xA4, 0x4F, 0xAC, 0xB0, 0xAC, 0xD2, 0xBD, 0x54, 0xB5, 0x13, 0xC5, 0xB5, 0xC5, 0xD6, 0xC5, 0xB6, 0xC5, 0x94, 0x92, 0xE7, 0xA3, 0x25, 0xA3, 0x23, 0x82, 0x20, 0x82, 0x00, 
0x82, 0x20, 0x8A, 0x60, 0x92, 0x80, 0x92, 0xC1, 0x8A, 0x60, 0x92, 0xC1, 0x92, 0xA1, 0x9B, 0x46, 0xC5, 0x2E, 0xA3, 0x02, 0xA3, 0x21, 0xA3, 0x63, 0x9B, 0x01, 0x92, 0x80, 0x9B, 0x02, 0x9A, 0xE1, 
0xA3, 0x43, 0xAB, 0x63, 0xAB, 0x63, 0xB3, 0xE5, 0xBC, 0x06, 0xB3, 0xA4, 0xAB, 0x63, 0xBB, 0xE6, 0xCC, 0xEB, 0xBB, 0xE5, 0xC4, 0x06, 0xCC, 0xAA, 0xEE, 0xB6, 0xC4, 0x8A, 0xB3, 0xC4, 0xBB, 0xE6, 
0xBC, 0x47, 0xD5, 0x0C, 0xBC, 0x47, 0xBC, 0x46, 0xC4, 0x47, 0xF7, 0x39, 0xC4, 0x88, 0xCC, 0xC9, 0xC4, 0x88, 0xCC, 0xEA, 0xCC, 0xEB, 0xD5, 0x4D, 0xD5, 0x0B, 0xC4, 0x47, 0xD5, 0x4C, 0xD5, 0x4C, 
0xD5, 0x4D, 0xC4, 0x68, 0xCC, 0xEA, 0xCC, 0xEA, 0xD5, 0x0A, 0xCD, 0x0A, 0xDD, 0xAE, 0xD5, 0x2C, 0xD5, 0x6D, 0xD5, 0x4B, 0xE5, 0xEF, 0xE6, 0x31, 0xEE, 0x51, 0xDD, 0x8D, 0xD5, 0x6C, 0xEE, 0x92, 
0xE6, 0x30, 0xEE, 0x72, 0xE6, 0x10, 0xE6, 0x31, 0xE5, 0xF0, 0xEE, 0x51, 0xEE, 0x52, 0xE5, 0xD1, 0xC3, 0xAB, 0xA9, 0x23, 0xB0, 0xC2, 0xB0, 0xC2, 0xB0, 0xC2, 0xB8, 0xC2, 0xB8, 0xC2, 0xB8, 0xC2, 
0xB8, 0xC2, 0xB8, 0xC2, 0xB8, 0xC2, 0xB8, 0xC3, 0xB8, 0xC3, 0xB8, 0xE3, 0xB8, 0xE3, 0xB8, 0xE3, 0xB8, 0xE3, 0xB8, 0xE3, 0xB9, 0x03, 0xB8, 0xE3, 0xB8, 0xE3, 0xB8, 0xE3, 0xB8, 0xE2, 0xB8, 0xE3, 
0xB8, 0xE3, 0xB8, 0xE3, 0xB8, 0xE3, 0xB8, 0xC2, 0xB8, 0xC3, 0xB8, 0xC2, 0xB8, 0xC2, 0xB8, 0xE3, 0xC1, 0x44, 0xD2, 0x68, 0xE3, 0x4A, 0xE3, 0x2A, 0xDB, 0x0A, 0xDB, 0x09, 0xDB, 0x09, 0xDA, 0xE9, 
0xDA, 0xC8, 0xD2, 0x87, 0xD2, 0x86, 0xBA, 0xA8, 0xAB, 0xF0, 0xBC, 0x6D, 0xC4, 0xCD, 0xB3, 0xEF, 0xB3, 0xEE, 0xB3, 0xEF, 0xB4, 0x0F, 0xB4, 0x30, 0xBC, 0x50, 0xBC, 0x50, 0xBC, 0x71, 0xBC, 0x71, 
0xBC, 0x91, 0xBC, 0x71, 0xB4, 0x51, 0xB4, 0x71, 0xBC, 0x92, 0xBC, 0xB3, 0xBC, 0xB2, 0xBC, 0xB3, 0xBC, 0xB2, 0xBC, 0xB2, 0xBC, 0xB2, 0xBC, 0xB2, 0xBC, 0xB2, 0xBC, 0xB2, 0xBC, 0xB2, 0xBC, 0xB2, 
0xBC, 0xB2, 0xBC, 0xB2, 0xBC, 0xB2, 0xBC, 0xB2, 0xBC, 0xB2, 0xC4, 0xB2, 0xC4, 0xB2, 0xC4, 0xB2, 0xC4, 0xB2, 0xC4, 0xB2, 0xC4, 0xD2, 0xC4, 0xD2, 0xC4, 0xB2, 0xC4, 0xB2, 0xC4, 0xB2, 0xC4, 0xB2, 
0xC4, 0xD2, 0xC4, 0xB2, 0xC4, 0x50, 0xC4, 0xB2, 0xC4, 0xB2, 0xC4, 0xD3, 0xC4, 0xD3, 0xC4, 0xD3, 0xC4, 0xD3, 0xC4, 0xF3, 0xC4, 0xD3, 0xC4, 0xD3, 0xC4, 0xF3, 0xC4, 0xF3, 0xC4, 0xF3, 0xC4, 0xF4, 
0xC4, 0xF3, 0xC4, 0xF3, 0xC4, 0xF3, 0xC4, 0xF3, 0xCC, 0xF3, 0xCC, 0xF3, 0xC4, 0xF3, 0xC4, 0xF3, 0xC4, 0xF3, 0xC4, 0xF3, 0xC4, 0xF3, 0xC4, 0xF3, 0xC4, 0xF3, 0xC4, 0xF3, 0xC4, 0xF3, 0xC4, 0xD3, 
0x8B, 0x8D, 0x83, 0x2B, 0x7A, 0xC9, 0x72, 0x88, 0x72, 0x87, 0x72, 0x67, 0x72, 0x67, 0x72, 0x67, 0x72, 0x87, 0x72, 0x67, 0x72, 0x67, 0x72, 0x87, 0x72, 0x67, 0x6A, 0x67, 0x10, 0x41, 0x10, 0x61, 
0x10, 0x61, 0x6A, 0x68, 0x72, 0x87, 0x72, 0x87, 0x72, 0x87, 0x72, 0x67, 0x72, 0x87, 0x72, 0x87, 0x72, 0x87, 0x72, 0x87, 0x72, 0x87, 0x72, 0x87, 0x72, 0x87, 0x7A, 0x87, 0x7A, 0xA8, 0x9B, 0xCD, 
0xB4, 0xD1, 0xB4, 0xF2, 0xAC, 0xB0, 0xAC, 0xB1, 0xBD, 0x33, 0xB4, 0xF3, 0xBD, 0x74, 0xC5, 0xD6, 0xC5, 0xB6, 0xC5, 0xD6, 0xCD, 0xF7, 0xBD, 0x12, 0xA3, 0x47, 0xA3, 0x24, 0x92, 0xA2, 0x92, 0xA1, 
0xA3, 0xA6, 0x82, 0x20, 0x8A, 0x40, 0x8A, 0x61, 0x8A, 0x40, 0x8A, 0x40, 0x92, 0xC1, 0xB4, 0x8C, 0xE6, 0x76, 0xAB, 0x42, 0xA3, 0x42, 0xB4, 0x27, 0x92, 0xA0, 0x9A, 0xC1, 0x9B, 0x02, 0x9A, 0xE1, 
0xBC, 0x49, 0xAB, 0x63, 0xAB, 0x63, 0xCD, 0x0D, 0xC4, 0xCB, 0xAB, 0x83, 0xAB, 0x63, 0xB3, 0x84, 0xB3, 0xC4, 0xB3, 0xC4, 0xBC, 0x06, 0xCC, 0xAA, 0xEE, 0xF7, 0xDD, 0x6E, 0xC4, 0xA9, 0xC4, 0x48, 
0xBC, 0x06, 0xBB, 0xE6, 0xBC, 0x47, 0xC4, 0x68, 0xCC, 0xCA, 0xFF, 0xDD, 0xD5, 0x8E, 0xD5, 0x0A, 0xC4, 0x47, 0xD5, 0x0B, 0xD5, 0x2B, 0xCC, 0xA9, 0xCC, 0xC9, 0xCC, 0xEA, 0xCC, 0xEA, 0xD5, 0x0A, 
0xDD, 0xF0, 0xD5, 0x0B, 0xD5, 0x2B, 0xD5, 0x2B, 0xD5, 0x6C, 0xDD, 0xAE, 0xE6, 0x32, 0xDD, 0xF0, 0xDD, 0xCE, 0xD5, 0x8C, 0xDD, 0x8D, 0xDD, 0xAD, 0xE5, 0xEF, 0xEE, 0x52, 0xE6, 0x31, 0xDD, 0xEF, 
0xEE, 0x51, 0xEE, 0x52, 0xEE, 0x32, 0xE6, 0x11, 0xE5, 0xF3, 0xE5, 0xD3, 0xE5, 0x93, 0xDD, 0x11, 0xDC, 0xF1, 0xDC, 0xD0, 0xDC, 0xB0, 0xDC, 0x8F, 0xDC, 0x6F, 0xDC, 0x6F, 0xD4, 0x4F, 0xD4, 0x4F, 
0xDC, 0x4E, 0xDC, 0x4F, 0xDC, 0x4F, 0xDC, 0x4E, 0xDC, 0x4F, 0xD4, 0x4E, 0xD4, 0x2E, 0xDC, 0x2E, 0xDC, 0x2E, 0xDC, 0x2E, 0xDC, 0x0E, 0xDC, 0x0D, 0xDB, 0xED, 0xDB, 0xCC, 0xDB, 0xCC, 0xDB, 0xEC, 
0xDB, 0xCC, 0xDB, 0xCC, 0xDB, 0xCC, 0xE3, 0xCC, 0xE3, 0xAC, 0xE3, 0x8B, 0xE3, 0x6B, 0xE3, 0x4B, 0xE3, 0x4A, 0xE3, 0x2A, 0xE3, 0x2A, 0xE3, 0x0A, 0xE3, 0x09, 0xDB, 0x09, 0xDA, 0xE9, 0xDA, 0xA8, 
0xDA, 0xA7, 0xD2, 0x87, 0xC2, 0xC8, 0xAB, 0xCF, 0xB4, 0x51, 0xCC, 0xEB, 0xD5, 0x4D, 0xC4, 0xB0, 0xBC, 0x4F, 0xB4, 0x0F, 0xB3, 0xEE, 0xB3, 0xEE, 0xB4, 0x0E, 0xB4, 0x0F, 0xB4, 0x2F, 0xBC, 0x50, 
0xBC, 0x71, 0xBC, 0x71, 0xB4, 0x50, 0xB4, 0x71, 0xBC, 0xB2, 0xBC, 0xB2, 0xBC, 0xB2, 0xBC, 0xB2, 0xBC, 0xB2, 0xBC, 0xB2, 0xBC, 0xB3, 0xBC, 0xB2, 0xBC, 0xB2, 0xBC, 0xB2, 0xBC, 0xB2, 0xBC, 0xB2, 
0xBC, 0xB2, 0xBC, 0xB2, 0xBC, 0xB2, 0xBC, 0xB2, 0xC4, 0xB2, 0xC4, 0xB2, 0xC4, 0xB2, 0xC4, 0xB2, 0xC4, 0xB2, 0xC4, 0xB2, 0xC4, 0xB2, 0xC4, 0xB2, 0xC4, 0xB2, 0xC4, 0xB2, 0xC4, 0xB2, 0xC4, 0xB2, 
0xC4, 0xD2, 0xC4, 0x91, 0xC4, 0x50, 0xC4, 0xB2, 0xC4, 0xB2, 0xC4, 0xD3, 0xC4, 0xD3, 0xC4, 0xD3, 0xC4, 0xD3, 0xC4, 0xD3, 0xC4, 0xD3, 0xCC, 0xF3, 0xCC, 0xF3, 0xC4, 0xF3, 0xC4, 0xF3, 0xC4, 0xF3, 
0xC4, 0xF3, 0xC4, 0xF3, 0xC4, 0xF3, 0xC4, 0xF3, 0xC4, 0xF3, 0xCC, 0xF3, 0xC4, 0xF3, 0xC4, 0xF3, 0xC4, 0xF3, 0xC4, 0xF3, 0xC4, 0xF3, 0xC4, 0xF3, 0xC4, 0xF3, 0xC4, 0xF3, 0xC4, 0xF3, 0xC4, 0xF3, 
0x83, 0x4C, 0x7B, 0x0A, 0x72, 0xA8, 0x72, 0x88, 0x72, 0x87, 0x72, 0x67, 0x72, 0x67, 0x72, 0x67, 0x72, 0x67, 0x72, 0x67, 0x72, 0x67, 0x72, 0x67, 0x72, 0x67, 0x62, 0x26, 0x08, 0x20, 0x10, 0x61, 
0x20, 0xA2, 0x72, 0x88, 0x72, 0x67, 0x72, 0x67, 0x72, 0x67, 0x72, 0x67, 0x72, 0x67, 0x72, 0x87, 0x72, 0x87, 0x72, 0x87, 0x72, 0x87, 0x72, 0x87, 0x7A, 0x88, 0x8B, 0x4B, 0xAC, 0x91, 0xBD, 0x54, 
0xBD, 0x54, 0xB4, 0xF2, 0xAC, 0xD1, 0xAC, 0xB1, 0xBD, 0x54, 0xB5, 0x13, 0xBD, 0x95, 0xC5, 0xD6, 0xC5, 0xD7, 0xC5, 0xB6, 0xC5, 0xD6, 0xC5, 0x95, 0xA3, 0xAB, 0x9A, 0xC3, 0x9B, 0x46, 0x92, 0xE3, 
0x9B, 0x03, 0x82, 0x00, 0x79, 0xE0, 0x82, 0x20, 0x9B, 0x66, 0xB4, 0x4B, 0xBC, 0xAC, 0xDE, 0x76, 0xF7, 0xBD, 0xCD, 0x4E, 0xCD, 0x4F, 0xC4, 0xEC, 0x9B, 0x02, 0x8A, 0x60, 0x92, 0xA1, 0x9A, 0xC1, 
0xA3, 0x22, 0xA3, 0x22, 0xB3, 0xC5, 0xAB, 0x43, 0xB3, 0xA4, 0xB3, 0x63, 0xB3, 0xA4, 0xB3, 0xC5, 0xB3, 0xE5, 0xC4, 0x47, 0xBB, 0xC5, 0xC4, 0x26, 0xBB, 0xE6, 0xC4, 0x27, 0xBC, 0x06, 0xBC, 0x06, 
0xBC, 0x47, 0xCD, 0x4D, 0xD5, 0xB0, 0xDE, 0x12, 0xE6, 0xB6, 0xFF, 0xFF, 0xEE, 0xF7, 0xE6, 0x73, 0xE6, 0x54, 0xE6, 0x12, 0xC4, 0x68, 0xB3, 0xE6, 0xCC, 0x88, 0xD5, 0x0B, 0xD5, 0x2C, 0xCC, 0xEA, 
0xCC, 0xC9, 0xDD, 0x8E, 0xD5, 0x0B, 0xDD, 0x6D, 0xEE, 0x95, 0xF7, 0x9C, 0xF7, 0x7A, 0xE6, 0x31, 0xD5, 0x4C, 0xE6, 0x10, 0xE6, 0x31, 0xDD, 0xCF, 0xE5, 0xEF, 0xE6, 0x52, 0xEE, 0x51, 0xEE, 0x31, 
0xE5, 0x6F, 0xDD, 0x91, 0xD5, 0x31, 0xDD, 0x32, 0xC2, 0x88, 0xC2, 0x27, 0xBA, 0xA8, 0xD4, 0xD0, 0xD4, 0xD0, 0xD4, 0x6F, 0xC2, 0x68, 0xC2, 0x47, 0xCB, 0x6B, 0xD4, 0x6F, 0xD4, 0x6F, 0xCB, 0x2B, 
0xC2, 0x07, 0xC1, 0xE6, 0xD3, 0xCD, 0xDC, 0x4E, 0xDC, 0x6F, 0xCA, 0x89, 0xC1, 0xC6, 0xC1, 0xE6, 0xDC, 0x2E, 0xDC, 0x2E, 0xDC, 0x0D, 0xC1, 0xA5, 0xC1, 0x85, 0xCA, 0x68, 0xDB, 0xEC, 0xDB, 0xEC, 
0xD3, 0x6B, 0xC1, 0x85, 0xC1, 0x85, 0xD2, 0xE9, 0xE3, 0x8B, 0xE3, 0x8B, 0xE3, 0x6B, 0xE3, 0x4A, 0xE3, 0x4A, 0xE3, 0x2A, 0xE3, 0x29, 0xE3, 0x09, 0xDA, 0xE9, 0xDA, 0xE9, 0xDA, 0xC8, 0xDA, 0x87, 
0xCA, 0xA7, 0xB3, 0x06, 0xBC, 0x2A, 0xC4, 0xAD, 0xCD, 0x0D, 0xD5, 0x2B, 0xE5, 0xF1, 0xDD, 0xF3, 0xD5, 0x91, 0xCD, 0x30, 0xC4, 0xAE, 0xBC, 0x4F, 0xB4, 0x0F, 0xB4, 0x0F, 0xB4, 0x0F, 0xB4, 0x2F, 
0xB4, 0x50, 0xB4, 0x50, 0xB4, 0x30, 0xB4, 0x71, 0xBC, 0x92, 0xBC, 0xB2, 0xBC, 0xB2, 0xBC, 0xB2, 0xBC, 0xB2, 0xBC, 0xB2, 0xBC, 0xB2, 0xBC, 0xB2, 0xBC, 0xB2, 0xBC, 0xB2, 0xBC, 0xB2, 0xBC, 0xB2, 
0xBC, 0xB2, 0xBC, 0xB2, 0xBC, 0xB2, 0xBC, 0xB2, 0xBC, 0xB2, 0xC4, 0xB2, 0xC4, 0xB2, 0xC4, 0xB2, 0xC4, 0xB2, 0xC4, 0xB2, 0xC4, 0xB2, 0xC4, 0xB2, 0xC4, 0xB2, 0xC4, 0xB2, 0xC4, 0xB2, 0xC4, 0xD2, 
0xC4, 0xD2, 0xC4, 0x70, 0xC4, 0x50, 0xC4, 0xB2, 0xC4, 0xB2, 0xC4, 0xD3, 0xC4, 0xD3, 0xC4, 0xD3, 0xC4, 0xD3, 0xC4, 0xD3, 0xC4, 0xD3, 0xCC, 0xF3, 0xCC, 0xF3, 0xC4, 0xF3, 0xC4, 0xF3, 0xC4, 0xF3, 
0xCC, 0xF3, 0xC4, 0xF3, 0xCC, 0xF3, 0xCC, 0xF3, 0xC4, 0xF3, 0xCC, 0xF3, 0xC4, 0xF3, 0xC4, 0xF3, 0xC4, 0xF3, 0xC4, 0xF3, 0xC4, 0xF3, 0xC4, 0xF3, 0xC4, 0xF3, 0xC4, 0xF3, 0xC4, 0xF3, 0xC4, 0xF3, 
0x7B, 0x2B, 0x7A, 0xC9, 0x72, 0x88, 0x72, 0x87, 0x72, 0x67, 0x72, 0x67, 0x72, 0x67, 0x72, 0x67, 0x72, 0x67, 0x72, 0x67, 0x72, 0x67, 0x72, 0x67, 0x6A, 0x67, 0x51, 0xA5, 0x08, 0x20, 0x10, 0x61, 
0x31, 0x24, 0x72, 0x87, 0x72, 0x67, 0x72, 0x67, 0x72, 0x67, 0x72, 0x67, 0x72, 0x87, 0x72, 0x67, 0x72, 0x67, 0x72, 0x87, 0x72, 0x87, 0x7A, 0xC8, 0xA4, 0x50, 0xC5, 0xB6, 0xCD, 0xF7, 0xC5, 0xB6, 
0xBD, 0x75, 0xC5, 0xD6, 0xAC, 0xD1, 0xAC, 0xB1, 0xB5, 0x34, 0xB5, 0x34, 0xC5, 0x95, 0xC5, 0xD6, 0xBD, 0x95, 0xC5, 0x96, 0xC5, 0xB6, 0xC5, 0xD6, 0xC5, 0x53, 0x9B, 0x27, 0x8A, 0x62, 0x8A, 0x60, 
0x8A, 0x40, 0x82, 0x00, 0x82, 0x00, 0x82, 0x20, 0x93, 0x03, 0xCD, 0x6F, 0xF7, 0x9C, 0xFF, 0xFF, 0xFF, 0xFF, 0xFF, 0xBD, 0xD5, 0xD2, 0x9B, 0x24, 0x8A, 0x80, 0x92, 0x80, 0x9B, 0x02, 0xA3, 0x02, 
0xC4, 0xED, 0xA3, 0x22, 0xA3, 0x43, 0xAB, 0x63, 0xB3, 0x83, 0xC4, 0x69, 0xC4, 0xAB, 0xBB, 0xE5, 0xAB, 0x83, 0xAB, 0x63, 0xAB, 0x43, 0xBB, 0xC5, 0xCD, 0x0D, 0xBC, 0x07, 0xC4, 0x68, 0xBC, 0x47, 
0xBB, 0xE6, 0xC4, 0xAA, 0xE6, 0x96, 0xFF, 0xDE, 0xFF, 0xFF, 0xFF, 0xFF, 0xFF, 0xFF, 0xFF, 0xDE, 0xE6, 0x75, 0xBC, 0x69, 0xBC, 0x07, 0xBC, 0x26, 0xC4, 0x68, 0xD4, 0xEA, 0xD5, 0x4D, 0xCC, 0xC9, 
0xCC, 0xA9, 0xDD, 0x8E, 0xCC, 0xC9, 0xD5, 0x0A, 0xE6, 0x11, 0xF7, 0x7A, 0xF7, 0x59, 0xDD, 0xCE, 0xD5, 0x09, 0xE6, 0x30, 0xEE, 0x51, 0xE5, 0xEF, 0xDD, 0x6E, 0xDD, 0x90, 0xC2, 0xE9, 0xB9, 0x03, 
0xB0, 0xE3, 0xDD, 0x32, 0xD5, 0x12, 0xD4, 0xF1, 0xB0, 0x81, 0xB0, 0x00, 0xB1, 0x03, 0xD4, 0xB0, 0xD4, 0xAF, 0xD3, 0xED, 0xB0, 0x00, 0xA8, 0x00, 0xC2, 0x68, 0xD4, 0x6F, 0xD4, 0x6E, 0xC2, 0x07, 
0xB0, 0x00, 0xB0, 0x00, 0xD3, 0x6B, 0xDC, 0x4E, 0xDC, 0x4E, 0xC1, 0x24, 0xB8, 0x00, 0xB0, 0x20, 0xDC, 0x0E, 0xD4, 0x0E, 0xDB, 0xCD, 0xB0, 0x00, 0xB0, 0x00, 0xB9, 0x44, 0xDB, 0xEC, 0xDB, 0xEC, 
0xD3, 0x0A, 0xB0, 0x00, 0xB0, 0x00, 0xD2, 0x47, 0xE3, 0x8B, 0xE3, 0x6B, 0xE3, 0x6A, 0xE3, 0x4A, 0xE3, 0x2A, 0xE3, 0x29, 0xE3, 0x09, 0xE2, 0xE9, 0xDA, 0xE8, 0xDA, 0xC8, 0xDA, 0x87, 0xD2, 0x67, 
0xCA, 0x46, 0xBA, 0xA6, 0xA3, 0x24, 0xAB, 0x85, 0xC4, 0xA9, 0xD5, 0x4E, 0xF7, 0x7C, 0xF7, 0x1A, 0xD5, 0x4C, 0xC4, 0xCC, 0xBC, 0x6E, 0xB4, 0x71, 0xB4, 0x71, 0xB4, 0x71, 0xB4, 0x51, 0xB4, 0x50, 
0xB4, 0x50, 0xB4, 0x30, 0xB4, 0x2F, 0xB4, 0x30, 0xB4, 0x50, 0xB4, 0x91, 0xBC, 0x91, 0xBC, 0xB2, 0xBC, 0xB2, 0xBC, 0xB2, 0xBC, 0xB2, 0xBC, 0xB2, 0xBC, 0xB2, 0xBC, 0xB2, 0xBC, 0xB2, 0xBC, 0xB2, 
0xBC, 0xB2, 0xBC, 0xB2, 0xBC, 0xB2, 0xBC, 0xB2, 0xBC, 0xB2, 0xC4, 0xB2, 0xC4, 0xB2, 0xC4, 0xB2, 0xC4, 0xB2, 0xC4, 0xB2, 0xC4, 0xB2, 0xC4, 0xB2, 0xC4, 0xB2, 0xC4, 0xB2, 0xC4, 0xB2, 0xC4, 0xD3, 
0xC4, 0xD2, 0xC4, 0x70, 0xC4, 0x70, 0xC4, 0xB2, 0xC4, 0xD3, 0xC4, 0xD3, 0xC4, 0xD3, 0xC4, 0xF3, 0xC4, 0xF3, 0xC4, 0xF3, 0xC4, 0xF3, 0xCC, 0xF3, 0xCC, 0xF3, 0xCC, 0xF3, 0xCC, 0xF3, 0xCC, 0xF3, 
0xCC, 0xF3, 0xCC, 0xF3, 0xCC, 0xF3, 0xCC, 0xF3, 0xC4, 0xF3, 0xC4, 0xF3, 0xC4, 0xF3, 0xC4, 0xF3, 0xC4, 0xF3, 0xC4, 0xF3, 0xC4, 0xF3, 0xC4, 0xF3, 0xC4, 0xF3, 0xC4, 0xF3, 0xC4, 0xF4, 0xC4, 0xF4, 
0x7A, 0xEA, 0x72, 0x88, 0x72, 0x87, 0x72, 0x67, 0x72, 0x67, 0x72, 0x67, 0x72, 0x87, 0x72, 0x67, 0x72, 0x67, 0x72, 0x67, 0x72, 0x67, 0x72, 0x67, 0x6A, 0x67, 0x41, 0x44, 0x08, 0x41, 0x10, 0x61, 
0x49, 0x85, 0x72, 0x87, 0x72, 0x67, 0x72, 0x67, 0x72, 0x67, 0x72, 0x67, 0x72, 0x67, 0x72, 0x67, 0x72, 0x67, 0x72, 0x87, 0x7A, 0xA8, 0xA4, 0x71, 0xCD, 0xD7, 0xCE, 0x18, 0xC5, 0xB6, 0xAC, 0xD2, 
0xB5, 0x13, 0xB5, 0x54, 0xAC, 0xD2, 0xB4, 0xF2, 0xB5, 0x13, 0xB5, 0x54, 0xC5, 0xD7, 0xC5, 0x96, 0xBD, 0x55, 0xC5, 0xB6, 0xC5, 0xB6, 0xCD, 0xD7, 0xCD, 0xD6, 0xBC, 0xD1, 0x92, 0xC4, 0x8A, 0x40, 
0x92, 0xA2, 0x8A, 0x40, 0x9A, 0xE2, 0x92, 0xA2, 0x92, 0x80, 0x92, 0xA1, 0xCD, 0x4F, 0xFF, 0xFF, 0xFF, 0xFF, 0xCD, 0x91, 0xAB, 0x83, 0x9B, 0x23, 0x82, 0x40, 0x8A, 0x80, 0x9A, 0xE1, 0xA3, 0x02, 
0xBC, 0x8A, 0xA3, 0x23, 0xA3, 0x23, 0xAB, 0x63, 0xBC, 0x05, 0xC4, 0x89, 0xCC, 0xEB, 0xB3, 0xC5, 0xAB, 0x84, 0xAB, 0x63, 0xB3, 0xC5, 0xB3, 0xA5, 0xBC, 0x49, 0xB3, 0xC5, 0xBC, 0x06, 0xBB, 0xE6, 
0xBC, 0x27, 0xBC, 0x47, 0xC4, 0x68, 0xD5, 0x6E, 0xFF, 0xFF, 0xFF, 0xFF, 0xFF, 0xFF, 0xDE, 0x33, 0xCC, 0xEA, 0xCC, 0xEA, 0xBC, 0x07, 0xD5, 0x4E, 0xC4, 0x68, 0xCC, 0xA9, 0xC4, 0x47, 0xCC, 0xA9, 
0xCC, 0x88, 0xCC, 0xA9, 0xDD, 0x8D, 0xDD, 0x6C, 0xDD, 0x6C, 0xE5, 0xCF, 0xDD, 0xAD, 0xDD, 0xAF, 0xD5, 0x0A, 0xDD, 0x0D, 0xCB, 0x28, 0xCC, 0x4D, 0xCC, 0xD0, 0xD4, 0xD0, 0xB0, 0xE3, 0xB0, 0x00, 
0xB0, 0xA2, 0xDD, 0x12, 0xD4, 0xF1, 0xD4, 0xD1, 0xB0, 0x61, 0xB0, 0x00, 0xB1, 0x03, 0xD4, 0x90, 0xD4, 0x8F, 0xD3, 0xCD, 0xB0, 0x00, 0xA8, 0x00, 0xC2, 0x68, 0xD4, 0x6F, 0xD4, 0x4E, 0xC1, 0xE6, 
0xB8, 0x00, 0xB0, 0x00, 0xD3, 0x4B, 0xDC, 0x4E, 0xDC, 0x4E, 0xC1, 0x03, 0xB8, 0x00, 0xB0, 0x20, 0xDC, 0x0E, 0xD4, 0x0E, 0xDB, 0xCD, 0xB0, 0x00, 0xB0, 0x00, 0xC1, 0x44, 0xDB, 0xCC, 0xDB, 0xCC, 
0xD2, 0xC9, 0xB0, 0x00, 0xB0, 0x00, 0xCA, 0x27, 0xE3, 0x6B, 0xE3, 0x6B, 0xE3, 0x6A, 0xE3, 0x4A, 0xE3, 0x29, 0xE3, 0x09, 0xE3, 0x09, 0xDA, 0xE8, 0xDA, 0xA8, 0xDA, 0x87, 0xD2, 0x66, 0xD2, 0x26, 
0xCA, 0x26, 0xC3, 0xAE, 0xBC, 0x50, 0xA3, 0x67, 0xA3, 0x64, 0xD5, 0x2D, 0xD5, 0x4F, 0xCD, 0x2E, 0xC4, 0x8D, 0xBC, 0x70, 0xB4, 0x71, 0xB4, 0x71, 0xB4, 0x71, 0xB4, 0x71, 0xB4, 0x92, 0xB4, 0x92, 
0xB4, 0x91, 0xB4, 0x71, 0xB4, 0x50, 0xB4, 0x50, 0xB4, 0x50, 0xB4, 0x30, 0xB4, 0x50, 0xB4, 0x71, 0xBC, 0x91, 0xBC, 0x92, 0xBC, 0xB2, 0xBC, 0xB2, 0xBC, 0xB2, 0xBC, 0xB2, 0xBC, 0xB2, 0xBC, 0xB2, 
0xBC, 0xB2, 0xBC, 0xB2, 0xBC, 0xB2, 0xC4, 0xB2, 0xC4, 0xB2, 0xC4, 0xB2, 0xC4, 0xB2, 0xC4, 0xB2, 0xC4, 0xD2, 0xC4, 0xD2, 0xC4, 0xB2, 0xC4, 0xB2, 0xC4, 0xB2, 0xC4, 0xB2, 0xC4, 0xD3, 0xC4, 0xD3, 
0xCC, 0xB2, 0xC4, 0x50, 0xC4, 0x71, 0xC4, 0xB2, 0xC4, 0xD3, 0xC4, 0xD3, 0xC4, 0xF3, 0xC4, 0xF3, 0xC4, 0xF3, 0xC4, 0xF3, 0xC4, 0xF3, 0xCC, 0xF3, 0xCC, 0xF3, 0xCC, 0xF3, 0xCC, 0xF3, 0xCC, 0xF3, 
0xCC, 0xF3, 0xCC, 0xF3, 0xCC, 0xF3, 0xCC, 0xF3, 0xCC, 0xF3, 0xC4, 0xF3, 0xCC, 0xF3, 0xC4, 0xF3, 0xC4, 0xF3, 0xC4, 0xF3, 0xC4, 0xF3, 0xC4, 0xF3, 0xC4, 0xF3, 0xC4, 0xF3, 0xCC, 0xF4, 0xC4, 0xF4, 
0x72, 0xA9, 0x72, 0x87, 0x72, 0x67, 0x72, 0x67, 0x72, 0x67, 0x72, 0x67, 0x72, 0x67, 0x72, 0x67, 0x72, 0x67, 0x72, 0x67, 0x72, 0x67, 0x6A, 0x67, 0x6A, 0x67, 0x31, 0x03, 0x10, 0x41, 0x10, 0x41, 
0x59, 0xE6, 0x72, 0x67, 0x72, 0x67, 0x72, 0x67, 0x72, 0x67, 0x72, 0x67, 0x72, 0x67, 0x72, 0x67, 0x72, 0x67, 0x72, 0x88, 0x9C, 0x0E, 0xC5, 0xB6, 0xCD, 0xF7, 0xC5, 0xB6, 0xA4, 0x91, 0xA4, 0x91, 
0xAC, 0xF3, 0xB5, 0x54, 0xB5, 0x33, 0xAC, 0xF2, 0xAC, 0xF3, 0xC5, 0xB6, 0xBD, 0x75, 0xBD, 0x55, 0xBD, 0x55, 0xC5, 0xD7, 0xC5, 0xD6, 0xC5, 0x95, 0xC5, 0xB6, 0xCD, 0xF7, 0xAC, 0x4E, 0x92, 0xC4, 
0x8A, 0x61, 0x8A, 0x20, 0xBC, 0x4A, 0x9B, 0x24, 0x8A, 0x80, 0xA3, 0x64, 0xEE, 0xF8, 0xCD, 0x6F, 0xDE, 0x34, 0xE6, 0x97, 0xA3, 0x02, 0x9A, 0xE2, 0x92, 0xC1, 0x92, 0xC1, 0x9A, 0xC1, 0x9A, 0xC1, 
0x92, 0xC1, 0x9B, 0x02, 0xA3, 0x22, 0xB3, 0xC5, 0xC4, 0x89, 0xD5, 0x0C, 0xBB, 0xE5, 0xB3, 0xC5, 0xBC, 0x27, 0xB3, 0xC5, 0xC4, 0x68, 0xB3, 0xA5, 0xBC, 0x27, 0xB3, 0xC5, 0xBC, 0x06, 0xB3, 0xC5, 
0xC4, 0x68, 0xBB, 0xE6, 0xCC, 0xC9, 0xDD, 0xD1, 0xFF, 0xDE, 0xEF, 0x19, 0xFF, 0xDE, 0xEE, 0xD7, 0xC4, 0x68, 0xC4, 0x88, 0xD5, 0x4D, 0xCC, 0xEC, 0xBC, 0x47, 0xD4, 0xEB, 0xD5, 0x2C, 0xC4, 0x68, 
0xC4, 0x68, 0xCC, 0xA9, 0xDD, 0xAD, 0xDD, 0x2B, 0xE5, 0x4C, 0xDD, 0x2D, 0xD4, 0xED, 0xD4, 0xAE, 0xBA, 0x47, 0xA8, 0x00, 0xB0, 0x00, 0xCB, 0xAC, 0xCC, 0xB0, 0xD4, 0xB0, 0xB8, 0xE3, 0xB0, 0x00, 
0xB0, 0xA2, 0xDC, 0xD1, 0xD4, 0xD1, 0xD4, 0xB0, 0xB0, 0x61, 0xB0, 0x00, 0xB1, 0x03, 0xD4, 0x6F, 0xD4, 0x6F, 0xD3, 0xAC, 0xA8, 0x00, 0xA8, 0x00, 0xC2, 0x68, 0xDC, 0x4E, 0xDC, 0x4E, 0xC1, 0xE6, 
0xB0, 0x00, 0xB0, 0x00, 0xD3, 0x4B, 0xDC, 0x4E, 0xDC, 0x4E, 0xC1, 0x03, 0xB8, 0x00, 0xB0, 0x20, 0xDC, 0x0E, 0xDC, 0x0E, 0xDB, 0xCD, 0xB0, 0x00, 0xB0, 0x00, 0xC1, 0x24, 0xDB, 0xCC, 0xDB, 0xCC, 
0xCA, 0xC9, 0xB0, 0x00, 0xB0, 0x00, 0xD2, 0x27, 0xE3, 0x6A, 0xE3, 0x6B, 0xE3, 0x4A, 0xE3, 0x2A, 0xE3, 0x29, 0xE3, 0x09, 0xE2, 0xE8, 0xDA, 0xA8, 0xDA, 0x87, 0xDA, 0x67, 0xD2, 0x46, 0xD2, 0x26, 
0xCA, 0xEA, 0xBC, 0x51, 0xC4, 0x92, 0xBC, 0x2D, 0xAB, 0x64, 0xB3, 0xE6, 0xA3, 0x23, 0xB4, 0x08, 0xBC, 0xB0, 0xB4, 0x91, 0xB4, 0x92, 0xB4, 0x92, 0xB4, 0x92, 0xBC, 0x92, 0xBC, 0x92, 0xB4, 0x92, 
0xB4, 0x92, 0xB4, 0x71, 0xB4, 0x71, 0xB4, 0x92, 0xB4, 0x92, 0xB4, 0x92, 0xB4, 0x71, 0xB4, 0x50, 0xB4, 0x50, 0xB4, 0x50, 0xB4, 0x70, 0xBC, 0x71, 0xBC, 0x91, 0xBC, 0x91, 0xBC, 0x91, 0xBC, 0x91, 
0xBC, 0x91, 0xBC, 0x92, 0xBC, 0xB2, 0xC4, 0xB2, 0xC4, 0xB2, 0xC4, 0xB2, 0xC4, 0xB2, 0xC4, 0xD2, 0xC4, 0xD3, 0xC4, 0xD2, 0xC4, 0xB2, 0xC4, 0xB2, 0xC4, 0xD3, 0xC4, 0xD2, 0xC4, 0xD2, 0xC4, 0xD3, 
0xC4, 0xB2, 0xC4, 0x50, 0xC4, 0x91, 0xC4, 0xB2, 0xC4, 0xD3, 0xC4, 0xF3, 0xC4, 0xF3, 0xCC, 0xF3, 0xCC, 0xF3, 0xCC, 0xF4, 0xCC, 0xF3, 0xCC, 0xF4, 0xCC, 0xF3, 0xCC, 0xF3, 0xCC, 0xF3, 0xCC, 0xF3, 
0xCC, 0xF3, 0xCC, 0xF3, 0xCC, 0xF3, 0xC4, 0xF3, 0xC4, 0xF2, 0xC4, 0xD2, 0xC4, 0xF2, 0xC4, 0xF3, 0xCC, 0xF3, 0xCC, 0xF3, 0xC4, 0xF3, 0xCC, 0xF3, 0xC4, 0xF3, 0xC4, 0xF4, 0xCC, 0xF4, 0xC4, 0xF3, 
0x72, 0x67, 0x72, 0x67, 0x72, 0x67, 0x72, 0x67, 0x72, 0x67, 0x6A, 0x67, 0x6A, 0x67, 0x6A, 0x67, 0x6A, 0x67, 0x6A, 0x67, 0x72, 0x67, 0x6A, 0x67, 0x6A, 0x47, 0x20, 0xA2, 0x10, 0x41, 0x10, 0x41, 
0x62, 0x47, 0x72, 0x67, 0x72, 0x67, 0x72, 0x67, 0x72, 0x67, 0x72, 0x67, 0x72, 0x67, 0x72, 0x67, 0x72, 0x67, 0x8B, 0x6C, 0xBD, 0x75, 0xC5, 0xD7, 0xC5, 0x96, 0xA4, 0x91, 0xA4, 0xB2, 0xB5, 0x55, 
0xBD, 0x95, 0xCE, 0x39, 0xC5, 0xD6, 0xB4, 0xF2, 0xBD, 0x75, 0xBD, 0x75, 0xBD, 0x95, 0xBD, 0x55, 0xC5, 0xB6, 0xC5, 0xB6, 0xC5, 0xB6, 0xCD, 0xD7, 0xCE, 0x17, 0xD6, 0x17, 0xCD, 0xF6, 0xA3, 0xAB, 
0x92, 0xC5, 0x92, 0xA3, 0xBC, 0xAC, 0x92, 0x80, 0x92, 0x80, 0xB4, 0x48, 0xC4, 0xCC, 0x9A, 0xC1, 0x92, 0xA1, 0xD5, 0xD3, 0x8A, 0x81, 0x9B, 0x22, 0x8A, 0x60, 0x9B, 0x23, 0x92, 0xA1, 0x9B, 0x03, 
0x92, 0xC1, 0x9A, 0xC1, 0x9A, 0xC1, 0xB3, 0xE6, 0xF7, 0x5B, 0xF7, 0x9C, 0xD5, 0xD1, 0xB3, 0xC5, 0xB3, 0x84, 0xAB, 0x63, 0xC4, 0x47, 0xB3, 0xE5, 0xB3, 0xC5, 0xAB, 0x64, 0xBB, 0xE6, 0xC4, 0x27, 
0xBC, 0x27, 0xBC, 0x06, 0xC4, 0x68, 0xEE, 0xF7, 0xDE, 0x32, 0xC4, 0xA9, 0xCD, 0x2D, 0xEF, 0x19, 0xC4, 0x89, 0xC4, 0x47, 0xCC, 0xEB, 0xCC, 0xEB, 0xCC, 0xA9, 0xCC, 0xCA, 0xDD, 0x6D, 0xD5, 0x0B, 
0xD4, 0xEB, 0xD5, 0x0D, 0xCC, 0x0A, 0xB1, 0xC4, 0xA0, 0x81, 0xC3, 0x6B, 0xD4, 0x8F, 0xD4, 0x8F, 0xB9, 0xA6, 0xB0, 0x00, 0xB0, 0x00, 0xCB, 0xCC, 0xD4, 0xB0, 0xD4, 0xB0, 0xB8, 0xE3, 0xB0, 0x00, 
0xB0, 0x82, 0xD4, 0xD1, 0xD4, 0xD0, 0xD4, 0x90, 0xB0, 0x61, 0xB0, 0x00, 0xB1, 0x03, 0xD4, 0x6F, 0xD4, 0x4E, 0xCB, 0x8C, 0xA8, 0x00, 0xA8, 0x00, 0xC2, 0x68, 0xDC, 0x4F, 0xDC, 0x4E, 0xC1, 0xC6, 
0xB0, 0x00, 0xB0, 0x00, 0xD3, 0x4B, 0xDC, 0x4E, 0xDC, 0x4E, 0xC1, 0x03, 0xB8, 0x00, 0xB0, 0x20, 0xDC, 0x0E, 0xDC, 0x0D, 0xDB, 0xCD, 0xB0, 0x00, 0xB0, 0x00, 0xC1, 0x24, 0xE3, 0xCC, 0xDB, 0xCC, 
0xCA, 0xC9, 0xB0, 0x00, 0xB0, 0x00, 0xD2, 0x07, 0xE3, 0x4A, 0xE3, 0x4A, 0xE3, 0x4A, 0xE3, 0x2A, 0xE3, 0x09, 0xE2, 0xE9, 0xE2, 0xA8, 0xE2, 0x87, 0xDA, 0x87, 0xDA, 0x46, 0xD2, 0x26, 0xCA, 0x88, 
0xBB, 0xEF, 0xBC, 0x51, 0xBC, 0x71, 0xB3, 0xC9, 0xAB, 0x64, 0x9B, 0x46, 0x9B, 0x26, 0xAB, 0xA6, 0xAB, 0xCA, 0xB4, 0x91, 0xB4, 0x92, 0xBC, 0x92, 0xBC, 0x92, 0xBC, 0x92, 0xBC, 0xB2, 0xBC, 0xB2, 
0xB4, 0x92, 0xB4, 0x71, 0xB4, 0x71, 0xB4, 0x92, 0xBC, 0xB2, 0xBC, 0xB3, 0xBC, 0xB2, 0xBC, 0xB2, 0xBC, 0x92, 0xBC, 0x91, 0xBC, 0x71, 0xB4, 0x50, 0xBC, 0x50, 0xBC, 0x4F, 0xBC, 0x50, 0xBC, 0x70, 
0xBC, 0x71, 0xBC, 0x91, 0xBC, 0x91, 0xC4, 0xB2, 0xC4, 0xB2, 0xC4, 0xD2, 0xC4, 0xB2, 0xC4, 0xB2, 0xC4, 0xD3, 0xC4, 0xB2, 0xC4, 0xB2, 0xC4, 0xD2, 0xC4, 0xD3, 0xC4, 0xD3, 0xC4, 0xD2, 0xC4, 0xD2, 
0xC4, 0x91, 0xC4, 0x50, 0xC4, 0xB2, 0xC4, 0xD2, 0xC4, 0xD3, 0xC4, 0xF3, 0xC4, 0xF3, 0xCC, 0xF3, 0xCC, 0xF3, 0xCC, 0xF3, 0xCC, 0xF3, 0xCC, 0xF3, 0xCC, 0xF3, 0xCD, 0x14, 0xCD, 0x14, 0xCD, 0x14, 
0xCD, 0x13, 0xCC, 0xF3, 0xCC, 0xF3, 0xCC, 0xF3, 0xCC, 0xF3, 0xCC, 0xD2, 0xC4, 0xD2, 0xCC, 0xD2, 0xCC, 0xF3, 0xCC, 0xF3, 0xCC, 0xF3, 0xCC, 0xF3, 0xC4, 0xF3, 0xC4, 0xF4, 0xCC, 0xF4, 0xC4, 0xF4, 
0x72, 0x67, 0x72, 0x67, 0x72, 0x67, 0x72, 0x67, 0x72, 0x67, 0x6A, 0x67, 0x6A, 0x67, 0x6A, 0x67, 0x72, 0x67, 0x6A, 0x67, 0x6A, 0x67, 0x6A, 0x67, 0x6A, 0x47, 0x10, 0x61, 0x10, 0x41, 0x18, 0x82, 
0x6A, 0x68, 0x72, 0x67, 0x72, 0x67, 0x72, 0x67, 0x72, 0x67, 0x72, 0x67, 0x72, 0x67, 0x72, 0x67, 0x82, 0xE9, 0xB5, 0x13, 0xC5, 0xD7, 0xBD, 0x95, 0xAC, 0x91, 0xA4, 0xB1, 0xBD, 0x75, 0xBD, 0x96, 
0xCD, 0xF8, 0xD6, 0x5A, 0xD6, 0x59, 0xC5, 0x96, 0xBD, 0x96, 0xBD, 0x95, 0xC5, 0xB6, 0xBD, 0x75, 0xC5, 0xB6, 0xBD, 0x96, 0xC5, 0xD7, 0xC5, 0xD7, 0xC5, 0xB6, 0xCD, 0xD7, 0xCD, 0xF7, 0xC5, 0x74, 
0x93, 0x08, 0x92, 0xE7, 0x9B, 0x06, 0x92, 0xC3, 0x92, 0x81, 0x8A, 0x60, 0x82, 0x20, 0x8A, 0x40, 0x82, 0x00, 0x82, 0x40, 0x92, 0xA1, 0xA3, 0x43, 0x9A, 0xE1, 0xA3, 0x64, 0x92, 0xC1, 0xAB, 0xC6, 
0x9B, 0x01, 0x9B, 0x02, 0x9A, 0xE1, 0x9B, 0x02, 0xDD, 0xD2, 0xFF, 0x9C, 0xC4, 0x48, 0xB3, 0xA4, 0xCD, 0x0D, 0xB3, 0xA4, 0xB3, 0xA4, 0xBB, 0xE6, 0xBB, 0xE5, 0xBB, 0xE6, 0xC4, 0x26, 0xDD, 0xD1, 
0xE6, 0x33, 0xBC, 0x07, 0xC4, 0x89, 0xD5, 0x6E, 0xB3, 0xE5, 0xC4, 0xA9, 0xBC, 0x47, 0xBC, 0x27, 0xCD, 0x0C, 0xC4, 0x89, 0xC4, 0x68, 0xCC, 0x68, 0xC4, 0x28, 0xD4, 0x8A, 0xCC, 0x0A, 0xBB, 0x28, 
0xCC, 0x8E, 0xD4, 0x8E, 0xC2, 0xC9, 0xA8, 0x00, 0xA0, 0x00, 0xC3, 0x4B, 0xD4, 0x8F, 0xD4, 0x8F, 0xB9, 0xA5, 0xB0, 0x00, 0xB0, 0x00, 0xCB, 0xCC, 0xD4, 0xB0, 0xD4, 0xB0, 0xB8, 0xE3, 0xB0, 0x00, 
0xB0, 0x82, 0xD4, 0xB1, 0xD4, 0xB0, 0xD4, 0x90, 0xB0, 0x41, 0xB0, 0x00, 0xB0, 0xE3, 0xD4, 0x4E, 0xD4, 0x4E, 0xCB, 0x6B, 0xA8, 0x00, 0xA8, 0x00, 0xC2, 0x68, 0xDC, 0x4E, 0xDC, 0x4E, 0xC1, 0xC6, 
0xB0, 0x00, 0xB0, 0x00, 0xD3, 0x4B, 0xDC, 0x4E, 0xDC, 0x4E, 0xC0, 0xE3, 0xB8, 0x00, 0xB0, 0x20, 0xDB, 0xED, 0xDC, 0x0D, 0xDB, 0xCD, 0xB0, 0x00, 0xB0, 0x00, 0xB9, 0x24, 0xE3, 0xCC, 0xDB, 0xCC, 
0xCA, 0xA9, 0xA8, 0x00, 0xA8, 0x00, 0xCA, 0x06, 0xE3, 0x4A, 0xE3, 0x4A, 0xE3, 0x2A, 0xE3, 0x29, 0xE3, 0x09, 0xE2, 0xC8, 0xE2, 0xA7, 0xDA, 0x87, 0xDA, 0x66, 0xDA, 0x46, 0xD2, 0x46, 0xBB, 0xAE, 
0xBC, 0x31, 0xBC, 0x31, 0xBC, 0x4F, 0xAB, 0xA7, 0xAB, 0xCA, 0xBC, 0x71, 0xB4, 0x50, 0xAB, 0xCA, 0xAB, 0x88, 0xBC, 0x91, 0xBC, 0x92, 0xBC, 0x92, 0xBC, 0xB2, 0xBC, 0xB2, 0xBC, 0xB2, 0xBC, 0xB2, 
0xB4, 0x92, 0xB4, 0x71, 0xB4, 0x91, 0xB4, 0xB2, 0xBC, 0xB3, 0xBC, 0xB3, 0xBC, 0xB3, 0xBC, 0xB2, 0xBC, 0xB2, 0xBC, 0xB2, 0xBC, 0xB2, 0xBC, 0xB2, 0xBC, 0x91, 0xBC, 0x50, 0xB4, 0x2F, 0xB4, 0x2F, 
0xB4, 0x2F, 0xBC, 0x50, 0xBC, 0x70, 0xBC, 0x91, 0xC4, 0x91, 0xC4, 0xB2, 0xC4, 0xB2, 0xC4, 0xB2, 0xC4, 0xB2, 0xC4, 0xB2, 0xC4, 0xB2, 0xC4, 0xB2, 0xC4, 0xD3, 0xC4, 0xD3, 0xC4, 0xD3, 0xC4, 0xD2, 
0xC4, 0x91, 0xC4, 0x70, 0xC4, 0xB2, 0xC4, 0xD3, 0xCC, 0xF3, 0xCC, 0xF3, 0xCC, 0xF3, 0xCC, 0xF3, 0xCC, 0xF3, 0xCC, 0xF3, 0xCD, 0x13, 0xCD, 0x13, 0xCD, 0x14, 0xCD, 0x14, 0xCD, 0x14, 0xCD, 0x14, 
0xCD, 0x13, 0xCC, 0xF3, 0xCC, 0xF3, 0xCC, 0xF3, 0xCC, 0xF3, 0xCC, 0xF3, 0xCC, 0xF2, 0xC4, 0xD2, 0xC4, 0xD2, 0xCC, 0xD2, 0xCC, 0xD2, 0xC4, 0xF3, 0xC4, 0xF3, 0xC4, 0xF4, 0xCD, 0x14, 0xCD, 0x14, 
0x72, 0x67, 0x72, 0x67, 0x72, 0x67, 0x6A, 0x67, 0x6A, 0x67, 0x6A, 0x47, 0x72, 0x67, 0x6A, 0x67, 0x6A, 0x67, 0x6A, 0x67, 0x6A, 0x67, 0x6A, 0x67, 0x62, 0x26, 0x08, 0x20, 0x10, 0x41, 0x20, 0xC2, 
0x72, 0x68, 0x72, 0x67, 0x72, 0x67, 0x72, 0x67, 0x72, 0x67, 0x72, 0x67, 0x72, 0x67, 0x7A, 0xA8, 0xAC, 0xB2, 0xC5, 0xB6, 0xBD, 0x76, 0xAC, 0xB2, 0xA4, 0x71, 0xB5, 0x34, 0xBD, 0x76, 0xC5, 0x96, 
0xCE, 0x19, 0xD6, 0x7A, 0xD6, 0x7A, 0xCE, 0x18, 0xBD, 0x55, 0xC5, 0x96, 0xBD, 0x96, 0xBD, 0x75, 0xBD, 0x55, 0xBD, 0x75, 0xBD, 0x75, 0xBD, 0x75, 0xC5, 0xB6, 0xCD, 0xF7, 0xCD, 0xF7, 0xCE, 0x17, 
0xB4, 0x90, 0x92, 0xE8, 0x92, 0xC7, 0x92, 0xC7, 0xA3, 0x68, 0x92, 0xA3, 0x8A, 0x41, 0x82, 0x20, 0x8A, 0x40, 0x8A, 0x60, 0x8A, 0x81, 0x92, 0x80, 0x92, 0x80, 0x92, 0x80, 0x9B, 0x23, 0xA3, 0x22, 
0xB4, 0x07, 0xBC, 0x69, 0xA3, 0x22, 0x9B, 0x02, 0xB3, 0xA4, 0xAB, 0xC5, 0xBC, 0x06, 0xAB, 0x43, 0xB3, 0xE7, 0xB3, 0xA5, 0xCD, 0x2E, 0xBC, 0x06, 0xBB, 0xE5, 0xC4, 0x47, 0xC4, 0x27, 0xCD, 0x0C, 
0xD5, 0x8F, 0xC4, 0x68, 0xBC, 0x06, 0xBB, 0xE6, 0xBC, 0x06, 0xC4, 0x48, 0xCC, 0x68, 0xC4, 0x28, 0xC4, 0x08, 0xC4, 0x2A, 0xB3, 0xC9, 0xB3, 0xAA, 0xBB, 0xCC, 0x90, 0x20, 0x98, 0x00, 0xA9, 0x84, 
0xCC, 0x6E, 0xCC, 0x8F, 0xC2, 0xE9, 0xA8, 0x00, 0xA0, 0x00, 0xC3, 0x2B, 0xD4, 0x8F, 0xD4, 0x8F, 0xB9, 0x85, 0xB0, 0x00, 0xB0, 0x00, 0xD3, 0xED, 0xD4, 0x8F, 0xD4, 0xAF, 0xB0, 0xE3, 0xB0, 0x00, 
0xB0, 0xA2, 0xD4, 0x90, 0xD4, 0x90, 0xD4, 0x8F, 0xA8, 0x41, 0xB0, 0x00, 0xB0, 0xE3, 0xD4, 0x2E, 0xD4, 0x2E, 0xCB, 0x6B, 0xA8, 0x00, 0xA8, 0x00, 0xC2, 0x68, 0xD4, 0x4E, 0xD4, 0x4E, 0xC1, 0xC5, 
0xB0, 0x00, 0xB0, 0x00, 0xD3, 0x4B, 0xDC, 0x2E, 0xDC, 0x4E, 0xB8, 0xE3, 0xB8, 0x00, 0xB0, 0x20, 0xDB, 0xED, 0xDB, 0xED, 0xDB, 0xCC, 0xA8, 0x00, 0xB0, 0x00, 0xB9, 0x24, 0xDB, 0xCC, 0xDB, 0xCC, 
0xCA, 0xA8, 0xB0, 0x00, 0xB0, 0x00, 0xD2, 0x06, 0xE3, 0x29, 0xE3, 0x29, 0xE3, 0x09, 0xE3, 0x09, 0xE2, 0xC8, 0xE2, 0xA7, 0xE2, 0x87, 0xDA, 0x66, 0xDA, 0x46, 0xDA, 0x26, 0xC3, 0x2B, 0xB4, 0x10, 
0xB4, 0x31, 0xB4, 0x30, 0xB3, 0xEE, 0xBC, 0x2F, 0xB4, 0x51, 0xB4, 0x51, 0xB4, 0x51, 0xB4, 0x71, 0xB4, 0x0E, 0xB4, 0x2F, 0xBC, 0x92, 0xBC, 0x92, 0xBC, 0xB2, 0xBC, 0xB2, 0xBC, 0xB3, 0xBC, 0xB2, 
0xB4, 0x92, 0xB4, 0x71, 0xB4, 0x91, 0xBC, 0xB2, 0xBC, 0xB3, 0xBC, 0xB2, 0xBC, 0xB2, 0xBC, 0xB3, 0xBC, 0xD3, 0xBC, 0xD3, 0xBC, 0xD3, 0xBC, 0xD2, 0xBC, 0xB2, 0xBC, 0xB2, 0xBC, 0x91, 0xBC, 0x71, 
0xBC, 0x70, 0xBC, 0x50, 0xBC, 0x50, 0xBC, 0x50, 0xBC, 0x70, 0xBC, 0x71, 0xC4, 0x91, 0xC4, 0xB2, 0xC4, 0xB2, 0xC4, 0xB2, 0xC4, 0xB2, 0xC4, 0xB2, 0xC4, 0xD2, 0xCC, 0xD2, 0xC4, 0xD3, 0xC4, 0xD2, 
0xC4, 0x91, 0xC4, 0x70, 0xC4, 0xD2, 0xC4, 0xD3, 0xC4, 0xF3, 0xCC, 0xF3, 0xCC, 0xF3, 0xCC, 0xF4, 0xCD, 0x13, 0xCD, 0x14, 0xCD, 0x14, 0xCD, 0x14, 0xCD, 0x14, 0xCD, 0x13, 0xCD, 0x13, 0xCD, 0x14, 
0xCD, 0x14, 0xCC, 0xF3, 0xCC, 0xF3, 0xCC, 0xF3, 0xCC, 0xF3, 0xCC, 0xF3, 0xCC, 0xF3, 0xCC, 0xF3, 0xCC, 0xD2, 0xCC, 0xD2, 0xCC, 0xD2, 0xCC, 0xF3, 0xCC, 0xF3, 0xCC, 0xF3, 0xCC, 0xF4, 0xCC, 0xF4, 
0x6A, 0x47, 0x72, 0x47, 0x6A, 0x47, 0x6A, 0x67, 0x6A, 0x67, 0x6A, 0x47, 0x6A, 0x67, 0x6A, 0x67, 0x6A, 0x67, 0x6A, 0x67, 0x6A, 0x67, 0x6A, 0x67, 0x59, 0xE5, 0x08, 0x20, 0x10, 0x41, 0x31, 0x04, 
0x72, 0x67, 0x72, 0x67, 0x72, 0x67, 0x72, 0x67, 0x72, 0x67, 0x72, 0x67, 0x72, 0x88, 0x9B, 0xEE, 0xBD, 0x76, 0xBD, 0x75, 0xAC, 0xB2, 0x9C, 0x50, 0xB5, 0x14, 0xC5, 0xB7, 0xC5, 0xB7, 0xCE, 0x39, 
0xD6, 0x59, 0xCE, 0x18, 0xCE, 0x18, 0xCE, 0x18, 0xBD, 0x55, 0xBD, 0x75, 0xB5, 0x54, 0xC5, 0x96, 0xB5, 0x14, 0xB5, 0x34, 0xBD, 0x55, 0xBD, 0x75, 0xC5, 0xB6, 0xC5, 0x95, 0xBD, 0x75, 0xB5, 0x33, 
0xBD, 0x33, 0xA3, 0xCC, 0x92, 0xC7, 0x92, 0xC7, 0x92, 0xA7, 0x8A, 0xA7, 0x8A, 0xA6, 0x8A, 0xA5, 0x92, 0xC4, 0x92, 0xA2, 0x8A, 0x60, 0xAB, 0xA7, 0xAB, 0xC8, 0x92, 0x81, 0x92, 0x81, 0xA3, 0x22, 
0xEE, 0xB7, 0xF7, 0x7B, 0xAB, 0xA4, 0xA3, 0x43, 0xA3, 0x22, 0xAB, 0x63, 0xAB, 0x63, 0xA3, 0x02, 0xAB, 0x63, 0xBC, 0x07, 0xE6, 0x54, 0xB3, 0xE6, 0xBB, 0xE6, 0xDD, 0x90, 0xBC, 0x06, 0xC4, 0x47, 
0xBC, 0x07, 0xC4, 0x48, 0xBB, 0xE8, 0xB3, 0x87, 0xA2, 0xE6, 0x82, 0x24, 0x8A, 0x24, 0x92, 0x45, 0x9A, 0xA7, 0xA2, 0xE8, 0xAB, 0x29, 0xB3, 0x8A, 0xBB, 0xAB, 0x98, 0x40, 0x98, 0x00, 0xA9, 0x85, 
0xCC, 0x4E, 0xCC, 0x6E, 0xC3, 0x0A, 0xA8, 0x00, 0xA0, 0x00, 0xC3, 0x2A, 0xD4, 0x8F, 0xD4, 0x8F, 0xB9, 0xA5, 0xB0, 0x00, 0xB0, 0x00, 0xD4, 0x0D, 0xD4, 0x8F, 0xD4, 0x8F, 0xB1, 0x03, 0xB0, 0x00, 
0xB0, 0xA2, 0xD4, 0x8F, 0xD4, 0x8F, 0xD4, 0x6F, 0xA8, 0x61, 0xA8, 0x00, 0xB1, 0x03, 0xD4, 0x2E, 0xD4, 0x2E, 0xCB, 0x6B, 0xA8, 0x00, 0xA8, 0x00, 0xC2, 0x88, 0xD4, 0x2E, 0xD4, 0x2E, 0xC1, 0xC6, 
0xB0, 0x00, 0xB0, 0x00, 0xD3, 0x6B, 0xDC, 0x2D, 0xDC, 0x2E, 0xB9, 0x03, 0xB8, 0x00, 0xB0, 0x20, 0xDB, 0xED, 0xDB, 0xED, 0xDB, 0xCC, 0xA8, 0x00, 0xB0, 0x00, 0xB9, 0x24, 0xDB, 0xCC, 0xDB, 0xAC, 
0xCA, 0x88, 0xB0, 0x00, 0xB0, 0x00, 0xCA, 0x06, 0xE3, 0x09, 0xE3, 0x09, 0xE2, 0xE8, 0xE2, 0xC8, 0xE2, 0xA8, 0xE2, 0x87, 0xE2, 0x66, 0xDA, 0x46, 0xDA, 0x25, 0xD2, 0x68, 0xBB, 0xEF, 0xB4, 0x10, 
0xB4, 0x30, 0xB4, 0x31, 0xB4, 0x51, 0xB4, 0x51, 0xB4, 0x51, 0xB4, 0x51, 0xB4, 0x51, 0xB4, 0x51, 0xB4, 0x71, 0xB4, 0x71, 0xBC, 0x92, 0xBC, 0x92, 0xBC, 0xB2, 0xBC, 0xB2, 0xBC, 0xB3, 0xBC, 0xB2, 
0xB4, 0x92, 0xB4, 0x71, 0xB4, 0x92, 0xBC, 0xB2, 0xBC, 0xB3, 0xBC, 0xB2, 0xBC, 0xB2, 0xBC, 0xB2, 0xBC, 0xD3, 0xBC, 0xD3, 0xBC, 0xD3, 0xBC, 0xD2, 0xBC, 0xD2, 0xBC, 0xB2, 0xBC, 0xB2, 0xBC, 0xB2, 
0xBC, 0xB2, 0xBC, 0xB2, 0xBC, 0xB2, 0xBC, 0x91, 0xBC, 0x71, 0xBC, 0x70, 0xBC, 0x50, 0xC4, 0x70, 0xC4, 0x71, 0xC4, 0x91, 0xC4, 0xB2, 0xC4, 0xB2, 0xC4, 0xB2, 0xC4, 0xD2, 0xCC, 0xD3, 0xC4, 0xB2, 
0xC4, 0x50, 0xC4, 0x91, 0xC4, 0xD2, 0xC4, 0xF3, 0xC4, 0xF3, 0xCC, 0xF3, 0xCC, 0xF3, 0xCC, 0xF3, 0xCC, 0xF3, 0xCD, 0x13, 0xCD, 0x13, 0xCD, 0x14, 0xCD, 0x14, 0xCD, 0x14, 0xCD, 0x14, 0xCD, 0x14, 
0xCD, 0x14, 0xCD, 0x13, 0xCC, 0xF3, 0xCC, 0xF3, 0xCC, 0xF3, 0xCC, 0xF2, 0xCC, 0xF3, 0xC4, 0xF3, 0xCC, 0xD2, 0xCC, 0xF2, 0xCC, 0xF3, 0xCC, 0xF3, 0xCC, 0xF3, 0xCC, 0xF3, 0xCC, 0xF4, 0xCD, 0x14, 
0x6A, 0x47, 0x6A, 0x47, 0x6A, 0x47, 0x6A, 0x47, 0x6A, 0x47, 0x6A, 0x47, 0x6A, 0x67, 0x6A, 0x67, 0x6A, 0x47, 0x6A, 0x47, 0x6A, 0x47, 0x6A, 0x47, 0x49, 0x84, 0x08, 0x20, 0x10, 0x41, 0x39, 0x64, 
0x72, 0x67, 0x72, 0x67, 0x72, 0x67, 0x72, 0x67, 0x72, 0x67, 0x72, 0x88, 0x83, 0x4B, 0xB5, 0x14, 0xBD, 0x55, 0xAC, 0xB2, 0x9C, 0x71, 0xAC, 0xD2, 0xC5, 0xB7, 0xC5, 0xD8, 0xCE, 0x18, 0xD6, 0x5A, 
0xD6, 0x39, 0xC5, 0x96, 0xC5, 0xB6, 0xCE, 0x18, 0xC5, 0xB6, 0xB5, 0x54, 0xB5, 0x54, 0xBD, 0x75, 0xAC, 0xF3, 0xB5, 0x34, 0xBD, 0x95, 0xBD, 0x95, 0xC5, 0x96, 0xA4, 0x50, 0x9B, 0xC9, 0xAB, 0xE7, 
0xBC, 0x48, 0xBC, 0x8B, 0x9B, 0x08, 0x92, 0xC7, 0x92, 0xA7, 0x8A, 0xA7, 0x8A, 0xA7, 0x8A, 0x86, 0x8A, 0x86, 0x8A, 0x86, 0x92, 0xA6, 0x9B, 0x48, 0x9B, 0x27, 0x92, 0xC5, 0x9A, 0xC4, 0xAB, 0x86, 
0xC4, 0x6A, 0xCD, 0x0D, 0xAB, 0x64, 0xAB, 0x64, 0xB3, 0xE7, 0xB3, 0x85, 0xBC, 0x07, 0xAB, 0x65, 0xB3, 0xC7, 0xB3, 0xC6, 0xBB, 0xC7, 0xBB, 0xE8, 0xC4, 0x09, 0xCD, 0x10, 0xC4, 0x2B, 0xBB, 0xCA, 
0xB3, 0x68, 0xAA, 0xE7, 0xA2, 0xA7, 0x9A, 0x45, 0x81, 0xA4, 0x40, 0x60, 0x61, 0x22, 0x8A, 0x25, 0x9A, 0xA7, 0xA2, 0xE8, 0xAB, 0x29, 0xB3, 0x6A, 0xB3, 0x8B, 0xA1, 0x64, 0x90, 0x61, 0xB2, 0x47, 
0xCC, 0x2D, 0xCC, 0x4E, 0xCB, 0xCC, 0xA0, 0xC2, 0x98, 0xA2, 0xCB, 0xCD, 0xCC, 0x6F, 0xCC, 0x6F, 0xC2, 0xE9, 0xA8, 0x61, 0xB1, 0x23, 0xD4, 0x4E, 0xD4, 0x8F, 0xD4, 0x8F, 0xC2, 0x88, 0xA8, 0x41, 
0xC2, 0x07, 0xD4, 0x6F, 0xD4, 0x6F, 0xD4, 0x6E, 0xB9, 0x85, 0xA0, 0x20, 0xBA, 0x27, 0xD4, 0x2D, 0xD4, 0x2D, 0xD3, 0xED, 0xA0, 0x81, 0xA0, 0x40, 0xCB, 0x4B, 0xD4, 0x2D, 0xD4, 0x0D, 0xCA, 0xE9, 
0xA8, 0x61, 0xB0, 0xE2, 0xDB, 0xED, 0xDC, 0x2D, 0xDC, 0x2D, 0xC2, 0x27, 0xB0, 0x40, 0xB9, 0x64, 0xDB, 0xED, 0xDB, 0xED, 0xDB, 0xEC, 0xB0, 0xC2, 0xA8, 0x20, 0xCA, 0x47, 0xDB, 0xAB, 0xDB, 0x8B, 
0xDB, 0x09, 0xB0, 0x20, 0xB0, 0x20, 0xDA, 0x87, 0xE2, 0xE9, 0xE2, 0xE8, 0xE2, 0xC8, 0xE2, 0xC8, 0xE2, 0xA7, 0xE2, 0x67, 0xE2, 0x46, 0xDA, 0x26, 0xD2, 0x06, 0xC3, 0x6D, 0xB4, 0x10, 0xB4, 0x10, 
0xB4, 0x10, 0xB4, 0x30, 0xB4, 0x51, 0xB4, 0x51, 0xB4, 0x51, 0xB4, 0x51, 0xB4, 0x71, 0xB4, 0x71, 0xB4, 0x72, 0xB4, 0x72, 0xBC, 0x92, 0xBC, 0xB2, 0xBC, 0xB2, 0xBC, 0xB3, 0xBC, 0xB3, 0xBC, 0xB2, 
0xB4, 0x91, 0xB4, 0x71, 0xB4, 0x92, 0xBC, 0xB2, 0xBC, 0xD3, 0xBC, 0xB2, 0xBC, 0xB2, 0xBC, 0xB2, 0xBC, 0xB2, 0xBC, 0xD2, 0xBC, 0xD2, 0xBC, 0xD2, 0xBC, 0xD2, 0xBC, 0xB2, 0xBC, 0xB2, 0xBC, 0xB2, 
0xBC, 0xB2, 0xC4, 0xB2, 0xC4, 0xD3, 0xC4, 0xD3, 0xC4, 0xD3, 0xC4, 0xB2, 0xC4, 0xB2, 0xC4, 0x91, 0xC4, 0x70, 0xC4, 0x70, 0xC4, 0x70, 0xC4, 0x71, 0xC4, 0x91, 0xC4, 0xB2, 0xC4, 0xB2, 0xC4, 0x91, 
0xC4, 0x4F, 0xC4, 0x91, 0xC4, 0xB2, 0xC4, 0xD3, 0xC4, 0xF3, 0xCC, 0xF3, 0xC4, 0xD3, 0xCC, 0xF3, 0xCC, 0xF3, 0xCC, 0xF3, 0xCC, 0xF3, 0xCC, 0xF3, 0xCC, 0xF3, 0xCD, 0x13, 0xCD, 0x13, 0xCD, 0x14, 
0xCD, 0x13, 0xCD, 0x14, 0xCC, 0xF3, 0xCC, 0xF3, 0xCC, 0xF3, 0xCC, 0xD2, 0xCC, 0xF3, 0xCC, 0xF3, 0xC4, 0xD2, 0xCC, 0xF3, 0xCC, 0xF3, 0xCC, 0xF3, 0xCC, 0xF3, 0xCD, 0x14, 0xCD, 0x14, 0xCD, 0x14, 
0x6A, 0x46, 0x6A, 0x46, 0x6A, 0x46, 0x6A, 0x47, 0x6A, 0x47, 0x6A, 0x47, 0x6A, 0x67, 0x6A, 0x67, 0x6A, 0x46, 0x6A, 0x47, 0x6A, 0x46, 0x6A, 0x46, 0x41, 0x43, 0x08, 0x20, 0x08, 0x41, 0x49, 0xA5, 
0x72, 0x67, 0x72, 0x68, 0x72, 0x67, 0x72, 0x67, 0x72, 0x88, 0x7A, 0xC9, 0xAC, 0x92, 0xB5, 0x14, 0xAC, 0xB2, 0xA4, 0x71, 0xA4, 0x91, 0xBD, 0x75, 0xC5, 0xD8, 0xCE, 0x18, 0xD6, 0x39, 0xD6, 0x59, 
0xCE, 0x18, 0xBD, 0x96, 0xCD, 0xF7, 0xD6, 0x59, 0xCE, 0x18, 0xBD, 0x55, 0xC5, 0xD7, 0xBD, 0x96, 0xB5, 0x34, 0xB5, 0x34, 0xBD, 0x95, 0xC5, 0x96, 0xAC, 0xF2, 0x9B, 0xC8, 0xB4, 0x47, 0xB4, 0x26, 
0xB4, 0x47, 0xCC, 0xEC, 0xC4, 0xAC, 0x93, 0x07, 0x8A, 0xA7, 0x8A, 0xA7, 0x8A, 0xA7, 0x8A, 0x87, 0x8A, 0x86, 0x8A, 0x86, 0x8A, 0x87, 0x92, 0xA7, 0x92, 0xC7, 0x92, 0xC7, 0x9A, 0xC7, 0x9A, 0xE8, 
0xA3, 0x08, 0xA3, 0x28, 0xA3, 0x29, 0xAB, 0x49, 0xAB, 0x69, 0xB3, 0x6A, 0xB3, 0x8A, 0xB3, 0x8A, 0xB3, 0xAB, 0xBB, 0xAB, 0xBB, 0xAC, 0xBB, 0xCB, 0xBB, 0xAB, 0xC3, 0xEC, 0xC3, 0xEC, 0xBB, 0xAB, 
0xB3, 0x49, 0xAB, 0x08, 0xA2, 0xC8, 0xA2, 0x86, 0x92, 0x25, 0x50, 0xA1, 0x61, 0x02, 0x8A, 0x25, 0x9A, 0x86, 0xA2, 0xE8, 0xAB, 0x29, 0xB3, 0x6A, 0xB3, 0x8A, 0xBB, 0xAA, 0xBB, 0xAB, 0xC3, 0xEC, 
0xC4, 0x0D, 0xCC, 0x4E, 0xCC, 0x4E, 0xCC, 0x2D, 0xCC, 0x2D, 0xCC, 0x4E, 0xCC, 0x4E, 0xCC, 0x6E, 0xCC, 0x4E, 0xD4, 0x2E, 0xCC, 0x4E, 0xCC, 0x2E, 0xCC, 0x4E, 0xD4, 0x6E, 0xD4, 0x4E, 0xD4, 0x2D, 
0xD4, 0x2E, 0xD4, 0x4E, 0xD4, 0x4E, 0xD4, 0x2E, 0xD4, 0x0D, 0xD3, 0x8B, 0xD4, 0x0D, 0xD4, 0x0D, 0xD4, 0x2D, 0xD4, 0x0D, 0xD3, 0xEC, 0xD3, 0xED, 0xD4, 0x0D, 0xD4, 0x0D, 0xD3, 0xEC, 0xD4, 0x0D, 
0xD3, 0xEC, 0xD3, 0xED, 0xD4, 0x0D, 0xD4, 0x2D, 0xDC, 0x0D, 0xDB, 0xED, 0xDB, 0xCC, 0xDB, 0xCC, 0xDB, 0xEC, 0xDB, 0xEC, 0xDB, 0xCC, 0xDB, 0xAB, 0xDB, 0x6B, 0xDB, 0x8B, 0xE3, 0x8B, 0xE3, 0x6A, 
0xE3, 0x2A, 0xE2, 0xA8, 0xE2, 0xA8, 0xE2, 0xC8, 0xE2, 0xC8, 0xE2, 0xC8, 0xE2, 0xA7, 0xE2, 0x87, 0xE2, 0x66, 0xE2, 0x46, 0xE2, 0x26, 0xDA, 0x05, 0xCA, 0x88, 0xBC, 0x10, 0xB4, 0x10, 0xB4, 0x10, 
0xB4, 0x30, 0xB4, 0x31, 0xB4, 0x51, 0xB4, 0x51, 0xB4, 0x51, 0xB4, 0x51, 0xB4, 0x71, 0xB4, 0x71, 0xB4, 0x71, 0xBC, 0x92, 0xBC, 0x92, 0xBC, 0xB2, 0xBC, 0xB2, 0xBC, 0xB2, 0xBC, 0xB2, 0xBC, 0xB2, 
0xB4, 0x91, 0xB4, 0x71, 0xB4, 0x92, 0xBC, 0xB2, 0xBC, 0xD3, 0xBC, 0xD2, 0xBC, 0xB2, 0xBC, 0xB2, 0xBC, 0xB2, 0xBC, 0xB2, 0xBC, 0xD2, 0xC4, 0xD2, 0xC4, 0xD2, 0xBC, 0xB2, 0xBC, 0xB2, 0xBC, 0xB2, 
0xC4, 0xB2, 0xC4, 0xB2, 0xC4, 0xD2, 0xC4, 0xD3, 0xC4, 0xD3, 0xC4, 0xD3, 0xC4, 0xD3, 0xC4, 0xD3, 0xC4, 0xD2, 0xC4, 0xB2, 0xC4, 0x91, 0xBC, 0x50, 0xBC, 0x50, 0xBC, 0x50, 0xC4, 0x71, 0xC4, 0x51, 
0xC4, 0x2F, 0xC4, 0x71, 0xC4, 0x91, 0xC4, 0x92, 0xBC, 0x71, 0xBC, 0x51, 0xB4, 0x30, 0xB4, 0x30, 0xBC, 0x51, 0xBC, 0x71, 0xC4, 0xB2, 0xC4, 0xD3, 0xCC, 0xF3, 0xCC, 0xF3, 0xCC, 0xF3, 0xCC, 0xF3, 
0xCD, 0x14, 0xCD, 0x14, 0xCD, 0x14, 0xCC, 0xF3, 0xCC, 0xF3, 0xCC, 0xD2, 0xCC, 0xF3, 0xCC, 0xF3, 0xCC, 0xF3, 0xCC, 0xF4, 0xCC, 0xF3, 0xCD, 0x14, 0xCD, 0x14, 0xCD, 0x14, 0xCD, 0x13, 0xCD, 0x14, 
0x6A, 0x46, 0x6A, 0x47, 0x6A, 0x47, 0x6A, 0x47, 0x6A, 0x67, 0x6A, 0x47, 0x6A, 0x67, 0x6A, 0x47, 0x6A, 0x47, 0x6A, 0x47, 0x6A, 0x46, 0x6A, 0x46, 0x31, 0x03, 0x08, 0x20, 0x08, 0x41, 0x5A, 0x06, 
0x72, 0x87, 0x72, 0x87, 0x72, 0x68, 0x72, 0x68, 0x72, 0x88, 0x93, 0xCE, 0xAC, 0xF3, 0xA4, 0x51, 0x93, 0xEF, 0x9C, 0x50, 0xAD, 0x14, 0xC5, 0xD7, 0xCD, 0xF8, 0xCE, 0x39, 0xD6, 0x39, 0xCE, 0x19, 
0xBD, 0x96, 0xBD, 0x76, 0xCE, 0x18, 0xCD, 0xF7, 0xCE, 0x19, 0xC5, 0xD7, 0xC5, 0xF7, 0xBD, 0x96, 0xC5, 0xB6, 0xB5, 0x55, 0xBD, 0x75, 0xC5, 0x96, 0x9C, 0x2D, 0xAC, 0x07, 0xAB, 0xE6, 0xAB, 0xE5, 
0xB4, 0x27, 0xBC, 0x48, 0xBC, 0x69, 0xB4, 0x6B, 0x8A, 0xC7, 0x8A, 0xA7, 0x8A, 0xA7, 0x8A, 0x87, 0x8A, 0x87, 0x8A, 0x87, 0x8A, 0x87, 0x92, 0xA7, 0x92, 0xA7, 0x92, 0xC8, 0x9A, 0xE8, 0x9A, 0xE8, 
0x9B, 0x08, 0xA3, 0x29, 0xA3, 0x29, 0xAB, 0x49, 0xAB, 0x4A, 0xAB, 0x6A, 0xB3, 0x8B, 0xB3, 0xAB, 0xB3, 0xAB, 0xBB, 0xAB, 0xBB, 0xCC, 0xBB, 0xCC, 0xBB, 0xCC, 0xBB, 0xEC, 0xC3, 0xEC, 0xBB, 0xCB, 
0xBB, 0x8B, 0xB3, 0x29, 0xAA, 0xE8, 0x92, 0x46, 0x58, 0xE2, 0x59, 0x02, 0x79, 0xC3, 0x8A, 0x25, 0x92, 0x86, 0xA2, 0xE8, 0xAB, 0x49, 0xB3, 0x6A, 0xB3, 0x8A, 0xBB, 0xAB, 0xBB, 0xCB, 0xC3, 0xEC, 
0xC4, 0x0D, 0xCC, 0x2D, 0xCC, 0x4E, 0xCC, 0x4E, 0xCC, 0x4E, 0xCC, 0x4E, 0xCC, 0x4E, 0xCC, 0x4E, 0xCC, 0x4E, 0xCC, 0x4E, 0xCC, 0x4E, 0xCC, 0x2E, 0xCC, 0x4E, 0xCC, 0x4E, 0xCC, 0x2E, 0xD4, 0x2E, 
0xCC, 0x4E, 0xD4, 0x4E, 0xD4, 0x2E, 0xD4, 0x2D, 0xD4, 0x0D, 0xD4, 0x0D, 0xD4, 0x0D, 0xD4, 0x0D, 0xD4, 0x0D, 0xD4, 0x0D, 0xD4, 0x0D, 0xD4, 0x0D, 0xD4, 0x0D, 0xD4, 0x0D, 0xD3, 0xEC, 0xD3, 0xEC, 
0xD3, 0xED, 0xD4, 0x0D, 0xD4, 0x0D, 0xD4, 0x0D, 0xD3, 0xED, 0xD3, 0xCC, 0xDB, 0xCC, 0xDB, 0xED, 0xDB, 0xEC, 0xDB, 0xCC, 0xE3, 0xAC, 0xE3, 0xAB, 0xE3, 0x8B, 0xE3, 0x6B, 0xE3, 0x6A, 0xE3, 0x4A, 
0xE3, 0x09, 0xE2, 0xE8, 0xE2, 0xC8, 0xE2, 0xC8, 0xE2, 0xC8, 0xE2, 0x87, 0xE2, 0x87, 0xE2, 0x66, 0xE2, 0x46, 0xE2, 0x46, 0xE2, 0x25, 0xDA, 0x06, 0xC3, 0x8D, 0xB4, 0x10, 0xB4, 0x10, 0xB4, 0x30, 
0xB4, 0x30, 0xB4, 0x51, 0xB4, 0x51, 0xB4, 0x51, 0xB4, 0x51, 0xB4, 0x71, 0xB4, 0x71, 0xB4, 0x71, 0xB4, 0x71, 0xBC, 0x92, 0xBC, 0x92, 0xBC, 0x92, 0xBC, 0xB2, 0xBC, 0xB2, 0xBC, 0xB2, 0xBC, 0xB2, 
0xB4, 0x71, 0xB4, 0x71, 0xBC, 0x92, 0xBC, 0xB2, 0xBC, 0xB2, 0xBC, 0xB2, 0xBC, 0xB2, 0xBC, 0xB2, 0xBC, 0xB2, 0xBC, 0xB2, 0xBC, 0xB2, 0xBC, 0xB2, 0xBC, 0xB2, 0xC4, 0xB2, 0xBC, 0xB2, 0xBC, 0xB2, 
0xC4, 0xB2, 0xC4, 0xD2, 0xC4, 0xD3, 0xC4, 0xD3, 0xC4, 0xD3, 0xC4, 0xD3, 0xC4, 0xD3, 0xC4, 0xD3, 0xC4, 0xD3, 0xC4, 0xD2, 0xC4, 0x92, 0xC4, 0x51, 0xBC, 0x0F, 0xB3, 0xCE, 0xB3, 0xAD, 0xAB, 0x6D, 
0xA3, 0x4C, 0xA3, 0x4C, 0x9B, 0x2C, 0x9B, 0x0C, 0x8A, 0xCB, 0x8A, 0x8A, 0x82, 0x89, 0x82, 0x89, 0x8A, 0x8A, 0x8A, 0xCB, 0x93, 0x0C, 0xA3, 0x8E, 0xB4, 0x10, 0xBC, 0x92, 0xC4, 0xD3, 0xCC, 0xF3, 
0xCC, 0xF3, 0xCD, 0x14, 0xCC, 0xF4, 0xCC, 0xF3, 0xCC, 0xF3, 0xCC, 0xD2, 0xCC, 0xD3, 0xCC, 0xF3, 0xCC, 0xF3, 0xCC, 0xF3, 0xCD, 0x14, 0xCD, 0x14, 0xCD, 0x14, 0xCD, 0x14, 0xCD, 0x14, 0xCD, 0x14, 
0x6A, 0x46, 0x6A, 0x47, 0x6A, 0x46, 0x6A, 0x47, 0x6A, 0x47, 0x6A, 0x46, 0x6A, 0x47, 0x6A, 0x47, 0x6A, 0x47, 0x6A, 0x67, 0x6A, 0x46, 0x6A, 0x46, 0x18, 0x81, 0x08, 0x20, 0x10, 0x41, 0x6A, 0x48, 
0x72, 0x88, 0x72, 0x88, 0x72, 0x88, 0x72, 0x87, 0x7A, 0xC9, 0xA4, 0x71, 0x93, 0xAE, 0x69, 0xE7, 0x6A, 0xAA, 0x94, 0x30, 0xBD, 0x96, 0xC5, 0xF8, 0xCE, 0x19, 0xCE, 0x19, 0xCE, 0x18, 0xBD, 0x96, 
0xB5, 0x34, 0xC5, 0xD7, 0xCD, 0xF7, 0xCD, 0xF8, 0xD6, 0x39, 0xC5, 0xD7, 0xC5, 0xB7, 0xBD, 0x96, 0xC5, 0xD7, 0xC5, 0xB6, 0xC5, 0x96, 0xBD, 0x75, 0xA4, 0x2B, 0xAB, 0xE6, 0xA3, 0xC7, 0x93, 0x66, 
0x9B, 0x86, 0xB4, 0x28, 0xB4, 0x4A, 0xC5, 0x52, 0xB4, 0xD1, 0x92, 0xE8, 0x8A, 0xA7, 0x8A, 0xA7, 0x8A, 0xA7, 0x8A, 0xA7, 0x8A, 0xA7, 0x92, 0xA7, 0x92, 0xA7, 0x92, 0xC7, 0x9A, 0xE8, 0x9A, 0xE8, 
0x9B, 0x08, 0xA3, 0x29, 0xA3, 0x29, 0xAB, 0x49, 0xAB, 0x4A, 0xAB, 0x6A, 0xB3, 0x8B, 0xB3, 0xAB, 0xBB, 0xAB, 0xBB, 0xCC, 0xBB, 0xEC, 0xBB, 0xEC, 0xBB, 0xED, 0xC4, 0x0D, 0xBB, 0xEC, 0xBB, 0xAB, 
0xBB, 0x8A, 0xAB, 0x29, 0xA2, 0xA7, 0x81, 0xE5, 0x58, 0xE1, 0x79, 0xC3, 0x8A, 0x24, 0x92, 0x65, 0x9A, 0xA7, 0xA3, 0x08, 0xAB, 0x49, 0xB3, 0x8A, 0xB3, 0xAA, 0xBB, 0xAB, 0xBB, 0xCC, 0xC3, 0xEC, 
0xC4, 0x0D, 0xC4, 0x0D, 0xCC, 0x2D, 0xCC, 0x4E, 0xCC, 0x4E, 0xCC, 0x4E, 0xCC, 0x4E, 0xCC, 0x4E, 0xCC, 0x4E, 0xCC, 0x4E, 0xCC, 0x4E, 0xCC, 0x4D, 0xCC, 0x2E, 0xCC, 0x2D, 0xCC, 0x2E, 0xD4, 0x4E, 
0xD4, 0x2D, 0xD4, 0x2D, 0xD4, 0x2D, 0xD4, 0x2D, 0xD4, 0x0D, 0xD4, 0x0D, 0xD4, 0x0D, 0xD4, 0x0C, 0xD4, 0x0D, 0xD4, 0x0D, 0xD4, 0x0D, 0xD4, 0x0D, 0xD4, 0x0D, 0xD4, 0x0D, 0xD4, 0x0D, 0xD4, 0x0C, 
0xD3, 0xED, 0xD4, 0x0D, 0xD4, 0x0D, 0xD4, 0x0D, 0xD3, 0xEC, 0xD3, 0xCC, 0xD3, 0xCC, 0xDB, 0xEC, 0xDB, 0xCC, 0xDB, 0xAB, 0xE3, 0xAB, 0xE3, 0x8B, 0xE3, 0x8A, 0xE3, 0x6A, 0xE3, 0x49, 0xE3, 0x29, 
0xE3, 0x08, 0xE2, 0xE8, 0xE2, 0xC8, 0xE2, 0xC8, 0xE2, 0xA7, 0xE2, 0x87, 0xEA, 0x87, 0xEA, 0x66, 0xE2, 0x46, 0xE2, 0x46, 0xE2, 0x25, 0xD2, 0x88, 0xBC, 0x10, 0xB4, 0x10, 0xB4, 0x30, 0xB4, 0x30, 
0xB4, 0x30, 0xB4, 0x51, 0xB4, 0x51, 0xB4, 0x51, 0xB4, 0x51, 0xB4, 0x51, 0xB4, 0x71, 0xB4, 0x71, 0xB4, 0x71, 0xB4, 0x72, 0xBC, 0x92, 0xBC, 0x92, 0xBC, 0xB2, 0xBC, 0xB2, 0xBC, 0xB2, 0xBC, 0x92, 
0xB4, 0x71, 0xB4, 0x70, 0xBC, 0x92, 0xBC, 0xB2, 0xBC, 0xB2, 0xBC, 0xB2, 0xBC, 0xB2, 0xBC, 0xB2, 0xBC, 0xB2, 0xBC, 0xB2, 0xBC, 0xB2, 0xBC, 0xB2, 0xBC, 0xD2, 0xBC, 0xB2, 0xC4, 0xB2, 0xC4, 0xB2, 
0xC4, 0xB2, 0xC4, 0xD2, 0xC4, 0xD2, 0xC4, 0xD3, 0xC4, 0xD3, 0xC4, 0xD3, 0xC4, 0xD3, 0xC4, 0x92, 0xB4, 0x30, 0xAB, 0x8E, 0xA3, 0x0B, 0xA2, 0xA9, 0xA2, 0xC9, 0x9A, 0x68, 0x8A, 0x27, 0x82, 0x07, 
0x82, 0x07, 0x82, 0x28, 0x82, 0x28, 0x7A, 0x28, 0x82, 0x48, 0x82, 0x69, 0x82, 0x69, 0x82, 0x69, 0x82, 0x89, 0x82, 0x89, 0x82, 0x69, 0x82, 0x49, 0x8A, 0x69, 0x92, 0xCB, 0xA3, 0x6D, 0xBC, 0x51, 
0xC4, 0xD3, 0xCC, 0xF3, 0xCC, 0xF3, 0xCC, 0xF3, 0xCC, 0xF3, 0xCC, 0xD3, 0xCC, 0xD3, 0xCC, 0xF3, 0xCC, 0xF3, 0xCC, 0xF4, 0xCD, 0x14, 0xCD, 0x14, 0xCD, 0x14, 0xCD, 0x14, 0xCD, 0x14, 0xCD, 0x14, 
0x6A, 0x46, 0x6A, 0x46, 0x6A, 0x46, 0x6A, 0x46, 0x6A, 0x46, 0x6A, 0x47, 0x6A, 0x46, 0x6A, 0x46, 0x6A, 0x47, 0x6A, 0x47, 0x6A, 0x46, 0x62, 0x26, 0x08, 0x40, 0x08, 0x20, 0x10, 0x41, 0x72, 0x88, 
0x72, 0x88, 0x72, 0x88, 0x72, 0x88, 0x72, 0x88, 0x8B, 0x2B, 0x92, 0xEB, 0x89, 0xE7, 0x71, 0x86, 0x72, 0xEC, 0xAD, 0x14, 0xC5, 0xD8, 0xCE, 0x19, 0xCE, 0x19, 0xCE, 0x18, 0xBD, 0x96, 0xAD, 0x14, 
0xCD, 0xD7, 0xD6, 0x39, 0xB5, 0x35, 0xCD, 0xF8, 0xC5, 0xD7, 0xC5, 0xB7, 0xC5, 0xF7, 0xC5, 0xD7, 0xBD, 0xB6, 0xCE, 0x18, 0xC5, 0xB6, 0xBD, 0x34, 0xA4, 0x0B, 0xAC, 0x29, 0x9C, 0x2C, 0x73, 0x0A, 
0xBC, 0xAA, 0xB4, 0x69, 0x93, 0xEC, 0xB5, 0x75, 0xB5, 0x75, 0xAC, 0xD2, 0x93, 0x29, 0x92, 0xC7, 0x92, 0xA7, 0x8A, 0xA7, 0x8A, 0xA7, 0x92, 0xA7, 0x92, 0xC7, 0x92, 0xC8, 0x9A, 0xE8, 0x9A, 0xE8, 
0x9B, 0x08, 0xA3, 0x09, 0xA3, 0x29, 0xAB, 0x4A, 0xAB, 0x4A, 0xAB, 0x6A, 0xB3, 0x8B, 0xB3, 0xAB, 0xBB, 0xAB, 0xBB, 0xCC, 0xBB, 0xCC, 0xBB, 0xCC, 0xC3, 0xED, 0xC4, 0x0D, 0xBB, 0xCC, 0xBB, 0xAB, 
0xB3, 0x6A, 0xB3, 0x29, 0x9A, 0x87, 0x79, 0xA3, 0x79, 0xA3, 0x8A, 0x24, 0x92, 0x65, 0x9A, 0xA6, 0xA2, 0xE7, 0xAB, 0x28, 0xAB, 0x69, 0xB3, 0x8A, 0xBB, 0xAB, 0xBB, 0xCB, 0xC3, 0xEC, 0xC3, 0xEC, 
0xC4, 0x2D, 0xC4, 0x2D, 0xCC, 0x2D, 0xCC, 0x4E, 0xCC, 0x4E, 0xCC, 0x4E, 0xCC, 0x4E, 0xCC, 0x4E, 0xCC, 0x4E, 0xCC, 0x4E, 0xCC, 0x4E, 0xCC, 0x2D, 0xCC, 0x2E, 0xD4, 0x2E, 0xCC, 0x4E, 0xCC, 0x2E, 
0xCC, 0x0D, 0xCC, 0x0D, 0xD4, 0x2D, 0xD4, 0x2D, 0xD4, 0x2D, 0xD4, 0x2D, 0xD4, 0x0D, 0xD4, 0x0D, 0xD4, 0x0D, 0xD4, 0x0D, 0xD4, 0x0D, 0xD4, 0x0D, 0xD4, 0x0D, 0xD4, 0x0D, 0xD3, 0xEC, 0xD3, 0xEC, 
0xD4, 0x0D, 0xD4, 0x0D, 0xD3, 0xEC, 0xD3, 0xEC, 0xD3, 0xEC, 0xDB, 0xEC, 0xDB, 0xCC, 0xDB, 0xCC, 0xDB, 0xAC, 0xE3, 0xAB, 0xE3, 0xAB, 0xE3, 0x8B, 0xE3, 0x6A, 0xE3, 0x4A, 0xE3, 0x29, 0xE3, 0x09, 
0xE2, 0xE8, 0xE2, 0xC8, 0xE2, 0xC8, 0xE2, 0xC7, 0xE2, 0xA7, 0xEA, 0x87, 0xEA, 0x66, 0xEA, 0x66, 0xEA, 0x46, 0xEA, 0x46, 0xE2, 0x26, 0xCB, 0x4C, 0xB4, 0x10, 0xB4, 0x10, 0xB4, 0x30, 0xB4, 0x30, 
0xB4, 0x31, 0xB4, 0x51, 0xB4, 0x51, 0xB4, 0x51, 0xB4, 0x51, 0xB4, 0x51, 0xB4, 0x71, 0xB4, 0x71, 0xB4, 0x71, 0xBC, 0x71, 0xBC, 0x92, 0xBC, 0x92, 0xBC, 0x92, 0xBC, 0xB2, 0xBC, 0xB2, 0xBC, 0x91, 
0xB4, 0x71, 0xB4, 0x71, 0xBC, 0x92, 0xBC, 0xB2, 0xBC, 0xD2, 0xBC, 0xD2, 0xBC, 0xB2, 0xBC, 0xB2, 0xBC, 0xB2, 0xBC, 0xB2, 0xBC, 0xB2, 0xC4, 0xB2, 0xBC, 0xB2, 0xBC, 0xB2, 0xC4, 0xB2, 0xC4, 0xD2, 
0xC4, 0xD2, 0xC4, 0xD3, 0xC4, 0xD2, 0xC4, 0xD3, 0xC4, 0xD3, 0xC4, 0xD2, 0xB4, 0x51, 0x82, 0x8A, 0x71, 0xA6, 0x9A, 0x68, 0xD4, 0xB1, 0xBB, 0x8D, 0xB3, 0xCF, 0x8A, 0x69, 0x82, 0x07, 0x7A, 0x07, 
0x7A, 0x08, 0x7A, 0x07, 0x7A, 0x28, 0x7A, 0x48, 0x7A, 0x49, 0x7A, 0x69, 0x7A, 0x49, 0x7A, 0x69, 0x82, 0x69, 0x82, 0x89, 0x82, 0x69, 0x92, 0x28, 0xBA, 0x07, 0x99, 0xC6, 0x81, 0xC7, 0x82, 0x69, 
0xA3, 0xAF, 0xC4, 0xD3, 0xCC, 0xF3, 0xCC, 0xF3, 0xCC, 0xF3, 0xCC, 0xD3, 0xCC, 0xD3, 0xCC, 0xF3, 0xCC, 0xF3, 0xCC, 0xF4, 0xCD, 0x14, 0xCD, 0x14, 0xCD, 0x14, 0xCD, 0x14, 0xCD, 0x14, 0xCD, 0x14, 
0x6A, 0x46, 0x6A, 0x46, 0x6A, 0x46, 0x6A, 0x46, 0x6A, 0x46, 0x6A, 0x46, 0x6A, 0x46, 0x6A, 0x46, 0x6A, 0x46, 0x6A, 0x26, 0x6A, 0x26, 0x51, 0xC5, 0x00, 0x00, 0x08, 0x20, 0x20, 0xC2, 0x6A, 0x88, 
0x6A, 0x68, 0x6A, 0x67, 0x72, 0x88, 0x7A, 0x88, 0x92, 0x48, 0x91, 0xC7, 0x91, 0xA6, 0x71, 0x86, 0x83, 0xAF, 0xBD, 0x97, 0xCD, 0xF8, 0xCE, 0x19, 0xCD, 0xF8, 0xB5, 0x55, 0xAC, 0xF4, 0xCD, 0xF8, 
0xD6, 0x59, 0xC5, 0xB7, 0xC5, 0x96, 0xCD, 0xF8, 0xBD, 0x96, 0xB5, 0x35, 0xD6, 0x59, 0xCE, 0x38, 0xC5, 0xB7, 0xCE, 0x38, 0xC5, 0xD7, 0xBD, 0x54, 0xA4, 0x2D, 0xA4, 0x6D, 0xB5, 0x34, 0x8B, 0xEF, 
0xA4, 0x6D, 0xAC, 0x4B, 0x94, 0x71, 0x94, 0x93, 0xAD, 0x14, 0xC5, 0xD7, 0xBD, 0x13, 0x9B, 0x6B, 0x92, 0xC7, 0x92, 0xA7, 0x92, 0xA7, 0x92, 0xA7, 0x92, 0xC7, 0x92, 0xC8, 0x9A, 0xE8, 0x9B, 0x08, 
0x9B, 0x09, 0xA3, 0x29, 0xA3, 0x29, 0xAB, 0x4A, 0xAB, 0x4A, 0xAB, 0x6A, 0xB3, 0x8B, 0xB3, 0xAB, 0xBB, 0xAC, 0xBB, 0xCC, 0xBB, 0xEC, 0xBB, 0xCC, 0xBB, 0xED, 0xC4, 0x0D, 0xBB, 0xEC, 0xBB, 0xAB, 
0xB3, 0x8A, 0xAB, 0x29, 0x92, 0x04, 0x81, 0xC3, 0x8A, 0x25, 0x92, 0x65, 0x9A, 0xC6, 0xA2, 0xE7, 0xAB, 0x28, 0xAB, 0x49, 0xB3, 0x8A, 0xB3, 0xAA, 0xBB, 0xCB, 0xBB, 0xEC, 0xC3, 0xEC, 0xC4, 0x0D, 
0xC4, 0x2D, 0xC4, 0x2D, 0xCC, 0x2D, 0xCC, 0x4E, 0xCC, 0x4E, 0xCC, 0x4E, 0xCC, 0x4E, 0xCC, 0x6E, 0xCC, 0x4E, 0xCC, 0x4E, 0xCC, 0x4E, 0xCC, 0x4E, 0xCC, 0x4E, 0xCC, 0x4E, 0xD4, 0x4E, 0xD4, 0x2E, 
0xCC, 0x2D, 0xCC, 0x0D, 0xD4, 0x2D, 0xD4, 0x2D, 0xD4, 0x2D, 0xD4, 0x2D, 0xD4, 0x0D, 0xD4, 0x0D, 0xD4, 0x0D, 0xD4, 0x0D, 0xD4, 0x0D, 0xD4, 0x0D, 0xD4, 0x0D, 0xD4, 0x0D, 0xD3, 0xEC, 0xD3, 0xEC, 
0xD4, 0x0D, 0xD4, 0x0D, 0xD3, 0xEC, 0xD3, 0xEC, 0xDB, 0xEC, 0xDB, 0xCC, 0xDB, 0xEC, 0xDB, 0xCC, 0xDB, 0xAB, 0xDB, 0xAB, 0xE3, 0xAB, 0xE3, 0x8B, 0xE3, 0x4A, 0xE3, 0x29, 0xE3, 0x29, 0xE3, 0x09, 
0xEA, 0xE8, 0xE2, 0xC8, 0xE2, 0xC8, 0xEA, 0xC8, 0xEA, 0xA7, 0xEA, 0x87, 0xEA, 0x87, 0xEA, 0x46, 0xEA, 0x46, 0xEA, 0x46, 0xE2, 0x46, 0xC3, 0xCF, 0xB4, 0x10, 0xB4, 0x10, 0xB4, 0x30, 0xB4, 0x30, 
0xB4, 0x51, 0xB4, 0x51, 0xB4, 0x51, 0xB4, 0x51, 0xB4, 0x51, 0xB4, 0x51, 0xB4, 0x71, 0xB4, 0x71, 0xB4, 0x71, 0xBC, 0x71, 0xBC, 0x92, 0xBC, 0x92, 0xBC, 0x92, 0xBC, 0xB2, 0xBC, 0xB2, 0xBC, 0x91, 
0xB4, 0x71, 0xB4, 0x91, 0xBC, 0xB2, 0xBC, 0xB2, 0xBC, 0xD2, 0xBC, 0xD2, 0xBC, 0xD2, 0xBC, 0xB2, 0xBC, 0xB2, 0xC4, 0xB2, 0xC4, 0xB2, 0xC4, 0xB2, 0xC4, 0xB2, 0xBC, 0xB2, 0xC4, 0xB2, 0xC4, 0xB2, 
0xC4, 0xD2, 0xC4, 0xB2, 0xC4, 0xB2, 0xC4, 0xB2, 0xC4, 0xB2, 0xBC, 0x92, 0xAB, 0xCF, 0x61, 0x85, 0x61, 0x44, 0x8A, 0x07, 0xBC, 0x50, 0x7A, 0x8A, 0x69, 0xC7, 0x69, 0xA6, 0x71, 0xA6, 0x79, 0xE7, 
0x82, 0x68, 0x8A, 0x89, 0x82, 0x69, 0x71, 0xE7, 0x72, 0x28, 0x7A, 0x49, 0x7A, 0x48, 0x82, 0x69, 0x82, 0x8A, 0x82, 0x48, 0x8A, 0x07, 0xA1, 0xA5, 0xC1, 0x43, 0x99, 0x23, 0x79, 0x85, 0x7A, 0x08, 
0x82, 0x8A, 0xB4, 0x10, 0xC4, 0xD3, 0xCC, 0xF3, 0xCC, 0xD3, 0xCC, 0xD3, 0xCC, 0xD3, 0xCC, 0xF3, 0xCC, 0xF3, 0xCC, 0xF4, 0xCD, 0x14, 0xCD, 0x14, 0xCD, 0x14, 0xCD, 0x14, 0xCD, 0x14, 0xCD, 0x14, 
0x6A, 0x46, 0x6A, 0x46, 0x6A, 0x46, 0x6A, 0x46, 0x6A, 0x46, 0x6A, 0x26, 0x62, 0x26, 0x62, 0x26, 0x62, 0x26, 0x62, 0x05, 0x62, 0x05, 0x39, 0x23, 0x00, 0x00, 0x08, 0x20, 0x39, 0x44, 0x6A, 0x68, 
0x6A, 0x67, 0x6A, 0x67, 0x7A, 0x88, 0x8A, 0x47, 0x91, 0xA5, 0x89, 0x65, 0x8A, 0x07, 0x7A, 0xAA, 0xB5, 0x35, 0xC5, 0xF8, 0xCE, 0x18, 0xC5, 0xD7, 0xB5, 0x14, 0xAC, 0xF3, 0xCD, 0xF8, 0xD6, 0x5A, 
0xCE, 0x19, 0xB5, 0x55, 0xCE, 0x18, 0xCD, 0xF8, 0xB5, 0x35, 0xC5, 0xD7, 0xD6, 0x59, 0xCD, 0xF7, 0xCD, 0xF7, 0xCE, 0x18, 0xC5, 0xB7, 0xAD, 0x13, 0xAC, 0x8F, 0x6B, 0x2B, 0xB5, 0x34, 0x6B, 0x2C, 
0x7B, 0x6C, 0x73, 0x4D, 0x94, 0x93, 0xAD, 0x35, 0xBD, 0xB6, 0xC5, 0xB6, 0xC5, 0xD7, 0xC5, 0x75, 0xA3, 0xCD, 0x92, 0xC7, 0x92, 0xA7, 0x92, 0xC7, 0x92, 0xC7, 0x92, 0xC7, 0x9A, 0xE8, 0x9B, 0x09, 
0x9B, 0x09, 0xA3, 0x29, 0xA3, 0x49, 0xAB, 0x4A, 0xAB, 0x4A, 0xAB, 0x6A, 0xB3, 0x8B, 0xB3, 0xAB, 0xB3, 0xAC, 0xBB, 0xCC, 0xBB, 0xCC, 0xBB, 0xEC, 0xC3, 0xED, 0xC4, 0x0D, 0xBB, 0xCC, 0xBB, 0xAB, 
0xB3, 0x6A, 0xA2, 0xE7, 0x9A, 0x85, 0x9A, 0x65, 0x9A, 0x86, 0x9A, 0xC6, 0xA3, 0x07, 0xAB, 0x28, 0xAB, 0x49, 0xB3, 0x8A, 0xB3, 0xAA, 0xBB, 0xCB, 0xBB, 0xCB, 0xBB, 0xEC, 0xC3, 0xEC, 0xC4, 0x0C, 
0xC4, 0x2D, 0xCC, 0x2D, 0xCC, 0x4E, 0xCC, 0x4E, 0xCC, 0x4E, 0xCC, 0x4E, 0xCC, 0x6E, 0xCC, 0x6E, 0xCC, 0x6E, 0xCC, 0x4E, 0xCC, 0x4E, 0xCC, 0x4E, 0xCC, 0x4E, 0xD4, 0x4E, 0xD4, 0x4E, 0xD4, 0x2E, 
0xCC, 0x0D, 0xD4, 0x0D, 0xD4, 0x0D, 0xD4, 0x2D, 0xD4, 0x2D, 0xD4, 0x0D, 0xD4, 0x0D, 0xD4, 0x0D, 0xD4, 0x2D, 0xD4, 0x2D, 0xD4, 0x0D, 0xD4, 0x0D, 0xD3, 0xEC, 0xD3, 0xEC, 0xD4, 0x0D, 0xD4, 0x0D, 
0xD4, 0x0D, 0xD4, 0x0D, 0xD3, 0xEC, 0xDB, 0xEC, 0xDB, 0xEC, 0xDB, 0xEC, 0xDB, 0xCC, 0xDB, 0xCC, 0xDB, 0xCC, 0xDB, 0xAB, 0xE3, 0x8B, 0xE3, 0x8A, 0xE3, 0x4A, 0xE3, 0x29, 0xE3, 0x09, 0xE3, 0x09, 
0xEA, 0xE8, 0xEA, 0xE8, 0xEA, 0xC8, 0xEA, 0xC7, 0xEA, 0xA7, 0xEA, 0xA7, 0xEA, 0x87, 0xEA, 0x66, 0xEA, 0x46, 0xEA, 0x45, 0xDA, 0xA9, 0xBB, 0xEF, 0xB4, 0x10, 0xB4, 0x30, 0xB4, 0x30, 0xBC, 0x31, 
0xBC, 0x51, 0xB4, 0x51, 0xB4, 0x51, 0xB4, 0x51, 0xB4, 0x51, 0xB4, 0x51, 0xB4, 0x51, 0xB4, 0x71, 0xB4, 0x71, 0xBC, 0x71, 0xBC, 0x92, 0xBC, 0x92, 0xBC, 0x92, 0xBC, 0x92, 0xBC, 0xB2, 0xBC, 0x91, 
0xB4, 0x70, 0xBC, 0x91, 0xBC, 0xB2, 0xBC, 0xB2, 0xBC, 0xD2, 0xBC, 0xD2, 0xBC, 0xD2, 0xBC, 0xB2, 0xC4, 0xB2, 0xC4, 0xB2, 0xC4, 0xB2, 0xBC, 0xB2, 0xBC, 0xB2, 0xBC, 0xB1, 0xBC, 0xB1, 0xBC, 0x91, 
0xBC, 0x91, 0xBC, 0x71, 0xBC, 0x70, 0xBC, 0x50, 0xB4, 0x30, 0xB4, 0x0F, 0xAB, 0xAE, 0x9B, 0x0B, 0x92, 0x48, 0x81, 0xE6, 0x9A, 0x89, 0xB3, 0x8D, 0xAA, 0xEA, 0xA2, 0xCA, 0xA3, 0x0A, 0xAB, 0x6D, 
0xB3, 0xCE, 0xBB, 0xEE, 0xAB, 0x8D, 0x7A, 0x49, 0x61, 0xC6, 0x59, 0x86, 0x59, 0x65, 0x71, 0xE7, 0x82, 0x69, 0x8A, 0x48, 0xA1, 0xC6, 0xA9, 0x64, 0xA9, 0x44, 0x91, 0xE7, 0x8A, 0x69, 0x7A, 0x69, 
0x82, 0x8A, 0xA3, 0x8E, 0xC4, 0xB3, 0xCC, 0xD3, 0xCC, 0xF3, 0xCC, 0xD3, 0xCC, 0xF3, 0xCC, 0xF3, 0xCC, 0xF3, 0xCC, 0xF4, 0xCD, 0x14, 0xCD, 0x14, 0xCD, 0x14, 0xCD, 0x14, 0xCD, 0x34, 0xCD, 0x14, 
0x6A, 0x26, 0x6A, 0x25, 0x6A, 0x26, 0x62, 0x25, 0x62, 0x05, 0x62, 0x05, 0x62, 0x05, 0x62, 0x05, 0x62, 0x05, 0x62, 0x05, 0x61, 0xE5, 0x20, 0xA1, 0x00, 0x00, 0x08, 0x00, 0x51, 0xC6, 0x6A, 0x67, 
0x6A, 0x67, 0x6A, 0x67, 0x8A, 0x67, 0xAA, 0xC9, 0xAB, 0x4B, 0x79, 0xC6, 0x72, 0x08, 0x9C, 0x31, 0xC5, 0xB7, 0xC5, 0xF8, 0xBD, 0x97, 0xA4, 0xB2, 0xAC, 0xD3, 0xC5, 0xD7, 0xD6, 0x5A, 0xD6, 0x39, 
0xCD, 0xF8, 0xBD, 0x76, 0xCE, 0x18, 0xCD, 0xF8, 0x9C, 0xB2, 0xD6, 0x39, 0xCD, 0xF8, 0xCD, 0xF7, 0xD6, 0x39, 0xB5, 0x76, 0x7B, 0xD0, 0x7B, 0x8E, 0xA4, 0x4E, 0x73, 0x8D, 0x94, 0x0E, 0x8B, 0x8C, 
0x7B, 0x6D, 0x73, 0x8E, 0x9C, 0xD3, 0xBD, 0x96, 0xC5, 0xB6, 0xBD, 0x95, 0xBD, 0x95, 0xC5, 0xD7, 0xC5, 0xB6, 0x9B, 0x6B, 0x92, 0xC7, 0x92, 0xC7, 0x92, 0xC8, 0x9A, 0xC8, 0x9A, 0xE8, 0x9B, 0x09, 
0x9B, 0x09, 0xA3, 0x29, 0xA3, 0x4A, 0xAB, 0x4A, 0xAB, 0x4A, 0xAB, 0x6A, 0xB3, 0x8B, 0xB3, 0xAB, 0xB3, 0xAC, 0xBB, 0xCC, 0xBB, 0xCC, 0xBB, 0xCC, 0xBB, 0xED, 0xBB, 0xEC, 0xBB, 0xCC, 0xBB, 0xCB, 
0xBB, 0x8A, 0xAB, 0x28, 0xA2, 0xE7, 0xA2, 0xC7, 0xA2, 0xE7, 0xA3, 0x08, 0xAB, 0x49, 0xAB, 0x69, 0xB3, 0x8A, 0xB3, 0xAA, 0xBB, 0xAB, 0xBB, 0xCB, 0xC3, 0xEC, 0xC3, 0xEC, 0xC3, 0xEC, 0xC4, 0x0D, 
0xC4, 0x2D, 0xCC, 0x2D, 0xCC, 0x4E, 0xCC, 0x4E, 0xCC, 0x4E, 0xCC, 0x6E, 0xCC, 0x6E, 0xCC, 0x6E, 0xCC, 0x6E, 0xCC, 0x6E, 0xCC, 0x6E, 0xD4, 0x6E, 0xD4, 0x4E, 0xD4, 0x4E, 0xD4, 0x4E, 0xD4, 0x4E, 
0xD4, 0x0D, 0xD4, 0x2E, 0xD4, 0x2D, 0xD4, 0x2D, 0xD4, 0x2D, 0xD4, 0x2D, 0xD4, 0x2D, 0xD4, 0x2D, 0xD4, 0x2D, 0xD4, 0x2D, 0xD4, 0x0D, 0xD4, 0x0D, 0xD3, 0xEC, 0xD3, 0xEC, 0xD4, 0x0D, 0xD4, 0x0D, 
0xD4, 0x0D, 0xDC, 0x0D, 0xDB, 0xED, 0xDB, 0xED, 0xDB, 0xEC, 0xDB, 0xEC, 0xE3, 0xEC, 0xE3, 0xCC, 0xE3, 0xCC, 0xE3, 0xAB, 0xE3, 0xAB, 0xE3, 0x8A, 0xE3, 0x6A, 0xE3, 0x29, 0xE3, 0x09, 0xE3, 0x09, 
0xEB, 0x08, 0xEA, 0xE8, 0xEA, 0xE8, 0xEA, 0xC8, 0xEA, 0xC7, 0xEA, 0xA7, 0xEA, 0x87, 0xEA, 0x66, 0xEA, 0x66, 0xEA, 0x46, 0xD3, 0x2B, 0xBB, 0xEF, 0xB4, 0x10, 0xB4, 0x30, 0xB4, 0x30, 0xBC, 0x30, 
0xBC, 0x31, 0xB4, 0x51, 0xB4, 0x51, 0xB4, 0x51, 0xB4, 0x51, 0xB4, 0x51, 0xB4, 0x51, 0xB4, 0x71, 0xB4, 0x71, 0xBC, 0x71, 0xBC, 0x92, 0xBC, 0x92, 0xBC, 0x92, 0xBC, 0x92, 0xBC, 0x92, 0xBC, 0x91, 
0xB4, 0x70, 0xBC, 0x91, 0xBC, 0xB2, 0xBC, 0xB2, 0xBC, 0xB2, 0xBC, 0xD2, 0xBC, 0xD2, 0xBC, 0xB2, 0xBC, 0xB2, 0xBC, 0xB2, 0xBC, 0x92, 0xBC, 0x91, 0xBC, 0x71, 0xBC, 0x70, 0xB4, 0x50, 0xB4, 0x0F, 
0xB3, 0xEE, 0xAB, 0xCE, 0xAB, 0xAD, 0xAB, 0x8D, 0xAB, 0x6C, 0xAB, 0x4C, 0xAB, 0x4C, 0xAB, 0x2B, 0xAB, 0x2B, 0xAB, 0x2B, 0xB3, 0x4B, 0xB3, 0x4B, 0xAB, 0x2B, 0xAB, 0x2B, 0xAB, 0x4B, 0xB3, 0xAD, 
0xB3, 0xCE, 0xB3, 0xEF, 0xAB, 0x8D, 0x82, 0x89, 0x61, 0xE7, 0x51, 0x86, 0x41, 0x04, 0x40, 0xE3, 0x59, 0x45, 0x81, 0xE7, 0xC2, 0x8A, 0xAA, 0x49, 0xA2, 0x8A, 0x92, 0xCB, 0x8A, 0xAB, 0x82, 0xAA, 
0x8A, 0xCB, 0x9B, 0x4D, 0xC4, 0x92, 0xC4, 0xD3, 0xC4, 0xD3, 0xCC, 0xF3, 0xCC, 0xF3, 0xCC, 0xF3, 0xCC, 0xF4, 0xCD, 0x14, 0xCD, 0x14, 0xCD, 0x14, 0xCD, 0x14, 0xCD, 0x14, 0xCD, 0x34, 0xCD, 0x14, 
0x62, 0x05, 0x62, 0x05, 0x62, 0x05, 0x62, 0x05, 0x62, 0x05, 0x62, 0x05, 0x62, 0x05, 0x62, 0x25, 0x62, 0x26, 0x62, 0x26, 0x59, 0xE5, 0x08, 0x20, 0x00, 0x00, 0x08, 0x20, 0x62, 0x47, 0x6A, 0x68, 
0x6A, 0x68, 0x7A, 0xA8, 0x9A, 0x88, 0x9A, 0x06, 0xA3, 0x6C, 0x83, 0x2B, 0x8B, 0xEF, 0xBD, 0x76, 0xC5, 0xD7, 0xBD, 0x76, 0xA4, 0x72, 0xAC, 0xD3, 0xC5, 0x97, 0xCE, 0x19, 0xD6, 0x3A, 0xCE, 0x19, 
0xCD, 0xF8, 0xC5, 0x97, 0xC5, 0xD7, 0xB5, 0x35, 0x9C, 0x92, 0xC5, 0xB7, 0xC5, 0xB7, 0xCE, 0x18, 0xC5, 0xD7, 0x63, 0xB0, 0x43, 0x70, 0x6B, 0x4C, 0xB4, 0xB0, 0xA4, 0xB1, 0xA4, 0x90, 0x9C, 0x2E, 
0x72, 0xE9, 0x62, 0xA9, 0x7B, 0xCF, 0xBD, 0xB7, 0xC5, 0xB6, 0xBD, 0x55, 0xBD, 0xB6, 0xCD, 0xF7, 0xCD, 0xF7, 0xCE, 0x17, 0xA4, 0x0E, 0x92, 0xC8, 0x92, 0xE8, 0x9A, 0xE8, 0x9A, 0xE8, 0x9B, 0x09, 
0x9B, 0x09, 0xA3, 0x29, 0xA3, 0x4A, 0xAB, 0x4A, 0xAB, 0x4A, 0xAB, 0x6A, 0xAB, 0x6B, 0xB3, 0x8B, 0xB3, 0xAB, 0xBB, 0xAC, 0xBB, 0xCB, 0xBB, 0xCC, 0xBB, 0xEC, 0xBB, 0xEC, 0xBB, 0xCC, 0xBB, 0xAB, 
0xBB, 0xAB, 0xB3, 0x6A, 0xAB, 0x49, 0xAB, 0x08, 0xAB, 0x08, 0xAB, 0x49, 0xAB, 0x6A, 0xB3, 0x8A, 0xB3, 0xAB, 0xBB, 0xAB, 0xBB, 0xCB, 0xBB, 0xCC, 0xC3, 0xEC, 0xC3, 0xEC, 0xC4, 0x0D, 0xC4, 0x2D, 
0xCC, 0x2D, 0xCC, 0x2E, 0xCC, 0x4E, 0xCC, 0x4E, 0xCC, 0x6E, 0xCC, 0x6F, 0xCC, 0x6F, 0xCC, 0x6F, 0xD4, 0x6F, 0xD4, 0x6F, 0xD4, 0x6F, 0xD4, 0x6E, 0xD4, 0x4E, 0xD4, 0x4E, 0xD4, 0x4E, 0xD4, 0x4E, 
0xD4, 0x4E, 0xD4, 0x2E, 0xD4, 0x2D, 0xD4, 0x2E, 0xD4, 0x2D, 0xD4, 0x2D, 0xD4, 0x2D, 0xD4, 0x2D, 0xD4, 0x2D, 0xD4, 0x2D, 0xD4, 0x0D, 0xD4, 0x0D, 0xD4, 0x0D, 0xD4, 0x0D, 0xD4, 0x0D, 0xD4, 0x0D, 
0xDC, 0x0D, 0xDC, 0x0D, 0xDC, 0x0D, 0xDB, 0xED, 0xDB, 0xEC, 0xDB, 0xEC, 0xE3, 0xEC, 0xE3, 0xCC, 0xE3, 0xCC, 0xE3, 0xAC, 0xE3, 0xAB, 0xE3, 0x8B, 0xE3, 0x6A, 0xE3, 0x4A, 0xE3, 0x29, 0xE3, 0x09, 
0xEB, 0x08, 0xEA, 0xE8, 0xEA, 0xE8, 0xEA, 0xE8, 0xEA, 0xC7, 0xEA, 0x87, 0xEA, 0x87, 0xF2, 0x86, 0xF2, 0x66, 0xEA, 0x66, 0xCB, 0x8D, 0xBB, 0xEF, 0xB4, 0x10, 0xB4, 0x30, 0xB4, 0x30, 0xB4, 0x30, 
0xBC, 0x30, 0xB4, 0x50, 0xB4, 0x50, 0xB4, 0x51, 0xB4, 0x51, 0xB4, 0x51, 0xB4, 0x51, 0xB4, 0x71, 0xB4, 0x71, 0xBC, 0x72, 0xBC, 0x91, 0xBC, 0x92, 0xBC, 0x92, 0xBC, 0x92, 0xBC, 0x91, 0xBC, 0x71, 
0xBC, 0x70, 0xBC, 0x91, 0xBC, 0xB2, 0xBC, 0xB2, 0xBC, 0xB2, 0xBC, 0xB2, 0xBC, 0xB2, 0xBC, 0xB2, 0xBC, 0x91, 0xBC, 0x71, 0xBC, 0x70, 0xB4, 0x2F, 0xB4, 0x0E, 0xAB, 0xCD, 0xAB, 0x8D, 0xAB, 0x6C, 
0xAB, 0x6C, 0xAB, 0x4B, 0xAB, 0x4B, 0xAB, 0x4B, 0xAB, 0x4B, 0xAB, 0x4B, 0xAB, 0x4B, 0xAB, 0x4B, 0xAB, 0x4B, 0xAB, 0x4B, 0xAB, 0x4B, 0xAB, 0x2B, 0xAB, 0x2B, 0xAB, 0x0A, 0xAB, 0x2B, 0xAB, 0x6C, 
0xAB, 0x8D, 0xAB, 0x8D, 0xA3, 0x2C, 0x72, 0x28, 0x59, 0xC7, 0x51, 0x86, 0x49, 0x03, 0x40, 0xE3, 0x48, 0xE3, 0x61, 0x24, 0x9A, 0x08, 0x9A, 0x8A, 0x92, 0xCB, 0x92, 0xEC, 0x8A, 0xCB, 0x8A, 0xCB, 
0x8A, 0xCB, 0x9B, 0x4D, 0xBC, 0x92, 0xC4, 0xB3, 0xC4, 0xD3, 0xCC, 0xF3, 0xCC, 0xF3, 0xCC, 0xF4, 0xCC, 0xF4, 0xCD, 0x14, 0xCD, 0x14, 0xCD, 0x14, 0xCD, 0x14, 0xCD, 0x14, 0xCD, 0x14, 0xCD, 0x14, 
0x62, 0x05, 0x62, 0x05, 0x62, 0x05, 0x62, 0x26, 0x62, 0x26, 0x6A, 0x26, 0x6A, 0x46, 0x6A, 0x46, 0x6A, 0x46, 0x62, 0x26, 0x51, 0xA4, 0x00, 0x00, 0x00, 0x00, 0x20, 0xA2, 0x6A, 0x67, 0x6A, 0x68, 
0x72, 0xA9, 0x93, 0xAD, 0x93, 0x4B, 0x92, 0x87, 0x82, 0xA9, 0x6A, 0xEB, 0xA4, 0xB3, 0xBD, 0x96, 0xB5, 0x55, 0xA4, 0xB2, 0xB5, 0x14, 0xBD, 0x97, 0xCD, 0xF8, 0xCE, 0x39, 0xD6, 0x39, 0xCE, 0x19, 
0xCD, 0xF8, 0xC5, 0xD7, 0xBD, 0x76, 0x94, 0x31, 0xAD, 0x14, 0xC5, 0xB7, 0xCE, 0x19, 0xCE, 0x18, 0x7C, 0x32, 0x3B, 0x30, 0x3A, 0xEF, 0x8B, 0xCD, 0xB4, 0xAF, 0x9C, 0x0D, 0x93, 0xCC, 0x72, 0x87, 
0xA3, 0x87, 0xA3, 0xCB, 0xAD, 0x35, 0xBD, 0x76, 0xBD, 0xB6, 0xB5, 0x55, 0xC5, 0xF7, 0xC5, 0xD7, 0xCD, 0xF7, 0xCD, 0xF7, 0xCE, 0x18, 0xBC, 0xF3, 0x9B, 0x2A, 0x9A, 0xE8, 0x9B, 0x08, 0x9B, 0x09, 
0xA3, 0x29, 0xA3, 0x29, 0xA3, 0x2A, 0xA3, 0x4A, 0xAB, 0x4A, 0xAB, 0x6A, 0xAB, 0x6A, 0xAB, 0x8B, 0xB3, 0x8B, 0xB3, 0xAC, 0xBB, 0xCC, 0xBB, 0xAC, 0xBB, 0xCC, 0xBB, 0xCC, 0xBB, 0xAB, 0xA9, 0xC6, 
0xA1, 0x84, 0xBB, 0xAB, 0xB3, 0x8A, 0xB3, 0x49, 0xB3, 0x29, 0xB3, 0x49, 0xB3, 0x6A, 0xB3, 0x8A, 0xBB, 0x8B, 0xBB, 0xAB, 0xC3, 0xCB, 0xC3, 0xCC, 0xC3, 0xEC, 0xC3, 0xEC, 0xCC, 0x0D, 0xCC, 0x0D, 
0xCC, 0x2D, 0xCC, 0x4E, 0xCC, 0x4E, 0xCC, 0x4E, 0xCC, 0x6E, 0xCC, 0x6F, 0xD4, 0x8F, 0xD4, 0x8F, 0xD4, 0x8F, 0xD4, 0x6F, 0xBA, 0x88, 0xB1, 0xA5, 0xA9, 0x03, 0xA0, 0x81, 0xCB, 0xED, 0xD4, 0x4E, 
0xD4, 0x4E, 0xD4, 0x4E, 0xD4, 0x4E, 0xD4, 0x4E, 0xD4, 0x4E, 0xD4, 0x2E, 0xD4, 0x2E, 0xD4, 0x2D, 0xD4, 0x2D, 0xD4, 0x0D, 0xD4, 0x0D, 0xD4, 0x0D, 0xD4, 0x0D, 0xD4, 0x0D, 0xD4, 0x0D, 0xDC, 0x0D, 
0xDB, 0xED, 0xDB, 0xEC, 0xDB, 0xED, 0xDB, 0xED, 0xDC, 0x0D, 0xDC, 0x0D, 0xE4, 0x0D, 0xCA, 0xA8, 0xCA, 0x27, 0xCA, 0x27, 0xCA, 0x27, 0xE3, 0x8B, 0xE3, 0x6A, 0xEB, 0x6A, 0xEB, 0x29, 0xEB, 0x09, 
0xC1, 0xC5, 0xB1, 0x03, 0xB9, 0x03, 0xE3, 0x09, 0xD2, 0x06, 0xC1, 0x23, 0xC1, 0x23, 0xEA, 0x87, 0xF2, 0x87, 0xEA, 0xC8, 0xCA, 0xCA, 0xA9, 0xC7, 0xAA, 0x69, 0xB3, 0x6D, 0xBC, 0x30, 0xB4, 0x30, 
0xB4, 0x30, 0xBC, 0x51, 0xB4, 0x51, 0xB4, 0x51, 0xB4, 0x51, 0xB4, 0x51, 0xB4, 0x51, 0xB4, 0x71, 0xBC, 0x91, 0xBC, 0x91, 0xBC, 0x92, 0xBC, 0x92, 0xBC, 0x92, 0xBC, 0x92, 0xBC, 0x91, 0xBC, 0x71, 
0xBC, 0x70, 0xBC, 0x91, 0xBC, 0xB2, 0xBC, 0xB2, 0xBC, 0xB2, 0xBC, 0xB2, 0xBC, 0x91, 0xBC, 0x71, 0xB4, 0x50, 0xB4, 0x0E, 0xAB, 0xCD, 0xAB, 0x8C, 0xAB, 0x6C, 0xAB, 0x4B, 0xAB, 0x4B, 0xAB, 0x4B, 
0xAB, 0x4B, 0xAB, 0x4B, 0xAB, 0x4B, 0xAB, 0x4B, 0xAB, 0x4B, 0xAB, 0x4B, 0xAB, 0x4B, 0xAB, 0x4B, 0xAB, 0x4B, 0xAB, 0x4B, 0xAB, 0x2B, 0xAB, 0x2A, 0xAB, 0x2A, 0xAB, 0x0A, 0xA3, 0x0A, 0xA3, 0x0A, 
0xA3, 0x2A, 0xA3, 0x0A, 0x92, 0x89, 0x69, 0xC6, 0x59, 0x85, 0x49, 0x45, 0x51, 0x65, 0x59, 0x65, 0x59, 0x65, 0x51, 0x04, 0x71, 0x85, 0x8A, 0x8A, 0x92, 0xCB, 0x92, 0xEC, 0x92, 0xCB, 0x8A, 0xCB, 
0x8A, 0xEB, 0x9B, 0x4D, 0xBC, 0x71, 0xC4, 0xB2, 0xC4, 0xB3, 0xC4, 0xD3, 0xCC, 0xF3, 0xCC, 0xF4, 0xCC, 0xF4, 0xCD, 0x14, 0xCD, 0x14, 0xCD, 0x14, 0xCD, 0x14, 0xCD, 0x14, 0xCD, 0x14, 0xCD, 0x14, 
0x62, 0x26, 0x6A, 0x26, 0x6A, 0x46, 0x6A, 0x46, 0x6A, 0x46, 0x6A, 0x47, 0x6A, 0x46, 0x6A, 0x46, 0x6A, 0x46, 0x62, 0x26, 0x31, 0x03, 0x00, 0x00, 0x00, 0x00, 0x39, 0x44, 0x6A, 0x68, 0x6A, 0x68, 
0x83, 0x4B, 0x93, 0xCD, 0x93, 0xCD, 0x8B, 0x4B, 0x62, 0x27, 0x7B, 0x4D, 0xAD, 0x14, 0xB5, 0x35, 0xAC, 0xD3, 0xB5, 0x35, 0xBD, 0x97, 0xC5, 0xD8, 0xCE, 0x19, 0xD6, 0x3A, 0xCE, 0x39, 0xCE, 0x19, 
0xCE, 0x19, 0xCD, 0xF8, 0xAC, 0xF4, 0x94, 0x30, 0xBD, 0x96, 0xCD, 0xF8, 0xCE, 0x39, 0xA5, 0x15, 0x43, 0x2F, 0x43, 0x92, 0x32, 0xCE, 0x52, 0x8A, 0x62, 0xC9, 0x7A, 0xA5, 0xAB, 0x64, 0xA3, 0x44, 
0x9B, 0x46, 0x8B, 0xAB, 0xAD, 0x34, 0xBD, 0x76, 0xBD, 0x96, 0xBD, 0x75, 0xC5, 0xD7, 0xBD, 0xB6, 0xCD, 0xF7, 0xC5, 0xB6, 0xCD, 0xF7, 0xCE, 0x38, 0xC5, 0x95, 0x9B, 0x6B, 0x9B, 0x08, 0x9B, 0x09, 
0xA3, 0x29, 0xA3, 0x29, 0xA3, 0x4A, 0xA3, 0x4A, 0xA3, 0x4A, 0xAB, 0x6A, 0xAB, 0x6A, 0xAB, 0x6A, 0xAB, 0x8B, 0xB3, 0xAB, 0xBB, 0xAC, 0xBB, 0xCC, 0xBB, 0xCC, 0xB2, 0xC9, 0x98, 0xC2, 0x98, 0x00, 
0x90, 0x00, 0xAA, 0x27, 0xC3, 0xEC, 0xA1, 0x84, 0xA0, 0x81, 0xA0, 0x81, 0xA0, 0x81, 0xA0, 0x81, 0xA0, 0xA1, 0xA0, 0xA2, 0xA0, 0xA2, 0xA0, 0xA2, 0xA0, 0xA2, 0xA8, 0xA2, 0xA8, 0xC2, 0xA0, 0xE2, 
0xCC, 0x2D, 0xCC, 0x4E, 0xCC, 0x4E, 0xCC, 0x4E, 0xCC, 0x6E, 0xCC, 0x6E, 0xD4, 0x8F, 0xD4, 0x8F, 0xD4, 0x8F, 0xD4, 0x8F, 0xA9, 0x44, 0xA0, 0x00, 0xA0, 0x00, 0xA0, 0x00, 0xBA, 0x68, 0xD4, 0x6F, 
0xD4, 0x6E, 0xD4, 0x4E, 0xD4, 0x4E, 0xD4, 0x4E, 0xD4, 0x4E, 0xD4, 0x4E, 0xD4, 0x2E, 0xD4, 0x2E, 0xD4, 0x2E, 0xBA, 0x06, 0xA8, 0x81, 0xA8, 0x81, 0xA8, 0x81, 0xA8, 0x81, 0xA8, 0x81, 0xA8, 0x81, 
0xA8, 0x81, 0xA8, 0x81, 0xB0, 0x81, 0xB0, 0x81, 0xCA, 0xE9, 0xE4, 0x0D, 0xE4, 0x0D, 0xB1, 0x23, 0xA8, 0x00, 0xA8, 0x00, 0xA8, 0x61, 0xE3, 0x8B, 0xE3, 0x6A, 0xE3, 0x6A, 0xB1, 0x44, 0xA8, 0xA2, 
0xA0, 0x41, 0x98, 0x00, 0x98, 0x00, 0xA8, 0x61, 0xA0, 0x41, 0x98, 0x00, 0xA0, 0x00, 0xB0, 0xA2, 0xB0, 0xA2, 0xDA, 0xEA, 0xB9, 0xA6, 0x98, 0x00, 0x98, 0x00, 0xB2, 0xAA, 0xBB, 0x8D, 0xB3, 0x8E, 
0xB3, 0x8D, 0xB3, 0x8E, 0xB4, 0x30, 0xB4, 0x51, 0xB4, 0x51, 0xB4, 0x51, 0xB4, 0x71, 0xBC, 0x71, 0xBC, 0x92, 0xBC, 0x92, 0xBC, 0x92, 0xBC, 0xB2, 0xBC, 0xB2, 0xBC, 0xB2, 0xBC, 0x91, 0xBC, 0x70, 
0xBC, 0x71, 0xBC, 0x91, 0xBC, 0xB2, 0xBC, 0xB2, 0xBC, 0xB2, 0xBC, 0x91, 0xBC, 0x50, 0xB4, 0x0F, 0xAB, 0xCD, 0xAB, 0x8C, 0xA3, 0x4B, 0xA3, 0x4B, 0xA3, 0x4B, 0xAB, 0x4B, 0xAB, 0x4B, 0xAB, 0x4B, 
0xAB, 0x4B, 0xAB, 0x4B, 0xAB, 0x4B, 0xAB, 0x4B, 0xAB, 0x4B, 0xAB, 0x4B, 0xAB, 0x4B, 0xAB, 0x4B, 0xAB, 0x4B, 0xAB, 0x4B, 0xAB, 0x4B, 0xAB, 0x2A, 0xAB, 0x0A, 0xA2, 0xE9, 0xA2, 0xE9, 0xA2, 0xE9, 
0xA2, 0xE9, 0x9A, 0xC9, 0x82, 0x47, 0x69, 0xC6, 0x59, 0x65, 0x51, 0x65, 0x61, 0xC7, 0x69, 0xE8, 0x69, 0xC7, 0x59, 0x44, 0x71, 0xA6, 0x8A, 0x8A, 0x92, 0xCB, 0x92, 0xEC, 0x92, 0xEB, 0x8A, 0xCB, 
0x92, 0xEB, 0x9B, 0x2C, 0xAB, 0xCF, 0xB4, 0x10, 0xBC, 0x50, 0xC4, 0x92, 0xC4, 0xD3, 0xCC, 0xF3, 0xCC, 0xF4, 0xCC, 0xF4, 0xCD, 0x14, 0xCD, 0x14, 0xCD, 0x14, 0xCD, 0x14, 0xCD, 0x14, 0xCD, 0x14, 
0x6A, 0x26, 0x6A, 0x46, 0x6A, 0x46, 0x6A, 0x46, 0x6A, 0x46, 0x6A, 0x46, 0x6A, 0x46, 0x6A, 0x46, 0x62, 0x46, 0x62, 0x26, 0x18, 0x61, 0x00, 0x00, 0x00, 0x00, 0x5A, 0x06, 0x6A, 0x68, 0x72, 0xA9, 
0x8B, 0x8D, 0x8B, 0xEE, 0x94, 0x0E, 0x8B, 0x8C, 0x7B, 0x2C, 0x94, 0x10, 0xAC, 0xF4, 0xAC, 0xD3, 0xB5, 0x15, 0xBD, 0x77, 0xC5, 0xB7, 0xC5, 0xF8, 0xCE, 0x39, 0xCE, 0x39, 0xCE, 0x39, 0xCE, 0x19, 
0xCE, 0x19, 0xCD, 0xF8, 0x94, 0x30, 0xA4, 0xD3, 0xC5, 0xF8, 0xCE, 0x19, 0xCE, 0x39, 0x9C, 0xF4, 0x42, 0xCD, 0x43, 0x50, 0x3B, 0x71, 0x4B, 0xD2, 0x5B, 0xF3, 0x62, 0xC9, 0x9B, 0x04, 0x92, 0xE3, 
0xA3, 0x67, 0x9C, 0x50, 0xBD, 0x96, 0xB5, 0x55, 0xBD, 0x96, 0xBD, 0x96, 0xBD, 0x96, 0xBD, 0xB6, 0xC5, 0xB6, 0xC5, 0xB6, 0xCE, 0x18, 0xCE, 0x18, 0xCD, 0xF7, 0xCD, 0xF7, 0xBC, 0xF2, 0xA3, 0x8B, 
0xA3, 0x29, 0xA3, 0x29, 0xA3, 0x49, 0xA3, 0x49, 0xA3, 0x4A, 0xAB, 0x4A, 0xAB, 0x6A, 0xAB, 0x6A, 0xB3, 0x8B, 0xB3, 0xAB, 0xB3, 0xAC, 0xBB, 0xCC, 0xBB, 0xCC, 0xB2, 0xA8, 0x90, 0x20, 0x98, 0x00, 
0x98, 0x00, 0x90, 0x20, 0xBB, 0x2A, 0xA9, 0x44, 0xA0, 0x00, 0x98, 0x00, 0xA0, 0x00, 0xA0, 0x00, 0xA0, 0x00, 0xA0, 0x00, 0xA0, 0x00, 0xA0, 0x00, 0xA0, 0x00, 0xA0, 0x00, 0xA0, 0x00, 0x98, 0x20, 
0xD4, 0x4E, 0xCC, 0x4E, 0xCC, 0x4E, 0xCC, 0x6E, 0xD4, 0x6E, 0xD4, 0x6E, 0xD4, 0x6F, 0xD4, 0x8F, 0xD4, 0x8F, 0xD4, 0x90, 0xC2, 0xEA, 0xA0, 0x00, 0xA8, 0x00, 0xA8, 0x00, 0xA8, 0xE3, 0xD4, 0x6F, 
0xD4, 0x6E, 0xD4, 0x6E, 0xD4, 0x4E, 0xD4, 0x4E, 0xD4, 0x4E, 0xD4, 0x4E, 0xD4, 0x2E, 0xD4, 0x4E, 0xD4, 0x2E, 0xB9, 0xC5, 0xA8, 0x00, 0xA8, 0x00, 0xA8, 0x00, 0xA8, 0x00, 0xA8, 0x00, 0xA8, 0x00, 
0xA8, 0x00, 0xA8, 0x00, 0xA8, 0x00, 0xA8, 0x00, 0xCA, 0xC8, 0xE4, 0x0D, 0xE4, 0x0D, 0xB9, 0x03, 0xA8, 0x00, 0xA0, 0x00, 0xA8, 0x61, 0xE3, 0x6A, 0xE3, 0x6A, 0xE3, 0x6A, 0xA0, 0xC2, 0x98, 0x00, 
0x98, 0x00, 0x98, 0x00, 0x98, 0x00, 0x98, 0x20, 0x98, 0x00, 0x98, 0x00, 0x98, 0x00, 0x98, 0x20, 0x98, 0x20, 0xD2, 0xEA, 0x98, 0x40, 0x98, 0x00, 0x98, 0x00, 0x98, 0x00, 0x98, 0x00, 0x98, 0x00, 
0x98, 0x00, 0x90, 0x41, 0xB4, 0x30, 0xB4, 0x30, 0xB4, 0x51, 0xB4, 0x51, 0xB4, 0x51, 0xBC, 0x71, 0xBC, 0x92, 0xBC, 0x92, 0xBC, 0xB2, 0xBC, 0xB2, 0xBC, 0xB2, 0xBC, 0xB2, 0xBC, 0x91, 0xBC, 0x70, 
0xBC, 0x71, 0xBC, 0xB1, 0xBC, 0xB2, 0xBC, 0xB2, 0xBC, 0x91, 0xB4, 0x50, 0xB3, 0xEE, 0xAB, 0x8C, 0xA3, 0x6B, 0xA3, 0x4B, 0xA3, 0x2A, 0xA3, 0x4A, 0xA3, 0x4A, 0xAB, 0x4B, 0xAB, 0x4B, 0xAB, 0x4B, 
0xAB, 0x4B, 0xAB, 0x4B, 0xAB, 0x4A, 0xAB, 0x4B, 0xAB, 0x4B, 0xAB, 0x4B, 0xAB, 0x4B, 0xAB, 0x4B, 0xB3, 0x6B, 0xB3, 0x6B, 0xAB, 0x6B, 0xAB, 0x2A, 0xA2, 0xE9, 0xA2, 0xC8, 0xA2, 0xC8, 0xA2, 0xC8, 
0xA2, 0xC8, 0x9A, 0xA8, 0x7A, 0x06, 0x61, 0x85, 0x59, 0x86, 0x61, 0xA6, 0x61, 0xE7, 0x69, 0xE8, 0x69, 0xC6, 0x61, 0x45, 0x71, 0xE7, 0x8A, 0x8A, 0x92, 0xCC, 0x93, 0x0C, 0x92, 0xEB, 0x92, 0xCB, 
0x92, 0xEB, 0xA3, 0x6E, 0xBC, 0x51, 0xBC, 0x30, 0xB3, 0xEE, 0xBC, 0x0F, 0xC4, 0x50, 0xC4, 0x71, 0xC4, 0x91, 0xCC, 0xD2, 0xCC, 0xF3, 0xCC, 0xF3, 0xCD, 0x14, 0xCD, 0x14, 0xCD, 0x14, 0xCD, 0x14, 
0x6A, 0x26, 0x6A, 0x46, 0x6A, 0x46, 0x6A, 0x46, 0x6A, 0x46, 0x6A, 0x46, 0x6A, 0x46, 0x6A, 0x46, 0x62, 0x46, 0x51, 0xC5, 0x08, 0x00, 0x00, 0x00, 0x18, 0x61, 0x6A, 0x68, 0x72, 0x88, 0x7B, 0x2B, 
0x6A, 0xEA, 0x8B, 0xEE, 0x8B, 0xCE, 0x72, 0xA9, 0x59, 0xA6, 0x8B, 0xCF, 0xA4, 0xD3, 0xAC, 0xF4, 0xBD, 0x56, 0xBD, 0x97, 0xC5, 0xB7, 0xCD, 0xF8, 0xCE, 0x19, 0xCE, 0x19, 0xCE, 0x19, 0xCE, 0x19, 
0xCE, 0x19, 0xBD, 0x97, 0x8B, 0xCF, 0xB5, 0x56, 0xCE, 0x39, 0xCE, 0x39, 0xCE, 0x39, 0xCE, 0x18, 0xA4, 0xB2, 0x5A, 0xEC, 0x3B, 0x51, 0x54, 0x13, 0x5C, 0x14, 0x4A, 0xCC, 0x83, 0x09, 0x93, 0x68, 
0x7A, 0xE7, 0x94, 0x30, 0xB5, 0x76, 0xB5, 0x55, 0xB5, 0x55, 0xC5, 0xB7, 0xBD, 0x75, 0xBD, 0x96, 0xBD, 0x76, 0xC5, 0xB7, 0xC5, 0xF7, 0xCD, 0xF7, 0xCD, 0xF7, 0xC5, 0xD6, 0xCD, 0xD7, 0xCD, 0xD6, 
0xB4, 0x0D, 0xA3, 0x29, 0xA3, 0x29, 0xA3, 0x4A, 0xAB, 0x4A, 0xAB, 0x4A, 0xAB, 0x6A, 0xAB, 0x6B, 0xAB, 0x6A, 0xB3, 0x8B, 0xB3, 0xAC, 0xBB, 0xCC, 0xBB, 0xCC, 0xBB, 0xCC, 0xAA, 0x47, 0x90, 0x00, 
0x90, 0x00, 0x90, 0x00, 0x99, 0x64, 0xA9, 0x44, 0x98, 0x00, 0x98, 0x00, 0xA0, 0x00, 0xA0, 0x00, 0x98, 0x00, 0x98, 0x00, 0x98, 0x00, 0xA0, 0x00, 0xA0, 0x00, 0xA0, 0x00, 0xA0, 0x00, 0x98, 0x20, 
0xD4, 0x4E, 0xCC, 0x4E, 0xD4, 0x6E, 0xC2, 0xC9, 0xB1, 0x85, 0xB1, 0x85, 0xB1, 0x85, 0xB1, 0x85, 0xB1, 0x85, 0xB1, 0x65, 0xB1, 0x24, 0xA8, 0x00, 0xA8, 0x00, 0xA8, 0x00, 0xA0, 0x00, 0xB1, 0x44, 
0xB1, 0x64, 0xB1, 0x64, 0xB1, 0x64, 0xB1, 0x64, 0xB1, 0x44, 0xB1, 0xC5, 0xD4, 0x2E, 0xD4, 0x2E, 0xD4, 0x4E, 0xB1, 0xE6, 0xA0, 0x20, 0xA0, 0x20, 0xA0, 0x20, 0xA0, 0x20, 0xA0, 0x00, 0xA0, 0x20, 
0xA0, 0x00, 0xA0, 0x00, 0xA8, 0x00, 0xA0, 0x00, 0xCA, 0xA8, 0xE4, 0x0D, 0xE3, 0xED, 0xB9, 0x03, 0xA8, 0x00, 0xA8, 0x00, 0xA8, 0x61, 0xE3, 0x6A, 0xE3, 0x4A, 0xE3, 0x4A, 0xE3, 0x4A, 0xCA, 0x47, 
0xA8, 0x61, 0xA8, 0x40, 0xB1, 0x03, 0xE3, 0x8B, 0xCA, 0x07, 0xB0, 0xE2, 0xB0, 0xE3, 0xDA, 0x88, 0xDA, 0xC9, 0xA8, 0xE3, 0x98, 0x00, 0x98, 0x00, 0x98, 0x00, 0x98, 0x00, 0xA0, 0x00, 0x98, 0x00, 
0x98, 0x00, 0x98, 0x62, 0xB4, 0x10, 0xB4, 0x30, 0xB4, 0x30, 0xB4, 0x51, 0xB4, 0x51, 0xBC, 0x71, 0xBC, 0x71, 0xBC, 0x91, 0xBC, 0x92, 0xC4, 0xB2, 0xC4, 0xB2, 0xC4, 0xB2, 0xBC, 0x91, 0xBC, 0x70, 
0xBC, 0x91, 0xBC, 0xB2, 0xBC, 0xB2, 0xBC, 0x91, 0xBC, 0x70, 0xB4, 0x0E, 0xAB, 0x8C, 0xA3, 0x6B, 0xA3, 0x4A, 0xA3, 0x4A, 0xA3, 0x2A, 0xA3, 0x4A, 0xAB, 0x4B, 0xAB, 0x4B, 0xAB, 0x6B, 0xAB, 0x6B, 
0xAB, 0x6B, 0xAB, 0x4B, 0xAB, 0x4B, 0xAB, 0x6B, 0xB3, 0xAC, 0xB3, 0xAD, 0xBB, 0xCD, 0xBB, 0xEE, 0xBC, 0x0F, 0xBC, 0x0F, 0xB3, 0xAD, 0xAB, 0x2A, 0xA2, 0xC9, 0x9A, 0xA8, 0x9A, 0xA8, 0x9A, 0xC8, 
0x9A, 0xA8, 0x92, 0x88, 0x69, 0xA5, 0x49, 0x03, 0x49, 0x24, 0x59, 0xA6, 0x61, 0xE7, 0x72, 0x29, 0x69, 0xC7, 0x69, 0x86, 0x7A, 0x28, 0x8A, 0x8B, 0x92, 0xEC, 0x92, 0xEC, 0x92, 0xEC, 0x92, 0xCB, 
0x92, 0xEB, 0xAB, 0xAF, 0xBC, 0x93, 0xC4, 0xB3, 0xC4, 0xB3, 0xC4, 0x92, 0xC4, 0x71, 0xC4, 0x30, 0xBB, 0xCE, 0xC4, 0x2F, 0xCC, 0x71, 0xCC, 0x91, 0xCC, 0xB2, 0xCC, 0xF3, 0xCC, 0xF3, 0xCC, 0xF4, 
0x6A, 0x26, 0x6A, 0x46, 0x6A, 0x46, 0x6A, 0x46, 0x6A, 0x46, 0x6A, 0x26, 0x6A, 0x46, 0x6A, 0x46, 0x62, 0x26, 0x31, 0x02, 0x00, 0x00, 0x00, 0x00, 0x41, 0x44, 0x72, 0x67, 0x7B, 0x0A, 0x8B, 0xCE, 
0x62, 0xAA, 0x8B, 0xEE, 0x83, 0x6C, 0x71, 0xA6, 0x6A, 0x08, 0xA4, 0x72, 0xAC, 0xD3, 0xB5, 0x35, 0xBD, 0x76, 0xBD, 0x97, 0xC5, 0xB8, 0xC5, 0xF9, 0xCD, 0xF9, 0xC5, 0xF9, 0xCE, 0x19, 0xCE, 0x19, 
0xCD, 0xF9, 0xA4, 0xB3, 0x94, 0x51, 0xC5, 0xD8, 0xCE, 0x5A, 0xD6, 0x5A, 0xCE, 0x39, 0xCE, 0x39, 0xBD, 0x96, 0x83, 0xF0, 0x3A, 0xEF, 0x4B, 0xB2, 0x4B, 0x91, 0x42, 0xEE, 0x6B, 0x4E, 0x8C, 0x10, 
0x94, 0x51, 0x9C, 0x72, 0xB5, 0x76, 0xB5, 0x35, 0xB5, 0x75, 0xBD, 0x96, 0xB5, 0x55, 0xBD, 0xB6, 0xBD, 0x75, 0xC5, 0xD7, 0xBD, 0x95, 0xCD, 0xF7, 0xBD, 0x75, 0xCD, 0xD7, 0xCD, 0xF7, 0xD6, 0x38, 
0xD6, 0x38, 0xB4, 0x90, 0xA3, 0x6A, 0xA3, 0x4A, 0xAB, 0x4A, 0xAB, 0x6A, 0xAB, 0x6A, 0xB3, 0x6A, 0xB3, 0x8A, 0xB3, 0x8B, 0xB3, 0x8B, 0xB3, 0xAB, 0xBB, 0xAB, 0xBB, 0xAB, 0xBB, 0xAC, 0xA1, 0xC5, 
0x90, 0x20, 0xA9, 0xC6, 0xC3, 0xAB, 0xB2, 0xA8, 0xB2, 0x47, 0xB2, 0x47, 0xB2, 0x68, 0xB2, 0x68, 0xB2, 0x68, 0xB2, 0x68, 0xB2, 0x68, 0xB2, 0x68, 0xA0, 0xC2, 0xA0, 0x00, 0xA0, 0x00, 0x98, 0x20, 
0xD4, 0x4F, 0xD4, 0x6F, 0xD4, 0x6F, 0xBA, 0x07, 0xA8, 0x00, 0xA8, 0x00, 0xA8, 0x00, 0xA8, 0x00, 0xA8, 0x00, 0xA8, 0x00, 0xA8, 0x00, 0xA8, 0x00, 0xA8, 0x00, 0xA8, 0x00, 0xA8, 0x00, 0xA8, 0x00, 
0xA8, 0x00, 0xA8, 0x00, 0xA8, 0x00, 0xA8, 0x00, 0xA8, 0x00, 0xA8, 0xA2, 0xD4, 0x2E, 0xD4, 0x2D, 0xD4, 0x4E, 0xDC, 0x4E, 0xDC, 0x2D, 0xD4, 0x0D, 0xDB, 0xED, 0xD3, 0xCD, 0xD3, 0xCD, 0xD3, 0xCD, 
0xD3, 0x4B, 0xA0, 0x00, 0xA8, 0x00, 0xA0, 0x00, 0xCA, 0xA9, 0xE4, 0x0C, 0xE3, 0xEC, 0xB1, 0x03, 0xA8, 0x00, 0xA8, 0x00, 0xA8, 0x61, 0xE3, 0x6B, 0xE3, 0x4A, 0xE3, 0x4A, 0xDB, 0x09, 0xA8, 0x61, 
0xA0, 0x00, 0xA0, 0x00, 0xA0, 0x40, 0xA0, 0x41, 0xA0, 0x41, 0xA0, 0x40, 0xA0, 0x40, 0xA0, 0x20, 0x98, 0x20, 0x98, 0x00, 0x98, 0x00, 0x98, 0x00, 0xCA, 0x48, 0xD2, 0xC9, 0x98, 0x00, 0x98, 0x00, 
0xA0, 0x82, 0xBB, 0xCF, 0xAC, 0x10, 0xAC, 0x10, 0xAC, 0x10, 0xB4, 0x30, 0xB4, 0x30, 0xB4, 0x50, 0xB4, 0x50, 0xBC, 0x50, 0xBC, 0x70, 0xC4, 0x91, 0xC4, 0xB2, 0xBC, 0xB2, 0xBC, 0x70, 0xBC, 0x6F, 
0xBC, 0x91, 0xBC, 0x91, 0xBC, 0x91, 0xBC, 0x71, 0xB4, 0x2F, 0xAB, 0xCD, 0xAB, 0x8C, 0xAB, 0x6B, 0xAB, 0x6B, 0xAB, 0x4B, 0xAB, 0x4A, 0xAB, 0x4A, 0xAB, 0x4B, 0xAB, 0x6B, 0xAB, 0x6B, 0xB3, 0x8C, 
0xB3, 0xAC, 0xB3, 0xCD, 0xBB, 0xEE, 0xBC, 0x2F, 0xBC, 0x50, 0xC4, 0x50, 0xC4, 0x70, 0xC4, 0x71, 0xC4, 0x71, 0xBC, 0x50, 0xB3, 0xCE, 0xA3, 0x0A, 0x9A, 0xC8, 0x9A, 0xA8, 0x9A, 0xA8, 0x9A, 0xA8, 
0x9A, 0xA8, 0x92, 0x67, 0x69, 0x84, 0x40, 0xC2, 0x38, 0xA2, 0x40, 0xE3, 0x59, 0x86, 0x72, 0x29, 0x71, 0xE8, 0x7A, 0x6B, 0x93, 0x2E, 0x8A, 0xAB, 0x92, 0xEC, 0x92, 0xEC, 0x92, 0xEC, 0x8A, 0xCB, 
0x8A, 0xAA, 0xAB, 0xAF, 0xBC, 0x92, 0xC4, 0xB3, 0xC4, 0xB3, 0xC4, 0xD3, 0xC4, 0xD3, 0xC4, 0xD3, 0xC4, 0xB2, 0xCC, 0x92, 0xCC, 0x92, 0xCC, 0x50, 0xCC, 0x30, 0xCC, 0x50, 0xCC, 0x71, 0xCC, 0xB2, 
0x6A, 0x26, 0x6A, 0x46, 0x6A, 0x46, 0x6A, 0x46, 0x62, 0x26, 0x62, 0x26, 0x6A, 0x26, 0x6A, 0x46, 0x62, 0x26, 0x08, 0x20, 0x00, 0x00, 0x08, 0x00, 0x62, 0x27, 0x72, 0x88, 0x8B, 0xCE, 0x94, 0x50, 
0x73, 0x2B, 0x6A, 0x48, 0x71, 0xA6, 0x79, 0x86, 0x8B, 0x6D, 0xA4, 0x92, 0xAC, 0xF4, 0xB5, 0x56, 0xBD, 0x76, 0xBD, 0x97, 0xC5, 0xB8, 0xC5, 0xD8, 0xC5, 0xF8, 0xC5, 0xF9, 0xCD, 0xF9, 0xCD, 0xF9, 
0xC5, 0xB7, 0x94, 0x10, 0xA4, 0xD3, 0xC6, 0x19, 0xCE, 0x5A, 0xD6, 0x5A, 0xD6, 0x5A, 0xCE, 0x3A, 0xBD, 0x76, 0xAD, 0x34, 0x52, 0xEE, 0x43, 0x71, 0x43, 0x30, 0x42, 0x8B, 0xB5, 0x55, 0xC5, 0xD7, 
0xC5, 0xF8, 0xB5, 0x56, 0xB5, 0x55, 0xAD, 0x14, 0xBD, 0x76, 0xBD, 0x76, 0xBD, 0x75, 0xBD, 0x75, 0xBD, 0x76, 0xC5, 0xD7, 0xC5, 0xB6, 0xC5, 0xB6, 0xC5, 0xB6, 0xCD, 0xF7, 0xCD, 0xF7, 0xCE, 0x17, 
0xCD, 0xD6, 0xD6, 0x38, 0xD5, 0xF6, 0xBC, 0x90, 0xAB, 0xAB, 0xAB, 0x6A, 0xAB, 0x6B, 0xB3, 0x8B, 0xB3, 0x8B, 0xB3, 0x8B, 0xB3, 0x8B, 0xB3, 0xAB, 0xBB, 0xAB, 0xAA, 0x47, 0xB2, 0x47, 0xB2, 0x67, 
0xAA, 0x06, 0xBB, 0xAC, 0xBB, 0xAC, 0xBB, 0xAC, 0xBB, 0xAC, 0xBB, 0xAC, 0xBB, 0xCC, 0xBB, 0xCC, 0xBB, 0xEC, 0xC3, 0xED, 0xC3, 0xCD, 0xC3, 0xCD, 0xA9, 0x44, 0xA0, 0x00, 0xA0, 0x00, 0x98, 0x20, 
0xD4, 0x4F, 0xD4, 0x6F, 0xD4, 0x8F, 0xBA, 0x07, 0xA8, 0x00, 0xA8, 0x00, 0xA8, 0x00, 0xA8, 0x00, 0xA8, 0x00, 0xA8, 0x00, 0xA8, 0x00, 0xA8, 0x00, 0xA8, 0x00, 0xA8, 0x00, 0xA8, 0x00, 0xA8, 0x00, 
0xA8, 0x00, 0xA8, 0x00, 0xA8, 0x00, 0xA8, 0x00, 0xA8, 0x00, 0xA8, 0x82, 0xD4, 0x2E, 0xD4, 0x2D, 0xD4, 0x4E, 0xD4, 0x2D, 0xCB, 0x8B, 0xCB, 0x6B, 0xCB, 0x6B, 0xCB, 0x6B, 0xCB, 0x6B, 0xCB, 0x4B, 
0xCA, 0xEA, 0xA0, 0x00, 0xA8, 0x00, 0xA0, 0x00, 0xCA, 0xA8, 0xDC, 0x0C, 0xE3, 0xEC, 0xB9, 0x03, 0xA8, 0x00, 0xA8, 0x00, 0xA8, 0x61, 0xE3, 0x6A, 0xE3, 0x6A, 0xDA, 0xE9, 0xA8, 0x81, 0xA0, 0x00, 
0xA0, 0x00, 0xB9, 0x23, 0xB9, 0x03, 0xB1, 0x03, 0xB1, 0x03, 0xA8, 0xA2, 0xA0, 0x00, 0x98, 0x00, 0xA8, 0xE3, 0x98, 0x20, 0x98, 0x00, 0x98, 0x00, 0x98, 0x61, 0xA0, 0x82, 0x98, 0x00, 0x98, 0x00, 
0xAA, 0x69, 0xAB, 0xEF, 0xAB, 0xCF, 0xAB, 0xCE, 0xA3, 0xAE, 0xAB, 0xCE, 0xB4, 0x0F, 0xB4, 0x0F, 0xB3, 0xEE, 0xBC, 0x0E, 0xBC, 0x2E, 0xBC, 0x4F, 0xBC, 0x70, 0xBC, 0x90, 0xBC, 0x4F, 0xBC, 0x6F, 
0xBC, 0x91, 0xBC, 0x91, 0xBC, 0x91, 0xBC, 0x70, 0xB4, 0x2F, 0xB3, 0xEE, 0xAB, 0xAC, 0xAB, 0x8B, 0xAB, 0x6B, 0xAB, 0x6B, 0xAB, 0x6B, 0xAB, 0x6B, 0xAB, 0x6B, 0xB3, 0xAC, 0xB3, 0xCD, 0xBC, 0x0E, 
0xBC, 0x50, 0xC4, 0x71, 0xC4, 0x71, 0xC4, 0x91, 0xC4, 0x92, 0xC4, 0x91, 0xC4, 0x92, 0xC4, 0x92, 0xC4, 0x71, 0xBC, 0x30, 0xAB, 0x8D, 0xA3, 0x0A, 0x9A, 0xA8, 0x9A, 0xA8, 0x9A, 0xA8, 0x9A, 0xA8, 
0x9A, 0xA8, 0x8A, 0x47, 0x69, 0xA5, 0x49, 0x03, 0x40, 0xC2, 0x38, 0x82, 0x40, 0xC2, 0x59, 0x85, 0x69, 0xE8, 0x8B, 0x0E, 0x9B, 0xF2, 0x92, 0xCC, 0x92, 0xAB, 0x8A, 0xAB, 0x8A, 0x6A, 0x7A, 0x08, 
0x79, 0xC6, 0xAB, 0xAE, 0xBC, 0x92, 0xBC, 0xB3, 0xC4, 0xB3, 0xC4, 0xD3, 0xC4, 0xD3, 0xC4, 0xF4, 0xCC, 0xF4, 0xCC, 0xF4, 0xCC, 0xF4, 0xCC, 0xF4, 0xCC, 0xD3, 0xCC, 0x91, 0xCC, 0x50, 0xC4, 0x0F, 
0x6A, 0x46, 0x6A, 0x46, 0x6A, 0x46, 0x6A, 0x26, 0x6A, 0x26, 0x62, 0x26, 0x6A, 0x26, 0x62, 0x26, 0x41, 0x64, 0x00, 0x00, 0x00, 0x00, 0x28, 0xC2, 0x72, 0x88, 0x7B, 0x0A, 0x9C, 0x50, 0x83, 0x8D, 
0x59, 0x65, 0x71, 0x04, 0x81, 0x65, 0x72, 0x28, 0x9C, 0x51, 0xA4, 0xB3, 0xB5, 0x35, 0xBD, 0x76, 0xBD, 0x97, 0xBD, 0x97, 0xC5, 0xB8, 0xC5, 0xD8, 0xC5, 0xF8, 0xC5, 0xF8, 0xC5, 0xF8, 0xC5, 0xF8, 
0xAC, 0xF4, 0x8B, 0xEF, 0xB5, 0x56, 0xCE, 0x39, 0xD6, 0x5A, 0xD6, 0x5A, 0xD6, 0x5A, 0xCE, 0x3A, 0xB5, 0x55, 0xC5, 0xB7, 0xBD, 0x76, 0x6B, 0xB0, 0x53, 0x0D, 0xAD, 0x15, 0xC5, 0xF8, 0xC5, 0xD8, 
0xCD, 0xF8, 0xC5, 0xD8, 0xC5, 0xD8, 0xAD, 0x14, 0xBD, 0x96, 0xB5, 0x34, 0xBD, 0x96, 0xB5, 0x34, 0xBD, 0xB7, 0xBD, 0x96, 0xCE, 0x18, 0xBD, 0x54, 0xC5, 0xD6, 0xCD, 0xD7, 0xCE, 0x38, 0xCD, 0xF7, 
0xCD, 0xF7, 0xCE, 0x17, 0xCD, 0xF7, 0xD6, 0x38, 0xDE, 0x38, 0xC4, 0xF1, 0xAB, 0x8B, 0xAB, 0x8B, 0xB3, 0x8B, 0xB3, 0x8B, 0xB3, 0x8B, 0xB3, 0x8B, 0xBB, 0x8B, 0x98, 0x61, 0x98, 0x00, 0x98, 0x00, 
0xA0, 0xE2, 0xBB, 0xAB, 0xBB, 0xAC, 0xBB, 0xAC, 0xBB, 0xAC, 0xBB, 0xCC, 0xBB, 0xCC, 0xBB, 0xEC, 0xC3, 0xEC, 0xC3, 0xED, 0xC3, 0xED, 0xC3, 0xED, 0xA9, 0x44, 0xA0, 0x00, 0xA0, 0x00, 0x98, 0x20, 
0xDC, 0x4F, 0xD4, 0x6F, 0xD4, 0x6F, 0xCB, 0x6B, 0xC2, 0x68, 0xC2, 0x68, 0xC2, 0x47, 0xC2, 0x48, 0xC2, 0x47, 0xC2, 0x47, 0xB9, 0x65, 0xA8, 0x00, 0xA8, 0x00, 0xA8, 0x00, 0xB0, 0xE3, 0xC2, 0x27, 
0xC2, 0x27, 0xC2, 0x27, 0xC2, 0x27, 0xC2, 0x27, 0xC2, 0x47, 0xC2, 0xA9, 0xD4, 0x4E, 0xD4, 0x4E, 0xD4, 0x4E, 0xCB, 0xAC, 0x98, 0x00, 0xA0, 0x00, 0xA0, 0x00, 0xA8, 0x00, 0xA8, 0x00, 0xA8, 0x00, 
0xA0, 0x00, 0xA8, 0x00, 0xA8, 0x00, 0xA0, 0x00, 0xCA, 0xA8, 0xDB, 0xEC, 0xE3, 0xEC, 0xB1, 0x03, 0xA8, 0x00, 0xA8, 0x00, 0xA8, 0x61, 0xE3, 0x6A, 0xE3, 0x6A, 0xCA, 0x27, 0xA0, 0x00, 0xA0, 0x00, 
0x98, 0x00, 0xA0, 0x61, 0xA0, 0x61, 0xA0, 0x81, 0xA0, 0xA2, 0xCA, 0x89, 0xA0, 0x00, 0x98, 0x00, 0xB1, 0x85, 0xD2, 0xC9, 0xD2, 0xC9, 0x98, 0x00, 0x98, 0x00, 0x98, 0x00, 0x98, 0x00, 0xA9, 0x25, 
0xB3, 0xCE, 0xAB, 0x8D, 0xA3, 0x6C, 0x9B, 0x2B, 0x9B, 0x2B, 0x9B, 0x4B, 0xAB, 0xAC, 0xB3, 0xED, 0xB3, 0xCD, 0xBB, 0xED, 0xBB, 0xED, 0xBC, 0x0D, 0xBC, 0x2E, 0xBC, 0x2E, 0xBC, 0x2E, 0xC4, 0x4F, 
0xC4, 0x70, 0xBC, 0x70, 0xBC, 0x70, 0xBC, 0x50, 0xB4, 0x4F, 0xB4, 0x0E, 0xB3, 0xED, 0xAB, 0xCD, 0xAB, 0x8C, 0xAB, 0x8C, 0xAB, 0xAC, 0xB3, 0xAD, 0xB3, 0xEE, 0xBC, 0x2F, 0xBC, 0x50, 0xC4, 0x71, 
0xC4, 0x91, 0xC4, 0x92, 0xC4, 0xB2, 0xC4, 0xB2, 0xC4, 0xB2, 0xC4, 0xB2, 0xC4, 0xB2, 0xC4, 0xB2, 0xC4, 0x71, 0xBC, 0x0F, 0xAB, 0x8C, 0x9A, 0xE9, 0x9A, 0xA8, 0x9A, 0xA8, 0x9A, 0xA8, 0x9A, 0xA8, 
0x9A, 0x88, 0x8A, 0x26, 0x61, 0x64, 0x48, 0xC3, 0x40, 0xA2, 0x38, 0x82, 0x40, 0xC3, 0x51, 0x04, 0x61, 0x66, 0x71, 0xE9, 0x7A, 0x2A, 0x82, 0x08, 0x79, 0xE8, 0x79, 0xC7, 0x79, 0xA7, 0x81, 0xC6, 
0x9A, 0x89, 0xB3, 0xF0, 0xBC, 0x92, 0xBC, 0xB3, 0xC4, 0xB3, 0xC4, 0xB3, 0xC4, 0xD3, 0xCC, 0xF4, 0xCC, 0xF4, 0xCC, 0xF4, 0xCC, 0xF4, 0xCC, 0xF4, 0xD4, 0xF4, 0xD5, 0x14, 0xD5, 0x14, 0xD4, 0xF3, 
0x62, 0x26, 0x62, 0x26, 0x6A, 0x26, 0x6A, 0x26, 0x62, 0x26, 0x62, 0x26, 0x62, 0x26, 0x62, 0x26, 0x18, 0x81, 0x00, 0x00, 0x00, 0x00, 0x59, 0xE6, 0x72, 0xA9, 0x8B, 0xAD, 0x94, 0x10, 0x61, 0x86, 
0x60, 0xA2, 0x71, 0x24, 0x71, 0xA6, 0x93, 0xEF, 0x9C, 0x71, 0xAC, 0xF3, 0xB5, 0x35, 0xBD, 0x76, 0xBD, 0x97, 0xBD, 0x97, 0xBD, 0xB7, 0xC5, 0xD8, 0xC5, 0xF8, 0xC5, 0xF8, 0xC5, 0xF8, 0xC5, 0xB7, 
0x94, 0x10, 0x9C, 0x51, 0xC5, 0xD8, 0xCE, 0x3A, 0xD6, 0x5A, 0xD6, 0x5A, 0xD6, 0x5A, 0xCE, 0x39, 0xB5, 0x55, 0xC5, 0xD8, 0xC5, 0xD8, 0xC5, 0xB7, 0xA4, 0x92, 0xBD, 0xB7, 0xC5, 0xF9, 0xCE, 0x19, 
0xCE, 0x39, 0xC5, 0xD8, 0xCE, 0x19, 0xC5, 0xD8, 0xC5, 0xB7, 0xAD, 0x14, 0xBD, 0x75, 0xB5, 0x14, 0xC5, 0xD7, 0xC5, 0xB7, 0xCE, 0x18, 0xBD, 0x55, 0xC5, 0xD6, 0xCD, 0xF7, 0xCE, 0x17, 0xCE, 0x38, 
0xCE, 0x17, 0xCD, 0xF7, 0xCE, 0x18, 0xD6, 0x58, 0xDE, 0x79, 0xDE, 0x79, 0xD6, 0x17, 0xC4, 0xB1, 0xB3, 0xAC, 0xB3, 0x8B, 0xB3, 0x8B, 0xB3, 0x8B, 0xB3, 0x8B, 0x98, 0x61, 0x98, 0x00, 0x98, 0x00, 
0x98, 0xC2, 0xBB, 0x8C, 0xBB, 0xAC, 0xBB, 0xAC, 0xBB, 0xAC, 0xBB, 0xCC, 0xBB, 0xCC, 0xBB, 0xCC, 0xC3, 0xED, 0xC3, 0xED, 0xC3, 0xED, 0xC3, 0xED, 0xA9, 0x44, 0xA0, 0x00, 0xA0, 0x00, 0x98, 0x20, 
0xD4, 0x6F, 0xD4, 0x6F, 0xD4, 0x6F, 0xD4, 0x6E, 0xD4, 0x4E, 0xD4, 0x4E, 0xDC, 0x2E, 0xDC, 0x2E, 0xD4, 0x2E, 0xD4, 0x2E, 0xC2, 0xA9, 0xA8, 0x00, 0xA8, 0x00, 0xA0, 0x00, 0xB9, 0xC6, 0xDC, 0x2E, 
0xDC, 0x2E, 0xDC, 0x2E, 0xDC, 0x2E, 0xDC, 0x2E, 0xDC, 0x4E, 0xD4, 0x4E, 0xD4, 0x4E, 0xD4, 0x4E, 0xD4, 0x4E, 0xCB, 0x2A, 0xA0, 0x00, 0xA0, 0x00, 0xA8, 0x00, 0xA8, 0x00, 0xA8, 0x00, 0xA8, 0x00, 
0xA8, 0x00, 0xA8, 0x00, 0xA8, 0x00, 0xA0, 0x00, 0xCA, 0xA9, 0xDB, 0xEC, 0xE3, 0xEC, 0xB1, 0x03, 0xA8, 0x00, 0xA8, 0x00, 0xA8, 0x61, 0xE3, 0x6A, 0xE3, 0x6A, 0xE3, 0x6A, 0xD2, 0x67, 0xA0, 0x00, 
0x98, 0x00, 0xA8, 0x81, 0xB0, 0xE2, 0x98, 0x00, 0x90, 0x20, 0xCA, 0xA9, 0x98, 0x00, 0x98, 0x00, 0xB1, 0x64, 0xD2, 0x88, 0xB0, 0xC2, 0xA0, 0x00, 0x98, 0x00, 0x98, 0x00, 0xA0, 0x00, 0x98, 0x00, 
0xA1, 0x03, 0xA1, 0xE7, 0x9A, 0xC9, 0x92, 0xE9, 0x9A, 0xEA, 0xA3, 0x2A, 0xB3, 0xAC, 0xBC, 0x2E, 0xBC, 0x4F, 0xC4, 0x4F, 0xC4, 0x4E, 0xBC, 0x2E, 0xBC, 0x0D, 0xBB, 0xEC, 0xBB, 0xEC, 0xBB, 0xEC, 
0xBC, 0x2D, 0xBC, 0x4E, 0xBC, 0x4F, 0xBC, 0x4F, 0xBC, 0x4F, 0xB4, 0x2F, 0xB4, 0x2F, 0xB4, 0x0E, 0xB4, 0x0E, 0xB4, 0x0E, 0xB4, 0x0F, 0xBC, 0x4F, 0xBC, 0x70, 0xC4, 0x71, 0xC4, 0x91, 0xC4, 0x92, 
0xC4, 0xB2, 0xC4, 0xB2, 0xC4, 0xB2, 0xC4, 0xB2, 0xCC, 0xB2, 0xC4, 0xB2, 0xCC, 0xB2, 0xC4, 0x92, 0xC4, 0x71, 0xBC, 0x0F, 0xAB, 0x6B, 0x9A, 0xC9, 0x9A, 0xA8, 0x9A, 0x87, 0x9A, 0x87, 0x92, 0x87, 
0x92, 0x67, 0x79, 0xE6, 0x50, 0xE3, 0x30, 0x61, 0x30, 0x61, 0x38, 0x82, 0x48, 0xC3, 0x59, 0x45, 0x72, 0x2A, 0xA4, 0x54, 0xAC, 0x54, 0x92, 0x6B, 0xA2, 0xAB, 0xA2, 0x8A, 0x89, 0xC7, 0x91, 0xE7, 
0x9A, 0xAA, 0xBC, 0x30, 0xBC, 0x92, 0xC4, 0xB3, 0xC4, 0xB3, 0xC4, 0xB3, 0xC4, 0xD3, 0xCC, 0xF4, 0xCC, 0xF4, 0xCC, 0xF4, 0xD4, 0xF4, 0xD4, 0xF4, 0xD4, 0xF4, 0xD4, 0xF4, 0xD4, 0xF4, 0xD4, 0xF4, 
0x62, 0x26, 0x62, 0x26, 0x62, 0x26, 0x62, 0x26, 0x62, 0x26, 0x62, 0x26, 0x62, 0x26, 0x51, 0xA5, 0x00, 0x00, 0x00, 0x00, 0x18, 0x61, 0x72, 0x88, 0x7A, 0xEA, 0x9C, 0x30, 0x83, 0x4C, 0x58, 0xA3, 
0x60, 0xE3, 0x71, 0xA6, 0x93, 0xCF, 0x9C, 0x30, 0xA4, 0x92, 0xAD, 0x14, 0xB5, 0x56, 0xBD, 0x76, 0xBD, 0x97, 0xBD, 0x97, 0xBD, 0x97, 0xC5, 0xD8, 0xC5, 0xF8, 0xC5, 0xF8, 0xC5, 0xD8, 0xB5, 0x15, 
0x8B, 0xCE, 0xAC, 0xF4, 0xC5, 0xF9, 0xCE, 0x3A, 0xCE, 0x5A, 0xD6, 0x5A, 0xD6, 0x5A, 0xC5, 0xB7, 0xBD, 0x97, 0xC5, 0xD8, 0xC5, 0xD7, 0xBD, 0x75, 0xA4, 0xB3, 0xCD, 0xF9, 0xCD, 0xF9, 0xCE, 0x19, 
0xBD, 0x97, 0xC5, 0xD8, 0xCE, 0x19, 0xD6, 0x5A, 0xCE, 0x18, 0xAD, 0x35, 0xB5, 0x55, 0xAD, 0x14, 0xC5, 0xB7, 0xC5, 0xB7, 0xCE, 0x18, 0xBD, 0x75, 0xC5, 0xB6, 0xCD, 0xF7, 0xBD, 0x96, 0xCE, 0x18, 
0xCD, 0xF7, 0xD6, 0x38, 0xC5, 0xD7, 0xDE, 0x79, 0xDE, 0x79, 0xDE, 0x79, 0xDE, 0x9A, 0xDE, 0x9A, 0xDE, 0x17, 0xBC, 0x4F, 0xB3, 0x8B, 0xB3, 0x8B, 0xB3, 0x6A, 0x98, 0x61, 0x98, 0x00, 0x98, 0x00, 
0x98, 0xC2, 0xBB, 0x8C, 0xB3, 0x8C, 0xBB, 0x8C, 0xBB, 0xAC, 0xBB, 0xCC, 0xBB, 0xCC, 0xBB, 0xEC, 0xC3, 0xED, 0xC3, 0xED, 0xC3, 0xED, 0xC3, 0xED, 0xA9, 0x44, 0xA0, 0x00, 0xA0, 0x00, 0x98, 0x20, 
0xD4, 0x4F, 0xD4, 0x6F, 0xD4, 0x6F, 0xD4, 0x6F, 0xD4, 0x4E, 0xD4, 0x4E, 0xDC, 0x2E, 0xDC, 0x2E, 0xDC, 0x2E, 0xD4, 0x2E, 0xC2, 0xA9, 0xA0, 0x00, 0xA0, 0x00, 0xA0, 0x00, 0xB9, 0xC6, 0xDC, 0x2E, 
0xDC, 0x2E, 0xDC, 0x4E, 0xDC, 0x4E, 0xDC, 0x4E, 0xDC, 0x4E, 0xDC, 0x4E, 0xD4, 0x4E, 0xD4, 0x4E, 0xD4, 0x4E, 0xC2, 0xA8, 0xA0, 0x00, 0xA0, 0x00, 0xA0, 0x00, 0xB0, 0xC2, 0xB1, 0x03, 0xB1, 0x23, 
0xB1, 0x24, 0xB9, 0x24, 0xB1, 0x24, 0xB1, 0x24, 0xD3, 0x0A, 0xDB, 0xEC, 0xDB, 0xEC, 0xB1, 0x03, 0xA8, 0x00, 0xA8, 0x00, 0xA8, 0x61, 0xE3, 0x6A, 0xE3, 0x6A, 0xE3, 0x6A, 0xE3, 0x6B, 0xA0, 0x20, 
0xA0, 0x00, 0xA8, 0x41, 0xA8, 0x81, 0x98, 0x00, 0x98, 0x20, 0xB1, 0x24, 0x98, 0x00, 0x98, 0x00, 0xA8, 0xE3, 0xA8, 0x00, 0xA0, 0x00, 0xA0, 0x00, 0xA0, 0x81, 0xB1, 0x03, 0xA0, 0x00, 0xA0, 0x00, 
0xA0, 0x00, 0x98, 0x20, 0xA2, 0xA8, 0xAB, 0x4B, 0xB3, 0xAC, 0xBB, 0xED, 0xBC, 0x2F, 0xC4, 0x70, 0xC4, 0xB1, 0xC4, 0xB2, 0xC4, 0x91, 0xC4, 0x90, 0xC4, 0x6F, 0xBC, 0x4E, 0xBC, 0x0D, 0xBC, 0x0C, 
0xBB, 0xEC, 0xBB, 0xEC, 0xBC, 0x0C, 0xBC, 0x0D, 0xBC, 0x2E, 0xBC, 0x2E, 0xBC, 0x4F, 0xBC, 0x4F, 0xBC, 0x4F, 0xBC, 0x50, 0xBC, 0x50, 0xBC, 0x70, 0xC4, 0x91, 0xC4, 0x91, 0xC4, 0x91, 0xC4, 0xB2, 
0xC4, 0xB2, 0xC4, 0xB2, 0xC4, 0xB2, 0xCC, 0xB2, 0xCC, 0xB2, 0xC4, 0xB2, 0xC4, 0xB2, 0xC4, 0x91, 0xBC, 0x50, 0xB3, 0xCE, 0xA3, 0x2A, 0x9A, 0xA8, 0x92, 0x67, 0x8A, 0x26, 0x82, 0x05, 0x79, 0xC5, 
0x71, 0x85, 0x61, 0x44, 0x48, 0xC2, 0x38, 0x61, 0x30, 0x41, 0x38, 0x61, 0x40, 0xA2, 0x51, 0x04, 0x72, 0x09, 0x9C, 0x54, 0xAC, 0xD6, 0x9A, 0xCD, 0x9A, 0x4A, 0x92, 0x08, 0x92, 0x07, 0x92, 0x07, 
0x9A, 0xAA, 0xBC, 0x31, 0xC4, 0x92, 0xC4, 0x92, 0xC4, 0xB3, 0xC4, 0xB3, 0xCC, 0xD3, 0xCC, 0xF4, 0xCC, 0xF4, 0xCC, 0xF4, 0xD4, 0xF4, 0xD4, 0xF4, 0xD4, 0xF4, 0xD4, 0xF4, 0xD4, 0xF4, 0xD4, 0xF4, 
0x62, 0x26, 0x62, 0x26, 0x62, 0x26, 0x62, 0x26, 0x62, 0x26, 0x62, 0x26, 0x62, 0x26, 0x20, 0xA2, 0x00, 0x00, 0x00, 0x00, 0x49, 0x85, 0x72, 0xA8, 0x83, 0x6C, 0x9C, 0x30, 0x83, 0x4C, 0x50, 0xE3, 
0x6A, 0x07, 0x93, 0xEF, 0x9C, 0x30, 0x9C, 0x50, 0xAC, 0xD3, 0xB5, 0x14, 0xB5, 0x56, 0xBD, 0x77, 0xBD, 0x97, 0xBD, 0x97, 0xBD, 0x97, 0xBD, 0xB8, 0xC5, 0xD8, 0xC5, 0xD8, 0xBD, 0xB7, 0x9C, 0x51, 
0x94, 0x0F, 0xBD, 0x76, 0xCE, 0x19, 0xCE, 0x3A, 0xCE, 0x5A, 0xD6, 0x5A, 0xCE, 0x3A, 0xBD, 0x76, 0xC5, 0xD7, 0xC5, 0xF8, 0xC5, 0xD8, 0xA4, 0xD3, 0xAD, 0x14, 0xCE, 0x19, 0xCE, 0x19, 0xCE, 0x19, 
0xB5, 0x35, 0xCE, 0x18, 0xCE, 0x39, 0xD6, 0x5A, 0xCE, 0x39, 0xC5, 0xF8, 0xB5, 0x75, 0xAD, 0x14, 0xBD, 0x96, 0xBD, 0xB7, 0xCE, 0x18, 0xB5, 0x75, 0xC5, 0xB6, 0xCD, 0xF7, 0xAC, 0xF2, 0xC5, 0xD6, 
0xCD, 0xF7, 0xD6, 0x59, 0xC5, 0xD6, 0xDE, 0x9A, 0xDE, 0x79, 0xDE, 0x99, 0xDE, 0x9A, 0xDE, 0x9A, 0xDE, 0x9A, 0xDE, 0x99, 0xD5, 0xB5, 0xBC, 0x6F, 0xB3, 0x4A, 0x98, 0x41, 0x98, 0x00, 0x98, 0x00, 
0xA0, 0xC2, 0xBB, 0x8C, 0xB3, 0x8B, 0xB3, 0xAC, 0xBB, 0xAC, 0xBB, 0xCC, 0xBB, 0xCC, 0xBB, 0xED, 0xBB, 0xED, 0xBB, 0xED, 0xC3, 0xED, 0xC3, 0xED, 0xA9, 0x24, 0xA0, 0x00, 0xA0, 0x00, 0x98, 0x20, 
0xD4, 0x4F, 0xD4, 0x6F, 0xD4, 0x6F, 0xD4, 0x6F, 0xC2, 0xC9, 0xBA, 0x27, 0xBA, 0x27, 0xBA, 0x27, 0xBA, 0x07, 0xBA, 0x07, 0xB1, 0x44, 0xA0, 0x00, 0xA0, 0x00, 0xA0, 0x00, 0xB0, 0xE3, 0xC2, 0x47, 
0xBA, 0x47, 0xBA, 0x47, 0xBA, 0x47, 0xBA, 0x47, 0xC2, 0xA9, 0xD4, 0x4E, 0xD4, 0x4E, 0xDC, 0x6E, 0xD4, 0x4E, 0xBA, 0x27, 0xA0, 0x00, 0xA0, 0x00, 0xA0, 0x00, 0xCB, 0x0A, 0xD3, 0xCC, 0xDB, 0xCC, 
0xDB, 0xCC, 0xDB, 0xCC, 0xDB, 0xEC, 0xDB, 0xEC, 0xDB, 0xEC, 0xDB, 0xEC, 0xDB, 0xCC, 0xB1, 0x03, 0xA8, 0x00, 0xA0, 0x00, 0xA8, 0x61, 0xE3, 0x6B, 0xE3, 0x6A, 0xE3, 0x6A, 0xE3, 0x6A, 0xA8, 0x81, 
0xA0, 0x61, 0xA0, 0x61, 0xA0, 0x61, 0xA0, 0x81, 0xA0, 0x81, 0x98, 0x00, 0x98, 0x00, 0x98, 0x20, 0xD2, 0xCA, 0xA8, 0x81, 0xB0, 0xE3, 0xCA, 0xAA, 0xE4, 0x0F, 0xE4, 0x0F, 0xCA, 0xCA, 0xA9, 0x03, 
0x98, 0x20, 0xA9, 0xA6, 0xBB, 0xED, 0xC4, 0x0E, 0xC4, 0x4F, 0xCC, 0x70, 0xCC, 0x70, 0xCC, 0x91, 0xCC, 0xB2, 0xCC, 0xB2, 0xC4, 0xB2, 0xC4, 0xB2, 0xC4, 0xB1, 0xC4, 0xB1, 0xC4, 0x90, 0xBC, 0x6F, 
0xBC, 0x4E, 0xBC, 0x2D, 0xBC, 0x0C, 0xBB, 0xEC, 0xBB, 0xEC, 0xBB, 0xEC, 0xBC, 0x0D, 0xBC, 0x2E, 0xC4, 0x4F, 0xC4, 0x4F, 0xC4, 0x70, 0xC4, 0x70, 0xC4, 0x91, 0xC4, 0x91, 0xC4, 0x91, 0xC4, 0xB1, 
0xC4, 0xB1, 0xC4, 0xB2, 0xC4, 0xB2, 0xCC, 0xB2, 0xCC, 0xB2, 0xC4, 0xB2, 0xC4, 0x71, 0xBC, 0x2F, 0xAB, 0xAE, 0x9B, 0x0A, 0x8A, 0x67, 0x82, 0x06, 0x89, 0xE5, 0x81, 0xC5, 0x69, 0x44, 0x61, 0x23, 
0x61, 0x24, 0x59, 0x24, 0x51, 0x03, 0x50, 0xE3, 0x40, 0xA2, 0x40, 0x82, 0x48, 0xA2, 0x48, 0xC3, 0x61, 0x66, 0x8B, 0x51, 0x83, 0x51, 0x71, 0xC8, 0x71, 0x86, 0x81, 0xA6, 0x92, 0x07, 0x92, 0x28, 
0x9A, 0xCA, 0xBC, 0x31, 0xC4, 0x92, 0xC4, 0x92, 0xC4, 0xB3, 0xC4, 0xD3, 0xCC, 0xD3, 0xCC, 0xF4, 0xCC, 0xF4, 0xCC, 0xF4, 0xD4, 0xF4, 0xD4, 0xF4, 0xD4, 0xF4, 0xD4, 0xF4, 0xD4, 0xF4, 0xD4, 0xF4, 
0x62, 0x25, 0x62, 0x26, 0x62, 0x26, 0x62, 0x26, 0x62, 0x26, 0x62, 0x26, 0x51, 0xC5, 0x08, 0x00, 0x00, 0x00, 0x10, 0x41, 0x6A, 0x68, 0x72, 0xC9, 0x93, 0xCE, 0x9C, 0x30, 0x8B, 0xCE, 0x8B, 0xCE, 
0x94, 0x30, 0x9C, 0x30, 0x94, 0x0F, 0x9C, 0x71, 0xAC, 0xF4, 0xB5, 0x35, 0xB5, 0x56, 0xBD, 0x77, 0xBD, 0x97, 0xBD, 0x97, 0xBD, 0x97, 0xBD, 0xB7, 0xC5, 0xB8, 0xC5, 0xB8, 0xB5, 0x76, 0x93, 0xEF, 
0x9C, 0x72, 0xC5, 0xD8, 0xCE, 0x19, 0xD6, 0x5A, 0xD6, 0x5A, 0xD6, 0x5A, 0xCE, 0x19, 0xBD, 0x96, 0xC5, 0xD8, 0xC5, 0xF8, 0xC5, 0xD7, 0x9C, 0x50, 0xAD, 0x15, 0xCD, 0xF9, 0xCE, 0x19, 0xC5, 0xD8, 
0xB5, 0x55, 0xC5, 0xF8, 0xCE, 0x19, 0xD6, 0x7A, 0xC5, 0xD8, 0xCE, 0x19, 0xC5, 0xF8, 0xBD, 0x76, 0xBD, 0x96, 0xB5, 0x76, 0xC5, 0xD8, 0xBD, 0x76, 0xBD, 0xB6, 0xCE, 0x18, 0xBD, 0x54, 0xA4, 0xB1, 
0xC5, 0xF7, 0xD6, 0x39, 0xD6, 0x59, 0xDE, 0x9A, 0xDE, 0x9A, 0xDE, 0x9A, 0xDE, 0x99, 0xDE, 0x9A, 0xDE, 0x9A, 0xDE, 0xBA, 0xDE, 0xBA, 0xDE, 0x79, 0xD5, 0xB6, 0xA0, 0x82, 0x98, 0x00, 0x98, 0x00, 
0xA0, 0xE3, 0xB3, 0x8C, 0xB3, 0x8C, 0xB3, 0xAC, 0xB3, 0xAC, 0xBB, 0xAC, 0xBB, 0xAC, 0xBB, 0xCC, 0xBB, 0xED, 0xC3, 0xED, 0xC3, 0xED, 0xC3, 0xED, 0xA9, 0x24, 0xA0, 0x00, 0xA0, 0x00, 0x98, 0x20, 
0xD4, 0x4F, 0xD4, 0x6F, 0xD4, 0x6F, 0xD4, 0x6F, 0xA8, 0xE3, 0xA0, 0x00, 0xA0, 0x00, 0xA0, 0x00, 0xA0, 0x00, 0xA0, 0x00, 0xA0, 0x00, 0xA0, 0x00, 0xA0, 0x00, 0xA0, 0x00, 0xA0, 0x00, 0xA8, 0x00, 
0xA0, 0x00, 0xA0, 0x00, 0xA0, 0x00, 0xA0, 0x00, 0xA8, 0xC2, 0xD4, 0x4E, 0xD4, 0x4E, 0xD4, 0x6E, 0xD4, 0x4E, 0xB1, 0xA5, 0xA0, 0x00, 0xA0, 0x00, 0x98, 0x00, 0xC2, 0x27, 0xC2, 0x68, 0xC2, 0x67, 
0xC2, 0x68, 0xC2, 0x68, 0xCA, 0x68, 0xCA, 0x68, 0xD3, 0x2A, 0xDB, 0xEC, 0xDB, 0xCC, 0xB9, 0x03, 0xA8, 0x00, 0xA8, 0x00, 0xA8, 0x61, 0xE3, 0x6B, 0xE3, 0x6A, 0xE3, 0x6A, 0xEB, 0x8A, 0xDB, 0x09, 
0xCA, 0x68, 0xCA, 0x68, 0xCA, 0x68, 0xCA, 0x68, 0xC2, 0x07, 0xB1, 0x04, 0xB9, 0x65, 0xC1, 0xC6, 0xC1, 0xA6, 0xB9, 0x65, 0xB9, 0x24, 0xA8, 0xC3, 0xA8, 0xA2, 0xA0, 0x61, 0xA0, 0x61, 0xA8, 0xA2, 
0xC3, 0x2C, 0xCC, 0x0F, 0xCC, 0x50, 0xCC, 0x70, 0xD4, 0x90, 0xD4, 0x91, 0xD4, 0x91, 0xCC, 0xB2, 0xCC, 0xD2, 0xCC, 0xD3, 0xCC, 0xD3, 0xCC, 0xD3, 0xCC, 0xF2, 0xCC, 0xD2, 0xC4, 0xD2, 0xC4, 0xD2, 
0xC4, 0xB1, 0xC4, 0x91, 0xC4, 0x6F, 0xBC, 0x4E, 0xBC, 0x2E, 0xBC, 0x0D, 0xBB, 0xEC, 0xBC, 0x0D, 0xC4, 0x0D, 0xC4, 0x2E, 0xC4, 0x4F, 0xC4, 0x70, 0xC4, 0x70, 0xC4, 0x90, 0xC4, 0x91, 0xC4, 0x91, 
0xC4, 0xB1, 0xC4, 0xB1, 0xC4, 0xB2, 0xC4, 0xB2, 0xC4, 0x91, 0xB4, 0x0F, 0x9B, 0x2B, 0x8A, 0x68, 0x82, 0x07, 0x79, 0xC6, 0x79, 0xC5, 0x79, 0xA5, 0x81, 0xC5, 0x79, 0xC5, 0x61, 0x44, 0x59, 0x23, 
0x69, 0x85, 0x71, 0x85, 0x69, 0x44, 0x61, 0x24, 0x60, 0xE3, 0x61, 0x04, 0x69, 0x66, 0x71, 0xA7, 0x71, 0xA6, 0x7A, 0x09, 0x7A, 0x4B, 0x82, 0x08, 0x82, 0x07, 0x8A, 0x07, 0x8A, 0x28, 0x8A, 0x48, 
0x9A, 0xEB, 0xBC, 0x31, 0xC4, 0x72, 0xC4, 0x92, 0xC4, 0xB3, 0xC4, 0xD3, 0xCC, 0xD3, 0xCC, 0xF4, 0xCC, 0xF4, 0xCC, 0xF4, 0xD5, 0x14, 0xD5, 0x14, 0xD5, 0x14, 0xD5, 0x14, 0xD4, 0xF4, 0xD4, 0xF4, 
0x62, 0x26, 0x62, 0x05, 0x62, 0x06, 0x62, 0x06, 0x62, 0x06, 0x62, 0x06, 0x28, 0xC2, 0x00, 0x00, 0x00, 0x00, 0x39, 0x64, 0x6A, 0x88, 0x7B, 0x2B, 0x9C, 0x30, 0x94, 0x0F, 0x93, 0xEF, 0x94, 0x30, 
0x94, 0x0F, 0x94, 0x30, 0x94, 0x30, 0xA4, 0xB3, 0xAC, 0xF4, 0xB5, 0x35, 0xB5, 0x76, 0xBD, 0x77, 0xBD, 0x97, 0xBD, 0x97, 0xBD, 0x97, 0xBD, 0x97, 0xBD, 0xB7, 0xBD, 0x97, 0xA4, 0xD3, 0x93, 0xEE, 
0xAC, 0xF4, 0xC5, 0xD9, 0xCE, 0x19, 0xD6, 0x3A, 0xD6, 0x5A, 0xCE, 0x39, 0xCD, 0xF9, 0xBD, 0x96, 0xC5, 0xD7, 0xC5, 0xD8, 0xBD, 0x96, 0x94, 0x0F, 0xAC, 0xF4, 0xC5, 0xD8, 0xCE, 0x39, 0xBD, 0x97, 
0xBD, 0xB7, 0xC5, 0xF8, 0xCE, 0x39, 0xD6, 0x7A, 0xB5, 0x35, 0xC5, 0xD8, 0xC5, 0xD8, 0xBD, 0xB7, 0xC5, 0xB7, 0xB5, 0x55, 0xBD, 0x97, 0xBD, 0x96, 0xBD, 0x96, 0xCE, 0x18, 0xD6, 0x79, 0xB5, 0x34, 
0xA4, 0xB1, 0xC5, 0xF7, 0xD6, 0x59, 0xD6, 0x79, 0xE6, 0xDB, 0xE6, 0xDB, 0xE6, 0xDB, 0xDE, 0x99, 0xD6, 0x79, 0xDE, 0x9A, 0xDE, 0xBA, 0xDE, 0x79, 0xDE, 0x59, 0xA0, 0xE3, 0xA0, 0x00, 0x98, 0x00, 
0xA1, 0x04, 0xBB, 0xCD, 0xB3, 0x8C, 0xB3, 0xAC, 0xBB, 0xAC, 0xBB, 0xAC, 0xBB, 0xCC, 0xBB, 0xCC, 0xBB, 0xED, 0xBB, 0xED, 0xC3, 0xED, 0xC3, 0xED, 0xA9, 0x24, 0xA0, 0x00, 0xA0, 0x00, 0xA0, 0x20, 
0xD4, 0x4F, 0xD4, 0x6F, 0xD4, 0x6F, 0xD4, 0x6F, 0xA8, 0xE3, 0xA0, 0x00, 0xA0, 0x00, 0xA0, 0x00, 0xA0, 0x00, 0xA0, 0x00, 0xA0, 0x00, 0xA0, 0x00, 0xA0, 0x00, 0xA0, 0x00, 0xA8, 0x00, 0xA8, 0x00, 
0xA8, 0x00, 0xA0, 0x00, 0xA0, 0x00, 0xA0, 0x00, 0xA8, 0xC2, 0xD4, 0x4E, 0xD4, 0x4E, 0xD4, 0x6E, 0xDC, 0x4E, 0xA9, 0x24, 0xA0, 0x00, 0xA0, 0x00, 0xA0, 0x00, 0xA0, 0x00, 0xA0, 0x00, 0xA0, 0x00, 
0xA0, 0x00, 0xA8, 0x00, 0xA8, 0x00, 0xA8, 0x00, 0xC2, 0x27, 0xDB, 0xCC, 0xDB, 0xCC, 0xB9, 0x03, 0xA8, 0x00, 0xA8, 0x00, 0xA8, 0x61, 0xEB, 0x6B, 0xE3, 0x6A, 0xEB, 0x6A, 0xEB, 0x6A, 0xCA, 0x06, 
0xA8, 0x00, 0xA8, 0x00, 0xA8, 0x00, 0xA8, 0x00, 0xA0, 0x00, 0xA0, 0x00, 0xA0, 0x00, 0xA0, 0x00, 0xA0, 0x00, 0xA0, 0x00, 0xA0, 0x00, 0xA0, 0x00, 0xA0, 0x00, 0xA0, 0x00, 0xA0, 0x00, 0x98, 0x00, 
0xCB, 0x4C, 0xD4, 0x70, 0xD4, 0x90, 0xD4, 0x91, 0xD4, 0xB1, 0xD4, 0xB1, 0xD4, 0xD2, 0xD4, 0xD2, 0xD4, 0xD2, 0xD4, 0xD2, 0xCC, 0xD2, 0xCC, 0xD2, 0xCC, 0xD2, 0xCC, 0xD3, 0xCC, 0xF3, 0xCC, 0xF3, 
0xCC, 0xF3, 0xC4, 0xD2, 0xC4, 0xD2, 0xC4, 0xB1, 0xC4, 0x91, 0xC4, 0x70, 0xC4, 0x4F, 0xC4, 0x2E, 0xC4, 0x0D, 0xC4, 0x0D, 0xC4, 0x0D, 0xC4, 0x0E, 0xC4, 0x2E, 0xC4, 0x4F, 0xC4, 0x4F, 0xC4, 0x70, 
0xC4, 0x90, 0xC4, 0x91, 0xBC, 0x71, 0xB3, 0xCE, 0x92, 0xEA, 0x82, 0x27, 0x81, 0xC6, 0x79, 0x85, 0x79, 0x85, 0x81, 0xC5, 0x79, 0xA5, 0x69, 0x44, 0x61, 0x03, 0x59, 0x03, 0x50, 0xE3, 0x58, 0xE2, 
0x69, 0x23, 0x71, 0x64, 0x79, 0xA5, 0x79, 0x85, 0x71, 0x65, 0x79, 0xC8, 0x8A, 0xCC, 0x8A, 0xAC, 0x79, 0xC8, 0x71, 0xA6, 0x79, 0xA7, 0x82, 0x08, 0x82, 0x28, 0x8A, 0x28, 0x8A, 0x48, 0x8A, 0x49, 
0x9B, 0x0B, 0xBC, 0x51, 0xC4, 0x72, 0xC4, 0xB2, 0xC4, 0xB3, 0xC4, 0xD3, 0xCC, 0xF3, 0xCC, 0xF4, 0xCC, 0xF3, 0xCC, 0xF4, 0xD5, 0x14, 0xD5, 0x14, 0xD5, 0x14, 0xD5, 0x14, 0xD5, 0x14, 0xD4, 0xF4, 
0x62, 0x06, 0x62, 0x05, 0x62, 0x05, 0x62, 0x05, 0x62, 0x06, 0x51, 0xA5, 0x08, 0x00, 0x00, 0x00, 0x10, 0x40, 0x62, 0x47, 0x72, 0xA8, 0x8B, 0xAD, 0x94, 0x2F, 0x93, 0xEF, 0x94, 0x0F, 0x94, 0x0F, 
0x94, 0x0F, 0x94, 0x0F, 0x9C, 0x51, 0xAC, 0xD4, 0xB5, 0x15, 0xAD, 0x15, 0xB5, 0x76, 0xBD, 0x77, 0xBD, 0x97, 0xBD, 0x97, 0xBD, 0x97, 0xBD, 0x97, 0xBD, 0x77, 0xB5, 0x76, 0x9C, 0x51, 0x94, 0x10, 
0xB5, 0x56, 0xC5, 0xF9, 0xCE, 0x3A, 0xD6, 0x3A, 0xD6, 0x3A, 0xCE, 0x39, 0xCE, 0x19, 0xC5, 0xB7, 0xCD, 0xF8, 0xC5, 0xD8, 0xB5, 0x55, 0x8B, 0xEE, 0xAC, 0xF4, 0xBD, 0xB7, 0xC5, 0xD8, 0xBD, 0x76, 
0xC5, 0xF8, 0xCE, 0x19, 0xD6, 0x5A, 0xD6, 0x5A, 0xA4, 0xF4, 0xC5, 0xB7, 0xBD, 0x97, 0xC5, 0xD8, 0xC5, 0xF8, 0xC5, 0xD7, 0xB5, 0x76, 0xBD, 0x76, 0xBD, 0x76, 0xC5, 0xD7, 0xD6, 0x38, 0xCE, 0x38, 
0xC5, 0xD6, 0xBD, 0x75, 0xCE, 0x17, 0xD6, 0x38, 0xDE, 0xBA, 0xE6, 0xFC, 0xE7, 0x1C, 0xE6, 0xDB, 0xDE, 0xBA, 0xDE, 0xBA, 0xDE, 0x9A, 0xDE, 0x79, 0xDE, 0x7A, 0xA8, 0xE3, 0xA0, 0x00, 0xA0, 0x00, 
0xA9, 0x66, 0xDE, 0x18, 0xD5, 0xB6, 0xCC, 0xF2, 0xBB, 0xCD, 0xBB, 0xAC, 0xBB, 0xCC, 0xBB, 0xCC, 0xBB, 0xED, 0xBB, 0xED, 0xBB, 0xED, 0xBB, 0xED, 0xA9, 0x24, 0xA0, 0x00, 0xA0, 0x00, 0x98, 0x20, 
0xD4, 0x4F, 0xD4, 0x6F, 0xD4, 0x6F, 0xD4, 0x6F, 0xBA, 0x47, 0xB1, 0xC6, 0xB1, 0xC6, 0xB1, 0xA6, 0xB1, 0xA5, 0xB1, 0xA5, 0xA8, 0xE3, 0xA0, 0x00, 0xA0, 0x00, 0xA0, 0x00, 0xA8, 0xC2, 0xB9, 0x85, 
0xB9, 0x85, 0xB1, 0x85, 0xB1, 0x85, 0xB1, 0x85, 0xBA, 0x07, 0xD4, 0x4E, 0xD4, 0x4E, 0xD4, 0x4E, 0xDC, 0x4E, 0xA0, 0xA2, 0xA0, 0x00, 0xA0, 0x00, 0xA0, 0x00, 0xA0, 0x00, 0xA0, 0x00, 0xA8, 0x00, 
0xA8, 0x00, 0xA8, 0x00, 0xA8, 0x00, 0xA0, 0x00, 0xC2, 0x47, 0xDB, 0xCC, 0xE3, 0xCC, 0xB9, 0x03, 0xA8, 0x00, 0xA8, 0x00, 0xA8, 0x61, 0xEB, 0x6B, 0xEB, 0x6A, 0xEB, 0x6A, 0xEB, 0x4A, 0xDA, 0xC8, 
0xC1, 0x85, 0xC9, 0x85, 0xC9, 0xA5, 0xC9, 0xA5, 0xC9, 0xA5, 0xC9, 0xA5, 0xB9, 0x03, 0xA0, 0x00, 0xA0, 0x00, 0xA0, 0x00, 0xB9, 0xA6, 0xCA, 0x68, 0xD2, 0xA9, 0xD2, 0xEA, 0xD3, 0x0A, 0xCB, 0x2B, 
0xD4, 0x2F, 0xD4, 0x91, 0xDC, 0xB1, 0xD4, 0xB2, 0xDC, 0xB2, 0xD4, 0xD2, 0xD4, 0xD2, 0xD4, 0xB1, 0xD4, 0xB1, 0xCC, 0x91, 0xCC, 0x91, 0xCC, 0x91, 0xCC, 0xB1, 0xCC, 0xB2, 0xC4, 0xB2, 0xCC, 0xD3, 
0xCC, 0xF3, 0xCC, 0xF3, 0xCC, 0xF3, 0xCC, 0xF3, 0xC4, 0xD2, 0xC4, 0xD2, 0xC4, 0xB1, 0xC4, 0x90, 0xCC, 0x70, 0xC4, 0x4F, 0xC4, 0x2E, 0xC4, 0x0D, 0xC3, 0xEC, 0xC3, 0xED, 0xC3, 0xED, 0xCC, 0x0E, 
0xC4, 0x2E, 0xC4, 0x2F, 0xA3, 0x4C, 0x79, 0xE7, 0x81, 0xE6, 0x92, 0x06, 0x91, 0xE6, 0x89, 0xA4, 0x91, 0x84, 0x89, 0x84, 0x79, 0x64, 0x71, 0x43, 0x79, 0x43, 0x81, 0x64, 0x79, 0x44, 0x79, 0x43, 
0x79, 0x24, 0x89, 0xA6, 0x9A, 0x08, 0x81, 0xC7, 0x79, 0xA6, 0x79, 0xC7, 0x79, 0xE8, 0x79, 0xC7, 0x71, 0x85, 0x71, 0xA6, 0x71, 0x85, 0x69, 0x65, 0x71, 0xA6, 0x82, 0x48, 0x8A, 0x48, 0x8A, 0x69, 
0xA3, 0x2C, 0xBC, 0x51, 0xC4, 0x72, 0xC4, 0x92, 0xC4, 0xB2, 0xCC, 0xB3, 0xCC, 0xD3, 0xCC, 0xF4, 0xCC, 0xF4, 0xCC, 0xF4, 0xD5, 0x14, 0xD5, 0x14, 0xD5, 0x14, 0xD5, 0x14, 0xD5, 0x14, 0xD4, 0xF4, 
0x62, 0x05, 0x62, 0x05, 0x62, 0x05, 0x62, 0x05, 0x62, 0x06, 0x20, 0xA2, 0x00, 0x00, 0x00, 0x00, 0x39, 0x44, 0x6A, 0x87, 0x7A, 0xE9, 0x93, 0xEF, 0x93, 0xEF, 0x93, 0xEF, 0x9C, 0x30, 0x94, 0x0F, 
0x94, 0x0F, 0x94, 0x0F, 0xA4, 0xB2, 0xAD, 0x14, 0xB5, 0x35, 0xAD, 0x14, 0xB5, 0x56, 0xBD, 0x77, 0xBD, 0x97, 0xBD, 0x97, 0xBD, 0x97, 0xB5, 0x77, 0xB5, 0x56, 0xAC, 0xF5, 0x94, 0x0F, 0x9C, 0x51, 
0xBD, 0x76, 0xC5, 0xF9, 0xCE, 0x3A, 0xD6, 0x3A, 0xCE, 0x3A, 0xCE, 0x19, 0xCD, 0xF8, 0xC5, 0xD7, 0xC5, 0xF8, 0xC5, 0xD8, 0xB5, 0x35, 0x8B, 0xCE, 0xAC, 0xF4, 0xBD, 0x97, 0xBD, 0x97, 0xC5, 0xB7, 
0xCD, 0xF9, 0xCE, 0x39, 0xD6, 0x5A, 0xCE, 0x19, 0xA4, 0xF4, 0xC5, 0xD8, 0xBD, 0x96, 0xC5, 0xD8, 0xB5, 0x76, 0xC5, 0xB8, 0xBD, 0x97, 0xBD, 0xB7, 0xB5, 0x76, 0xC5, 0xD7, 0xC5, 0xF7, 0xCE, 0x38, 
0xDE, 0x79, 0xDE, 0x9A, 0xE6, 0xDB, 0xE6, 0xDB, 0xDE, 0xBA, 0xE6, 0xDB, 0xE6, 0xFB, 0xE6, 0xFC, 0xE6, 0xFC, 0xE6, 0xDB, 0xDE, 0x9A, 0xDE, 0x9A, 0xDE, 0x7A, 0xA0, 0xC3, 0xA0, 0x00, 0xA0, 0x00, 
0xA9, 0x66, 0xDE, 0x59, 0xDE, 0x7A, 0xDE, 0x39, 0xD5, 0xD6, 0xD5, 0x34, 0xBC, 0x2E, 0xBB, 0xCC, 0xBB, 0xCC, 0xBB, 0xED, 0xBB, 0xED, 0xBB, 0xCD, 0xA9, 0x23, 0xA0, 0x00, 0xA0, 0x00, 0x98, 0x20, 
0xD4, 0x4F, 0xD4, 0x6F, 0xD4, 0x6F, 0xD4, 0x6F, 0xD4, 0x4F, 0xD4, 0x4F, 0xD4, 0x4E, 0xD4, 0x2E, 0xD4, 0x0E, 0xCC, 0x0E, 0xC2, 0x48, 0xA0, 0x00, 0xA0, 0x00, 0xA0, 0x00, 0xBA, 0x27, 0xD4, 0x4E, 
0xD4, 0x4E, 0xD4, 0x4E, 0xD4, 0x2E, 0xD4, 0x2E, 0xD4, 0x2E, 0xD4, 0x2E, 0xD4, 0x4E, 0xDC, 0x4E, 0xDC, 0x4E, 0xC2, 0xE9, 0xC2, 0xC9, 0xC2, 0xC9, 0xC2, 0xA9, 0xC2, 0x89, 0xC2, 0x88, 0xC2, 0x88, 
0xB9, 0xA6, 0xA8, 0x00, 0xA8, 0x00, 0xA0, 0x00, 0xCA, 0x67, 0xDB, 0xCC, 0xE3, 0xCC, 0xB1, 0x03, 0xA8, 0x00, 0xA8, 0x00, 0xA8, 0x61, 0xEB, 0x6B, 0xEB, 0x4A, 0xEB, 0x6A, 0xEB, 0x6A, 0xD2, 0xC8, 
0x98, 0x00, 0xA0, 0x00, 0xA0, 0x00, 0xA0, 0x00, 0xA0, 0x00, 0xA0, 0x00, 0xA0, 0x00, 0xA0, 0x00, 0xA0, 0x00, 0xA0, 0x00, 0x98, 0x00, 0x98, 0x00, 0x90, 0x00, 0x90, 0x00, 0x90, 0x00, 0x88, 0x00, 
0xC3, 0x6D, 0xDC, 0xB1, 0xDC, 0xB1, 0xD4, 0xB1, 0xD4, 0xB1, 0xD4, 0x91, 0xD4, 0x91, 0xCC, 0x70, 0xCC, 0x70, 0xCC, 0x70, 0xCC, 0x70, 0xCC, 0x70, 0xCC, 0x70, 0xC4, 0x70, 0xC4, 0x71, 0xC4, 0x91, 
0xC4, 0xB2, 0xCC, 0xD2, 0xCC, 0xD3, 0xCC, 0xF3, 0xCC, 0xF3, 0xCC, 0xD3, 0xCC, 0xD2, 0xCC, 0xD2, 0xCC, 0xB2, 0xCC, 0xB1, 0xCC, 0x91, 0xCC, 0x70, 0xCC, 0x4F, 0xC4, 0x2E, 0xC3, 0xED, 0xC3, 0xCC, 
0xC3, 0xCC, 0xBB, 0x8C, 0x7A, 0x28, 0x69, 0xA6, 0x8A, 0x06, 0x9A, 0x27, 0x99, 0xE6, 0x99, 0xA4, 0xCB, 0xAC, 0xE5, 0x53, 0xAA, 0x88, 0x91, 0xC5, 0x89, 0x84, 0x89, 0x64, 0x81, 0x44, 0x79, 0x24, 
0x79, 0x23, 0x79, 0x44, 0x79, 0x64, 0x81, 0x85, 0x81, 0xC5, 0x81, 0xC6, 0x81, 0xC6, 0x79, 0xA5, 0x79, 0xA5, 0x79, 0xA5, 0x71, 0x85, 0x61, 0x24, 0x71, 0xA6, 0x82, 0x48, 0x82, 0x68, 0x8A, 0x69, 
0xA3, 0x4C, 0xBC, 0x51, 0xC4, 0x72, 0xC4, 0x92, 0xC4, 0xB2, 0xCC, 0xB2, 0xCC, 0xD3, 0xCC, 0xF3, 0xCC, 0xF4, 0xCC, 0xF4, 0xD4, 0xF4, 0xD5, 0x14, 0xD5, 0x14, 0xD5, 0x14, 0xD4, 0xF4, 0xD4, 0xF3, 
0x62, 0x05, 0x62, 0x05, 0x62, 0x05, 0x62, 0x05, 0x49, 0x84, 0x00, 0x00, 0x00, 0x00, 0x10, 0x40, 0x62, 0x47, 0x72, 0x88, 0x83, 0x4B, 0x93, 0xEF, 0x93, 0xEF, 0x94, 0x0F, 0x94, 0x0F, 0x94, 0x0F, 
0x94, 0x0F, 0x9C, 0x30, 0xAC, 0xD4, 0xB5, 0x36, 0xB5, 0x76, 0xB5, 0x55, 0xB5, 0x35, 0xBD, 0x77, 0xBD, 0x97, 0xBD, 0x97, 0xBD, 0x97, 0xB5, 0x77, 0xAD, 0x36, 0x9C, 0x72, 0x94, 0x0F, 0xA4, 0xB3, 
0xBD, 0x97, 0xC5, 0xD8, 0xCE, 0x19, 0xCE, 0x3A, 0xCE, 0x3A, 0xCE, 0x19, 0xCD, 0xF9, 0xC5, 0xF8, 0xCD, 0xF8, 0xCD, 0xF8, 0xB5, 0x35, 0x8B, 0xCE, 0xA4, 0xD4, 0xBD, 0x76, 0xBD, 0x76, 0xC5, 0xD8, 
0xCE, 0x19, 0xD6, 0x5A, 0xD6, 0x5A, 0xC5, 0xB7, 0xAD, 0x15, 0xC5, 0xD8, 0xB5, 0x35, 0xBD, 0x97, 0xAD, 0x35, 0xBD, 0x97, 0xAD, 0x14, 0xB5, 0x55, 0xB5, 0x54, 0xC5, 0xB6, 0xCE, 0x18, 0xD6, 0x38, 
0xD6, 0x59, 0xD6, 0x59, 0xDE, 0x9A, 0xDE, 0x9A, 0xDE, 0x7A, 0xDE, 0x9A, 0xE6, 0xDB, 0xE6, 0xFB, 0xE6, 0xFB, 0xE6, 0xDB, 0xDE, 0x9A, 0xDE, 0x9A, 0xDE, 0x79, 0xA0, 0xC3, 0xA0, 0x00, 0xA0, 0x00, 
0xA9, 0x86, 0xDE, 0x5A, 0xD6, 0x39, 0xDE, 0x39, 0xDE, 0x59, 0xDE, 0x38, 0xDE, 0x18, 0xD5, 0xB5, 0xC4, 0xD1, 0xBC, 0x0E, 0xBB, 0xCD, 0xBB, 0xCD, 0xA9, 0x03, 0xA0, 0x00, 0xA0, 0x00, 0x98, 0x20, 
0xD4, 0x6F, 0xD4, 0x6F, 0xD4, 0x6F, 0xD4, 0x6F, 0xD4, 0x4F, 0xD4, 0x4F, 0xD4, 0x4F, 0xD4, 0x2E, 0xD4, 0x2E, 0xCC, 0x2E, 0xC2, 0x48, 0xA0, 0x00, 0xA0, 0x00, 0xA0, 0x00, 0xBA, 0x47, 0xD4, 0x4E, 
0xD4, 0x4E, 0xD4, 0x4E, 0xD4, 0x4E, 0xDC, 0x2E, 0xDC, 0x2E, 0xD4, 0x2E, 0xDC, 0x4E, 0xDC, 0x4E, 0xDC, 0x4E, 0xDC, 0x4E, 0xDC, 0x4E, 0xDC, 0x4F, 0xDC, 0x4F, 0xDC, 0x4E, 0xDC, 0x2E, 0xDC, 0x2E, 
0xCA, 0x88, 0xA8, 0x00, 0xA8, 0x00, 0xA0, 0x00, 0xCA, 0xA8, 0xE3, 0xCC, 0xE3, 0xAC, 0xB1, 0x03, 0xA8, 0x00, 0xA8, 0x00, 0xA8, 0x61, 0xEB, 0x6B, 0xEB, 0x4A, 0xEB, 0x4A, 0xEB, 0x6A, 0xE2, 0xE9, 
0xB0, 0xC2, 0xB0, 0xC2, 0xB0, 0xC2, 0xB0, 0xC2, 0xB0, 0xC2, 0xB0, 0xC2, 0xA8, 0x81, 0xA0, 0x00, 0xA0, 0x00, 0xA0, 0x00, 0xB1, 0x03, 0xB1, 0x44, 0xB1, 0x65, 0xA9, 0x64, 0xA9, 0x44, 0xA1, 0x44, 
0xCB, 0xAD, 0xDC, 0x91, 0xD4, 0x90, 0xD4, 0x70, 0xD4, 0x70, 0xCC, 0x4F, 0xCC, 0x50, 0xCC, 0x4F, 0xCC, 0x2F, 0xCC, 0x2F, 0xCC, 0x2F, 0xCC, 0x4F, 0xCC, 0x50, 0xC4, 0x50, 0xC4, 0x50, 0xC4, 0x70, 
0xC4, 0x71, 0xC4, 0x91, 0xC4, 0x91, 0xCC, 0xB2, 0xCC, 0xB2, 0xCC, 0xD3, 0xCC, 0xF3, 0xCC, 0xF3, 0xCC, 0xF3, 0xCC, 0xD3, 0xCC, 0xD3, 0xCC, 0xD2, 0xCC, 0xB2, 0xCC, 0x91, 0xCC, 0x70, 0xCC, 0x2E, 
0xC3, 0xED, 0xB3, 0x6B, 0x7A, 0x08, 0x59, 0x66, 0x51, 0x24, 0x59, 0x44, 0x79, 0x85, 0xBA, 0xCA, 0xFF, 0x1B, 0xF7, 0x1C, 0xC4, 0x10, 0x99, 0xE6, 0x71, 0x23, 0x69, 0x02, 0x71, 0x23, 0x79, 0x65, 
0x81, 0xA5, 0x89, 0xC6, 0x89, 0xE6, 0x89, 0xE6, 0x8A, 0x06, 0x82, 0x06, 0x81, 0xE5, 0x79, 0xC5, 0x79, 0xC5, 0x79, 0xC5, 0x79, 0xC5, 0x69, 0x64, 0x7A, 0x07, 0x8A, 0x69, 0x82, 0x69, 0x8A, 0x89, 
0xAB, 0x6D, 0xBC, 0x51, 0xC4, 0x72, 0xC4, 0x92, 0xC4, 0xB2, 0xCC, 0xB2, 0xCC, 0xD3, 0xCC, 0xD3, 0xCC, 0xF3, 0xCC, 0xF4, 0xD5, 0x14, 0xD5, 0x14, 0xD5, 0x14, 0xD4, 0xF4, 0xD4, 0xF4, 0xCC, 0xF3, 
0x62, 0x05, 0x62, 0x05, 0x62, 0x05, 0x59, 0xE5, 0x18, 0x61, 0x00, 0x00, 0x00, 0x00, 0x41, 0x84, 0x6A, 0x67, 0x72, 0xC8, 0x8B, 0xAD, 0x93, 0xEE, 0x93, 0xEF, 0x9C, 0x30, 0x94, 0x0F, 0x94, 0x0F, 
0x93, 0xEF, 0x9C, 0x71, 0xAC, 0xF4, 0xB5, 0x36, 0xBD, 0x77, 0xBD, 0x97, 0xB5, 0x76, 0xB5, 0x76, 0xB5, 0x77, 0xBD, 0x97, 0xBD, 0x77, 0xB5, 0x56, 0xA4, 0xF4, 0x94, 0x30, 0x94, 0x0F, 0xAC, 0xF5, 
0xBD, 0x97, 0xC5, 0xD8, 0xCE, 0x19, 0xCE, 0x1A, 0xCE, 0x19, 0xCE, 0x19, 0xCD, 0xF9, 0xC5, 0xF8, 0xC5, 0xD8, 0xC5, 0xD8, 0xB5, 0x14, 0x8B, 0xCE, 0xA4, 0xB3, 0xB5, 0x56, 0xBD, 0x97, 0xC5, 0xD8, 
0xCE, 0x19, 0xD6, 0x5A, 0xD6, 0x39, 0xBD, 0x76, 0xB5, 0x56, 0xC5, 0xD8, 0xAD, 0x15, 0xB5, 0x35, 0xB5, 0x35, 0xB5, 0x76, 0xB5, 0x35, 0xB5, 0x34, 0xC5, 0xD7, 0xCD, 0xF7, 0xBD, 0x95, 0xB5, 0x13, 
0xC5, 0xF7, 0xDE, 0x9A, 0xDE, 0x9A, 0xD6, 0x59, 0xCE, 0x18, 0xD6, 0x59, 0xE6, 0xDB, 0xE6, 0xDB, 0xE6, 0xBA, 0xDE, 0x9A, 0xDE, 0x9A, 0xDE, 0x9A, 0xDE, 0x59, 0xA0, 0xA2, 0xA0, 0x00, 0xA0, 0x00, 
0xA9, 0x86, 0xDE, 0x5A, 0xD6, 0x18, 0xDE, 0x39, 0xDE, 0x5A, 0xD6, 0x18, 0xD6, 0x38, 0xCD, 0xD7, 0xD6, 0x18, 0xD5, 0xD7, 0xCD, 0x13, 0xC4, 0x2E, 0xA9, 0x04, 0xA0, 0x00, 0xA0, 0x00, 0xA0, 0x40, 
0xD4, 0x6F, 0xD4, 0x6F, 0xD4, 0x4E, 0xD4, 0x4F, 0xD4, 0x4F, 0xD4, 0x4F, 0xD4, 0x4E, 0xD4, 0x2E, 0xD4, 0x2E, 0xD4, 0x0E, 0xC2, 0x68, 0xA0, 0x00, 0xA0, 0x00, 0xA0, 0x00, 0xBA, 0x28, 0xDC, 0x4E, 
0xDC, 0x4E, 0xDC, 0x4E, 0xDC, 0x4E, 0xDC, 0x4E, 0xDC, 0x4E, 0xDC, 0x2E, 0xDC, 0x2E, 0xDC, 0x4E, 0xDC, 0x4E, 0xDC, 0x4E, 0xDC, 0x4E, 0xDC, 0x4E, 0xDC, 0x4E, 0xDC, 0x4E, 0xDC, 0x2E, 0xDC, 0x2E, 
0xC2, 0x07, 0xA8, 0x00, 0xA8, 0x00, 0xA0, 0x00, 0xD2, 0xE9, 0xE3, 0xCC, 0xE3, 0xAC, 0xB1, 0x03, 0xA8, 0x00, 0xA8, 0x00, 0xA8, 0x61, 0xEB, 0x4B, 0xEB, 0x4A, 0xEB, 0x2A, 0xB9, 0x23, 0xB1, 0x03, 
0xB1, 0x03, 0xB0, 0xE3, 0xB0, 0xE3, 0xB0, 0xE3, 0xB8, 0xE3, 0xB0, 0xE3, 0xA8, 0xA2, 0xA0, 0x00, 0xA0, 0x00, 0xA0, 0x00, 0xA8, 0xE3, 0xB1, 0x44, 0xB1, 0x45, 0xB1, 0x45, 0xB1, 0x65, 0xB1, 0x65, 
0xB1, 0x65, 0xB1, 0xE7, 0xD4, 0x4F, 0xCC, 0x2F, 0xCC, 0x2F, 0xCC, 0x2F, 0xCC, 0x2F, 0xCC, 0x2F, 0xCC, 0x2F, 0xCC, 0x2F, 0xCC, 0x2F, 0xCC, 0x4F, 0xCC, 0x4F, 0xCC, 0x4F, 0xC4, 0x50, 0xC4, 0x50, 
0xC4, 0x70, 0xC4, 0x70, 0xC4, 0x70, 0xCC, 0x71, 0xCC, 0x91, 0xC4, 0x91, 0xCC, 0xB2, 0xCC, 0xD2, 0xCC, 0xD3, 0xCC, 0xF3, 0xCC, 0xF3, 0xCC, 0xF3, 0xCC, 0xD3, 0xCC, 0xD2, 0xCC, 0xB2, 0xCC, 0x91, 
0xCC, 0x70, 0xB3, 0xAD, 0x8A, 0x8A, 0x61, 0xC6, 0x49, 0x04, 0x40, 0xC3, 0x48, 0xC3, 0x71, 0xC7, 0xB4, 0xB3, 0xA4, 0x32, 0x81, 0xC8, 0x81, 0x85, 0x81, 0xC6, 0x92, 0x27, 0x92, 0x48, 0x92, 0x48, 
0x92, 0x47, 0x8A, 0x27, 0x8A, 0x27, 0x82, 0x06, 0x82, 0x06, 0x82, 0x06, 0x82, 0x06, 0x81, 0xE6, 0x82, 0x06, 0x82, 0x06, 0x81, 0xE6, 0x79, 0xE6, 0x82, 0x48, 0x82, 0x68, 0x82, 0x69, 0x8A, 0xA9, 
0xAB, 0xAD, 0xBC, 0x51, 0xC4, 0x72, 0xC4, 0x92, 0xCC, 0xB2, 0xCC, 0xD3, 0xCC, 0xD3, 0xCC, 0xD3, 0xCC, 0xF3, 0xCC, 0xF4, 0xD4, 0xF4, 0xD5, 0x14, 0xD5, 0x14, 0xD4, 0xF4, 0xD4, 0xF4, 0xD4, 0xF4, 
0x62, 0x05, 0x62, 0x05, 0x62, 0x05, 0x41, 0x43, 0x00, 0x00, 0x00, 0x00, 0x18, 0x81, 0x62, 0x47, 0x6A, 0x87, 0x7B, 0x0A, 0x8B, 0xCE, 0x8B, 0xEE, 0x93, 0xEE, 0x94, 0x0F, 0x94, 0x0F, 0x94, 0x0F, 
0x94, 0x0F, 0xA4, 0xB3, 0xAC, 0xF4, 0xB5, 0x36, 0xBD, 0x77, 0xBD, 0x97, 0xBD, 0x97, 0xBD, 0x77, 0xB5, 0x56, 0xB5, 0x57, 0xB5, 0x56, 0xAD, 0x36, 0xA4, 0xB3, 0x94, 0x2F, 0x9C, 0x50, 0xB5, 0x36, 
0xBD, 0x97, 0xC5, 0xD8, 0xCD, 0xF9, 0xCE, 0x19, 0xCE, 0x19, 0xCE, 0x19, 0xC5, 0xF8, 0xC5, 0xD8, 0xC5, 0xB7, 0xC5, 0x97, 0xAD, 0x14, 0x8B, 0xCE, 0x9C, 0x92, 0xB5, 0x35, 0xC5, 0xB7, 0xCD, 0xF8, 
0xCE, 0x39, 0xD6, 0x39, 0xCE, 0x19, 0xB5, 0x55, 0xBD, 0x97, 0xC5, 0xF9, 0xB5, 0x56, 0xAC, 0xF4, 0xB5, 0x55, 0xB5, 0x35, 0xAD, 0x14, 0xC5, 0xD7, 0xD6, 0x38, 0xCE, 0x38, 0xB5, 0x54, 0xB5, 0x54, 
0xDE, 0x9A, 0xDE, 0x9A, 0xCE, 0x17, 0xAC, 0xD2, 0xC5, 0xD6, 0xCD, 0xF7, 0xE6, 0xBA, 0xE6, 0xDA, 0xE6, 0xBA, 0xCE, 0x18, 0xDE, 0x9A, 0xDE, 0x7A, 0xDE, 0x59, 0xA0, 0xA2, 0xA0, 0x00, 0xA0, 0x00, 
0xA9, 0xA7, 0xD6, 0x5A, 0xCD, 0xF8, 0xDE, 0x59, 0xDE, 0x5A, 0xD5, 0xF8, 0xD6, 0x38, 0xCD, 0xD7, 0xC4, 0x30, 0xCC, 0x30, 0xC3, 0xEF, 0xC3, 0x0C, 0xA8, 0x61, 0xA0, 0x00, 0xA0, 0x00, 0xA0, 0x61, 
0xD4, 0x6F, 0xD4, 0x6F, 0xB1, 0xC6, 0xA8, 0x81, 0xA8, 0x81, 0xA8, 0x61, 0xA8, 0x61, 0xA8, 0x61, 0xA0, 0x61, 0xA0, 0x61, 0xA0, 0x41, 0xA0, 0x00, 0xA0, 0x00, 0xA0, 0x00, 0xA8, 0x41, 0xA8, 0x82, 
0xA8, 0x82, 0xA8, 0x81, 0xA8, 0x82, 0xA8, 0x82, 0xA8, 0x82, 0xA8, 0x82, 0xC2, 0x68, 0xDC, 0x2E, 0xDC, 0x2E, 0xDC, 0x2E, 0xDC, 0x4E, 0xDC, 0x0D, 0xDB, 0xED, 0xDB, 0xED, 0xDB, 0xCD, 0xDB, 0x8C, 
0xB0, 0xC2, 0xA8, 0x00, 0xA8, 0x00, 0xA0, 0x00, 0xDB, 0x4B, 0xE3, 0xCC, 0xE3, 0xAC, 0xB1, 0x03, 0xA8, 0x00, 0xA8, 0x00, 0xB0, 0x61, 0xEB, 0x4A, 0xEB, 0x2A, 0xEB, 0x29, 0xA0, 0x40, 0xA0, 0x00, 
0xA0, 0x00, 0xA0, 0x00, 0xA0, 0x00, 0xA0, 0x00, 0xA0, 0x00, 0xA0, 0x00, 0xA0, 0x00, 0xA0, 0x00, 0xA0, 0x00, 0xA0, 0x00, 0xA0, 0x00, 0xA0, 0x00, 0xA0, 0x00, 0xA0, 0x00, 0xA0, 0x00, 0xA0, 0x00, 
0xA0, 0x00, 0xA0, 0x82, 0xD4, 0x2F, 0xCC, 0x2F, 0xCC, 0x2F, 0xCC, 0x2F, 0xCC, 0x2F, 0xCC, 0x2F, 0xCC, 0x0F, 0xCC, 0x2F, 0xCC, 0x2F, 0xCC, 0x2F, 0xCC, 0x4F, 0xCC, 0x4F, 0xCC, 0x4F, 0xCC, 0x4F, 
0xCC, 0x50, 0xCC, 0x50, 0xCC, 0x50, 0xCC, 0x50, 0xC4, 0x70, 0xCC, 0x70, 0xCC, 0x70, 0xCC, 0x91, 0xCC, 0x91, 0xCC, 0xB2, 0xCC, 0xB2, 0xCC, 0xD3, 0xCC, 0xD3, 0xCC, 0xD3, 0xCC, 0xD3, 0xCC, 0xB2, 
0xCC, 0x91, 0xBB, 0xEF, 0x92, 0xCA, 0x72, 0x07, 0x51, 0x24, 0x48, 0xE4, 0x48, 0xE4, 0x59, 0x25, 0x82, 0x2B, 0x71, 0xC9, 0x81, 0xA7, 0x89, 0xA6, 0x9A, 0x68, 0x9A, 0x68, 0x92, 0x69, 0x92, 0x48, 
0x8A, 0x48, 0x82, 0x27, 0x82, 0x27, 0x7A, 0x06, 0x79, 0xE6, 0x79, 0xE5, 0x79, 0xE6, 0x79, 0xE6, 0x82, 0x06, 0x82, 0x06, 0x79, 0xE5, 0x79, 0xE6, 0x82, 0x48, 0x82, 0x68, 0x82, 0x69, 0x8A, 0xA9, 
0xB3, 0xCE, 0xC4, 0x51, 0xC4, 0x92, 0xC4, 0xB2, 0xCC, 0xB2, 0xCC, 0xD3, 0xCC, 0xD3, 0xCC, 0xD3, 0xCC, 0xD3, 0xCC, 0xF4, 0xD4, 0xF4, 0xD4, 0xF4, 0xD4, 0xF4, 0xD4, 0xF4, 0xD4, 0xF3, 0xCC, 0xF3, 
0x62, 0x05, 0x62, 0x05, 0x59, 0xE5, 0x10, 0x40, 0x00, 0x00, 0x00, 0x00, 0x49, 0xA5, 0x62, 0x47, 0x6A, 0x88, 0x83, 0x6C, 0x8B, 0xCE, 0x93, 0xEE, 0x94, 0x0F, 0x94, 0x0F, 0x94, 0x0F, 0x94, 0x0F, 
0x9C, 0x51, 0xA4, 0xD3, 0xAC, 0xF5, 0xB5, 0x36, 0xBD, 0x77, 0xBD, 0x97, 0xBD, 0x97, 0xBD, 0x97, 0xB5, 0x56, 0xAD, 0x15, 0xAD, 0x15, 0xA4, 0xF4, 0xA4, 0x92, 0x9C, 0x30, 0x9C, 0x72, 0xB5, 0x56, 
0xBD, 0xB8, 0xC5, 0xD8, 0xC5, 0xD8, 0xC5, 0xF8, 0xCE, 0x19, 0xCD, 0xF9, 0xC5, 0xD8, 0xC5, 0xB7, 0xBD, 0x97, 0xBD, 0x97, 0xAC, 0xD3, 0x93, 0xEF, 0x9C, 0x71, 0xB5, 0x55, 0xC5, 0xD8, 0xCE, 0x19, 
0xD6, 0x39, 0xCE, 0x39, 0xCD, 0xF9, 0xB5, 0x55, 0xBD, 0xB7, 0xC5, 0xF9, 0xB5, 0x56, 0xAC, 0xF4, 0xB5, 0x35, 0xAC, 0xF3, 0xC5, 0xD6, 0xCE, 0x38, 0xCE, 0x18, 0xB5, 0x34, 0xA4, 0x91, 0xD6, 0x79, 
0xDE, 0x9A, 0xDE, 0x9A, 0xA4, 0x90, 0x93, 0xED, 0xAC, 0xD1, 0xBD, 0x74, 0xDE, 0x99, 0xE6, 0xBA, 0xE6, 0xDB, 0xD6, 0x59, 0xD6, 0x38, 0xDE, 0x9A, 0xDE, 0x7A, 0xA0, 0xC3, 0xA0, 0x00, 0xA0, 0x00, 
0xB1, 0xA7, 0xD6, 0x3A, 0xCE, 0x19, 0xDE, 0x5A, 0xDE, 0x59, 0xD5, 0xF8, 0xD6, 0x18, 0xD6, 0x18, 0xB1, 0xC7, 0xA0, 0x00, 0xA8, 0x00, 0xA8, 0x00, 0xA8, 0x00, 0xA8, 0x00, 0xA0, 0x00, 0xA9, 0x24, 
0xDD, 0x33, 0xD4, 0xF2, 0xB1, 0xA6, 0xA8, 0x00, 0xA8, 0x00, 0xA8, 0x00, 0xA8, 0x00, 0xA8, 0x00, 0xA8, 0x00, 0xA8, 0x00, 0xA0, 0x00, 0xA0, 0x00, 0xA0, 0x00, 0xA8, 0x00, 0xA8, 0x00, 0xA8, 0x00, 
0xA8, 0x00, 0xA8, 0x00, 0xA8, 0x00, 0xA8, 0x00, 0xA8, 0x00, 0xA0, 0x00, 0xC2, 0x07, 0xDC, 0x2D, 0xDC, 0x2E, 0xDC, 0x2E, 0xDC, 0x2E, 0xC2, 0x88, 0xA0, 0x00, 0xA0, 0x00, 0xA0, 0x00, 0xA0, 0x00, 
0xA8, 0x00, 0xA8, 0x00, 0xA8, 0x00, 0xA8, 0x41, 0xE3, 0xCC, 0xE3, 0xCC, 0xE3, 0xAC, 0xB1, 0x03, 0xA8, 0x00, 0xA0, 0x00, 0xB0, 0x61, 0xEB, 0x2A, 0xEB, 0x29, 0xEB, 0x09, 0xE2, 0x67, 0xE2, 0x46, 
0xE2, 0x26, 0xE2, 0x26, 0xE2, 0x47, 0xD2, 0x27, 0xD2, 0x48, 0xCA, 0x68, 0xB0, 0xE3, 0xA0, 0x00, 0xA0, 0x00, 0xA0, 0x00, 0xCA, 0x68, 0xD3, 0x2B, 0xCB, 0x0B, 0xCB, 0x0B, 0xCA, 0xEB, 0xCA, 0xEA, 
0xCA, 0xEB, 0xCB, 0x0B, 0xD4, 0x2F, 0xD4, 0x2F, 0xD4, 0x2F, 0xD4, 0x2F, 0xCC, 0x2F, 0xCC, 0x2F, 0xCC, 0x0F, 0xCC, 0x2E, 0xCC, 0x2F, 0xCC, 0x2F, 0xCC, 0x2F, 0xCC, 0x2F, 0xC4, 0x2F, 0xC4, 0x4F, 
0xCC, 0x4F, 0xCC, 0x4F, 0xCC, 0x50, 0xCC, 0x50, 0xCC, 0x70, 0xCC, 0x70, 0xCC, 0x50, 0xCC, 0x70, 0xCC, 0x70, 0xCC, 0x70, 0xCC, 0x70, 0xCC, 0x91, 0xCC, 0x91, 0xCC, 0xB1, 0xCC, 0xB2, 0xCC, 0xB2, 
0xCC, 0xB1, 0xBC, 0x30, 0x82, 0x27, 0x48, 0xE3, 0x40, 0xA2, 0x48, 0xC3, 0x69, 0x65, 0xB3, 0xAF, 0xD5, 0x15, 0x8A, 0x29, 0x9A, 0x08, 0x9A, 0x07, 0xA2, 0x68, 0x92, 0x47, 0x8A, 0x27, 0x81, 0xE6, 
0x71, 0xA6, 0x69, 0xA5, 0x71, 0xE6, 0x7A, 0x27, 0x82, 0x27, 0x7A, 0x06, 0x7A, 0x06, 0x79, 0xE5, 0x79, 0xE6, 0x82, 0x06, 0x82, 0x06, 0x79, 0xE6, 0x7A, 0x06, 0x7A, 0x48, 0x82, 0x68, 0x92, 0xCA, 
0xB3, 0xEF, 0xC4, 0x72, 0xC4, 0xB2, 0xCC, 0xB2, 0xCC, 0xD3, 0xCC, 0xD3, 0xCC, 0xD3, 0xCC, 0xD3, 0xCC, 0xF3, 0xCC, 0xF4, 0xD4, 0xF4, 0xD4, 0xF4, 0xD4, 0xF4, 0xD4, 0xF4, 0xD4, 0xF3, 0xCC, 0xD3, 
0x62, 0x25, 0x62, 0x05, 0x39, 0x23, 0x00, 0x00, 0x00, 0x00, 0x20, 0xA2, 0x62, 0x26, 0x62, 0x47, 0x72, 0xC9, 0x8B, 0xAD, 0x8B, 0xCE, 0x93, 0xEE, 0x9C, 0x50, 0x94, 0x0F, 0x94, 0x2F, 0x93, 0xEF, 
0xA4, 0x93, 0xAC, 0xF4, 0xAD, 0x15, 0xB5, 0x56, 0xBD, 0x77, 0xBD, 0x97, 0xBD, 0x97, 0xBD, 0x97, 0xB5, 0x77, 0xB5, 0x35, 0xAC, 0xF4, 0xA4, 0xD3, 0x9C, 0x51, 0x9C, 0x51, 0xA4, 0xB3, 0xBD, 0x77, 
0xC5, 0xB8, 0xC5, 0xD8, 0xC5, 0xF9, 0xC5, 0xF9, 0xCD, 0xF9, 0xC5, 0xF9, 0xC5, 0xD8, 0xBD, 0xB7, 0xBD, 0x76, 0xBD, 0x97, 0xA4, 0x92, 0x93, 0xEF, 0x9C, 0x71, 0xB5, 0x56, 0xC5, 0xD8, 0xCE, 0x19, 
0xD6, 0x3A, 0xCE, 0x39, 0xCE, 0x19, 0xB5, 0x76, 0xC5, 0xB7, 0xC5, 0xF9, 0xBD, 0x76, 0xB5, 0x35, 0xA4, 0x92, 0xBD, 0x75, 0xCE, 0x18, 0xCD, 0xF7, 0xAC, 0xD2, 0x9C, 0x30, 0xB5, 0x54, 0xDE, 0x79, 
0xDE, 0x9A, 0xD6, 0x59, 0xC5, 0x74, 0xAC, 0xB0, 0xA4, 0x4F, 0xB5, 0x12, 0xCE, 0x17, 0xE6, 0xBA, 0xE6, 0xBA, 0xDE, 0x9A, 0xD6, 0x38, 0xD6, 0x39, 0xDE, 0x7A, 0xA0, 0xC3, 0xA0, 0x00, 0xA0, 0x00, 
0xA9, 0xC7, 0xD6, 0x3A, 0xCD, 0xF8, 0xD6, 0x3A, 0xD6, 0x59, 0xCE, 0x18, 0xCD, 0xF8, 0xD6, 0x39, 0xC3, 0x2C, 0xA0, 0x00, 0xA8, 0x00, 0xA8, 0x00, 0xA8, 0x00, 0xA0, 0x00, 0xA0, 0x00, 0xCB, 0xEF, 
0xDE, 0x59, 0xE6, 0x79, 0xBA, 0x8A, 0xA0, 0x00, 0xA0, 0x00, 0xA8, 0x00, 0xA8, 0x00, 0xA8, 0x00, 0xA0, 0x00, 0xA0, 0x00, 0xA0, 0x00, 0xA0, 0x00, 0xA0, 0x00, 0xA0, 0x00, 0xA8, 0x00, 0xA8, 0x00, 
0xA8, 0x00, 0xA8, 0x00, 0xA8, 0x00, 0xA8, 0x00, 0xA8, 0x00, 0xA0, 0x00, 0xBA, 0x07, 0xDC, 0x0D, 0xDC, 0x2D, 0xDC, 0x2E, 0xDC, 0x2E, 0xD3, 0x8C, 0xA0, 0x00, 0xA0, 0x00, 0xA8, 0x00, 0xA8, 0x00, 
0xA8, 0x00, 0xA8, 0x00, 0xA0, 0x00, 0xC9, 0xE6, 0xEB, 0xAC, 0xEB, 0xAC, 0xEB, 0xAC, 0xB0, 0xE3, 0xA0, 0x00, 0xA0, 0x00, 0xB0, 0x61, 0xF3, 0x2A, 0xF3, 0x09, 0xEA, 0xE9, 0xF2, 0xC8, 0xF2, 0xA7, 
0xF2, 0xA7, 0xF2, 0x87, 0xF2, 0x87, 0xC0, 0xE2, 0xA0, 0x00, 0xA0, 0x00, 0xA0, 0x00, 0xA0, 0x00, 0xA0, 0x00, 0xA0, 0x20, 0xE4, 0x0E, 0xE4, 0x50, 0xE4, 0x4F, 0xDC, 0x4F, 0xDC, 0x50, 0xDC, 0x4F, 
0xDC, 0x4F, 0xDC, 0x4F, 0xD4, 0x2F, 0xD4, 0x4F, 0xD4, 0x4F, 0xD4, 0x2F, 0xD4, 0x2F, 0xD4, 0x2F, 0xCC, 0x2F, 0xCC, 0x2F, 0xCC, 0x2F, 0xCC, 0x2F, 0xCC, 0x2F, 0xCC, 0x2F, 0xC4, 0x2F, 0xC4, 0x2F, 
0xC4, 0x2F, 0xCC, 0x4F, 0xCC, 0x4F, 0xCC, 0x4F, 0xCC, 0x50, 0xCC, 0x50, 0xCC, 0x50, 0xCC, 0x6F, 0xCC, 0x6F, 0xCC, 0x70, 0xCC, 0x50, 0xC4, 0x50, 0xC4, 0x50, 0xC4, 0x4F, 0xC4, 0x4F, 0xC4, 0x50, 
0xC4, 0x2F, 0xBC, 0x0F, 0xA3, 0x0B, 0x79, 0xE6, 0x59, 0x23, 0x50, 0xE2, 0x69, 0x44, 0x92, 0xCC, 0xB4, 0x73, 0x9A, 0xCD, 0xA2, 0x28, 0xA2, 0x47, 0xAA, 0x88, 0xA2, 0x88, 0x9A, 0x68, 0x8A, 0x27, 
0x69, 0xA5, 0x59, 0x44, 0x61, 0x85, 0x7A, 0x07, 0x82, 0x47, 0x82, 0x48, 0x82, 0x27, 0x7A, 0x06, 0x79, 0xE6, 0x82, 0x26, 0x82, 0x06, 0x79, 0xC5, 0x71, 0xC5, 0x7A, 0x07, 0x82, 0x68, 0x92, 0xEA, 
0xBC, 0x0F, 0xC4, 0x92, 0xCC, 0xD3, 0xCC, 0xD3, 0xCC, 0xD3, 0xCC, 0xD3, 0xCC, 0xD3, 0xCC, 0xF3, 0xCC, 0xF3, 0xCC, 0xF3, 0xCC, 0xF3, 0xCC, 0xF3, 0xCC, 0xD3, 0xCC, 0xD3, 0xCC, 0xB2, 0xCC, 0xB2, 
0x62, 0x05, 0x59, 0xE5, 0x08, 0x40, 0x00, 0x00, 0x00, 0x00, 0x49, 0xC5, 0x5A, 0x26, 0x62, 0x47, 0x7B, 0x2B, 0x8B, 0xAE, 0x8B, 0xCE, 0x94, 0x0F, 0x9C, 0x50, 0x94, 0x0F, 0x94, 0x2F, 0x94, 0x0F, 
0xA4, 0xD3, 0xAD, 0x15, 0xB5, 0x35, 0xB5, 0x56, 0xBD, 0x97, 0xBD, 0x97, 0xBD, 0x97, 0xBD, 0x97, 0xB5, 0x77, 0xB5, 0x56, 0xAC, 0xF4, 0xA4, 0x92, 0x9C, 0x50, 0x9C, 0x70, 0xAC, 0xF4, 0xBD, 0x77, 
0xC5, 0xB8, 0xC5, 0xD8, 0xC5, 0xF9, 0xCD, 0xF9, 0xCD, 0xF9, 0xC5, 0xD8, 0xC5, 0xB8, 0xBD, 0x97, 0xBD, 0x76, 0xBD, 0x77, 0x9C, 0x51, 0x94, 0x0F, 0x9C, 0x72, 0xBD, 0x76, 0xCD, 0xF8, 0xD6, 0x39, 
0xD6, 0x5A, 0xCE, 0x39, 0xCE, 0x19, 0xC5, 0xB7, 0xC5, 0xD8, 0xC5, 0xF8, 0xBD, 0x76, 0xA4, 0xB2, 0xAC, 0xD2, 0xCE, 0x18, 0xCD, 0xF7, 0xA4, 0xD2, 0x94, 0x2F, 0x94, 0x2F, 0xCE, 0x18, 0xDE, 0x79, 
0xDE, 0x9A, 0xDE, 0x79, 0xDE, 0x79, 0xCD, 0xB5, 0xAC, 0xD1, 0xCD, 0xF6, 0xCD, 0xD6, 0xE6, 0xBA, 0xE6, 0xBA, 0xE6, 0x9A, 0xDE, 0x79, 0xD6, 0x38, 0xDE, 0x59, 0xA9, 0xE8, 0xA9, 0x45, 0xA9, 0x25, 
0xB2, 0x8B, 0xCE, 0x19, 0xC5, 0xB7, 0xD6, 0x39, 0xD6, 0x39, 0xCE, 0x19, 0xCD, 0xF8, 0xD6, 0x39, 0xCC, 0x71, 0xA9, 0x44, 0xA9, 0x45, 0xB1, 0x66, 0xB1, 0xC7, 0xBA, 0x8A, 0xD4, 0x92, 0xDE, 0x59, 
0xDE, 0x79, 0xE6, 0x9A, 0xDD, 0x75, 0xD4, 0xB2, 0xD4, 0xB2, 0xD4, 0xD3, 0xD4, 0xD3, 0xD4, 0xD2, 0xD4, 0xB2, 0xD4, 0x91, 0xD4, 0x30, 0xD3, 0xEF, 0xD3, 0xAE, 0xCB, 0x2B, 0xCA, 0xEA, 0xCB, 0x0A, 
0xD3, 0x2A, 0xD3, 0x2B, 0xCB, 0x0A, 0xCB, 0x0A, 0xCA, 0xEA, 0xCA, 0xC9, 0xD3, 0x6B, 0xDC, 0x0D, 0xDC, 0x0D, 0xDC, 0x2E, 0xDC, 0x2D, 0xDB, 0xED, 0xA0, 0x61, 0xA8, 0x61, 0xA8, 0x81, 0xB0, 0xA2, 
0xB0, 0xE2, 0xC1, 0x44, 0xD2, 0x68, 0xEB, 0xAC, 0xEB, 0x8B, 0xEB, 0x8B, 0xEB, 0x8C, 0xB9, 0x44, 0xB0, 0x82, 0xB0, 0xA2, 0xC1, 0x03, 0xF3, 0x0A, 0xF3, 0x09, 0xF2, 0xE8, 0xF2, 0xC8, 0xF2, 0xA7, 
0xF2, 0x87, 0xF2, 0x66, 0xF2, 0x66, 0xDA, 0x06, 0xA0, 0x20, 0xA0, 0x20, 0xA0, 0x20, 0xA0, 0x41, 0xB1, 0x04, 0xD3, 0x2B, 0xEC, 0x70, 0xE4, 0x70, 0xE4, 0x70, 0xE4, 0x70, 0xE4, 0x70, 0xDC, 0x70, 
0xDC, 0x70, 0xDC, 0x70, 0xDC, 0x70, 0xDC, 0x70, 0xDC, 0x70, 0xDC, 0x70, 0xDC, 0x70, 0xDC, 0x50, 0xD4, 0x4F, 0xD4, 0x4F, 0xD4, 0x2F, 0xD4, 0x2F, 0xCC, 0x2F, 0xCC, 0x2F, 0xCC, 0x2F, 0xCC, 0x2E, 
0xCC, 0x2F, 0xCC, 0x2F, 0xCC, 0x2F, 0xCC, 0x2F, 0xCC, 0x4F, 0xCC, 0x4F, 0xCC, 0x4F, 0xCC, 0x4F, 0xCC, 0x4F, 0xC4, 0x4F, 0xC4, 0x2F, 0xC4, 0x2F, 0xC4, 0x0E, 0xC4, 0x0E, 0xBB, 0xCD, 0xBB, 0xAD, 
0xB3, 0x8C, 0xB3, 0x6C, 0xAB, 0x4B, 0xAB, 0x4B, 0xA2, 0xEA, 0x8A, 0x47, 0x81, 0xC6, 0x79, 0xA6, 0x92, 0xAC, 0x8A, 0x4A, 0xA2, 0x68, 0xAA, 0xA8, 0xAA, 0xA8, 0xAA, 0xA8, 0xA2, 0x88, 0x92, 0x47, 
0x7A, 0x07, 0x69, 0xC7, 0x6A, 0x07, 0x7A, 0x28, 0x7A, 0x48, 0x82, 0x68, 0x82, 0x68, 0x82, 0x27, 0x82, 0x26, 0x8A, 0x47, 0x82, 0x47, 0x79, 0xE6, 0x79, 0xE6, 0x79, 0xE6, 0x7A, 0x48, 0x92, 0xCA, 
0xBC, 0x0F, 0xC4, 0x91, 0xCC, 0xD2, 0xCC, 0xD3, 0xCC, 0xF3, 0xCC, 0xF3, 0xD4, 0xF3, 0xCC, 0xF3, 0xCC, 0xD3, 0xCC, 0xB2, 0xC4, 0x71, 0xC4, 0x2F, 0xCC, 0x0F, 0xCC, 0x0E, 0xCB, 0xEE, 0xCB, 0xEE, 
0x62, 0x05, 0x31, 0x02, 0x00, 0x00, 0x00, 0x00, 0x20, 0xC2, 0x5A, 0x26, 0x62, 0x26, 0x6A, 0x88, 0x8B, 0xAD, 0x8B, 0xCE, 0x8B, 0xCE, 0x94, 0x30, 0x9C, 0x30, 0x9C, 0x30, 0x9C, 0x30, 0x9C, 0x50, 
0xAC, 0xD3, 0xAD, 0x15, 0xB5, 0x15, 0xB5, 0x56, 0xBD, 0x77, 0xBD, 0x97, 0xBD, 0x97, 0xBD, 0x77, 0xB5, 0x77, 0xB5, 0x36, 0xAC, 0xF4, 0x9C, 0x91, 0x9C, 0x50, 0x9C, 0x71, 0xAD, 0x15, 0xBD, 0x77, 
0xC5, 0xB8, 0xC5, 0xD8, 0xC5, 0xF9, 0xC5, 0xF9, 0xCD, 0xF9, 0xC5, 0xD8, 0xBD, 0xB7, 0xBD, 0x97, 0xBD, 0x76, 0xB5, 0x56, 0x94, 0x10, 0x94, 0x0F, 0xA4, 0x92, 0xBD, 0x97, 0xCE, 0x19, 0xD6, 0x3A, 
0xD6, 0x3A, 0xCE, 0x39, 0xCE, 0x19, 0xC5, 0xF8, 0xC5, 0xD8, 0xC5, 0xF8, 0xAC, 0xF4, 0x9C, 0x30, 0xCE, 0x18, 0xCE, 0x18, 0xBD, 0x75, 0x8B, 0xEE, 0x94, 0x0F, 0x9C, 0x70, 0xD6, 0x59, 0xDE, 0x9A, 
0xDE, 0x59, 0xDE, 0x7A, 0xDE, 0x79, 0xC5, 0x95, 0xBD, 0x53, 0xD6, 0x38, 0xCD, 0xF6, 0xE6, 0xBA, 0xE6, 0xBA, 0xE6, 0x9A, 0xCD, 0xF8, 0xBD, 0x55, 0xB4, 0xB3, 0xA3, 0xD0, 0xAB, 0xEF, 0xBC, 0xF4, 
0xBD, 0x36, 0x9C, 0x11, 0x94, 0x11, 0xBD, 0x97, 0xCE, 0x19, 0xCE, 0x19, 0xCD, 0xF8, 0xD6, 0x39, 0xDE, 0x5A, 0xD6, 0x39, 0xDE, 0x59, 0xDE, 0x7A, 0xDE, 0x5A, 0xDE, 0x7A, 0xE6, 0x9A, 0xDE, 0x39, 
0xE6, 0x7A, 0xE6, 0x7A, 0xE6, 0x7A, 0xE6, 0x7A, 0xE6, 0x9A, 0xE6, 0x9A, 0xE6, 0x79, 0xE6, 0x79, 0xE6, 0x79, 0xE6, 0x79, 0xE6, 0x79, 0xE6, 0x59, 0xE6, 0x59, 0xE6, 0x38, 0xE5, 0xD6, 0xE5, 0xF7, 
0xDD, 0x74, 0xDC, 0xB0, 0xDC, 0x6F, 0xDC, 0x4E, 0xD4, 0x0D, 0xDC, 0x0D, 0xD4, 0x0D, 0xDC, 0x0D, 0xDC, 0x0D, 0xDC, 0x0D, 0xDC, 0x0D, 0xE3, 0xED, 0xE3, 0xCC, 0xEB, 0xCC, 0xEB, 0xAC, 0xEB, 0xAC, 
0xEB, 0xAC, 0xEB, 0x8C, 0xEB, 0x8B, 0xEB, 0x8B, 0xEB, 0x8B, 0xEB, 0x8B, 0xEB, 0x6B, 0xF3, 0x4A, 0xF3, 0x2A, 0xF3, 0x09, 0xF3, 0x09, 0xF3, 0x09, 0xF3, 0x09, 0xF2, 0xE8, 0xF2, 0xC8, 0xF2, 0xA7, 
0xF2, 0xA7, 0xEB, 0x2A, 0xF4, 0xB1, 0xF4, 0x70, 0xF4, 0xB1, 0xF4, 0x30, 0xF4, 0x92, 0xFD, 0x33, 0xF4, 0xD2, 0xEC, 0x90, 0xEC, 0x90, 0xEC, 0x90, 0xEC, 0x90, 0xE4, 0x90, 0xE4, 0x90, 0xE4, 0xB0, 
0xE4, 0xB1, 0xE4, 0xB1, 0xE4, 0xD1, 0xE4, 0xB1, 0xE4, 0xB1, 0xE4, 0xB1, 0xE4, 0xB1, 0xE4, 0xB1, 0xE4, 0x90, 0xE4, 0x90, 0xDC, 0x90, 0xDC, 0x70, 0xD4, 0x70, 0xD4, 0x6F, 0xD4, 0x4F, 0xD4, 0x4F, 
0xCC, 0x2F, 0xCC, 0x2F, 0xCC, 0x2F, 0xCC, 0x2E, 0xCC, 0x2E, 0xCC, 0x2E, 0xC4, 0x2F, 0xC4, 0x2F, 0xC4, 0x2F, 0xC4, 0x0E, 0xC3, 0xED, 0xBB, 0xCD, 0xBB, 0xAC, 0xB3, 0x8C, 0xB3, 0x6B, 0xAB, 0x4A, 
0xAB, 0x2A, 0xAB, 0x2A, 0xAB, 0x2A, 0xAB, 0x0A, 0xAB, 0x0A, 0xAB, 0x2A, 0xAB, 0x0A, 0xA2, 0xC9, 0xA2, 0xAA, 0xAA, 0xCA, 0xBB, 0x4B, 0xB3, 0x2B, 0xAA, 0xE9, 0xAA, 0xC9, 0xA2, 0xA8, 0x92, 0x67, 
0x71, 0xE6, 0x72, 0x28, 0x7A, 0x8A, 0x7A, 0x49, 0x72, 0x28, 0x7A, 0x27, 0x82, 0x48, 0x8A, 0x68, 0x82, 0x47, 0x8A, 0x47, 0x8A, 0x67, 0x82, 0x27, 0x7A, 0x06, 0x79, 0xE6, 0x7A, 0x07, 0x92, 0xC9, 
0xBC, 0x0E, 0xC4, 0x4F, 0xCC, 0x90, 0xCC, 0xB2, 0xCC, 0xF3, 0xCC, 0xF3, 0xD4, 0xF3, 0xCC, 0xF3, 0xC4, 0x91, 0xBC, 0x0E, 0xBB, 0x8C, 0xBB, 0xAC, 0xCB, 0xEE, 0xCC, 0x2F, 0xCC, 0x2F, 0xCC, 0x2E, 
0x59, 0xE5, 0x08, 0x40, 0x00, 0x00, 0x00, 0x00, 0x51, 0xC5, 0x5A, 0x06, 0x62, 0x27, 0x7B, 0x0B, 0x8B, 0xAE, 0x8B, 0xCE, 0x8B, 0xEE, 0x9C, 0x30, 0x94, 0x10, 0x9C, 0x50, 0x9C, 0x30, 0xA4, 0x92, 
0xAC, 0xF4, 0xAD, 0x15, 0xB5, 0x15, 0xB5, 0x35, 0xB5, 0x56, 0xBD, 0x97, 0xB5, 0x77, 0xB5, 0x56, 0xB5, 0x56, 0xB5, 0x35, 0xAC, 0xF4, 0x9C, 0x91, 0x9C, 0x50, 0x9C, 0x92, 0xAD, 0x15, 0xBD, 0x77, 
0xC5, 0xB8, 0xC5, 0xD8, 0xC5, 0xF9, 0xC5, 0xF9, 0xC5, 0xF9, 0xC5, 0xD8, 0xBD, 0xB7, 0xBD, 0x97, 0xBD, 0x76, 0xAD, 0x15, 0x8B, 0xEE, 0x94, 0x0F, 0xA4, 0xD3, 0xBD, 0x97, 0xCE, 0x19, 0xD6, 0x3A, 
0xD6, 0x3A, 0xD6, 0x39, 0xCE, 0x19, 0xCD, 0xF9, 0xC5, 0xD8, 0xBD, 0x77, 0x9C, 0x30, 0xBD, 0x54, 0xD6, 0x58, 0xCE, 0x18, 0xA4, 0x91, 0x94, 0x0F, 0x94, 0x0E, 0xAC, 0xF3, 0xD6, 0x58, 0xD6, 0x79, 
0xD6, 0x39, 0xDE, 0x9A, 0xDE, 0x58, 0xB5, 0x33, 0xD6, 0x17, 0xDE, 0x79, 0xC5, 0xB6, 0xDE, 0xBA, 0xE6, 0xDA, 0xE6, 0xBA, 0xCD, 0xB7, 0xB4, 0x52, 0xC3, 0x0D, 0xC2, 0x4A, 0xB2, 0x29, 0xA2, 0xAB, 
0x9A, 0xAB, 0xAA, 0x49, 0xB2, 0xCC, 0x82, 0xCC, 0x94, 0x32, 0xCE, 0x19, 0xC5, 0xD8, 0xD6, 0x39, 0xDE, 0x5A, 0xD6, 0x39, 0xDE, 0x59, 0xDE, 0x7A, 0xDE, 0x7A, 0xE6, 0x9B, 0xDE, 0x9A, 0xDE, 0x39, 
0xE6, 0x9A, 0xE6, 0x9A, 0xE6, 0x7A, 0xE6, 0x9A, 0xE6, 0xBA, 0xE6, 0x7A, 0xE6, 0x79, 0xE6, 0x79, 0xE6, 0x79, 0xE6, 0x79, 0xE6, 0x79, 0xE6, 0x79, 0xE6, 0x7A, 0xE6, 0x7A, 0xE6, 0x7A, 0xE6, 0x7A, 
0xE6, 0x9A, 0xE6, 0x7A, 0xEE, 0x79, 0xE6, 0x58, 0xDD, 0x53, 0xDC, 0xF1, 0xDC, 0xB0, 0xD4, 0x2E, 0xDC, 0x90, 0xDC, 0x4E, 0xDB, 0xED, 0xE3, 0xED, 0xE3, 0xCD, 0xE3, 0xAC, 0xE3, 0xAC, 0xEB, 0xAC, 
0xEB, 0xAC, 0xEB, 0xAC, 0xEB, 0x8B, 0xEB, 0x8B, 0xEB, 0x8B, 0xEB, 0x6B, 0xEB, 0x4A, 0xF3, 0x2A, 0xF3, 0x29, 0xF3, 0x09, 0xF3, 0x09, 0xF3, 0x09, 0xF3, 0xAC, 0xF4, 0x4F, 0xF3, 0xED, 0xF3, 0xED, 
0xF5, 0x54, 0xF5, 0x75, 0xF5, 0x96, 0xF3, 0xEE, 0xF4, 0x71, 0xFC, 0x30, 0xFC, 0x71, 0xF5, 0x54, 0xEC, 0xD2, 0xEC, 0xB1, 0xEC, 0xD1, 0xEC, 0xD1, 0xEC, 0xF2, 0xEC, 0xF2, 0xEC, 0xF2, 0xEC, 0xF2, 
0xED, 0x12, 0xED, 0x13, 0xED, 0x13, 0xED, 0x13, 0xED, 0x13, 0xED, 0x13, 0xEC, 0xF2, 0xEC, 0xF2, 0xE4, 0xF2, 0xE4, 0xD2, 0xE4, 0xD2, 0xE4, 0xD1, 0xDC, 0xB1, 0xDC, 0xB1, 0xDC, 0x90, 0xD4, 0x70, 
0xD4, 0x70, 0xD4, 0x4F, 0xD4, 0x4F, 0xD4, 0x2F, 0xCC, 0x2E, 0xCC, 0x0E, 0xC4, 0x0E, 0xC3, 0xEE, 0xC3, 0xCD, 0xBB, 0xAC, 0xBB, 0x8B, 0xB3, 0x6B, 0xB3, 0x4A, 0xAB, 0x2A, 0xAB, 0x2A, 0xAB, 0x2A, 
0xAB, 0x2A, 0xAB, 0x2A, 0xAB, 0x0A, 0xAB, 0x0A, 0xAA, 0xEA, 0xAB, 0x0A, 0xAB, 0x0A, 0xAB, 0x2A, 0xB3, 0x4B, 0xBB, 0x8C, 0xBB, 0xAC, 0xBB, 0x8C, 0xB3, 0x2A, 0xAA, 0xE9, 0xA2, 0xA8, 0x92, 0x68, 
0x71, 0xE6, 0x61, 0xC7, 0x72, 0x49, 0x72, 0x48, 0x72, 0x07, 0x72, 0x07, 0x82, 0x28, 0x8A, 0x68, 0x8A, 0x68, 0x8A, 0x67, 0x92, 0x88, 0x8A, 0x67, 0x82, 0x07, 0x79, 0xE6, 0x71, 0xE6, 0x9A, 0xC8, 
0xC3, 0xEC, 0xCC, 0x4F, 0xCC, 0x90, 0xCC, 0x90, 0xCC, 0xB1, 0xCC, 0xD2, 0xCC, 0xD2, 0xC4, 0x91, 0xBB, 0xEE, 0xB3, 0x6B, 0xB3, 0x4B, 0xC3, 0xEE, 0xCC, 0x50, 0xD4, 0x71, 0xCC, 0x50, 0xCC, 0x2F, 
0x39, 0x23, 0x00, 0x00, 0x00, 0x00, 0x20, 0xC2, 0x5A, 0x06, 0x5A, 0x26, 0x62, 0x68, 0x83, 0x8D, 0x8B, 0xAE, 0x8B, 0xCE, 0x94, 0x0F, 0x94, 0x30, 0x94, 0x30, 0x9C, 0x50, 0x9C, 0x30, 0xA4, 0xB3, 
0xAC, 0xF4, 0xAD, 0x15, 0xB5, 0x35, 0xB5, 0x35, 0xB5, 0x36, 0xB5, 0x76, 0xB5, 0x77, 0xB5, 0x36, 0xB5, 0x36, 0xAD, 0x35, 0xA4, 0xD3, 0x9C, 0x71, 0x9C, 0x71, 0xA4, 0x92, 0xB5, 0x36, 0xBD, 0x77, 
0xC5, 0xB8, 0xC5, 0xD8, 0xC5, 0xD8, 0xC5, 0xD8, 0xC5, 0xD8, 0xC5, 0xB7, 0xBD, 0xB7, 0xBD, 0x97, 0xBD, 0x76, 0xA4, 0xB3, 0x8B, 0xCE, 0x94, 0x10, 0xAC, 0xF4, 0xC5, 0xB7, 0xCE, 0x19, 0xD6, 0x3A, 
0xD6, 0x3A, 0xD6, 0x3A, 0xCE, 0x39, 0xCD, 0xF9, 0xC5, 0x97, 0x9C, 0x71, 0x9C, 0x50, 0xD6, 0x58, 0xD6, 0x38, 0xCD, 0xF7, 0x9C, 0x2F, 0x9C, 0x4F, 0x94, 0x0E, 0xBD, 0x55, 0xD6, 0x38, 0xD6, 0x18, 
0xDE, 0x79, 0xDE, 0xBA, 0xDE, 0x59, 0xBD, 0x74, 0xDE, 0x79, 0xDE, 0x9A, 0xBD, 0x74, 0xDE, 0x79, 0xE6, 0xDB, 0xE6, 0xBA, 0xD5, 0xF8, 0xAA, 0x8A, 0xB1, 0x87, 0xB1, 0xA7, 0xA9, 0x87, 0xAA, 0x49, 
0xBA, 0xAB, 0xB2, 0x08, 0xB2, 0x08, 0xB2, 0xEC, 0x7A, 0x4A, 0xAC, 0xF4, 0xC5, 0x97, 0xCD, 0xF8, 0xD6, 0x39, 0xD6, 0x18, 0xD6, 0x39, 0xDE, 0x5A, 0xDE, 0x7A, 0xE6, 0x9A, 0xDE, 0x7A, 0xDE, 0x59, 
0xDE, 0x9A, 0xDE, 0x9A, 0xDE, 0x9A, 0xE6, 0xBA, 0xE6, 0x9A, 0xE6, 0x79, 0xE6, 0x79, 0xE6, 0x79, 0xE6, 0x59, 0xE6, 0x59, 0xE6, 0x79, 0xE6, 0x79, 0xE6, 0x79, 0xE6, 0x7A, 0xE6, 0x9A, 0xE6, 0x9A, 
0xE6, 0x9A, 0xE6, 0x9A, 0xE6, 0x9A, 0xE6, 0x7A, 0xE6, 0x37, 0xE6, 0x16, 0xE5, 0xF5, 0xE5, 0xD5, 0xE6, 0x37, 0xEE, 0x17, 0xE5, 0x53, 0xED, 0x53, 0xED, 0x95, 0xED, 0x74, 0xE4, 0x90, 0xEC, 0xF2, 
0xED, 0x53, 0xED, 0x13, 0xEC, 0x90, 0xEC, 0x2E, 0xEC, 0xB0, 0xEC, 0xB0, 0xEC, 0x6F, 0xEB, 0x8B, 0xF4, 0xF2, 0xF5, 0x74, 0xF5, 0x13, 0xF4, 0xF2, 0xF5, 0xF7, 0xF6, 0x18, 0xF6, 0x18, 0xF6, 0x17, 
0xF5, 0xF7, 0xED, 0xD7, 0xED, 0xD7, 0xF4, 0xD2, 0xF3, 0xCE, 0xFB, 0xEF, 0xFC, 0x71, 0xF5, 0x74, 0xEC, 0xF2, 0xEC, 0xF2, 0xED, 0x13, 0xED, 0x13, 0xED, 0x33, 0xED, 0x33, 0xED, 0x34, 0xED, 0x33, 
0xED, 0x34, 0xED, 0x34, 0xED, 0x34, 0xED, 0x33, 0xED, 0x33, 0xED, 0x13, 0xED, 0x13, 0xED, 0x34, 0xE5, 0x54, 0xE5, 0x34, 0xE5, 0x13, 0xE5, 0x13, 0xE4, 0xF3, 0xDC, 0xF3, 0xDC, 0xD2, 0xDC, 0xD2, 
0xDC, 0xB2, 0xDC, 0xB1, 0xD4, 0x90, 0xD4, 0x70, 0xD4, 0x4F, 0xCC, 0x2E, 0xCC, 0x0E, 0xC3, 0xCD, 0xC3, 0xAC, 0xBB, 0x6A, 0xB3, 0x2A, 0xB3, 0x2A, 0xAB, 0x2A, 0xAB, 0x0A, 0xAB, 0x29, 0xAB, 0x2A, 
0xAB, 0x2A, 0xA3, 0x2A, 0xA3, 0x0A, 0xA3, 0x0A, 0xAA, 0xE9, 0xAA, 0xEA, 0xAA, 0xEA, 0xAA, 0xEA, 0xAA, 0xE9, 0xAB, 0x0A, 0xB3, 0x2A, 0xB3, 0x4B, 0xB3, 0x4A, 0xAB, 0x09, 0x9A, 0xC8, 0x92, 0x68, 
0x69, 0xE6, 0x59, 0xA6, 0x61, 0xC7, 0x61, 0xE7, 0x6A, 0x07, 0x72, 0x07, 0x7A, 0x28, 0x82, 0x48, 0x8A, 0x68, 0x92, 0xA9, 0x92, 0xC9, 0x8A, 0x88, 0x82, 0x27, 0x71, 0xE6, 0x79, 0xE5, 0x9A, 0xA7, 
0xB3, 0x49, 0xC4, 0x0C, 0xCC, 0x6F, 0xCC, 0x8F, 0xCC, 0x90, 0xCC, 0x90, 0xC4, 0x70, 0xBC, 0x0E, 0xB3, 0x8B, 0xB3, 0x4A, 0xB3, 0x4B, 0xCC, 0x2F, 0xD4, 0xD3, 0xD5, 0x14, 0xD4, 0xF3, 0xD4, 0xB3, 
0x10, 0x61, 0x00, 0x00, 0x08, 0x00, 0x49, 0xC6, 0x5A, 0x26, 0x5A, 0x27, 0x72, 0xCA, 0x83, 0xAD, 0x8B, 0xAD, 0x8B, 0xCE, 0x94, 0x0F, 0x94, 0x30, 0x94, 0x30, 0x9C, 0x51, 0x9C, 0x51, 0xA4, 0xD4, 
0xAC, 0xF4, 0xAD, 0x15, 0xB5, 0x36, 0xB5, 0x56, 0xB5, 0x56, 0xB5, 0x56, 0xB5, 0x56, 0xAD, 0x15, 0xAD, 0x15, 0xAD, 0x14, 0xA4, 0x92, 0x9C, 0x70, 0x9C, 0x70, 0xA4, 0xB2, 0xB5, 0x36, 0xBD, 0x56, 
0xBC, 0x93, 0xBB, 0xAF, 0xBB, 0x4E, 0xBB, 0x8E, 0xBC, 0x72, 0xC5, 0x76, 0xBD, 0x97, 0xBD, 0x97, 0xB5, 0x56, 0x94, 0x51, 0x8B, 0xAE, 0x94, 0x30, 0xAD, 0x15, 0xC5, 0xD8, 0xD6, 0x39, 0xD6, 0x3A, 
0xD6, 0x3A, 0xD6, 0x39, 0xCE, 0x39, 0xCD, 0xF8, 0xAC, 0xF3, 0x94, 0x0F, 0xB5, 0x34, 0xD6, 0x59, 0xD6, 0x38, 0xB5, 0x54, 0x9C, 0x50, 0x94, 0x2F, 0x9C, 0x2F, 0xC5, 0x96, 0xCE, 0x18, 0xCE, 0x18, 
0xDE, 0x9A, 0xDE, 0xBA, 0xDE, 0x59, 0xC5, 0xB6, 0xDE, 0x7A, 0xDE, 0xBA, 0xCD, 0xF7, 0xD6, 0x59, 0xE6, 0xDB, 0xE6, 0xBA, 0xDE, 0x59, 0xA9, 0xE9, 0xA9, 0x25, 0xA1, 0x05, 0xA2, 0x49, 0xAA, 0x49, 
0xA1, 0xC7, 0xA1, 0x86, 0xA9, 0x46, 0xBA, 0x29, 0x9A, 0x6A, 0x93, 0xF1, 0xBD, 0x56, 0xC5, 0xB7, 0xCD, 0xD8, 0xCD, 0xD7, 0xD6, 0x19, 0xD6, 0x39, 0xDE, 0x59, 0xDE, 0x9A, 0xD6, 0x39, 0xDE, 0x7A, 
0xDE, 0x7A, 0xDE, 0x9A, 0xE6, 0x9A, 0xE6, 0xBB, 0xE6, 0x9A, 0xE6, 0x79, 0xD4, 0xF3, 0xCC, 0x10, 0xCC, 0x10, 0xCC, 0x10, 0xD4, 0xD3, 0xE6, 0x9A, 0xDE, 0x59, 0xE6, 0x9A, 0xE6, 0x9A, 0xE6, 0x9A, 
0xE6, 0x9A, 0xE6, 0x9B, 0xE6, 0x9A, 0xE6, 0x9A, 0xE6, 0x38, 0xE6, 0x57, 0xE6, 0x37, 0xE6, 0x16, 0xE6, 0x37, 0xE6, 0x58, 0xEE, 0x58, 0xEE, 0x38, 0xEE, 0x39, 0xEE, 0x59, 0xEE, 0x59, 0xEE, 0x59, 
0xEE, 0x59, 0xEE, 0x39, 0xEE, 0x59, 0xEE, 0x59, 0xEE, 0x38, 0xEE, 0x59, 0xEE, 0x59, 0xF6, 0x58, 0xF6, 0x79, 0xEE, 0x58, 0xEE, 0x38, 0xEE, 0x38, 0xE5, 0x75, 0xDC, 0x71, 0xDC, 0x91, 0xDC, 0x92, 
0xDC, 0x91, 0xDC, 0x91, 0xDC, 0x71, 0xE3, 0xCE, 0xE2, 0xEA, 0xE2, 0xAA, 0xDB, 0x2C, 0xDB, 0x8D, 0xDB, 0xAD, 0xED, 0x13, 0xED, 0x33, 0xED, 0x34, 0xED, 0x34, 0xED, 0x54, 0xED, 0x54, 0xED, 0x55, 
0xED, 0x55, 0xED, 0x55, 0xED, 0x55, 0xED, 0x54, 0xE5, 0x54, 0xE5, 0x54, 0xE5, 0x55, 0xE5, 0xB7, 0xEE, 0x19, 0xE5, 0xD7, 0xE5, 0x55, 0xE5, 0x55, 0xE5, 0x35, 0xDD, 0x14, 0xDC, 0xF4, 0xDC, 0xF3, 
0xD4, 0xD3, 0xD4, 0xD3, 0xDC, 0xD3, 0xDC, 0xD2, 0xD4, 0xB1, 0xD4, 0x0E, 0xCB, 0x2B, 0xC3, 0x0A, 0xBA, 0xEA, 0xBA, 0xC9, 0xB3, 0x2A, 0xAB, 0x09, 0xAB, 0x09, 0xAB, 0x09, 0xAB, 0x0A, 0xAB, 0x0A, 
0xA3, 0x2A, 0xA3, 0x2A, 0xA3, 0x0A, 0xAB, 0x0A, 0xA3, 0x0A, 0xA3, 0x0A, 0xAA, 0xEA, 0xA2, 0xE9, 0xA2, 0xE9, 0xA2, 0xC9, 0xA2, 0xC9, 0xA2, 0xE9, 0xA2, 0xE9, 0xA2, 0xC8, 0x92, 0x88, 0x8A, 0x47, 
0x61, 0xC6, 0x59, 0xA6, 0x61, 0xE7, 0x61, 0xC7, 0x69, 0xC7, 0x72, 0x07, 0x82, 0x68, 0x82, 0x48, 0x8A, 0x68, 0x92, 0xC9, 0x92, 0xCA, 0x92, 0xA9, 0x82, 0x47, 0x79, 0xE6, 0x79, 0xE6, 0xA2, 0xC8, 
0xB3, 0x08, 0xBB, 0x49, 0xC3, 0xCB, 0xC4, 0x0D, 0xC4, 0x0D, 0xBB, 0xED, 0xBB, 0xAB, 0xB3, 0x6B, 0xB3, 0x4A, 0xB3, 0x2A, 0xB3, 0x6B, 0xCC, 0x0F, 0xCC, 0x92, 0xD4, 0xB3, 0xD4, 0xD3, 0xD4, 0xD3, 
0x00, 0x00, 0x00, 0x00, 0x28, 0xE2, 0x5A, 0x27, 0x5A, 0x26, 0x5A, 0x27, 0x7B, 0x4C, 0x83, 0x8D, 0x83, 0xAD, 0x8B, 0xCE, 0x94, 0x0F, 0x94, 0x30, 0x9C, 0x50, 0x9C, 0x71, 0x9C, 0x71, 0xA4, 0xD3, 
0xAC, 0xF4, 0xAD, 0x15, 0xB5, 0x36, 0xB5, 0x56, 0xB5, 0x56, 0xB5, 0x36, 0xAD, 0x35, 0xAD, 0x15, 0xA4, 0xF4, 0xAC, 0xF4, 0xA4, 0x91, 0x9C, 0x70, 0x9C, 0x50, 0xAC, 0x71, 0xAA, 0x6A, 0xA0, 0x82, 
0xA0, 0x00, 0xA0, 0x00, 0xA8, 0x00, 0xA8, 0x00, 0xA0, 0x00, 0xA0, 0xA2, 0xB3, 0x4D, 0xBD, 0x76, 0xB5, 0x35, 0x8B, 0xF0, 0x8B, 0xCE, 0x94, 0x51, 0xB5, 0x55, 0xC5, 0xD8, 0xD6, 0x39, 0xD6, 0x5A, 
0xD6, 0x3A, 0xD6, 0x39, 0xCE, 0x19, 0xC5, 0xB8, 0x9C, 0x30, 0x94, 0x0F, 0xD6, 0x38, 0xD6, 0x59, 0xD6, 0x38, 0xA4, 0x91, 0x9C, 0x2F, 0x94, 0x0F, 0xAC, 0xB2, 0xCD, 0xF8, 0xCE, 0x18, 0xD6, 0x59, 
0xDE, 0xBB, 0xDE, 0x9A, 0xCD, 0xD7, 0xD6, 0x38, 0xDE, 0x9A, 0xDE, 0xBA, 0xCD, 0xF7, 0xC5, 0xD7, 0xE6, 0xBA, 0xE6, 0xBA, 0xDE, 0x9A, 0xBC, 0x31, 0xA2, 0x49, 0x99, 0xE8, 0xB3, 0x6D, 0xAA, 0xEB, 
0x91, 0xC6, 0xBA, 0x28, 0xA9, 0x65, 0xBA, 0x08, 0x9A, 0x4A, 0xCD, 0xD7, 0xBD, 0x96, 0xC5, 0xD7, 0xC5, 0xB7, 0xC5, 0x96, 0xD6, 0x18, 0xD6, 0x18, 0xD6, 0x18, 0xDE, 0x79, 0xD6, 0x18, 0xDE, 0x7A, 
0xD6, 0x38, 0xDE, 0x79, 0xDE, 0x9A, 0xE6, 0x9B, 0xDE, 0x7A, 0xE6, 0x9A, 0xBA, 0x6A, 0xA8, 0x00, 0xA8, 0x00, 0xA0, 0x00, 0xB9, 0xE7, 0xE6, 0xBA, 0xDE, 0x59, 0xE6, 0x9A, 0xE6, 0xBA, 0xE6, 0x9A, 
0xE6, 0x9A, 0xE6, 0x9A, 0xE6, 0x9A, 0xE6, 0x79, 0xD5, 0xF7, 0xE6, 0x58, 0xE6, 0x37, 0xE6, 0x17, 0xE6, 0x37, 0xE6, 0x58, 0xEE, 0x58, 0xEE, 0x58, 0xEE, 0x59, 0xEE, 0x59, 0xEE, 0x59, 0xEE, 0x59, 
0xEE, 0x59, 0xEE, 0x59, 0xEE, 0x7A, 0xEE, 0x79, 0xEE, 0x59, 0xEE, 0x79, 0xEE, 0x7A, 0xEE, 0x7A, 0xEE, 0x7A, 0xEE, 0x59, 0xEE, 0x59, 0xEE, 0x59, 0xCB, 0xCF, 0xA0, 0x00, 0xA0, 0x00, 0xA8, 0x00, 
0xA8, 0x00, 0xA8, 0x00, 0xA8, 0x00, 0xA8, 0x00, 0xA8, 0x00, 0xA8, 0x00, 0xB0, 0x00, 0xB0, 0x00, 0xB9, 0x03, 0xED, 0x34, 0xED, 0x54, 0xED, 0x54, 0xED, 0x55, 0xED, 0x55, 0xED, 0x75, 0xED, 0x75, 
0xED, 0x75, 0xED, 0x75, 0xE5, 0x75, 0xE5, 0x75, 0xE5, 0x55, 0xE5, 0x55, 0xE5, 0x55, 0xE5, 0xF8, 0xE6, 0x19, 0xE5, 0xB7, 0xE5, 0x75, 0xE5, 0x96, 0xDD, 0x96, 0xDD, 0x14, 0xDD, 0x14, 0xDC, 0xF4, 
0xD4, 0xF4, 0xD4, 0xF3, 0xD4, 0xD3, 0xD4, 0xD3, 0xD4, 0xD3, 0xCA, 0xEB, 0xB0, 0x00, 0xA8, 0x00, 0xA8, 0x00, 0xA0, 0x61, 0xB3, 0x4A, 0xAB, 0x09, 0xAA, 0xE9, 0xA2, 0xE9, 0xA2, 0xE9, 0xA3, 0x0A, 
0xA3, 0x0A, 0xA3, 0x0A, 0xA3, 0x2A, 0xA3, 0x0A, 0xA3, 0x0A, 0xAB, 0x0A, 0xAB, 0x0A, 0xAB, 0x0A, 0xA2, 0xE9, 0xA2, 0xC9, 0xA2, 0xC9, 0xA2, 0xC9, 0xA2, 0xC8, 0x9A, 0x87, 0x8A, 0x46, 0x7A, 0x06, 
0x61, 0xA6, 0x59, 0xC6, 0x62, 0x08, 0x6A, 0x28, 0x6A, 0x28, 0x7A, 0x89, 0x8A, 0xCA, 0x8A, 0x88, 0x8A, 0x68, 0x92, 0xA9, 0x92, 0xA9, 0x92, 0xA8, 0x8A, 0x68, 0x7A, 0x06, 0x8A, 0x88, 0xC4, 0x0E, 
0xC4, 0x0D, 0xC3, 0xCB, 0xBB, 0xAB, 0xBB, 0x8A, 0xAB, 0x08, 0xA2, 0xC7, 0xAA, 0xE7, 0xAA, 0xE8, 0xAA, 0xE8, 0xAB, 0x09, 0xBB, 0x6B, 0xCC, 0x0F, 0xCC, 0x71, 0xCC, 0x92, 0xD4, 0x92, 0xD4, 0xB2, 
0x00, 0x00, 0x00, 0x00, 0x49, 0xC5, 0x5A, 0x27, 0x5A, 0x26, 0x6A, 0x88, 0x83, 0x8D, 0x83, 0x8D, 0x83, 0xAE, 0x8B, 0xEE, 0x94, 0x0F, 0x94, 0x2F, 0x9C, 0x51, 0x9C, 0x51, 0x9C, 0x92, 0xA4, 0xD4, 
0xAC, 0xF4, 0xAD, 0x15, 0xB5, 0x56, 0xB5, 0x56, 0xB5, 0x56, 0xB5, 0x35, 0xAD, 0x15, 0xAD, 0x15, 0xA4, 0xD3, 0xA4, 0xB2, 0x9C, 0x91, 0x9C, 0x71, 0xA4, 0x0F, 0x98, 0xE3, 0xA0, 0x00, 0xA0, 0x00, 
0xA0, 0x00, 0xA8, 0x00, 0xA8, 0x00, 0xA8, 0x00, 0xA8, 0x00, 0xA0, 0x00, 0xA0, 0x00, 0xA9, 0xE8, 0xA4, 0x52, 0x8B, 0xCF, 0x8B, 0xCE, 0x9C, 0x51, 0xBD, 0x76, 0xCD, 0xF8, 0xD6, 0x39, 0xD6, 0x3A, 
0xD6, 0x3A, 0xD6, 0x39, 0xCE, 0x19, 0xB5, 0x14, 0x94, 0x0F, 0xA4, 0xB2, 0xD6, 0x79, 0xD6, 0x59, 0xC5, 0xB6, 0xA4, 0x70, 0x9C, 0x2F, 0x94, 0x0F, 0xB5, 0x13, 0xD6, 0x39, 0xD6, 0x39, 0xDE, 0x9A, 
0xDE, 0x9B, 0xDE, 0x7A, 0xB5, 0x34, 0xDE, 0x9A, 0xDE, 0x9A, 0xE6, 0xBA, 0xBD, 0x55, 0xCD, 0xF8, 0xDE, 0xBA, 0xDE, 0xBA, 0xDE, 0x79, 0xD6, 0x58, 0xCD, 0xF7, 0xCD, 0xD6, 0xCD, 0x95, 0x92, 0xCA, 
0x91, 0xE7, 0xB1, 0xE7, 0xBA, 0x08, 0xC2, 0xAA, 0xB3, 0xF0, 0xD6, 0x19, 0xD5, 0xF8, 0xD6, 0x18, 0xCD, 0xD7, 0xC5, 0x96, 0xD6, 0x19, 0xD6, 0x18, 0xD6, 0x18, 0xDE, 0x59, 0xD6, 0x18, 0xDE, 0x79, 
0xD6, 0x39, 0xD6, 0x18, 0xDE, 0x7A, 0xE6, 0x9A, 0xDE, 0x79, 0xE6, 0x9A, 0xBA, 0x8A, 0xA8, 0x00, 0xA8, 0x00, 0xA8, 0x00, 0xB9, 0xE7, 0xE6, 0xBA, 0xDE, 0x59, 0xE6, 0x9A, 0xE6, 0x9B, 0xE6, 0x9A, 
0xE6, 0x9A, 0xE6, 0x7A, 0xE6, 0x7A, 0xCD, 0xB7, 0xC5, 0x97, 0xC5, 0x96, 0xCD, 0x95, 0xCD, 0x75, 0xBD, 0x14, 0xE6, 0x38, 0xE6, 0x58, 0xD5, 0xB6, 0xEE, 0x59, 0xEE, 0x79, 0xEE, 0x79, 0xEE, 0x79, 
0xEE, 0x79, 0xEE, 0x79, 0xEE, 0x7A, 0xEE, 0x7A, 0xEE, 0x79, 0xEE, 0x9A, 0xEE, 0x9A, 0xEE, 0x9A, 0xEE, 0x7A, 0xEE, 0x59, 0xEE, 0x59, 0xEE, 0x59, 0xCB, 0xCF, 0xA8, 0x00, 0xA8, 0x00, 0xA8, 0x00, 
0xA8, 0x00, 0xA8, 0x00, 0xA8, 0x00, 0xA8, 0x00, 0xA8, 0x00, 0xB0, 0x00, 0xB0, 0x00, 0xA8, 0x00, 0xB9, 0x04, 0xED, 0x54, 0xED, 0x55, 0xED, 0x55, 0xED, 0x75, 0xED, 0x75, 0xED, 0x75, 0xED, 0x75, 
0xED, 0x75, 0xED, 0x75, 0xE5, 0x75, 0xE5, 0x75, 0xE5, 0x75, 0xE5, 0x55, 0xE5, 0x55, 0xE5, 0x96, 0xE5, 0xB6, 0xDD, 0x76, 0xDD, 0x55, 0xE5, 0xB7, 0xDD, 0x76, 0xDD, 0x35, 0xDD, 0x14, 0xDC, 0xF4, 
0xD4, 0xF4, 0xD4, 0xF3, 0xD4, 0xD3, 0xD4, 0xD3, 0xD4, 0xD3, 0xCA, 0xCB, 0xB0, 0x00, 0xA8, 0x00, 0xA8, 0x00, 0xA0, 0x61, 0xB3, 0x4B, 0xAB, 0x2A, 0xAB, 0x09, 0xA2, 0xE9, 0xA2, 0xE9, 0xA2, 0xE9, 
0xA2, 0xE9, 0xA3, 0x0A, 0xA3, 0x0A, 0xA3, 0x0A, 0xAB, 0x2A, 0xAB, 0x2B, 0xAB, 0x4B, 0xB3, 0x6C, 0xAB, 0x4C, 0xAB, 0x2B, 0xAB, 0x2A, 0xA3, 0x0A, 0xA2, 0xE9, 0x92, 0x88, 0x82, 0x26, 0x71, 0xE6, 
0x61, 0xA5, 0x59, 0xC6, 0x62, 0x28, 0x6A, 0x69, 0x7A, 0x8A, 0x82, 0xCA, 0x8A, 0xCA, 0x8A, 0xA9, 0x8A, 0x89, 0x92, 0xA9, 0x92, 0xA9, 0x92, 0x89, 0x8A, 0x68, 0x82, 0x06, 0xA3, 0x0A, 0xCC, 0x70, 
0xCC, 0x70, 0xCC, 0x4F, 0xCC, 0x4F, 0xC4, 0x0E, 0xBB, 0xAB, 0xAB, 0x29, 0xA2, 0xA6, 0x9A, 0x04, 0x91, 0xE4, 0xA2, 0x66, 0xBB, 0x6C, 0xCC, 0x0F, 0xCC, 0x51, 0xCC, 0x71, 0xCC, 0x92, 0xCC, 0x92, 
0x00, 0x00, 0x20, 0xA1, 0x5A, 0x27, 0x5A, 0x27, 0x5A, 0x26, 0x73, 0x0A, 0x83, 0x8D, 0x83, 0x8D, 0x83, 0xCE, 0x8C, 0x0F, 0x94, 0x0F, 0x94, 0x30, 0x9C, 0x71, 0x9C, 0x51, 0xA4, 0x92, 0xA4, 0xD4, 
0xAD, 0x15, 0xAD, 0x15, 0xB5, 0x36, 0xB5, 0x56, 0xB5, 0x56, 0xB5, 0x35, 0xAD, 0x15, 0xAD, 0x14, 0xAC, 0xD3, 0x9C, 0x91, 0x9C, 0x71, 0x9C, 0x71, 0x9A, 0x08, 0xA0, 0x00, 0xA0, 0x00, 0xA0, 0x00, 
0xA8, 0x00, 0xA8, 0xE3, 0xB1, 0x65, 0xA0, 0x41, 0xA0, 0x00, 0xA0, 0x00, 0xA0, 0x00, 0x98, 0x00, 0x89, 0xC5, 0x6A, 0xEB, 0x83, 0xCE, 0x9C, 0x92, 0xBD, 0x97, 0xCD, 0xF8, 0xCE, 0x39, 0xD6, 0x3A, 
0xD6, 0x39, 0xD6, 0x19, 0xCD, 0xF8, 0xA4, 0x71, 0x94, 0x0F, 0xBD, 0x55, 0xD6, 0x59, 0xD6, 0x38, 0xA4, 0x91, 0x9C, 0x4F, 0x9C, 0x4F, 0x9C, 0x4F, 0xC5, 0xB6, 0xD6, 0x59, 0xDE, 0x79, 0xDE, 0x9A, 
0xDE, 0x7A, 0xD6, 0x59, 0xB5, 0x34, 0xDE, 0x9A, 0xDE, 0x9A, 0xDE, 0x9A, 0xB5, 0x34, 0xD6, 0x59, 0xDE, 0x9A, 0xDE, 0x9A, 0xD6, 0x39, 0xD6, 0x18, 0xCD, 0xF7, 0xCD, 0xF7, 0xD5, 0xF6, 0xCD, 0xB5, 
0xC5, 0x13, 0xA2, 0x89, 0xBB, 0x8E, 0x9A, 0x89, 0xAC, 0xB3, 0xDE, 0x39, 0xDE, 0x59, 0xDE, 0x7A, 0xDE, 0x59, 0xD6, 0x18, 0xDE, 0x5A, 0xDE, 0x39, 0xDE, 0x39, 0xDE, 0x59, 0xD6, 0x18, 0xDE, 0x59, 
0xDE, 0x39, 0xD6, 0x38, 0xDE, 0x5A, 0xDE, 0x7A, 0xDE, 0x59, 0xE6, 0x9A, 0xC3, 0xAF, 0xB1, 0xE7, 0xB9, 0xC7, 0xB1, 0xC7, 0xC3, 0x2C, 0xE6, 0x9A, 0xDE, 0x59, 0xE6, 0x9A, 0xE6, 0x9A, 0xE6, 0x7A, 
0xE6, 0x7A, 0xD5, 0xD7, 0xAC, 0xB3, 0xBD, 0x97, 0xB5, 0x56, 0x94, 0x51, 0xB5, 0x56, 0xB5, 0x56, 0xB5, 0x35, 0xB5, 0x35, 0xBD, 0x14, 0xC5, 0x14, 0xC5, 0x34, 0xE6, 0x59, 0xEE, 0x59, 0xEE, 0x79, 
0xEE, 0x79, 0xEE, 0x59, 0xEE, 0x7A, 0xEE, 0x7A, 0xEE, 0x7A, 0xEE, 0x9A, 0xEE, 0x9A, 0xEE, 0x9A, 0xEE, 0x7A, 0xEE, 0x79, 0xEE, 0x59, 0xE6, 0x59, 0xCB, 0xAE, 0xA8, 0x00, 0xA8, 0x00, 0xA8, 0x00, 
0xA8, 0x00, 0xA8, 0x00, 0xA8, 0x00, 0xA8, 0x00, 0xA8, 0x00, 0xA8, 0x00, 0xA8, 0x00, 0xA8, 0x00, 0xB9, 0x24, 0xED, 0x55, 0xED, 0x55, 0xED, 0x75, 0xED, 0x75, 0xED, 0x75, 0xED, 0x95, 0xED, 0x95, 
0xED, 0x75, 0xE5, 0x75, 0xE5, 0x75, 0xE5, 0x75, 0xE5, 0x75, 0xE5, 0x55, 0xE5, 0x55, 0xE5, 0x96, 0xE5, 0x96, 0xDD, 0x76, 0xDD, 0x55, 0xDD, 0x55, 0xDD, 0x35, 0xDD, 0x14, 0xDD, 0x14, 0xDC, 0xF4, 
0xD4, 0xF4, 0xD4, 0xF4, 0xD4, 0xD3, 0xD4, 0xD3, 0xD4, 0xD3, 0xCB, 0x2C, 0xB0, 0xE3, 0xB0, 0xE3, 0xA8, 0xC3, 0xA9, 0x24, 0xBB, 0x6C, 0xB3, 0x6B, 0xB3, 0x4B, 0xAB, 0x2A, 0xAB, 0x0A, 0xA2, 0xE9, 
0xA2, 0xE9, 0xA2, 0xE9, 0xA2, 0xEA, 0xA2, 0xEA, 0xA3, 0x0A, 0xAB, 0x6B, 0xBB, 0xCE, 0xBC, 0x0F, 0xBC, 0x0F, 0xBB, 0xEF, 0xBB, 0xCE, 0xB3, 0xAD, 0xA3, 0x0A, 0x92, 0x87, 0x79, 0xC4, 0x61, 0x44, 
0x51, 0x44, 0x59, 0xA6, 0x6A, 0x29, 0x72, 0x6A, 0x7A, 0xAA, 0x82, 0xCB, 0x8A, 0xCA, 0x8A, 0xCA, 0x8A, 0xA9, 0x92, 0xA9, 0x92, 0x89, 0x92, 0x88, 0x8A, 0x67, 0x7A, 0x06, 0x9B, 0x0A, 0xC4, 0x50, 
0xCC, 0x70, 0xCC, 0x70, 0xCC, 0x70, 0xCC, 0x4F, 0xC4, 0x0E, 0xBB, 0xAC, 0xB3, 0x4A, 0xA2, 0xA7, 0x92, 0x04, 0x92, 0x04, 0xBB, 0x8C, 0xCC, 0x0F, 0xCC, 0x51, 0xCC, 0x71, 0xD4, 0x51, 0xCC, 0x51, 
0x00, 0x00, 0x41, 0x64, 0x5A, 0x26, 0x5A, 0x26, 0x5A, 0x27, 0x7B, 0x4C, 0x83, 0x6C, 0x83, 0x8D, 0x8B, 0xCE, 0x94, 0x0F, 0x94, 0x0F, 0x94, 0x30, 0x9C, 0x51, 0x9C, 0x51, 0xA4, 0x93, 0xA4, 0xD4, 
0xAC, 0xF5, 0xAD, 0x15, 0xB5, 0x36, 0xB5, 0x56, 0xB5, 0x36, 0xAD, 0x35, 0xAD, 0x14, 0xAD, 0x14, 0xAC, 0xD3, 0x9C, 0x91, 0x9C, 0x71, 0x9C, 0x71, 0x98, 0xC3, 0xA0, 0x00, 0xA0, 0x00, 0xA0, 0x00, 
0xB1, 0x25, 0xCC, 0xF2, 0xCC, 0xF2, 0xC4, 0x50, 0xA0, 0x41, 0xA0, 0x00, 0xA0, 0x00, 0x98, 0x00, 0x99, 0x43, 0x72, 0x89, 0x83, 0xAE, 0xA4, 0xB3, 0xBD, 0x77, 0xCD, 0x97, 0xCC, 0x93, 0xC3, 0xD0, 
0xC3, 0xF0, 0xC4, 0x93, 0xC5, 0x56, 0x9C, 0x30, 0x9C, 0x0F, 0xC5, 0x96, 0xCD, 0x96, 0xCD, 0x34, 0xA3, 0xEE, 0xAB, 0xEE, 0xA4, 0x0F, 0xAC, 0xB2, 0xD6, 0x38, 0xD6, 0x39, 0xD6, 0x39, 0xD5, 0xD7, 
0xD5, 0x97, 0xD5, 0x55, 0xC4, 0xF3, 0xDE, 0x7A, 0xDE, 0x9A, 0xD6, 0x38, 0xC5, 0x96, 0xCD, 0x34, 0xC4, 0x51, 0xC4, 0x10, 0xC4, 0x71, 0xD5, 0x96, 0xCD, 0xF7, 0xD5, 0xF7, 0xD5, 0xF6, 0xCD, 0xB5, 
0xC5, 0x33, 0xBC, 0x71, 0xCC, 0xF3, 0xBC, 0xB2, 0xBC, 0xF3, 0xC5, 0x76, 0xD4, 0xF4, 0xCC, 0x11, 0xD4, 0x51, 0xDE, 0x7A, 0xE6, 0x9A, 0xDE, 0x59, 0xDD, 0xD7, 0xCC, 0x71, 0xC3, 0xAE, 0xCB, 0xAE, 
0xCC, 0x51, 0xDD, 0xD7, 0xDE, 0x7A, 0xDE, 0x7A, 0xDE, 0x79, 0xE6, 0x9A, 0xE5, 0xB7, 0xDD, 0x75, 0xDD, 0x55, 0xDD, 0x75, 0xE5, 0xB6, 0xE6, 0x79, 0xDE, 0x39, 0xE6, 0x59, 0xE6, 0x39, 0xD4, 0xB3, 
0xBA, 0xCB, 0xA9, 0xC7, 0x9A, 0x49, 0x93, 0xAF, 0xAC, 0x72, 0xBC, 0xB3, 0xBC, 0xD4, 0xBC, 0xD4, 0xBD, 0x55, 0xB5, 0x35, 0xB4, 0x0F, 0xDD, 0x14, 0xD4, 0xD3, 0xCC, 0x30, 0xE6, 0x18, 0xEE, 0x59, 
0xDC, 0xD3, 0xD3, 0xAE, 0xD3, 0xEF, 0xE5, 0x96, 0xEE, 0x7A, 0xEE, 0x9A, 0xEE, 0x9A, 0xE6, 0x59, 0xE6, 0x59, 0xEE, 0x7A, 0xE6, 0x79, 0xE6, 0x59, 0xCB, 0xAE, 0xA8, 0x00, 0xA8, 0x00, 0xA8, 0x00, 
0xA8, 0x00, 0xD3, 0x6D, 0xE4, 0x50, 0xE4, 0x50, 0xE4, 0x30, 0xE4, 0x30, 0xE4, 0x10, 0xEC, 0x71, 0xEC, 0xB2, 0xED, 0x54, 0xE5, 0x14, 0xE4, 0xF3, 0xE4, 0xD3, 0xE4, 0xD3, 0xE5, 0x14, 0xED, 0x75, 
0xE4, 0xD3, 0xD3, 0x8E, 0xD3, 0x4D, 0xDC, 0x30, 0xE5, 0x55, 0xE5, 0x75, 0xE5, 0x75, 0xE5, 0x96, 0xE5, 0x96, 0xDD, 0x75, 0xDC, 0xF3, 0xD3, 0xCF, 0xCB, 0x6E, 0xD4, 0x10, 0xDC, 0xF4, 0xDC, 0xF4, 
0xDC, 0xB2, 0xD4, 0x92, 0xD4, 0x92, 0xD4, 0x92, 0xD4, 0xD2, 0xCC, 0x50, 0xCB, 0xAD, 0xCB, 0x8C, 0xCB, 0x6C, 0xC3, 0x6C, 0xBB, 0xAD, 0xBB, 0x8C, 0xBB, 0x2B, 0xBB, 0x2B, 0xB3, 0x0A, 0xB3, 0x0A, 
0xB3, 0x4B, 0xAB, 0x0A, 0xAA, 0x07, 0xA1, 0xA6, 0xAA, 0x28, 0xBB, 0x8D, 0xBB, 0xEF, 0xC4, 0x10, 0xC4, 0x30, 0xC4, 0x30, 0xC4, 0x10, 0xBB, 0xEF, 0xB3, 0x2B, 0x99, 0xC5, 0x78, 0xC1, 0x60, 0x61, 
0x48, 0x81, 0x51, 0x64, 0x62, 0x28, 0x72, 0x8A, 0x7A, 0xAB, 0x82, 0xCB, 0x8A, 0xEB, 0x8A, 0xEA, 0x92, 0xA9, 0x92, 0x88, 0x8A, 0x88, 0x8A, 0x68, 0x82, 0x27, 0x71, 0xC5, 0x92, 0x88, 0xC4, 0x0E, 
0xCC, 0x70, 0xCC, 0x91, 0xCC, 0x70, 0xCC, 0x70, 0xC4, 0x0E, 0xBB, 0xCD, 0xBB, 0x8B, 0xB3, 0x4A, 0xAB, 0x09, 0xAA, 0xC9, 0xBB, 0x8D, 0xCC, 0x0F, 0xCC, 0x50, 0xD3, 0xEF, 0xDB, 0xEF, 0xD4, 0x10, 
0x08, 0x20, 0x5A, 0x06, 0x5A, 0x26, 0x5A, 0x26, 0x62, 0x68, 0x7B, 0x6C, 0x83, 0x6C, 0x83, 0x8D, 0x8B, 0xCE, 0x94, 0x0F, 0x94, 0x2F, 0x94, 0x30, 0x94, 0x30, 0x9C, 0x71, 0xA4, 0x93, 0xA4, 0xD4, 
0xAC, 0xF5, 0xAD, 0x15, 0xAD, 0x35, 0xB5, 0x56, 0xB5, 0x36, 0xAD, 0x15, 0xAD, 0x14, 0xAC, 0xF4, 0xA4, 0xB2, 0x9C, 0x91, 0x9C, 0x71, 0x9C, 0x50, 0x98, 0x82, 0xA0, 0x00, 0xA0, 0x00, 0xA0, 0x00, 
0xA0, 0x61, 0xC3, 0x6D, 0xCC, 0xD2, 0xCC, 0xF3, 0xB3, 0x2C, 0xB2, 0xCA, 0xB3, 0x0B, 0xAB, 0x2B, 0x9B, 0x09, 0x6A, 0xA9, 0x8B, 0xEF, 0xAC, 0x71, 0xB2, 0x49, 0xA8, 0x41, 0xA8, 0x00, 0xA8, 0x00, 
0xA8, 0x00, 0xA8, 0x00, 0xA0, 0x61, 0xA2, 0x28, 0xA4, 0x0F, 0xBD, 0x13, 0xA1, 0x04, 0xA0, 0x00, 0xA0, 0x00, 0xA0, 0x00, 0x99, 0x03, 0xC5, 0x95, 0xD6, 0x18, 0xD6, 0x38, 0xBB, 0x0C, 0xA0, 0x00, 
0xA0, 0x00, 0xA0, 0x00, 0xA1, 0x04, 0xDE, 0x59, 0xDE, 0x79, 0xC3, 0xF0, 0xA9, 0x04, 0xA0, 0x00, 0xA8, 0x00, 0xA8, 0x00, 0xA8, 0x00, 0xA0, 0x21, 0xB2, 0x28, 0xCD, 0x55, 0xCD, 0xD6, 0xCD, 0x75, 
0xB2, 0xAA, 0xA0, 0x00, 0xA0, 0x00, 0xA0, 0x00, 0xB2, 0x29, 0xBA, 0x29, 0xA8, 0x00, 0xA8, 0x00, 0xB0, 0xE3, 0xE6, 0x59, 0xDE, 0x18, 0xBA, 0x8A, 0xA8, 0x41, 0xA8, 0x00, 0xA8, 0x00, 0xA8, 0x00, 
0xA8, 0x00, 0xA8, 0x21, 0xC2, 0xAA, 0xDE, 0x19, 0xE6, 0x7A, 0xE6, 0x9A, 0xBA, 0x69, 0xA8, 0x00, 0xA8, 0x00, 0xA8, 0x00, 0xB1, 0x86, 0xE6, 0x79, 0xE6, 0x39, 0xDD, 0x35, 0xB9, 0x66, 0xB0, 0x00, 
0xB0, 0x00, 0xA8, 0x00, 0xA8, 0x00, 0xB1, 0x45, 0xB1, 0x25, 0xA8, 0x00, 0xA8, 0x00, 0xA8, 0x00, 0xBB, 0x2D, 0xCD, 0x35, 0xA0, 0x00, 0xB0, 0x00, 0xB0, 0x00, 0xA8, 0x00, 0xDC, 0x50, 0xC1, 0xA7, 
0xB0, 0x00, 0xB0, 0x00, 0xB0, 0x00, 0xB0, 0x21, 0xD3, 0xCF, 0xEE, 0x7A, 0xEE, 0x7A, 0xE6, 0x59, 0xE6, 0x59, 0xEE, 0x7A, 0xE6, 0x7A, 0xE6, 0x39, 0xCB, 0xAE, 0xA8, 0x00, 0xA8, 0x00, 0xA8, 0x00, 
0xA8, 0x00, 0xDC, 0x0F, 0xED, 0x13, 0xEC, 0xF3, 0xEC, 0xF3, 0xEC, 0xD2, 0xEC, 0x91, 0xEC, 0xF3, 0xED, 0x34, 0xED, 0x54, 0xC1, 0xC7, 0xA8, 0x00, 0xA8, 0x00, 0xA8, 0x00, 0xC2, 0x48, 0xCA, 0xAA, 
0xB0, 0x20, 0xB0, 0x00, 0xB0, 0x00, 0xB0, 0x00, 0xB9, 0x45, 0xDC, 0xF3, 0xE5, 0x75, 0xE5, 0x96, 0xE5, 0x76, 0xCA, 0xCB, 0xB0, 0x41, 0xB0, 0x00, 0xB0, 0x00, 0xA8, 0x00, 0xB9, 0x45, 0xCB, 0x4D, 
0xA8, 0x20, 0xA8, 0x00, 0xA8, 0x00, 0xA8, 0x82, 0xD4, 0xD2, 0xC2, 0xCB, 0xA8, 0x20, 0xA8, 0x00, 0xA8, 0x00, 0xA0, 0x61, 0xC3, 0xCD, 0xBA, 0xC9, 0xA8, 0x00, 0xA8, 0x00, 0xA8, 0x00, 0xA0, 0x81, 
0xBA, 0xA9, 0xA8, 0x61, 0xA8, 0x00, 0xA8, 0x00, 0xA8, 0x00, 0xA0, 0x82, 0xBB, 0x4D, 0xC4, 0x30, 0xC4, 0x30, 0xC4, 0x30, 0xC3, 0xAE, 0xB1, 0x86, 0xA0, 0x41, 0xA0, 0x00, 0xA8, 0x00, 0xA0, 0x00, 
0xA0, 0x00, 0x90, 0x20, 0x79, 0x04, 0x6A, 0x49, 0x7A, 0xAA, 0x82, 0xCB, 0x82, 0xCB, 0x8B, 0x0C, 0x93, 0x0C, 0x92, 0xCA, 0x8A, 0x68, 0x7A, 0x06, 0x61, 0x64, 0x69, 0x85, 0x79, 0xE7, 0x9A, 0xCA, 
0xB3, 0xAD, 0xC4, 0x4F, 0xCC, 0x71, 0xCC, 0x91, 0xCC, 0x50, 0xC3, 0xEE, 0xBB, 0xAC, 0xB3, 0x6B, 0xB3, 0x4A, 0xB3, 0x2A, 0xC3, 0xAD, 0xCC, 0x0F, 0xCC, 0x30, 0xDB, 0x4B, 0xE2, 0xEA, 0xE3, 0x4B, 
0x20, 0xC2, 0x5A, 0x26, 0x5A, 0x26, 0x5A, 0x26, 0x6A, 0xCA, 0x7B, 0x6C, 0x7B, 0x6C, 0x83, 0x8D, 0x8B, 0xEE, 0x94, 0x0F, 0x94, 0x30, 0x94, 0x51, 0x94, 0x31, 0x9C, 0x72, 0xA4, 0xB3, 0xA4, 0xD4, 
0xAC, 0xF4, 0xAD, 0x15, 0xAD, 0x35, 0xAD, 0x36, 0xAD, 0x35, 0xAD, 0x15, 0xAD, 0x14, 0xA4, 0xD3, 0xA4, 0x92, 0x9C, 0x71, 0x9C, 0x50, 0x7B, 0x4C, 0x90, 0x82, 0xA0, 0x00, 0xA0, 0x00, 0xA0, 0x00, 
0xA8, 0x00, 0xA0, 0x00, 0xA0, 0x61, 0xB1, 0x86, 0xB2, 0xAA, 0xC4, 0x30, 0xC4, 0xF2, 0xB4, 0xB1, 0x93, 0xAC, 0x7B, 0x4C, 0xA3, 0x8E, 0xA0, 0xA2, 0xA8, 0x00, 0xA8, 0x00, 0xA8, 0x00, 0xA8, 0x00, 
0xA8, 0x00, 0xA8, 0x00, 0xA8, 0x00, 0xA8, 0x00, 0xA1, 0x65, 0xBC, 0xD2, 0xB2, 0xCA, 0xA0, 0x00, 0xA0, 0x00, 0xA0, 0x00, 0x98, 0x20, 0xCD, 0x75, 0xCD, 0xF7, 0xD6, 0x18, 0xA9, 0x24, 0xA8, 0x00, 
0xA8, 0x00, 0xA0, 0x00, 0xBB, 0x4D, 0xDE, 0x39, 0xC3, 0x6D, 0xA0, 0x00, 0xA8, 0x00, 0xA8, 0x00, 0xB0, 0x00, 0xB0, 0x00, 0xB0, 0x00, 0xB0, 0x00, 0xA8, 0x00, 0xA0, 0xA3, 0xC4, 0xD2, 0xC5, 0x54, 
0xB2, 0xAA, 0xA8, 0x00, 0xA8, 0x00, 0xA8, 0x00, 0xA8, 0xA3, 0xA8, 0x00, 0xA8, 0x00, 0xB0, 0x00, 0xC1, 0xE7, 0xE5, 0xF7, 0xB1, 0x65, 0xA8, 0x00, 0xA8, 0x00, 0xB0, 0x00, 0xB0, 0x00, 0xB0, 0x00, 
0xB0, 0x00, 0xB0, 0x00, 0xB0, 0x00, 0xB1, 0x45, 0xE6, 0x39, 0xE6, 0x9A, 0xBA, 0x69, 0xA8, 0x00, 0xA8, 0x00, 0xA8, 0x00, 0xB1, 0x66, 0xE6, 0x79, 0xDD, 0x96, 0xB0, 0x82, 0xB0, 0x00, 0xB0, 0x00, 
0xB0, 0x00, 0xB0, 0x00, 0xB0, 0x00, 0xB0, 0x00, 0xB0, 0x00, 0xB0, 0x00, 0xB0, 0x00, 0xA8, 0x00, 0xBB, 0x2C, 0xCD, 0x35, 0xA8, 0x00, 0xB0, 0x00, 0xB0, 0x00, 0xB0, 0x00, 0xB8, 0x82, 0xB8, 0x00, 
0xB8, 0x00, 0xB8, 0x00, 0xB8, 0x00, 0xB8, 0x00, 0xB0, 0x00, 0xE5, 0x34, 0xEE, 0x7A, 0xE6, 0x7A, 0xE6, 0x7A, 0xE6, 0x7A, 0xE6, 0x7A, 0xE6, 0x38, 0xC3, 0x8E, 0xA8, 0x00, 0xA8, 0x00, 0xA8, 0x00, 
0xA8, 0x00, 0xC1, 0xC7, 0xCA, 0x28, 0xCA, 0x28, 0xCA, 0x28, 0xCA, 0x28, 0xCA, 0x07, 0xC2, 0x07, 0xED, 0x14, 0xED, 0x54, 0xC1, 0xC7, 0xB0, 0x00, 0xB0, 0x00, 0xA8, 0x00, 0xB0, 0x82, 0xB0, 0x00, 
0xB0, 0x00, 0xB0, 0x00, 0xB0, 0x00, 0xB0, 0x00, 0xA8, 0x00, 0xB9, 0xA6, 0xE5, 0x95, 0xE5, 0x96, 0xCA, 0xAB, 0xB0, 0x00, 0xB0, 0x00, 0xB0, 0x00, 0xB0, 0x00, 0xB0, 0x00, 0xB0, 0x00, 0xB0, 0x20, 
0xB0, 0x00, 0xA8, 0x00, 0xA8, 0x00, 0xA8, 0x61, 0xDC, 0xD2, 0xC2, 0xCB, 0xA8, 0x00, 0xA8, 0x00, 0xA8, 0x00, 0xA0, 0x41, 0xCB, 0xEE, 0xBA, 0xCA, 0xA8, 0x00, 0xA8, 0x00, 0xA8, 0x00, 0xA8, 0x20, 
0xA8, 0x20, 0xA8, 0x00, 0xA8, 0x00, 0xA8, 0x00, 0xA8, 0x00, 0xA8, 0x00, 0xA0, 0x82, 0xCC, 0x30, 0xCC, 0x50, 0xC3, 0xCE, 0xA8, 0xA2, 0xA8, 0x00, 0xA8, 0x00, 0xA8, 0x00, 0xA8, 0x00, 0xA8, 0x00, 
0xA8, 0x00, 0xA8, 0x00, 0xA0, 0x00, 0x80, 0xA2, 0x61, 0xC7, 0x6A, 0x49, 0x72, 0x69, 0x8B, 0x2D, 0x93, 0x4F, 0x92, 0xCB, 0x8A, 0x68, 0x79, 0xE7, 0x61, 0x65, 0x59, 0x44, 0x61, 0x44, 0x81, 0xE6, 
0xA2, 0xA8, 0xB3, 0x4C, 0xC4, 0x2F, 0xCC, 0x70, 0xC4, 0x50, 0xC4, 0x0F, 0xBB, 0xCD, 0xBB, 0x8C, 0xB3, 0x4A, 0xB3, 0x2A, 0xC3, 0xCE, 0xCC, 0x0F, 0xCC, 0x30, 0xD3, 0xCE, 0xDA, 0xEA, 0xE3, 0x6C, 
0x39, 0x64, 0x5A, 0x26, 0x5A, 0x26, 0x5A, 0x27, 0x73, 0x2B, 0x7B, 0x6C, 0x7B, 0x6C, 0x83, 0xAD, 0x8C, 0x0F, 0x94, 0x0F, 0x94, 0x30, 0x94, 0x51, 0x94, 0x31, 0x9C, 0x92, 0xA4, 0xB3, 0xA4, 0xD4, 
0xAC, 0xF4, 0xAD, 0x15, 0xAD, 0x15, 0xAD, 0x35, 0xAD, 0x35, 0xAD, 0x15, 0xAC, 0xF4, 0xA4, 0xD3, 0xA4, 0x91, 0x9C, 0x71, 0x6A, 0xCA, 0x6A, 0xC9, 0x92, 0x27, 0x98, 0x00, 0xA0, 0x00, 0xA0, 0x00, 
0xA8, 0x00, 0xA8, 0x00, 0xA8, 0x00, 0xA8, 0x00, 0xA8, 0x00, 0xA0, 0x00, 0xA9, 0x24, 0xBB, 0xCE, 0xA4, 0x0E, 0x8B, 0x8D, 0xA1, 0x24, 0xA0, 0x00, 0xA8, 0x00, 0xA8, 0x00, 0xA8, 0x00, 0xB1, 0x86, 
0xB1, 0x45, 0xA8, 0x00, 0xA8, 0x00, 0xA8, 0x00, 0xA0, 0x00, 0xB2, 0xCA, 0xBC, 0x71, 0xA0, 0x20, 0xA0, 0x00, 0xA0, 0x00, 0xA0, 0x00, 0xBC, 0x10, 0xD5, 0xF7, 0xCD, 0x35, 0xA0, 0x00, 0xA0, 0x00, 
0xA0, 0x00, 0x98, 0x20, 0xD5, 0x54, 0xD4, 0xF3, 0xA8, 0x20, 0xA8, 0x00, 0xA8, 0x00, 0xA8, 0x00, 0xB1, 0xC6, 0xBA, 0xEB, 0xB1, 0x24, 0xB0, 0x00, 0xA8, 0x00, 0xA8, 0x00, 0xA1, 0x45, 0xBD, 0x13, 
0xAA, 0x8A, 0xA8, 0x00, 0xA8, 0x00, 0xA8, 0x00, 0xA8, 0x00, 0xA8, 0x00, 0xA8, 0x00, 0xA8, 0x00, 0xC2, 0xCB, 0xC2, 0xAA, 0xA8, 0x00, 0xA8, 0x00, 0xA8, 0x00, 0xB0, 0x61, 0xCB, 0x0C, 0xCB, 0x4C, 
0xB0, 0xA2, 0xB0, 0x00, 0xB0, 0x00, 0xA8, 0x00, 0xBA, 0xAA, 0xE6, 0x99, 0xBA, 0x69, 0xA8, 0x00, 0xA8, 0x00, 0xA8, 0x00, 0xB1, 0x65, 0xEE, 0x79, 0xC2, 0x8A, 0xB0, 0x00, 0xB0, 0x00, 0xB0, 0x00, 
0xB0, 0x00, 0xA8, 0x82, 0xB1, 0x04, 0xB0, 0x20, 0xB0, 0x00, 0xB0, 0x00, 0xB0, 0x00, 0xA8, 0x00, 0xC3, 0x2D, 0xD5, 0x55, 0xA8, 0x00, 0xB0, 0x00, 0xB0, 0x00, 0xB0, 0x00, 0xB0, 0x00, 0xB0, 0x00, 
0xB0, 0x00, 0xB8, 0x00, 0xB8, 0x00, 0xB0, 0x00, 0xB0, 0x00, 0xCA, 0xEB, 0xE6, 0x7A, 0xE6, 0x7A, 0xE6, 0x7A, 0xE6, 0x7A, 0xE6, 0x79, 0xE6, 0x38, 0xC3, 0x8E, 0xA8, 0x00, 0xA8, 0x00, 0xA8, 0x00, 
0xA8, 0x00, 0xA8, 0x00, 0xB0, 0x00, 0xB0, 0x00, 0xB0, 0x00, 0xB0, 0x00, 0xA8, 0x00, 0xA8, 0x00, 0xE5, 0x14, 0xED, 0x54, 0xC1, 0xA7, 0xA8, 0x00, 0xA8, 0x00, 0xA8, 0x00, 0xA8, 0x00, 0xA8, 0x00, 
0xA8, 0x20, 0xB0, 0x00, 0xB0, 0x00, 0xB0, 0x00, 0xA8, 0x00, 0xA0, 0x00, 0xE5, 0x14, 0xDC, 0xB2, 0xA8, 0x20, 0xA8, 0x00, 0xB0, 0x00, 0xB0, 0x00, 0xA8, 0x00, 0xB0, 0x82, 0xA8, 0x20, 0xB0, 0x00, 
0xA8, 0x00, 0xA8, 0x00, 0xA8, 0x00, 0xA8, 0x41, 0xDC, 0xF3, 0xC2, 0xCB, 0xA8, 0x00, 0xA8, 0x00, 0xA8, 0x00, 0xA0, 0x41, 0xCC, 0x0E, 0xC2, 0xCA, 0xA8, 0x00, 0xA8, 0x00, 0xA8, 0x00, 0xA8, 0x00, 
0xA8, 0x00, 0xA8, 0x00, 0xA8, 0x00, 0xA8, 0x00, 0xA8, 0x00, 0xA8, 0x00, 0xA0, 0x00, 0xC3, 0x2C, 0xCC, 0x50, 0xB1, 0x45, 0xA8, 0x00, 0xA8, 0x00, 0xA8, 0x00, 0xA8, 0x20, 0xB1, 0x65, 0xB1, 0x85, 
0xA8, 0x20, 0xA8, 0x00, 0xA8, 0x00, 0xA0, 0x00, 0x79, 0x24, 0x69, 0xE7, 0x69, 0xE8, 0x72, 0x4A, 0x8A, 0xAC, 0x8A, 0x6A, 0x82, 0x28, 0x71, 0xC6, 0x59, 0x23, 0x50, 0xE2, 0x79, 0xA5, 0xAB, 0x0A, 
0xC3, 0xAC, 0xC3, 0xCD, 0xCC, 0x0E, 0xCC, 0x0F, 0xC4, 0x0F, 0xC3, 0xCE, 0xBB, 0x8C, 0xB3, 0x4B, 0xB3, 0x0A, 0xB3, 0x0A, 0xC3, 0xCE, 0xCC, 0x0F, 0xD4, 0x0E, 0xD3, 0xEF, 0xD3, 0x8C, 0xDB, 0xAD, 
0x49, 0xC5, 0x5A, 0x26, 0x5A, 0x26, 0x62, 0x47, 0x7B, 0x4C, 0x7B, 0x6C, 0x7B, 0x6D, 0x83, 0xAE, 0x8B, 0xEF, 0x8B, 0xEF, 0x94, 0x30, 0x94, 0x51, 0x94, 0x51, 0xA4, 0x93, 0xA4, 0xB4, 0xAC, 0xF4, 
0xAC, 0xF5, 0xAD, 0x15, 0xAD, 0x15, 0xAD, 0x35, 0xAD, 0x35, 0xAD, 0x14, 0xA4, 0xD3, 0xA4, 0xB3, 0x9C, 0x91, 0x9C, 0x50, 0x62, 0x88, 0x8B, 0xCB, 0x8B, 0x8B, 0x9A, 0x48, 0x98, 0x61, 0xA0, 0x00, 
0xA0, 0x00, 0xA8, 0x00, 0xA8, 0x00, 0xA8, 0x00, 0xA8, 0x00, 0xA8, 0x00, 0xA0, 0x00, 0x98, 0x20, 0x9B, 0x0B, 0x9B, 0x4C, 0x98, 0x00, 0xA0, 0x00, 0xA8, 0x00, 0xA8, 0x00, 0xBA, 0xEB, 0xD5, 0xB6, 
0xCD, 0x96, 0xB2, 0x08, 0xA8, 0x00, 0xA8, 0x00, 0xA0, 0x00, 0xA0, 0xC3, 0xBC, 0xF2, 0xA9, 0xA6, 0xA0, 0x00, 0xA0, 0x00, 0xA0, 0x00, 0xAA, 0x28, 0xD5, 0xF7, 0xBB, 0x6D, 0xA0, 0x00, 0xA0, 0x00, 
0xA0, 0x00, 0xA9, 0xC7, 0xD5, 0xF7, 0xBA, 0x28, 0xA8, 0x00, 0xA8, 0x00, 0xA8, 0x00, 0xB1, 0x24, 0xCD, 0x74, 0xCD, 0x54, 0xCD, 0x13, 0xA8, 0x82, 0xA8, 0x00, 0xA8, 0x00, 0xA0, 0x00, 0xB3, 0xCE, 
0xAA, 0x8A, 0xA8, 0x00, 0xA8, 0x00, 0xA8, 0x00, 0xA0, 0x00, 0xA0, 0x00, 0xB1, 0xE8, 0xC3, 0x2C, 0xD4, 0x72, 0xA0, 0x61, 0xA8, 0x00, 0xA8, 0x00, 0xA8, 0x00, 0xD3, 0xEF, 0xE6, 0x38, 0xE6, 0x38, 
0xDC, 0x71, 0xA8, 0x00, 0xA8, 0x00, 0xA8, 0x00, 0xA0, 0x20, 0xE5, 0xF7, 0xBA, 0x69, 0xA8, 0x00, 0xA8, 0x00, 0xA8, 0x00, 0xA9, 0x45, 0xEE, 0x59, 0xB0, 0x81, 0xB0, 0x00, 0xB0, 0x00, 0xB0, 0x00, 
0xB0, 0xE3, 0xD4, 0xF3, 0xCD, 0x35, 0xCC, 0x31, 0xB0, 0x20, 0xB0, 0x00, 0xB0, 0x00, 0xA8, 0x00, 0xC3, 0x4D, 0xD5, 0x55, 0xA8, 0x00, 0xB0, 0x00, 0xB0, 0x00, 0xB0, 0x00, 0xB0, 0xC2, 0xDC, 0xB2, 
0xE4, 0xD3, 0xB8, 0xA2, 0xB0, 0x00, 0xB0, 0x00, 0xB0, 0x00, 0xB9, 0xE8, 0xE6, 0x7A, 0xE6, 0x7A, 0xE6, 0x7A, 0xE6, 0x7A, 0xE6, 0x79, 0xE6, 0x39, 0xCB, 0x8E, 0xA8, 0x00, 0xA8, 0x00, 0xA8, 0x00, 
0xA8, 0x00, 0xA8, 0x00, 0xB0, 0x00, 0xB0, 0x00, 0xB0, 0x00, 0xB0, 0x00, 0xA8, 0x00, 0xA8, 0x20, 0xED, 0x34, 0xED, 0x55, 0xB9, 0xA6, 0xA8, 0x00, 0xA8, 0x00, 0xA8, 0x00, 0xA8, 0x00, 0xD3, 0x4D, 
0xE5, 0x34, 0xCA, 0xCB, 0xB0, 0x00, 0xB0, 0x00, 0xA8, 0x00, 0xA8, 0x00, 0xDC, 0x51, 0xCA, 0xCB, 0xB0, 0x00, 0xA8, 0x00, 0xB0, 0x00, 0xA8, 0x00, 0xD3, 0x4C, 0xE5, 0x13, 0xDC, 0x70, 0xB0, 0xA2, 
0xA8, 0x00, 0xA8, 0x00, 0xA8, 0x00, 0xA8, 0x41, 0xDC, 0xF3, 0xC2, 0xCB, 0xA8, 0x00, 0xA8, 0x00, 0xA8, 0x00, 0xA8, 0x41, 0xD4, 0x2F, 0xC2, 0xEB, 0xA8, 0x00, 0xA8, 0x00, 0xA8, 0x00, 0xA8, 0x00, 
0xB9, 0xE7, 0xD4, 0x0F, 0xC3, 0x0B, 0xA8, 0x00, 0xA8, 0x00, 0xA8, 0x00, 0xA8, 0x00, 0xBA, 0x89, 0xC3, 0x8D, 0xA8, 0x00, 0xA8, 0x00, 0xA8, 0x00, 0xA8, 0x00, 0xC2, 0xCA, 0xC4, 0x0E, 0xC4, 0x0E, 
0xC2, 0xCA, 0xA8, 0x00, 0xA8, 0x00, 0xA0, 0x00, 0xA0, 0xA2, 0xAB, 0x4C, 0xA3, 0x0B, 0x9A, 0xEB, 0xA3, 0x0C, 0xA3, 0x0B, 0xA2, 0x88, 0x92, 0x47, 0x92, 0x47, 0xA2, 0xC9, 0xC3, 0x8C, 0xCB, 0xEE, 
0xD4, 0x0E, 0xD4, 0x0E, 0xD4, 0x2F, 0xCC, 0x2F, 0xCB, 0xEE, 0xBB, 0xAD, 0xB3, 0x2B, 0xAA, 0xEA, 0xAA, 0xC9, 0xB3, 0x0A, 0xCB, 0xCE, 0xD4, 0x2F, 0xD4, 0x0F, 0xD3, 0xAD, 0xDB, 0xEE, 0xDC, 0x2F, 
0x52, 0x06, 0x5A, 0x26, 0x5A, 0x26, 0x6A, 0xA9, 0x7B, 0x6C, 0x7B, 0x6C, 0x83, 0x8D, 0x8B, 0xCE, 0x8C, 0x0F, 0x8C, 0x0F, 0x94, 0x10, 0x94, 0x51, 0x9C, 0x72, 0xA4, 0x93, 0xA4, 0xD4, 0xAC, 0xF4, 
0xAC, 0xF4, 0xAC, 0xF4, 0xAD, 0x15, 0xAD, 0x35, 0xAD, 0x15, 0xAD, 0x15, 0xA4, 0xD3, 0xA4, 0xB2, 0x9C, 0x92, 0x9C, 0x51, 0x6A, 0xC9, 0x93, 0xEC, 0x94, 0x0D, 0x9C, 0x30, 0xA4, 0x31, 0xB3, 0x6D, 
0xA9, 0xE7, 0xA0, 0xA2, 0xA0, 0x00, 0xA0, 0x00, 0xA0, 0x00, 0xA8, 0x00, 0xA0, 0x00, 0xA0, 0x00, 0x98, 0xE3, 0x9A, 0x89, 0xA0, 0x00, 0xA0, 0x00, 0xA0, 0x00, 0xA0, 0x20, 0xD5, 0x55, 0xCD, 0xB6, 
0xCD, 0xB6, 0xC4, 0x10, 0xA0, 0x00, 0xA8, 0x00, 0xA0, 0x00, 0x98, 0x00, 0xBC, 0x71, 0xB3, 0xAE, 0xA0, 0x00, 0xA0, 0x00, 0xA0, 0x00, 0x98, 0x62, 0xD5, 0xD6, 0xA9, 0x86, 0xA0, 0x00, 0xA0, 0x00, 
0xA0, 0x00, 0xBB, 0xF0, 0xD5, 0xB7, 0xA8, 0x62, 0xA8, 0x00, 0xA8, 0x00, 0xA8, 0x00, 0xA8, 0x82, 0xB1, 0x04, 0xA8, 0xE3, 0xA8, 0xE3, 0xA8, 0x41, 0xA8, 0x00, 0xA0, 0x00, 0xA0, 0x00, 0xA2, 0x49, 
0xA2, 0x69, 0xA8, 0x00, 0xA8, 0x00, 0xA8, 0x00, 0xA0, 0x00, 0xBB, 0x0C, 0xDD, 0xD7, 0xDE, 0x18, 0xD4, 0xF3, 0xA0, 0x00, 0xA8, 0x00, 0xA8, 0x00, 0xA8, 0x00, 0xB1, 0x65, 0xB9, 0xA6, 0xB9, 0xA6, 
0xB9, 0xC6, 0xA8, 0x00, 0xA8, 0x00, 0xA8, 0x00, 0xA0, 0x00, 0xD4, 0xB2, 0xBA, 0x69, 0xA8, 0x00, 0xA8, 0x00, 0xA8, 0x00, 0xB1, 0x65, 0xED, 0xB6, 0xB0, 0x00, 0xB0, 0x00, 0xB0, 0x00, 0xB0, 0x00, 
0xC2, 0xEB, 0xCD, 0x96, 0xCD, 0x75, 0xCD, 0x55, 0xB0, 0xC3, 0xB0, 0x00, 0xA8, 0x00, 0xA8, 0x00, 0xC3, 0x4D, 0xD5, 0x34, 0xB0, 0x00, 0xB0, 0x00, 0xB0, 0x00, 0xA8, 0x00, 0xCB, 0x4C, 0xE6, 0x39, 
0xE6, 0x18, 0xCA, 0x69, 0xB0, 0x00, 0xB0, 0x00, 0xA8, 0x00, 0xB9, 0x86, 0xEE, 0x59, 0xE6, 0x7A, 0xEE, 0x7A, 0xEE, 0x7A, 0xEE, 0x7A, 0xE6, 0x39, 0xCB, 0xAE, 0xA8, 0x00, 0xA8, 0x00, 0xA8, 0x00, 
0xA8, 0x00, 0xB9, 0x86, 0xC1, 0xE7, 0xC1, 0xC7, 0xC1, 0xC7, 0xB9, 0xA6, 0xB9, 0x86, 0xB9, 0x86, 0xED, 0x34, 0xED, 0x55, 0xB9, 0x86, 0xA8, 0x00, 0xA8, 0x00, 0xA8, 0x00, 0xB1, 0x24, 0xED, 0x95, 
0xED, 0x75, 0xE4, 0xD3, 0xA8, 0x00, 0xB0, 0x00, 0xA8, 0x00, 0xA8, 0x00, 0xDC, 0x50, 0xB9, 0xA6, 0xA8, 0x00, 0xB0, 0x00, 0xB0, 0x00, 0xB9, 0x04, 0xE5, 0x33, 0xE5, 0x33, 0xDD, 0x13, 0xCA, 0x8A, 
0xB0, 0x00, 0xA8, 0x00, 0xA8, 0x00, 0xA8, 0x41, 0xDD, 0x13, 0xC2, 0xEB, 0xA8, 0x00, 0xA8, 0x00, 0xA8, 0x00, 0xA0, 0x41, 0xD4, 0x70, 0xC3, 0x0B, 0xA8, 0x00, 0xA8, 0x00, 0xA8, 0x00, 0xA8, 0x20, 
0xDC, 0x91, 0xD4, 0xB2, 0xD4, 0x91, 0xA8, 0x82, 0xA8, 0x00, 0xA8, 0x00, 0xA8, 0x00, 0xBA, 0x69, 0xBA, 0x69, 0xA8, 0x00, 0xA8, 0x00, 0xA8, 0x00, 0xA8, 0x00, 0xB1, 0x65, 0xB1, 0x85, 0xB1, 0x65, 
0xB1, 0x45, 0xA8, 0x00, 0xA8, 0x00, 0xA8, 0x00, 0xA0, 0x00, 0xCC, 0x0F, 0xCC, 0x50, 0xCC, 0x70, 0xD4, 0xB2, 0xD4, 0xD2, 0xCC, 0x2F, 0xCC, 0x0E, 0xCB, 0xEE, 0xD4, 0x0E, 0xD4, 0x0E, 0xD4, 0x2F, 
0xDC, 0x2F, 0xDC, 0x2F, 0xD4, 0x2F, 0xD4, 0x2F, 0xD4, 0x0E, 0xBB, 0x6C, 0xAA, 0xEA, 0x9A, 0x68, 0x92, 0x47, 0xBB, 0x2B, 0xCB, 0xEE, 0xD4, 0x2F, 0xDC, 0x4F, 0xDC, 0x2F, 0xDC, 0x2F, 0xDC, 0x30, 
0x51, 0xE6, 0x5A, 0x06, 0x5A, 0x26, 0x73, 0x0A, 0x7B, 0x6C, 0x7B, 0x6C, 0x83, 0x8D, 0x8B, 0xEE, 0x8B, 0xEF, 0x8C, 0x0F, 0x94, 0x0F, 0x94, 0x51, 0x9C, 0x92, 0xA4, 0xB3, 0xA4, 0xD4, 0xAC, 0xF4, 
0xAC, 0xF4, 0xAC, 0xF4, 0xAC, 0xF4, 0xAD, 0x15, 0xAD, 0x35, 0xAD, 0x15, 0xA4, 0xD3, 0xA4, 0xB2, 0xA4, 0x92, 0x9C, 0x91, 0x7B, 0x4C, 0x62, 0x68, 0x7A, 0xC9, 0xA3, 0xEF, 0xA3, 0xAF, 0xB3, 0xF0, 
0xAC, 0x30, 0xB4, 0x50, 0xB3, 0x6E, 0xA9, 0xE8, 0xA0, 0x00, 0xA0, 0x00, 0xA0, 0x00, 0xA0, 0x00, 0x98, 0x20, 0x9A, 0x07, 0xA0, 0x00, 0xA0, 0x00, 0xA0, 0x00, 0xA0, 0x41, 0xD5, 0xB6, 0xCD, 0xB6, 
0xCD, 0xB6, 0xC4, 0x30, 0xA0, 0x00, 0xA0, 0x00, 0xA0, 0x00, 0xA0, 0x00, 0xB3, 0xEF, 0xB4, 0xD2, 0xA0, 0xC3, 0xA0, 0x00, 0xA0, 0x00, 0x98, 0x00, 0xCC, 0x10, 0x98, 0x20, 0xA0, 0x00, 0xA0, 0x00, 
0xA0, 0xA2, 0xCD, 0x76, 0xD5, 0xD7, 0xA8, 0x20, 0xB0, 0x00, 0xA8, 0x00, 0xA8, 0x00, 0xA8, 0x00, 0xA8, 0x00, 0xA8, 0x00, 0xA8, 0x00, 0xA8, 0x00, 0xA8, 0x00, 0xA0, 0x00, 0xA0, 0x00, 0x99, 0x65, 
0x9A, 0x08, 0xA8, 0x00, 0xA8, 0x00, 0xA8, 0x00, 0xA9, 0x04, 0xDE, 0x18, 0xDE, 0x18, 0xDE, 0x18, 0xD4, 0x92, 0xA8, 0x00, 0xA8, 0x00, 0xA8, 0x00, 0xA8, 0x00, 0xA8, 0x00, 0xA8, 0x00, 0xA8, 0x00, 
0xA8, 0x00, 0xA8, 0x00, 0xA8, 0x00, 0xA8, 0x00, 0xA0, 0x00, 0xCC, 0x30, 0xBA, 0x69, 0xA8, 0x00, 0xA8, 0x00, 0xA8, 0x00, 0xB1, 0x66, 0xED, 0xB6, 0xB0, 0x00, 0xB0, 0x00, 0xB0, 0x00, 0xB0, 0x00, 
0xC3, 0x2D, 0xCD, 0x76, 0xCD, 0x76, 0xCD, 0x76, 0xB0, 0xC3, 0xB0, 0x00, 0xA8, 0x00, 0xA8, 0x00, 0xC3, 0x4D, 0xD5, 0x35, 0xA8, 0x00, 0xB0, 0x00, 0xB0, 0x00, 0xA8, 0x00, 0xD3, 0xCF, 0xE6, 0x39, 
0xE6, 0x38, 0xCA, 0xCB, 0xB0, 0x00, 0xB0, 0x00, 0xA8, 0x00, 0xB1, 0x66, 0xEE, 0x7A, 0xEE, 0x7A, 0xEE, 0x9A, 0xEE, 0x9A, 0xEE, 0x9A, 0xEE, 0x7A, 0xCB, 0xEF, 0xA8, 0x00, 0xA8, 0x00, 0xA8, 0x00, 
0xA8, 0x00, 0xDC, 0x92, 0xE5, 0xF7, 0xE5, 0xD7, 0xE5, 0xD6, 0xED, 0xB6, 0xED, 0xB6, 0xED, 0x96, 0xED, 0x75, 0xED, 0x55, 0xB9, 0x86, 0xA8, 0x00, 0xA8, 0x00, 0xA8, 0x00, 0xB9, 0xA6, 0xED, 0x95, 
0xED, 0x95, 0xE4, 0xF3, 0xA8, 0x00, 0xB0, 0x00, 0xA8, 0x00, 0xA8, 0x00, 0xDC, 0x50, 0xB9, 0x45, 0xA8, 0x00, 0xB0, 0x00, 0xB0, 0x00, 0xC1, 0xA6, 0xE5, 0x34, 0xE5, 0x33, 0xE5, 0x33, 0xCB, 0x0B, 
0xA8, 0x00, 0xA8, 0x00, 0xA8, 0x00, 0xA8, 0x41, 0xDD, 0x34, 0xC2, 0xEB, 0xA8, 0x00, 0xA8, 0x00, 0xA8, 0x00, 0xA0, 0x41, 0xD4, 0x90, 0xC3, 0x0B, 0xA8, 0x00, 0xA8, 0x00, 0xA8, 0x00, 0xA8, 0x61, 
0xDC, 0xB2, 0xD4, 0xB2, 0xD4, 0xB1, 0xB0, 0xA2, 0xA8, 0x00, 0xA8, 0x00, 0xA8, 0x00, 0xBA, 0x69, 0xBA, 0x08, 0xA8, 0x00, 0xA8, 0x00, 0xA8, 0x00, 0xA8, 0x00, 0xA8, 0x00, 0xA8, 0x00, 0xA8, 0x00, 
0xA8, 0x00, 0xA8, 0x00, 0xA0, 0x00, 0xA0, 0x00, 0xA0, 0x00, 0xCB, 0xEF, 0xDC, 0xD2, 0xDC, 0xD2, 0xDD, 0x13, 0xDD, 0x13, 0xD4, 0x70, 0xD4, 0x0E, 0xD4, 0x0E, 0xD4, 0x2F, 0xDC, 0x4F, 0xDC, 0x50, 
0xDC, 0x4F, 0xDC, 0x4F, 0xDC, 0x4F, 0xDC, 0x4F, 0xD4, 0x0E, 0xB3, 0x4B, 0x9A, 0xCA, 0x92, 0x89, 0x8A, 0x07, 0xBB, 0x4B, 0xD4, 0x0F, 0xD4, 0x2F, 0xDC, 0x2F, 0xDC, 0x50, 0xDC, 0x50, 0xDC, 0x4F, 
0x51, 0xE5, 0x51, 0xE6, 0x5A, 0x26, 0x7B, 0x4C, 0x7B, 0x6C, 0x7B, 0x6C, 0x83, 0x8D, 0x8B, 0xEF, 0x8C, 0x0F, 0x94, 0x10, 0x94, 0x10, 0x94, 0x51, 0x9C, 0x92, 0xA4, 0xB3, 0xA4, 0xD4, 0xAD, 0x15, 
0xAD, 0x15, 0xAC, 0xF4, 0xAC, 0xF4, 0xAC, 0xF5, 0xAD, 0x15, 0xAD, 0x15, 0xA4, 0xD3, 0xA4, 0xB2, 0xA4, 0x91, 0xA4, 0x91, 0xA4, 0x91, 0x9B, 0xAE, 0x90, 0x82, 0x90, 0x00, 0x98, 0x00, 0x98, 0x00, 
0xAA, 0x8A, 0xAC, 0x30, 0xAC, 0x10, 0xAC, 0x10, 0xA8, 0xE3, 0xA0, 0x00, 0xA0, 0x00, 0xA0, 0x00, 0x90, 0x41, 0x9A, 0x28, 0x98, 0x00, 0xA0, 0x00, 0xA0, 0x00, 0xA0, 0x00, 0xD5, 0x14, 0xCD, 0xB7, 
0xCD, 0xB6, 0xBB, 0x4D, 0xA0, 0x00, 0xA0, 0x00, 0xA0, 0x00, 0x98, 0x00, 0xB4, 0x30, 0xAC, 0xD3, 0xAA, 0xAA, 0xA0, 0x00, 0xA0, 0x00, 0xA0, 0x00, 0xA9, 0x04, 0x98, 0x00, 0xA0, 0x00, 0xA0, 0x00, 
0xB2, 0x8A, 0xC5, 0x97, 0xDE, 0x18, 0xB0, 0xA2, 0xA8, 0x00, 0xA8, 0x00, 0xA8, 0x00, 0xA8, 0xC3, 0xA2, 0x08, 0xA2, 0x08, 0xA2, 0x08, 0xAA, 0x08, 0xAA, 0x29, 0xAA, 0x29, 0xAA, 0x4A, 0x9B, 0x4D, 
0x9A, 0x09, 0xA8, 0x00, 0xA8, 0x00, 0xA8, 0x00, 0xA1, 0xC8, 0xD6, 0x39, 0xDE, 0x59, 0xDE, 0x39, 0xDD, 0x34, 0xA0, 0x00, 0xA8, 0x00, 0xA8, 0x00, 0xA8, 0x00, 0xC2, 0x8A, 0xCB, 0x2C, 0xCB, 0x4D, 
0xCB, 0x6D, 0xCB, 0x8E, 0xCB, 0x8E, 0xCB, 0xAE, 0xCB, 0xCE, 0xDD, 0x95, 0xBA, 0x69, 0xA8, 0x00, 0xA8, 0x00, 0xA0, 0x00, 0xB1, 0x66, 0xEE, 0x59, 0xA8, 0x20, 0xB0, 0x00, 0xB0, 0x00, 0xB0, 0x00, 
0xB9, 0xC7, 0xCD, 0x76, 0xCD, 0x55, 0xCC, 0x92, 0xB0, 0x20, 0xB0, 0x00, 0xA8, 0x00, 0xA8, 0x00, 0xC3, 0x2C, 0xD5, 0x55, 0xA8, 0x00, 0xB0, 0x00, 0xB0, 0x00, 0xA8, 0x00, 0xD3, 0xCF, 0xE6, 0x19, 
0xE6, 0x39, 0xCA, 0xCB, 0xB0, 0x00, 0xB0, 0x00, 0xA8, 0x00, 0xB1, 0x86, 0xEE, 0x9B, 0xEE, 0xBB, 0xEE, 0xBB, 0xEE, 0xBA, 0xEE, 0x9A, 0xEE, 0xBA, 0xD3, 0xEF, 0xA8, 0x00, 0xA8, 0x00, 0xA8, 0x00, 
0xA8, 0x00, 0xDC, 0x71, 0xE5, 0xF7, 0xED, 0xD6, 0xE5, 0xB6, 0xE5, 0xB6, 0xE5, 0x96, 0xED, 0x96, 0xED, 0x75, 0xED, 0x75, 0xB9, 0x86, 0xA8, 0x00, 0xA8, 0x00, 0xA8, 0x00, 0xB9, 0xC7, 0xED, 0x96, 
0xED, 0x95, 0xE4, 0xF3, 0xA8, 0x00, 0xB0, 0x00, 0xA8, 0x00, 0xA8, 0x00, 0xDC, 0x30, 0xB9, 0xC7, 0xA8, 0x00, 0xB0, 0x00, 0xB0, 0x00, 0xB0, 0xA2, 0xE5, 0x13, 0xDD, 0x34, 0xE5, 0x33, 0xC1, 0xC7, 
0xB0, 0x00, 0xA8, 0x00, 0xA8, 0x00, 0xA8, 0x41, 0xDD, 0x34, 0xC2, 0xEB, 0xA8, 0x00, 0xA8, 0x00, 0xA8, 0x00, 0xA8, 0x41, 0xDC, 0x91, 0xC3, 0x2B, 0xA8, 0x00, 0xA8, 0x00, 0xA8, 0x00, 0xA0, 0x61, 
0xDC, 0xD2, 0xD4, 0xB2, 0xD4, 0xB1, 0xB0, 0xA2, 0xA8, 0x00, 0xA8, 0x00, 0xA8, 0x00, 0xBA, 0x69, 0xBA, 0x69, 0xA8, 0x00, 0xA8, 0x00, 0xA8, 0x00, 0xA8, 0x00, 0xB9, 0xC7, 0xBA, 0x08, 0xBA, 0x28, 
0xBA, 0x29, 0xBA, 0x49, 0xBA, 0x69, 0xBA, 0x69, 0xBA, 0x8A, 0xD4, 0xB2, 0xDD, 0x13, 0xDC, 0xF3, 0xDC, 0xF3, 0xD4, 0xD2, 0xD4, 0x4F, 0xD4, 0x0E, 0xD4, 0x0E, 0xDC, 0x2F, 0xDC, 0x4F, 0xDC, 0x70, 
0xE4, 0x90, 0xE4, 0x90, 0xE4, 0x70, 0xDC, 0x70, 0xDC, 0x2F, 0xBB, 0x6C, 0x92, 0xAA, 0x8A, 0x69, 0x8A, 0x48, 0x9A, 0x68, 0xCB, 0xEE, 0xD4, 0x2F, 0xDC, 0x2F, 0xDC, 0x50, 0xDC, 0x50, 0xDC, 0x50, 
0x51, 0xC5, 0x51, 0xE5, 0x62, 0x68, 0x7B, 0x4C, 0x7B, 0x6C, 0x7B, 0x6C, 0x83, 0x8D, 0x8B, 0xEF, 0x8C, 0x0F, 0x8C, 0x0F, 0x94, 0x30, 0x94, 0x51, 0x9C, 0x93, 0xA4, 0xB3, 0xA4, 0xD4, 0xAC, 0xF5, 
0xAD, 0x15, 0xAD, 0x15, 0xAC, 0xF5, 0xAC, 0xF4, 0xAC, 0xF4, 0xAD, 0x15, 0xA4, 0xD3, 0xA4, 0xB2, 0xA4, 0x91, 0x9C, 0x91, 0xA4, 0xB2, 0xA4, 0x51, 0x88, 0x00, 0x98, 0x00, 0xA0, 0x00, 0xA0, 0x00, 
0xA0, 0x41, 0xAA, 0x08, 0xA2, 0x28, 0xA1, 0x45, 0xA0, 0x00, 0xA8, 0x00, 0xA0, 0x00, 0xA0, 0x00, 0x91, 0x04, 0x8B, 0x0B, 0x98, 0x00, 0xA0, 0x00, 0xA0, 0x00, 0xA0, 0x00, 0xB2, 0x29, 0xD5, 0x76, 
0xCD, 0x14, 0xA0, 0xE3, 0xA0, 0x00, 0xA0, 0x00, 0xA0, 0x00, 0xA1, 0x04, 0xA4, 0x71, 0xAC, 0xF3, 0xAC, 0x50, 0x98, 0x20, 0xA0, 0x00, 0xA0, 0x00, 0xA0, 0x00, 0xA0, 0x00, 0xA0, 0x00, 0x98, 0x20, 
0xB4, 0x72, 0xCD, 0xF8, 0xD6, 0x39, 0xBA, 0x6A, 0xA8, 0x00, 0xA8, 0x00, 0xA8, 0x00, 0xA0, 0xA3, 0xAB, 0x8E, 0xA3, 0xEF, 0xAB, 0xCF, 0xA2, 0x6A, 0xA2, 0xCC, 0xAB, 0x6E, 0xA3, 0xAF, 0x84, 0x11, 
0x91, 0xC8, 0xA8, 0x00, 0xA8, 0x00, 0xA8, 0x00, 0x79, 0x67, 0x63, 0xB1, 0xD6, 0x39, 0xDE, 0x59, 0xE6, 0x18, 0xA8, 0xC3, 0xA8, 0x00, 0xA8, 0x00, 0xA8, 0x00, 0xCB, 0x0C, 0xE6, 0x18, 0xE6, 0x18, 
0xE5, 0xB6, 0xCB, 0xCF, 0xD4, 0xB2, 0xDD, 0x55, 0xE5, 0xF7, 0xE6, 0x39, 0xBA, 0x69, 0xA8, 0x00, 0xA8, 0x00, 0xA0, 0x00, 0xA9, 0x66, 0xF6, 0xDB, 0xB9, 0x66, 0xB0, 0x00, 0xB0, 0x00, 0xB0, 0x00, 
0xB0, 0x00, 0xBA, 0x08, 0xC2, 0xCB, 0xB0, 0xC3, 0xB0, 0x00, 0xB0, 0x00, 0xA8, 0x00, 0xA8, 0x00, 0xC3, 0x0C, 0xD5, 0x55, 0xA8, 0x00, 0xB0, 0x00, 0xA8, 0x00, 0xA8, 0x00, 0xD3, 0xF0, 0xE6, 0x39, 
0xE6, 0x59, 0xCA, 0xCB, 0xB0, 0x00, 0xB0, 0x00, 0xA8, 0x00, 0xB1, 0x86, 0xEE, 0xBB, 0xEE, 0xBB, 0xEE, 0xBA, 0xF6, 0xBA, 0xEE, 0x79, 0xEE, 0x9A, 0xD4, 0x10, 0xA8, 0x00, 0xA8, 0x00, 0xA8, 0x00, 
0xA8, 0x00, 0xB9, 0xE7, 0xC2, 0x69, 0xCA, 0x69, 0xCA, 0x69, 0xCA, 0x69, 0xCA, 0x69, 0xCA, 0x49, 0xCA, 0xAA, 0xED, 0x75, 0xB9, 0x86, 0xA8, 0x00, 0xA8, 0x00, 0xA8, 0x00, 0xB9, 0xC7, 0xED, 0x96, 
0xED, 0x96, 0xE4, 0xF3, 0xA8, 0x00, 0xB0, 0x00, 0xA8, 0x00, 0xA8, 0x00, 0xDC, 0x0F, 0xCB, 0x0C, 0xA8, 0x00, 0xB0, 0x00, 0xB0, 0x00, 0xB0, 0x00, 0xB9, 0x65, 0xD3, 0x8D, 0xC2, 0x69, 0xA8, 0x00, 
0xB0, 0x00, 0xA8, 0x00, 0xA8, 0x00, 0xA8, 0x41, 0xDD, 0x54, 0xC2, 0xCB, 0xA8, 0x00, 0xA8, 0x00, 0xA8, 0x00, 0xA8, 0x41, 0xDC, 0x91, 0xC3, 0x2B, 0xA8, 0x00, 0xA8, 0x00, 0xA8, 0x00, 0xA0, 0x61, 
0xDC, 0xD2, 0xD4, 0xD2, 0xD4, 0xB2, 0xB0, 0xA2, 0xA8, 0x00, 0xA8, 0x00, 0xA8, 0x00, 0xBA, 0x69, 0xC3, 0xAE, 0xA0, 0x00, 0xA8, 0x00, 0xA8, 0x00, 0xA8, 0x00, 0xCB, 0x4C, 0xCC, 0x71, 0xCC, 0x91, 
0xCC, 0x51, 0xC3, 0x8E, 0xD4, 0x50, 0xD4, 0xD2, 0xD4, 0xF3, 0xD5, 0x14, 0xD5, 0x14, 0xDD, 0x34, 0xDD, 0x34, 0xDD, 0x13, 0xDC, 0xB1, 0xDC, 0x70, 0xDC, 0x4F, 0xDC, 0x2F, 0xDC, 0x4F, 0xE4, 0x70, 
0xE4, 0x90, 0xE4, 0x90, 0xE4, 0x90, 0xE4, 0x90, 0xE4, 0x70, 0xDC, 0x2F, 0xAB, 0x0B, 0x8A, 0x48, 0xA2, 0xEB, 0xA2, 0xEB, 0x9A, 0x69, 0xB3, 0x0B, 0xD3, 0xCE, 0xDC, 0x2F, 0xDC, 0x50, 0xDC, 0x50, 
0x51, 0xC5, 0x51, 0xE5, 0x6A, 0xEA, 0x7B, 0x6C, 0x7B, 0x6C, 0x7B, 0x8D, 0x83, 0xAE, 0x8B, 0xEF, 0x8B, 0xEF, 0x94, 0x10, 0x94, 0x10, 0x94, 0x51, 0x9C, 0x92, 0xA4, 0xD3, 0xA4, 0xD4, 0xAC, 0xF4, 
0xAC, 0xF5, 0xAD, 0x15, 0xAD, 0x15, 0xAD, 0x15, 0xAC, 0xF4, 0xA4, 0xD3, 0xA4, 0xD3, 0xA4, 0xB2, 0xA4, 0x92, 0x9C, 0x91, 0xA4, 0x92, 0xA4, 0xB2, 0x92, 0x28, 0x90, 0x00, 0xA0, 0x00, 0xA0, 0x00, 
0xA0, 0x00, 0xA0, 0x00, 0xA0, 0x00, 0xA0, 0x00, 0xA8, 0x00, 0xA8, 0x00, 0xA8, 0x00, 0xA0, 0x20, 0x7A, 0x28, 0x5A, 0x69, 0x89, 0x24, 0xA0, 0x00, 0xA0, 0x00, 0xA0, 0x00, 0xA0, 0x00, 0xA0, 0x61, 
0xA0, 0x41, 0xA0, 0x00, 0xA0, 0x00, 0xA0, 0x00, 0x98, 0x20, 0xB3, 0xCF, 0x9C, 0x50, 0xAC, 0xD2, 0xA4, 0x71, 0x99, 0x24, 0xA0, 0x00, 0xA0, 0x00, 0xA0, 0x00, 0xA0, 0x00, 0xA0, 0x00, 0xA9, 0x45, 
0xAC, 0xF4, 0xD6, 0x5A, 0xD6, 0x59, 0xD5, 0x55, 0xA8, 0x41, 0xA8, 0x00, 0xA8, 0x00, 0xA8, 0x00, 0xA0, 0x41, 0xA9, 0x66, 0xA1, 0x04, 0xA0, 0x00, 0xA0, 0x00, 0x98, 0x00, 0x78, 0x62, 0x63, 0x50, 
0x91, 0x87, 0xA8, 0x00, 0xA8, 0x00, 0xA8, 0x00, 0x79, 0xA8, 0x4B, 0x30, 0xB5, 0x56, 0xDE, 0x59, 0xDE, 0x38, 0xB3, 0x0C, 0xA0, 0x00, 0xA8, 0x00, 0xA8, 0x00, 0xA8, 0x00, 0xB9, 0xA7, 0xC2, 0x8A, 
0xA8, 0xA2, 0xA0, 0x00, 0xA0, 0x00, 0x98, 0x00, 0xAA, 0x08, 0xE6, 0x59, 0xBA, 0x69, 0xA8, 0x00, 0xA8, 0x00, 0xA0, 0x00, 0xA9, 0x65, 0xEE, 0xBB, 0xDC, 0x92, 0xB0, 0x00, 0xB0, 0x00, 0xB0, 0x00, 
0xB0, 0x00, 0xB0, 0x00, 0xB0, 0x00, 0xB0, 0x00, 0xB0, 0x00, 0xB0, 0x00, 0xA8, 0x00, 0xA8, 0x00, 0xC3, 0x0C, 0xD5, 0x34, 0xA8, 0x00, 0xB0, 0x00, 0xA8, 0x00, 0xA8, 0x00, 0xD4, 0x10, 0xE6, 0x39, 
0xE6, 0x59, 0xC2, 0xCB, 0xB0, 0x00, 0xA8, 0x00, 0xA8, 0x00, 0xB1, 0x86, 0xEE, 0xBB, 0xEE, 0xBB, 0xEE, 0xBA, 0xF6, 0xBA, 0xEE, 0x9A, 0xEE, 0x79, 0xD4, 0x30, 0xA8, 0x00, 0xA8, 0x00, 0xA8, 0x00, 
0xA8, 0x00, 0xA8, 0x00, 0xA8, 0x00, 0xA8, 0x00, 0xB0, 0x00, 0xB0, 0x00, 0xB0, 0x00, 0xB0, 0x00, 0xB0, 0x61, 0xED, 0x75, 0xB9, 0x86, 0xA8, 0x00, 0xA8, 0x00, 0xA8, 0x00, 0xB9, 0xC7, 0xED, 0x96, 
0xED, 0x95, 0xE4, 0xD3, 0xA8, 0x00, 0xB0, 0x00, 0xA8, 0x00, 0xA8, 0x00, 0xDB, 0xEF, 0xEC, 0xF3, 0xA8, 0x62, 0xB0, 0x00, 0xB0, 0x00, 0xB0, 0x00, 0xB0, 0x00, 0xA8, 0x00, 0xB0, 0x00, 0xB0, 0x00, 
0xB0, 0x00, 0xA8, 0x00, 0xA8, 0x00, 0xA8, 0x41, 0xE5, 0x54, 0xC2, 0xCB, 0xA8, 0x00, 0xA8, 0x00, 0xA8, 0x00, 0xA8, 0x41, 0xDC, 0xB1, 0xC3, 0x2B, 0xA8, 0x00, 0xA8, 0x00, 0xA8, 0x00, 0xA0, 0x61, 
0xDC, 0xD3, 0xD4, 0xD2, 0xD4, 0xB2, 0xA8, 0xA2, 0xA8, 0x00, 0xA8, 0x00, 0xA0, 0x00, 0xBA, 0x49, 0xD4, 0xB2, 0xA9, 0x45, 0xA8, 0x00, 0xB0, 0x00, 0xB0, 0x00, 0xB0, 0x61, 0xC2, 0x28, 0xBA, 0x69, 
0xB0, 0xC3, 0xA8, 0x00, 0xA0, 0x00, 0x98, 0x20, 0x99, 0x66, 0xCC, 0xD2, 0xCC, 0xD3, 0xCC, 0xF3, 0xD5, 0x13, 0xD5, 0x14, 0xDC, 0xF3, 0xDC, 0xD2, 0xDC, 0xD2, 0xE4, 0xB1, 0xE4, 0x90, 0xE4, 0x70, 
0xE4, 0x70, 0xE4, 0x90, 0xE4, 0x90, 0xE4, 0x91, 0xE4, 0x90, 0xE4, 0x91, 0xE4, 0x70, 0xCB, 0xCE, 0x9A, 0x89, 0x92, 0x49, 0xA2, 0xCB, 0x9A, 0x89, 0x92, 0x07, 0xA2, 0x69, 0xC3, 0x4C, 0xDB, 0xEF, 
0x49, 0xC5, 0x52, 0x06, 0x7B, 0x2B, 0x7B, 0x6C, 0x7B, 0x6C, 0x83, 0x8D, 0x83, 0xAE, 0x8B, 0xEF, 0x8B, 0xEF, 0x94, 0x10, 0x8C, 0x0F, 0x94, 0x51, 0x9C, 0x92, 0xA4, 0xB3, 0xA4, 0xD4, 0xA4, 0xF4, 
0xAC, 0xF4, 0xAD, 0x14, 0xAD, 0x15, 0xAD, 0x35, 0xAD, 0x15, 0xA4, 0xD3, 0xA4, 0xB2, 0xA4, 0xB2, 0x9C, 0x92, 0x9C, 0x92, 0xA4, 0x92, 0xA4, 0xD3, 0xAC, 0xD3, 0x92, 0x6A, 0x98, 0x00, 0xA0, 0x00, 
0xA0, 0x00, 0xA0, 0x00, 0xA0, 0x00, 0xA0, 0x00, 0xA0, 0x00, 0xA0, 0x00, 0x98, 0x62, 0x92, 0xAB, 0x6A, 0x48, 0x72, 0xAB, 0x9B, 0xF0, 0xA1, 0xA7, 0xA0, 0x00, 0xA0, 0x00, 0xA8, 0x00, 0xA8, 0x00, 
0xA0, 0x00, 0xA0, 0x00, 0x98, 0x00, 0x98, 0x61, 0xB3, 0xAF, 0xB4, 0xD4, 0x9C, 0x30, 0xA4, 0x91, 0x94, 0x0F, 0x9A, 0x8A, 0xA0, 0x00, 0xA0, 0x00, 0xA0, 0x00, 0xA0, 0x00, 0xA0, 0x00, 0xA2, 0xEC, 
0x94, 0x51, 0xDE, 0x7A, 0xD6, 0x5A, 0xD6, 0x5A, 0xBB, 0x8F, 0xA0, 0x41, 0xA8, 0x00, 0xB0, 0x00, 0xB0, 0x00, 0xB0, 0x00, 0xB0, 0x00, 0xA8, 0x00, 0xA0, 0x00, 0x80, 0xA3, 0x63, 0x2F, 0x5B, 0xF3, 
0x89, 0x87, 0xA8, 0x00, 0xA8, 0x00, 0xA0, 0x00, 0x79, 0xC9, 0x43, 0x10, 0xB5, 0x56, 0xDE, 0x59, 0xCD, 0xD7, 0xAC, 0x92, 0xBB, 0x2C, 0xA0, 0x21, 0xA8, 0x00, 0xA8, 0x00, 0xA8, 0x00, 0xA8, 0x00, 
0xA8, 0x00, 0xA0, 0x00, 0xA0, 0x00, 0xA9, 0xA7, 0xDE, 0x18, 0xE6, 0x79, 0xBA, 0x6A, 0xA0, 0x00, 0xA0, 0x00, 0xA0, 0x00, 0xA9, 0x45, 0xE6, 0x9A, 0xE6, 0x59, 0xCB, 0x6E, 0xA8, 0x61, 0xB0, 0x00, 
0xB0, 0x00, 0xB0, 0x00, 0xB0, 0x00, 0xB9, 0xA6, 0xB0, 0x21, 0xB0, 0x00, 0xA8, 0x00, 0xA8, 0x00, 0xC3, 0x2C, 0xD5, 0x14, 0xA8, 0x00, 0xB0, 0x00, 0xA8, 0x00, 0xA8, 0x00, 0xD4, 0x30, 0xE6, 0x59, 
0xEE, 0x79, 0xC2, 0xCB, 0xA8, 0x00, 0xA8, 0x00, 0xA8, 0x00, 0xB1, 0x86, 0xEE, 0xBB, 0xEE, 0xBB, 0xEE, 0xBA, 0xF6, 0xBA, 0xF6, 0xBA, 0xF6, 0x99, 0xD4, 0x30, 0xA8, 0x00, 0xA8, 0x00, 0xA8, 0x00, 
0xA8, 0x00, 0xA8, 0x00, 0xA8, 0x00, 0xA8, 0x00, 0xB0, 0x00, 0xB0, 0x00, 0xB0, 0x00, 0xB0, 0x00, 0xA8, 0x41, 0xED, 0x75, 0xB9, 0x86, 0xB0, 0x00, 0xA8, 0x00, 0xA8, 0x00, 0xB9, 0xC7, 0xED, 0x96, 
0xED, 0x95, 0xE4, 0xD3, 0xA8, 0x00, 0xB0, 0x00, 0xA8, 0x00, 0xA8, 0x00, 0xDB, 0xCE, 0xED, 0x34, 0xDB, 0xEF, 0xB0, 0x82, 0xB0, 0x00, 0xB0, 0x00, 0xB0, 0x00, 0xA8, 0x00, 0xB0, 0x61, 0xC1, 0x65, 
0xB0, 0x00, 0xA8, 0x00, 0xA8, 0x00, 0xA8, 0x41, 0xDD, 0x54, 0xC2, 0xCB, 0xA8, 0x00, 0xA8, 0x00, 0xA8, 0x00, 0xA8, 0x41, 0xDC, 0xB1, 0xC3, 0x2C, 0xA8, 0x00, 0xA8, 0x00, 0xA8, 0x00, 0xA0, 0x61, 
0xD4, 0xD3, 0xD4, 0xD3, 0xD4, 0xD2, 0xA8, 0xA2, 0xA8, 0x00, 0xA0, 0x00, 0xA0, 0x00, 0xB2, 0x49, 0xD4, 0xB2, 0xCC, 0x30, 0xA8, 0xC3, 0xB0, 0x00, 0xB0, 0x00, 0xB0, 0x00, 0xB0, 0x00, 0xA8, 0x00, 
0xA8, 0x00, 0xA8, 0x00, 0xA8, 0x00, 0xA0, 0xC3, 0xC4, 0x30, 0xC4, 0xD2, 0xC4, 0xD2, 0xC4, 0xD2, 0xC4, 0xD2, 0xCC, 0xD3, 0xD4, 0xF3, 0xD4, 0xF3, 0xDC, 0xF3, 0xE4, 0xF3, 0xE4, 0xF3, 0xE4, 0xD2, 
0xE4, 0xB1, 0xEC, 0x91, 0xEC, 0x90, 0xE4, 0x90, 0xE4, 0x90, 0xE4, 0x90, 0xE4, 0x90, 0xE4, 0x90, 0xE4, 0x90, 0xD3, 0xEE, 0xAA, 0xAA, 0x92, 0x07, 0x9A, 0x69, 0xA2, 0x89, 0x9A, 0x48, 0xAA, 0x48, 
0x49, 0xC5, 0x5A, 0x48, 0x7B, 0x4C, 0x7B, 0x6C, 0x7B, 0x6C, 0x7B, 0x8D, 0x8B, 0xCE, 0x8B, 0xEF, 0x8B, 0xEF, 0x94, 0x30, 0x94, 0x30, 0x94, 0x51, 0x9C, 0x92, 0xA4, 0xB3, 0xA4, 0xF4, 0xA4, 0xD4, 
0xA4, 0xD4, 0xAC, 0xF4, 0xAD, 0x15, 0xAD, 0x35, 0xAD, 0x15, 0xAC, 0xF4, 0xA4, 0xB2, 0xA4, 0xB2, 0x9C, 0x92, 0x9C, 0x92, 0xA4, 0x92, 0xA4, 0xB3, 0xA4, 0x93, 0x6A, 0x28, 0x81, 0x87, 0x90, 0xE4, 
0x88, 0x83, 0x99, 0x66, 0x99, 0x65, 0x91, 0x04, 0x89, 0xC7, 0x69, 0xA6, 0x83, 0x4E, 0x7B, 0x2D, 0x72, 0x28, 0x71, 0x66, 0x83, 0x2D, 0xAC, 0xF5, 0xB3, 0xB0, 0xA9, 0xA7, 0xA0, 0x82, 0xA0, 0x20, 
0x98, 0x41, 0xA0, 0xE4, 0xAA, 0x8A, 0xBC, 0xD4, 0xBD, 0x56, 0xAC, 0xD3, 0x9C, 0x30, 0x9C, 0x50, 0x8B, 0xAE, 0xB4, 0xB2, 0xA9, 0x66, 0xA9, 0x45, 0xA9, 0x45, 0xA9, 0x45, 0xA1, 0x86, 0xAC, 0x72, 
0xAC, 0xF4, 0xDE, 0x9B, 0xDE, 0x7A, 0xD6, 0x5A, 0xBD, 0x77, 0xB4, 0x72, 0x81, 0x65, 0x90, 0xA3, 0xA0, 0x41, 0xA0, 0x21, 0x98, 0x62, 0x89, 0x25, 0x6A, 0x4B, 0x5B, 0x92, 0x53, 0xD3, 0x5B, 0xF3, 
0x72, 0xAC, 0x81, 0xC8, 0x81, 0x88, 0x81, 0xA8, 0x62, 0xEF, 0x4A, 0xEE, 0xD6, 0x39, 0xDE, 0x59, 0xBD, 0x35, 0xB4, 0xF4, 0xD5, 0xF9, 0xCC, 0xF4, 0xBA, 0x49, 0xA8, 0x82, 0xA0, 0x00, 0xA0, 0x00, 
0xA0, 0x20, 0xA9, 0x25, 0xCB, 0xAE, 0xE6, 0x39, 0xE6, 0x7A, 0xE6, 0x7A, 0xC3, 0x8E, 0xB1, 0xA7, 0xB1, 0xA6, 0xA9, 0xA6, 0xB2, 0x8A, 0xE6, 0x9A, 0xDE, 0x38, 0xDD, 0xF7, 0xDD, 0x75, 0xCB, 0xEF, 
0xC3, 0x0C, 0xC3, 0x2C, 0xCC, 0x50, 0xD4, 0xF3, 0xA8, 0x20, 0xB0, 0x00, 0xB0, 0x00, 0xA8, 0x00, 0xC3, 0x6D, 0xD5, 0x75, 0xB9, 0xA6, 0xB9, 0x86, 0xB9, 0xC7, 0xBA, 0x28, 0xDD, 0x14, 0xE6, 0x7A, 
0xEE, 0x7A, 0xCB, 0xCF, 0xB9, 0xC7, 0xB9, 0xC7, 0xB9, 0xC7, 0xBA, 0xCB, 0xEE, 0x9B, 0xEE, 0xBB, 0xEE, 0xBA, 0xEE, 0xBA, 0xF6, 0x9A, 0xF6, 0x59, 0xD3, 0xCE, 0xA8, 0xC3, 0xB0, 0xE4, 0xB1, 0x04, 
0xB1, 0x24, 0xB1, 0x25, 0xB1, 0x24, 0xB1, 0x24, 0xB9, 0x04, 0xB9, 0x04, 0xB8, 0xE4, 0xB8, 0xE4, 0xB1, 0x25, 0xED, 0x96, 0xC2, 0x49, 0xB9, 0x24, 0xB9, 0x04, 0xB1, 0x04, 0xC2, 0x69, 0xED, 0x76, 
0xED, 0x96, 0xE4, 0xF3, 0xB0, 0xE4, 0xB0, 0xE3, 0xB0, 0xE3, 0xB0, 0xE3, 0xDC, 0x0F, 0xED, 0x34, 0xED, 0x34, 0xE4, 0xD2, 0xCB, 0x0B, 0xC2, 0x08, 0xB9, 0xE7, 0xCA, 0xCA, 0xE4, 0x92, 0xCA, 0x49, 
0xB0, 0x00, 0xA8, 0x00, 0xA8, 0x00, 0xA8, 0x62, 0xDD, 0x54, 0xC3, 0x2C, 0xA8, 0xA3, 0xA8, 0xA2, 0xA8, 0xA2, 0xA8, 0xE3, 0xD4, 0xD2, 0xC3, 0x8D, 0xB0, 0xC3, 0xA8, 0xA3, 0xA8, 0xC3, 0xA9, 0x24, 
0xD4, 0xF3, 0xD4, 0xF3, 0xD4, 0xD3, 0xA9, 0x25, 0xA8, 0xA2, 0xA8, 0xA2, 0xA0, 0xA2, 0xB2, 0xAA, 0xCC, 0xB2, 0xCC, 0xB2, 0xCC, 0x71, 0xBA, 0x49, 0xA8, 0x61, 0xB0, 0x00, 0xB0, 0x00, 0xA8, 0x00, 
0xA8, 0x00, 0xA8, 0x61, 0xB2, 0x28, 0xC4, 0x71, 0xC4, 0xB3, 0xC4, 0xD2, 0xC4, 0xD2, 0xC4, 0xB2, 0xC4, 0xB2, 0xC4, 0xB2, 0xC4, 0xB2, 0xC4, 0xD3, 0xCC, 0xF3, 0xD5, 0x13, 0xDD, 0x13, 0xE5, 0x13, 
0xE5, 0x13, 0xE4, 0xF3, 0xEC, 0xD2, 0xEC, 0xB1, 0xE4, 0x90, 0xE4, 0x70, 0xE4, 0x90, 0xEC, 0x90, 0xEC, 0x90, 0xEC, 0x90, 0xEC, 0x90, 0xE4, 0x4F, 0xC3, 0x4C, 0xA2, 0x48, 0x99, 0xE7, 0xAA, 0x28, 
0x49, 0xA5, 0x62, 0xA9, 0x7B, 0x4C, 0x7B, 0x6C, 0x7B, 0x6C, 0x7B, 0x8D, 0x83, 0xCE, 0x8B, 0xEF, 0x8B, 0xEF, 0x94, 0x10, 0x94, 0x31, 0x9C, 0x72, 0x9C, 0x92, 0xA4, 0xB3, 0xAC, 0xF4, 0xAD, 0x14, 
0xA4, 0xB3, 0xA4, 0xD3, 0xAD, 0x15, 0xAD, 0x15, 0xAD, 0x14, 0xAD, 0x14, 0xA4, 0xD3, 0xA4, 0xB2, 0x9C, 0x71, 0x9C, 0x91, 0xA4, 0x92, 0xA4, 0xB3, 0x83, 0x2D, 0x81, 0xA8, 0x9A, 0x2A, 0xA2, 0x8B, 
0x72, 0x09, 0x9C, 0xD4, 0xA5, 0x15, 0x73, 0x8F, 0x5A, 0xAB, 0x42, 0x08, 0x7B, 0x8E, 0x72, 0xEB, 0x69, 0x45, 0x91, 0xA7, 0x81, 0xE9, 0xA4, 0x73, 0xBD, 0x77, 0xC5, 0xB8, 0xCD, 0xB8, 0xCD, 0x77, 
0xC5, 0x76, 0xC5, 0x57, 0xBD, 0x76, 0xBD, 0x76, 0xB5, 0x56, 0xAC, 0xD3, 0x9C, 0x50, 0x94, 0x0F, 0x93, 0xEF, 0xC5, 0xD7, 0xCD, 0xF8, 0xCD, 0xF8, 0xCD, 0xF8, 0xCD, 0xF8, 0xCD, 0xF8, 0xB4, 0xD3, 
0xCD, 0xD8, 0xDE, 0x9B, 0xDE, 0x9B, 0xD6, 0x39, 0xC5, 0xB7, 0xB5, 0x36, 0x6B, 0x8F, 0x43, 0x4F, 0x53, 0x70, 0x53, 0x71, 0x53, 0xB2, 0x53, 0xB3, 0x53, 0xD3, 0x4B, 0xB2, 0x53, 0x91, 0x5B, 0xD3, 
0x5B, 0xD3, 0x53, 0xD3, 0x53, 0xD3, 0x53, 0xB3, 0x4A, 0xEE, 0xAD, 0x35, 0xDE, 0x5A, 0xD6, 0x39, 0xAC, 0xD3, 0xBD, 0x55, 0xD6, 0x19, 0xD6, 0x39, 0xDE, 0x5A, 0xE6, 0x3A, 0xDD, 0xD8, 0xDD, 0xB7, 
0xDE, 0x19, 0xDE, 0x19, 0xDE, 0x59, 0xDE, 0x7A, 0xDE, 0x9A, 0xDE, 0x9A, 0xDE, 0x9A, 0xE6, 0x9B, 0xE6, 0xBB, 0xE6, 0xBB, 0xE6, 0xBB, 0xE6, 0xBB, 0xC2, 0xAB, 0xB9, 0x45, 0xB9, 0xA6, 0xB9, 0xE8, 
0xBA, 0x6A, 0xDD, 0x95, 0xD5, 0x75, 0xCB, 0x8E, 0xB0, 0x00, 0xB0, 0x00, 0xB0, 0x00, 0xA8, 0x00, 0xC4, 0x31, 0xDE, 0x19, 0xDE, 0x5A, 0xE6, 0x7A, 0xE6, 0x7A, 0xE6, 0x7A, 0xE6, 0x9B, 0xE6, 0x9B, 
0xEE, 0x9A, 0xE6, 0x7A, 0xE6, 0x9A, 0xEE, 0xBB, 0xEE, 0xBB, 0xEE, 0x9B, 0xEE, 0x9A, 0xEE, 0x9A, 0xEE, 0xBB, 0xEE, 0xBA, 0xEE, 0xBA, 0xEE, 0x99, 0xED, 0xF7, 0xF6, 0x7A, 0xF6, 0x7A, 0xEE, 0x7A, 
0xEE, 0x59, 0xEE, 0x59, 0xEE, 0x59, 0xEE, 0x59, 0xEE, 0x39, 0xEE, 0x18, 0xF6, 0x18, 0xF6, 0x18, 0xF5, 0xF8, 0xED, 0xD7, 0xED, 0xB6, 0xED, 0xB6, 0xED, 0x76, 0xED, 0x75, 0xED, 0x75, 0xED, 0x75, 
0xED, 0x75, 0xED, 0x75, 0xED, 0x55, 0xED, 0x75, 0xED, 0x75, 0xED, 0x75, 0xED, 0x75, 0xE4, 0xB2, 0xD2, 0xAA, 0xD2, 0xCB, 0xD2, 0xCB, 0xCA, 0x8A, 0xE4, 0x72, 0xE5, 0x14, 0xE4, 0xF3, 0xB9, 0x25, 
0xB0, 0x00, 0xA8, 0x00, 0xA8, 0x00, 0xB0, 0xE3, 0xDD, 0x54, 0xDD, 0x34, 0xDD, 0x14, 0xDD, 0x14, 0xDD, 0x14, 0xD5, 0x13, 0xD4, 0xF3, 0xD4, 0xF3, 0xD4, 0xF3, 0xD4, 0xF4, 0xD4, 0xF4, 0xD4, 0xF4, 
0xCC, 0xF3, 0xCC, 0xF3, 0xCC, 0xF3, 0xD4, 0xF3, 0xD4, 0xD3, 0xD4, 0xD3, 0xCC, 0xD3, 0xCC, 0xD3, 0xCC, 0xB2, 0xCC, 0xB2, 0xCC, 0x92, 0xBC, 0x30, 0x71, 0xE7, 0x48, 0x81, 0x50, 0x40, 0x50, 0x61, 
0x79, 0x85, 0xBC, 0x10, 0xC4, 0xB2, 0xC4, 0xB2, 0xC4, 0xB2, 0xC4, 0xD2, 0xC4, 0xB2, 0xC4, 0xD2, 0xC4, 0xD2, 0xC4, 0xD2, 0xC4, 0xB2, 0xC4, 0xB2, 0xC4, 0xD3, 0xC4, 0xD3, 0xCC, 0xD3, 0xD4, 0xF3, 
0xDD, 0x13, 0xE5, 0x13, 0xE5, 0x13, 0xE5, 0x13, 0xEC, 0xF3, 0xEC, 0xD2, 0xEC, 0xB1, 0xEC, 0x91, 0xEC, 0x90, 0xEC, 0x90, 0xEC, 0x90, 0xEC, 0x90, 0xEC, 0x90, 0xEC, 0x70, 0xE4, 0x0F, 0xC3, 0x2B, 
0x49, 0xA5, 0x72, 0xEA, 0x7B, 0x4C, 0x7B, 0x4C, 0x7B, 0x6C, 0x7B, 0x8D, 0x83, 0xCE, 0x8B, 0xEF, 0x8B, 0xEF, 0x8C, 0x10, 0x94, 0x31, 0x9C, 0x72, 0x9C, 0xB3, 0xA4, 0xD4, 0xA4, 0xF4, 0xAD, 0x14, 
0xA4, 0xF4, 0xA4, 0xB3, 0xAC, 0xF4, 0xAD, 0x15, 0xAD, 0x15, 0xAD, 0x14, 0xA4, 0xF3, 0xA4, 0xB2, 0x9C, 0x71, 0x9C, 0x92, 0xA4, 0x92, 0xA4, 0xB3, 0x7A, 0x49, 0x99, 0xE9, 0xA2, 0x4A, 0x9A, 0x4A, 
0x79, 0x87, 0x72, 0xAB, 0x9C, 0xD4, 0x94, 0xB4, 0x8C, 0x72, 0x84, 0x11, 0x8B, 0xF0, 0x6A, 0x49, 0x68, 0xA3, 0x89, 0x66, 0xA2, 0x09, 0x7A, 0xAC, 0xBD, 0x77, 0xC5, 0xD8, 0xC5, 0xD8, 0xC5, 0xB8, 
0xBD, 0x97, 0xBD, 0x76, 0xBD, 0x77, 0xBD, 0x76, 0xB5, 0x56, 0xA4, 0xB2, 0x9C, 0x30, 0x8B, 0xCE, 0xAC, 0xF3, 0xCD, 0xF8, 0xCE, 0x18, 0xCE, 0x19, 0xCE, 0x18, 0xCE, 0x19, 0xCD, 0xD8, 0xAC, 0xD3, 
0xDE, 0x9B, 0xE6, 0xBB, 0xDE, 0x9B, 0xCE, 0x19, 0xC5, 0xD8, 0xBD, 0x76, 0x9C, 0x93, 0x3A, 0xAC, 0x3B, 0x2F, 0x43, 0x50, 0x4B, 0x91, 0x4B, 0x92, 0x53, 0xB2, 0x53, 0x0E, 0x8C, 0x31, 0x8C, 0x31, 
0x83, 0xF1, 0x5A, 0xED, 0x4A, 0xAD, 0x6B, 0x4F, 0xB5, 0x56, 0xDE, 0x5A, 0xD6, 0x5A, 0xCD, 0xF8, 0xAC, 0xB3, 0xC5, 0x76, 0xCE, 0x19, 0xD6, 0x3A, 0xDE, 0x5A, 0xDE, 0x7A, 0xDE, 0x7A, 0xDE, 0x7A, 
0xD6, 0x39, 0xD6, 0x18, 0xDE, 0x5A, 0xDE, 0x7A, 0xDE, 0x9A, 0xDE, 0x9A, 0xDE, 0x9B, 0xE6, 0xBB, 0xE6, 0xBB, 0xE6, 0xDB, 0xE6, 0xDB, 0xE6, 0xBB, 0xC3, 0x0C, 0xA8, 0x00, 0xB0, 0x00, 0xA8, 0x00, 
0xA8, 0x00, 0xB0, 0xC3, 0xB1, 0x04, 0xA8, 0x20, 0xB0, 0x00, 0xB0, 0x00, 0xB0, 0x00, 0xA8, 0xA3, 0xD5, 0xB7, 0xD6, 0x18, 0xDE, 0x7A, 0xE6, 0x7A, 0xE6, 0x7A, 0xE6, 0x7A, 0xE6, 0x9B, 0xE6, 0xBB, 
0xE6, 0x9B, 0xE6, 0x7A, 0xE6, 0x59, 0xE6, 0x7A, 0xEE, 0xBB, 0xEE, 0x9B, 0xEE, 0x9A, 0xEE, 0x9A, 0xEE, 0x9A, 0xEE, 0x9A, 0xEE, 0x9A, 0xEE, 0x9A, 0xEE, 0x9A, 0xEE, 0x79, 0xEE, 0x7A, 0xEE, 0x7A, 
0xEE, 0x59, 0xEE, 0x39, 0xEE, 0x5A, 0xEE, 0x5A, 0xEE, 0x39, 0xEE, 0x18, 0xEE, 0x18, 0xEE, 0x18, 0xEE, 0x18, 0xF5, 0xF8, 0xED, 0x96, 0xED, 0xD7, 0xED, 0x96, 0xED, 0x55, 0xED, 0x55, 0xED, 0x55, 
0xED, 0x75, 0xED, 0x75, 0xED, 0x55, 0xED, 0x55, 0xED, 0x75, 0xED, 0x75, 0xED, 0x75, 0xEC, 0xD3, 0xB0, 0x20, 0xB0, 0x00, 0xB0, 0x00, 0xB8, 0x00, 0xB8, 0xC3, 0xCA, 0x49, 0xC1, 0xA6, 0xA8, 0x00, 
0xB0, 0x00, 0xA8, 0x00, 0xA8, 0x00, 0xBA, 0x69, 0xDD, 0x34, 0xD5, 0x34, 0xD5, 0x14, 0xD5, 0x14, 0xD5, 0x14, 0xD5, 0x13, 0xD4, 0xF3, 0xD5, 0x14, 0xCD, 0x14, 0xCC, 0xF3, 0xCC, 0xF3, 0xCC, 0xF4, 
0xCC, 0xF4, 0xCC, 0xF4, 0xCC, 0xF4, 0xCC, 0xF3, 0xCC, 0xD3, 0xCC, 0xD3, 0xCC, 0xD3, 0xCC, 0xD3, 0xCC, 0xD3, 0xCC, 0xB2, 0xC4, 0x92, 0x8A, 0xEB, 0x38, 0xC2, 0x28, 0x61, 0x20, 0x41, 0x20, 0x40, 
0x20, 0x40, 0x6A, 0x48, 0xBC, 0x91, 0xBC, 0xB2, 0xC4, 0xB2, 0xC4, 0xB2, 0xC4, 0xB2, 0xC4, 0xB2, 0xC4, 0xB2, 0xC4, 0xD2, 0xC4, 0xB3, 0xC4, 0xB2, 0xC4, 0xD2, 0xC4, 0xD2, 0xC4, 0xB3, 0xC4, 0xB3, 
0xC4, 0xD3, 0xCC, 0xF3, 0xDD, 0x13, 0xDD, 0x13, 0xE5, 0x13, 0xE5, 0x13, 0xED, 0x13, 0xEC, 0xF3, 0xEC, 0xD2, 0xEC, 0xB1, 0xEC, 0x70, 0xEC, 0x70, 0xEC, 0x70, 0xEC, 0x70, 0xEC, 0x90, 0xEC, 0x90, 
0x49, 0xC5, 0x73, 0x2B, 0x7B, 0x4C, 0x7B, 0x4C, 0x7B, 0x6C, 0x7B, 0x4C, 0x62, 0xCB, 0x83, 0xEF, 0x8B, 0xEF, 0x8B, 0xCF, 0x94, 0x30, 0x9C, 0x72, 0x9C, 0xB3, 0xA4, 0xD4, 0xA4, 0xF4, 0xAD, 0x15, 
0xAC, 0xF4, 0xAC, 0xF4, 0xAC, 0xD3, 0xAC, 0xF4, 0xAD, 0x15, 0xAD, 0x15, 0xAC, 0xF3, 0xA4, 0xB2, 0x9C, 0x71, 0x9C, 0x92, 0x9C, 0x92, 0xA4, 0xB3, 0x72, 0x29, 0x99, 0xE8, 0xA2, 0x4A, 0x9A, 0x09, 
0x91, 0xE8, 0xA2, 0x8A, 0x9A, 0xEC, 0x82, 0xAB, 0x72, 0xAB, 0x62, 0x6A, 0x62, 0x08, 0x60, 0xE4, 0x81, 0x25, 0x99, 0xA7, 0xA1, 0xE8, 0x81, 0xC8, 0xA4, 0xB4, 0xC5, 0xD8, 0xC5, 0xD9, 0xC5, 0xB8, 
0xBD, 0x97, 0xBD, 0x76, 0xB5, 0x56, 0xB5, 0x56, 0xB5, 0x36, 0xA4, 0x71, 0x94, 0x0F, 0x8B, 0xCF, 0xCD, 0xF8, 0xCE, 0x18, 0xCE, 0x39, 0xD6, 0x39, 0xCE, 0x19, 0xD6, 0x19, 0xC5, 0xB7, 0xB5, 0x14, 
0xE6, 0xBB, 0xE6, 0xBB, 0xDE, 0x9B, 0xC5, 0xD8, 0xC5, 0xD8, 0xBD, 0x97, 0xAC, 0xF4, 0x73, 0x6E, 0x32, 0x8C, 0x32, 0x8C, 0x3B, 0x2F, 0x4B, 0x71, 0x52, 0xCD, 0xAC, 0xD4, 0xC5, 0xB7, 0xC5, 0xD8, 
0xCD, 0xF8, 0xCD, 0xF8, 0xC5, 0xD8, 0xD6, 0x19, 0xD6, 0x39, 0xD6, 0x39, 0xD6, 0x39, 0xC5, 0x76, 0xB4, 0xD3, 0xC5, 0x97, 0xCE, 0x18, 0xD6, 0x39, 0xD6, 0x5A, 0xDE, 0x7A, 0xDE, 0x7A, 0xD6, 0x59, 
0xD5, 0xF8, 0xD6, 0x59, 0xDE, 0x7A, 0xDE, 0x9A, 0xDE, 0x9A, 0xDE, 0x9B, 0xDE, 0xBB, 0xE6, 0xBB, 0xE6, 0xDB, 0xE6, 0xDC, 0xE6, 0xDB, 0xE6, 0xBB, 0xDD, 0xF7, 0xB0, 0xE3, 0xA8, 0x00, 0xB0, 0x00, 
0xB0, 0x00, 0xB0, 0x00, 0xB0, 0x00, 0xB0, 0x00, 0xB0, 0x00, 0xB0, 0x00, 0xA8, 0x41, 0xD4, 0xB3, 0xD5, 0xF8, 0xD6, 0x18, 0xDE, 0x5A, 0xE6, 0x7A, 0xE6, 0x7A, 0xE6, 0x7A, 0xE6, 0x9B, 0xE6, 0x9A, 
0xE6, 0x9B, 0xE6, 0x9A, 0xE6, 0x59, 0xDE, 0x59, 0xE6, 0x5A, 0xE6, 0x7A, 0xE6, 0x9A, 0xE6, 0x9A, 0xE6, 0x9A, 0xEE, 0x9A, 0xEE, 0x9A, 0xEE, 0x9A, 0xEE, 0x9A, 0xEE, 0x9A, 0xEE, 0x7A, 0xEE, 0x7A, 
0xEE, 0x59, 0xEE, 0x39, 0xEE, 0x5A, 0xEE, 0x7A, 0xEE, 0x59, 0xEE, 0x18, 0xEE, 0x18, 0xEE, 0x18, 0xF6, 0x18, 0xF5, 0xF8, 0xF5, 0xD7, 0xF5, 0xF7, 0xED, 0x96, 0xED, 0x55, 0xED, 0x55, 0xED, 0x55, 
0xED, 0x55, 0xED, 0x55, 0xED, 0x75, 0xED, 0x55, 0xED, 0x75, 0xED, 0x75, 0xED, 0x75, 0xED, 0x75, 0xCA, 0x08, 0xB0, 0x00, 0xB8, 0x00, 0xB8, 0x00, 0xB0, 0x00, 0xB0, 0x00, 0xB0, 0x00, 0xB0, 0x00, 
0xB0, 0x00, 0xA8, 0x00, 0xB0, 0xC3, 0xD4, 0xD3, 0xD5, 0x34, 0xD5, 0x14, 0xD5, 0x14, 0xD5, 0x14, 0xD5, 0x14, 0xD5, 0x13, 0xD4, 0xF3, 0xD5, 0x14, 0xD5, 0x14, 0xCC, 0xF4, 0xD4, 0xF4, 0xD5, 0x14, 
0xCC, 0xF4, 0xCC, 0xF4, 0xCC, 0xF4, 0xCC, 0xF3, 0xCC, 0xF3, 0xCC, 0xD3, 0xCC, 0xD3, 0xCC, 0xD3, 0xCC, 0xD3, 0xCC, 0xB2, 0xC4, 0x71, 0x72, 0x27, 0x38, 0xE3, 0x28, 0x81, 0x28, 0x81, 0x20, 0x61, 
0x20, 0x40, 0x28, 0x81, 0xA3, 0xEE, 0xBC, 0xB1, 0xBC, 0xB2, 0xC4, 0xB2, 0xC4, 0xB2, 0xC4, 0xB2, 0xC4, 0xB2, 0xC4, 0xB2, 0xC4, 0xB2, 0xC4, 0xB2, 0xC4, 0xB2, 0xC4, 0xD2, 0xC4, 0xD2, 0xC4, 0xB3, 
0xC4, 0xB2, 0xC4, 0xB2, 0xC4, 0xB2, 0xCC, 0xD3, 0xD4, 0xF3, 0xDD, 0x13, 0xE5, 0x14, 0xE5, 0x14, 0xED, 0x13, 0xED, 0x13, 0xEC, 0xF3, 0xEC, 0xD2, 0xEC, 0x91, 0xEC, 0x70, 0xEC, 0x70, 0xEC, 0x70, 
};

#endif
